hip,ra_hours,dec_deg,vmag,bv,proper
32349,6.752481,-16.71612,-1.44,0.009,Sirius
30438,6.399195,-52.69566,-0.62,0.164,Canopus
69673,14.261030,19.18241,-0.05,1.239,Arcturus
71683,14.660765,-60.83398,-0.01,0.71,Rigil Kentaurus
91262,18.615640,38.78369,0.03,-0.001,Vega
24608,5.278150,45.99799,0.08,0.795,Capella
24436,5.242298,-8.20164,0.18,-0.03,Rigel
37279,7.655033,5.22499,0.40,0.432,Procyon
7588,1.628556,-57.23676,0.45,-0.158,Achernar
27989,5.919529,7.40706,0.45,1.5,Betelgeuse
68702,14.063729,-60.37304,0.61,-0.231,Hadar
97649,19.846388,8.86832,0.76,0.221,Altair
60718,12.443311,-63.09909,0.77,-0.243,Acrux
21421,4.598677,16.50930,0.87,1.538,Aldebaran
65474,13.419883,-11.16132,0.98,-0.235,Spica
80763,16.490128,-26.43200,1.06,1.865,Antares
37826,7.755277,28.02620,1.16,0.991,Pollux
113368,22.960838,-29.62224,1.17,0.145,Fomalhaut
62434,12.795359,-59.68876,1.25,-0.238,Mimosa
102098,20.690532,45.28034,1.25,0.092,Deneb
71681,14.660346,-60.83830,1.35,0.9,Toliman
49669,10.139532,11.96721,1.36,-0.087,Regulus
33579,6.977097,-28.97208,1.50,-0.211,Adhara
36850,7.576634,31.88828,1.58,0.034,Castor
61084,12.519429,-57.11321,1.59,1.6,Gacrux
85927,17.560145,-37.10382,1.62,-0.231,Shaula
25336,5.418851,6.34970,1.64,-0.224,Bellatrix
25428,5.438198,28.60745,1.65,-0.13,Elnath
45238,9.220041,-69.71721,1.67,0.07,Miaplacidus
26311,5.603559,-1.20192,1.69,-0.184,Alnilam
109268,22.137209,-46.96097,1.73,-0.07,Alnair
26727,5.679313,-1.94257,1.74,-0.199,Alnitak
39953,8.158876,-47.33659,1.75,-0.145,
62956,12.900472,55.95982,1.76,-0.022,Alioth
15863,3.405378,49.86118,1.79,0.481,Mirfak
90185,18.402868,-34.38462,1.79,-0.031,Kaus Australis
54061,11.062155,61.75103,1.81,1.061,Dubhe
34444,7.139857,-26.39320,1.83,0.671,Wezen
67301,13.792354,49.31327,1.85,-0.099,Alkaid
41037,8.375236,-59.50948,1.86,1.196,Avior
86228,17.621980,-42.99782,1.86,0.406,Sargas
28360,5.992149,44.94743,1.90,0.077,Menkalinan
82273,16.811077,-69.02772,1.91,1.447,Atria
31681,6.628528,16.39925,1.93,0.001,Alhena
42913,8.745059,-54.70882,1.93,0.043,Alsephina
100751,20.427459,-56.73509,1.94,-0.118,Peacock
11767,2.529750,89.26411,1.97,0.636,Polaris
30324,6.378329,-17.95592,1.98,-0.24,Mirzam
46390,9.459790,-8.65860,1.99,1.44,Alphard
9884,2.119555,23.46242,2.01,1.151,Hamal
50583,10.332873,19.84149,2.01,1.128,Algieba
3419,0.726490,-17.98661,2.04,1.019,Diphda
92855,18.921090,-26.29672,2.05,-0.134,Nunki
68933,14.111395,-36.36995,2.06,1.011,Menkent
677,0.139791,29.09043,2.07,-0.038,Alpheratz
5447,1.162194,35.62056,2.07,1.576,Mirach
27366,5.795941,-9.66961,2.07,-0.168,Saiph
72607,14.845105,74.15551,2.07,1.465,Kochab
112122,22.711115,-46.88458,2.07,1.61,Tiaki
86032,17.582241,12.56003,2.08,0.155,Rasalhague
14576,3.136148,40.95565,2.09,-0.003,Algol
9640,2.064984,42.32973,2.10,1.37,Almach
57632,11.817663,14.57206,2.14,0.09,Denebola
4427,0.945143,60.71674,2.15,-0.046,Cih
61932,12.691971,-48.95989,2.20,-0.023,
39429,8.059737,-40.00315,2.21,-0.269,Naos
45556,9.284838,-59.27523,2.21,0.189,Aspidiske
76267,15.578128,26.71469,2.22,0.032,Alphecca
44816,9.133268,-43.43259,2.23,1.665,Suhail
65378,13.398747,54.92536,2.23,0.057,Mizar
100453,20.370473,40.25668,2.23,0.673,Sadr
3179,0.675116,56.53733,2.24,1.17,Schedar
87833,17.943437,51.48889,2.24,1.521,Eltanin
25930,5.533445,-0.29909,2.25,-0.175,Mintaka
746,0.152887,59.14978,2.28,0.38,Caph
66657,13.664796,-53.46639,2.29,-0.171,
78401,16.005557,-22.62171,2.29,-0.117,Dschubba
82396,16.836080,-34.29323,2.29,1.144,Larawag
71860,14.698823,-47.38820,2.30,-0.154,
71352,14.591786,-42.15782,2.33,-0.157,
53910,11.030677,56.38243,2.34,0.033,Merak
72105,14.749784,27.07422,2.35,0.966,Izar
107315,21.736433,9.87501,2.38,1.52,Enif
86670,17.708132,-39.02998,2.39,-0.171,
2081,0.438056,-42.30598,2.40,1.083,Ankaa
58001,11.897168,53.69476,2.41,0.044,Phecda
84012,17.172968,-15.72491,2.43,0.059,Sabik
113881,23.062901,28.08279,2.44,1.655,Scheat
35904,7.401584,-29.30310,2.45,-0.083,Aludra
105199,21.309630,62.58557,2.45,0.257,Alderamin
45941,9.368562,-55.01067,2.47,-0.141,Markeb
102488,20.770178,33.97026,2.48,1.021,Aljanah
113963,23.079348,15.20526,2.49,-0.002,Markab
14135,3.037992,4.08973,2.54,1.63,Menkar
81377,16.619316,-10.56709,2.54,0.038,
68002,13.925667,-47.28838,2.55,-0.176,
54872,11.235138,20.52372,2.56,0.128,Zosma
78820,16.090620,-19.80545,2.56,-0.065,Acrab
25985,5.545504,-17.82229,2.58,0.211,Arneb
59196,12.139310,-50.72243,2.58,-0.128,
59803,12.263437,-17.54193,2.58,-0.107,Gienah
93506,19.043532,-29.88011,2.60,0.062,Ascella
74785,15.283449,-9.38292,2.61,-0.071,Zubeneschamali
77070,15.737798,6.42563,2.63,1.167,Unukalhai
8903,1.910668,20.80804,2.64,0.165,Sheratan
26634,5.660817,-34.07411,2.65,-0.12,Phact
28380,5.995351,37.21258,2.65,-0.083,Mahasim
61359,12.573121,-23.39676,2.65,0.893,Kraz
6686,1.430216,60.23528,2.66,0.16,Ruchbah
67927,13.911411,18.39772,2.68,0.58,Muphrid
73273,14.975537,-43.13396,2.68,-0.184,
23015,4.949894,33.16609,2.69,1.49,Hassaleh
52727,10.779488,-49.42025,2.69,0.901,
61585,12.619739,-69.13556,2.69,-0.176,
85696,17.512732,-37.29581,2.70,-0.179,Lesath
35264,7.285711,-37.09747,2.71,1.616,
89931,18.349900,-29.82810,2.72,1.38,Kaus Media
97278,19.770994,10.61326,2.72,1.507,Tarazed
79593,16.239094,-3.69432,2.73,1.584,Yed Prior
80331,16.399860,61.51421,2.73,0.91,Athebyne
52419,10.715949,-64.39445,2.74,-0.22,
61941,12.694345,-1.44938,2.74,0.368,Porrima
26241,5.590551,-5.90990,2.75,-0.21,Hatysa
65109,13.343296,-36.71229,2.75,0.068,
72622,14.847977,-16.04178,2.75,0.147,Zubenelgenubi
86742,17.724543,4.56730,2.76,1.168,Cebalrai
23875,5.130829,-5.08645,2.78,0.161,Cursa
80816,16.503668,21.48961,2.78,0.947,Kornephoros
84345,17.244127,14.39033,2.78,1.164,Rasalgethi
59747,12.252427,-58.74893,2.79,-0.193,Imai
85670,17.507213,52.30139,2.79,0.954,Rastaban
76297,15.585681,-41.16676,2.80,-0.216,
25606,5.470756,-20.75944,2.81,0.807,Nihal
81693,16.688113,31.60273,2.81,0.65,
2021,0.427916,-77.25425,2.82,0.618,
81266,16.598043,-28.21602,2.82,-0.206,Paikauhale
90496,18.466179,-25.42170,2.82,1.025,Kaus Borealis
1067,0.220598,15.18360,2.83,-0.19,Algenib
39757,8.125737,-24.30432,2.83,0.458,Tureis
77952,15.919083,-63.43073,2.83,0.315,
18246,3.902200,31.88364,2.84,0.271,
85258,17.421665,-55.52988,2.84,1.479,
85792,17.530695,-49.87615,2.84,-0.136,
17702,3.791410,24.10514,2.85,-0.086,Alcyone
63608,13.036278,10.95915,2.85,0.934,Vindemiatrix
107556,21.784011,-16.12729,2.85,0.18,Deneb Algedi
9236,1.979451,-61.56986,2.86,0.29,
97165,19.749574,45.13081,2.86,-0.002,Fawaris
30343,6.382673,22.51359,2.87,1.621,Tejat
74946,15.315181,-68.67955,2.87,0.014,
110130,22.308371,-60.25959,2.87,1.39,
13847,2.971023,-40.30467,2.88,0.128,Acamar
94141,19.162731,-21.02361,2.88,0.377,Albaldah
36188,7.452512,8.28932,2.89,-0.097,Gomeisa
63125,12.933807,38.31838,2.89,-0.115,Cor Caroli
78265,15.980865,-26.11410,2.89,-0.18,Fang
18532,3.964230,40.01022,2.90,-0.199,
80112,16.353143,-25.59280,2.90,0.299,Alniyat
106278,21.525982,-5.57117,2.90,0.828,Sadalsuud
14328,3.079942,53.50644,2.91,0.716,
48002,9.785036,-65.07201,2.92,0.273,
112158,22.716704,30.22124,2.93,0.852,Matar
32768,6.832266,-50.61456,2.94,1.207,
60965,12.497739,-16.51543,2.94,-0.012,Algorab
109074,22.096399,-0.31985,2.95,0.969,Sadalmelik
18543,3.967157,-13.50851,2.97,1.588,Zaurak
26451,5.627413,21.14255,2.97,-0.148,Tianguan
47908,9.764188,23.77426,2.97,0.808,Ras Elased Australis
88635,18.096803,-30.42409,2.98,0.981,Alnasl
64962,13.315359,-23.17151,2.99,0.92,
87073,17.793078,-40.12700,2.99,0.509,
93747,19.090169,13.86348,2.99,0.014,Okab
10064,2.159058,34.98730,3.00,0.14,
54539,11.161062,44.49849,3.00,1.144,
75097,15.345483,71.83402,3.00,0.058,Pherkad
82514,16.864509,-38.04738,3.00,-0.2,Xamidimura
108085,21.898808,-37.36485,3.00,-0.084,Aldhanab
17358,3.715416,47.78755,3.01,-0.125,
30122,6.338553,-30.06337,3.02,-0.16,Furud
33977,7.050409,-23.83329,3.02,-0.077,
59316,12.168746,-22.61977,3.02,1.326,
23416,5.032815,43.82331,3.03,0.537,Almaaz
62322,12.771346,-68.10812,3.04,-0.178,
71075,14.534636,38.30825,3.04,0.191,Seginus
95947,19.512023,27.95968,3.05,1.088,Albireo
100345,20.350187,-14.78137,3.05,0.79,Dabih
32246,6.732202,25.13112,3.06,1.377,Mebsuta
50801,10.372155,41.49952,3.06,1.603,Tania Australis
94376,19.209225,67.66154,3.07,0.99,Altais
89642,18.293793,-36.76169,3.10,1.582,
43813,8.923230,5.94556,3.11,0.978,
52943,10.827079,-16.19365,3.11,1.232,
56561,11.596363,-63.01984,3.11,-0.044,
101772,20.626116,-47.29150,3.11,0.998,
27628,5.849329,-35.76831,3.12,1.146,Wazn
44127,8.986828,48.04183,3.12,0.223,Talitha
83081,16.977006,-55.99014,3.12,1.552,
84379,17.250531,24.83920,3.12,0.08,Sarin
73334,14.986025,-42.10419,3.13,-0.208,
45860,9.350925,34.39256,3.14,1.55,
46701,9.520371,-57.03438,3.16,1.538,
84380,17.250788,36.80916,3.16,1.437,
31685,6.629353,-43.19593,3.17,-0.103,
46853,9.547715,51.67730,3.17,0.475,
83895,17.146448,65.71468,3.17,-0.12,Aldhibah
92041,18.760940,-26.99078,3.17,-0.107,
23767,5.108580,41.23447,3.18,-0.148,Haedus
71908,14.708492,-64.97514,3.18,0.256,
22449,4.830669,6.96128,3.19,0.484,Tabit
23685,5.091018,-22.37103,3.19,1.46,
83000,16.961139,9.37503,3.19,1.16,
87261,17.830965,-37.04330,3.19,1.192,Fuyue
104732,21.215607,30.22692,3.21,0.99,
116727,23.655820,77.63228,3.21,1.031,Errai
75141,15.356201,-40.64752,3.22,-0.227,
79882,16.305358,-4.69251,3.23,0.966,Yed Posterior
89962,18.355167,-2.89882,3.23,0.941,
106032,21.477662,70.56072,3.23,-0.201,Alfirk
32607,6.803194,-61.94139,3.24,0.225,
99473,20.188413,-0.82146,3.24,-0.066,
36377,7.487179,-43.30143,3.25,1.509,
68895,14.106193,-26.68236,3.25,1.091,
73714,15.067839,-25.28196,3.25,1.674,Brachium
93194,18.982395,32.68956,3.25,-0.049,Sulafat
17678,3.787295,-74.23896,3.26,1.59,
3092,0.655462,30.86102,3.27,1.268,
84970,17.366827,-24.99955,3.27,-0.186,
113136,22.910837,-15.82082,3.27,0.066,Skat
24305,5.215528,-16.20547,3.29,-0.11,
50099,10.228961,-70.03790,3.29,-0.074,
75458,15.415494,58.96607,3.29,1.166,Edasich
21281,4.566598,-55.04498,3.30,-0.079,
51576,10.533743,-61.68533,3.30,-0.089,
29655,6.247961,22.50680,3.31,1.6,Propus
85267,17.423239,-56.37773,3.31,-0.15,
5165,1.101407,-46.71841,3.32,0.885,
14354,3.086270,38.84027,3.32,1.528,
59774,12.257086,57.03262,3.32,0.077,Megrez
84143,17.202552,-43.23919,3.32,0.441,
88048,17.983775,-9.77363,3.32,0.987,
93864,19.115670,-27.67042,3.32,1.169,
19780,4.240404,-62.47386,3.33,0.915,
54879,11.237335,15.42957,3.33,-0.003,Chertan
38170,7.821571,-24.85979,3.34,1.218,Azmidi
8886,1.906584,63.67010,3.35,-0.15,Segin
25281,5.407949,-2.39715,3.35,-0.24,
32362,6.754824,12.89559,3.35,0.443,Alzirr
41704,8.504431,60.71817,3.35,0.856,Muscida
95501,19.424972,3.11477,3.36,0.319,
75264,15.378021,-44.68962,3.37,-0.191,
43109,8.779587,6.41881,3.38,0.685,Ashlesha
66249,13.578220,-0.59582,3.38,0.114,Heze
26207,5.585633,9.93416,3.39,-0.16,Meissa
50371,10.284720,-61.33230,3.39,1.541,
63090,12.926725,3.39747,3.39,1.571,Minelauva
109492,22.180908,58.20126,3.39,1.558,
20894,4.477705,15.87088,3.40,0.179,Chamukuy
6867,1.472759,-43.31823,3.41,1.542,
18724,4.011338,12.49035,3.41,-0.099,
67464,13.825078,-41.68771,3.41,-0.225,
74395,15.204760,-52.09925,3.41,0.918,
102422,20.754811,61.83878,3.41,0.912,
112029,22.691033,10.83136,3.41,-0.086,Homam
8796,1.884696,29.57883,3.42,0.488,Mothallah
78384,16.002036,-38.39671,3.42,-0.206,
86974,17.774319,27.72068,3.42,0.75,
102395,20.749314,-66.20321,3.42,0.163,
45080,9.182804,-58.96690,3.43,-0.19,
50335,10.278171,23.41731,3.43,0.307,Adhafera
93805,19.104150,-4.88255,3.43,-0.096,
50372,10.284952,42.91436,3.45,0.029,Tania Borealis
3821,0.818260,57.81519,3.46,0.587,Achird
5364,1.143164,-10.18226,3.46,1.161,
38827,7.946313,-52.98236,3.46,-0.177,
74666,15.258376,33.31483,3.46,0.961,
12706,2.721678,3.23582,3.47,0.093,Kaffaljidhma
67472,13.826943,-42.47373,3.47,-0.17,
49583,10.122209,16.76266,3.48,-0.031,
81833,16.714933,38.92225,3.48,0.916,
8102,1.734479,-15.93748,3.49,0.727,
33856,7.028652,-27.93483,3.49,1.729,Nganurganity
55219,11.307983,33.09431,3.49,1.4,Alula Borealis
73555,15.032436,40.39057,3.49,0.956,Nekkar
90422,18.449561,-45.96846,3.49,-0.179,
112623,22.809239,-51.31686,3.49,0.083,
32759,6.830683,-32.50848,3.50,-0.116,
35550,7.335383,21.98232,3.50,0.374,Wasat
112724,22.828020,66.20041,3.50,1.053,
98337,19.979285,19.49215,3.51,1.571,
112748,22.833385,24.60158,3.51,0.933,Sadalbari
17378,3.720806,-9.76339,3.52,0.915,Rana
47508,9.685843,9.89231,3.52,0.516,Subra
48774,9.947708,-54.56779,3.52,-0.067,
92420,18.834665,33.36267,3.52,0.003,Sheliak
93085,18.962167,-21.10665,3.52,1.151,
109427,22.169996,6.19787,3.52,0.086,Biham
20889,4.476943,19.18043,3.53,1.014,Ain
40526,8.275256,9.18554,3.53,1.481,Tarf
56343,11.550038,-31.85762,3.54,0.947,
77516,15.827002,-3.43021,3.54,-0.036,
86263,17.626445,-15.39856,3.54,0.262,
20042,4.298237,-33.79835,3.55,-0.108,
27288,5.782595,-14.82195,3.55,0.104,
69996,14.323396,-46.05809,3.55,-0.184,
89937,18.350736,72.73284,3.55,0.489,
99240,20.145157,-66.18207,3.55,0.751,
1562,0.323799,-8.82392,3.56,1.214,
10602,2.275154,-51.51217,3.56,-0.12,
55282,11.322347,-14.77854,3.56,1.112,
82545,16.872263,-38.01754,3.56,-0.21,Pipirima
37740,7.740793,24.39799,3.57,0.932,
44471,9.060427,47.15653,3.57,0.007,Alkaphrah
71053,14.530500,30.37144,3.57,1.298,
75177,15.363440,-36.26138,3.57,1.534,
35350,7.301550,16.54038,3.58,0.106,
100064,20.300904,-12.54485,3.58,0.883,Algedi
7607,1.633205,48.62821,3.59,1.275,Nembus
24674,5.293442,-6.84441,3.59,-0.115,
27072,5.741057,-22.44838,3.59,0.481,
57757,11.844922,1.76472,3.59,0.518,Zavijava
60260,12.356031,-60.40115,3.59,1.389,Ginan
6537,1.400390,-8.18326,3.60,1.065,
33018,6.879816,33.96125,3.60,0.102,
42536,8.671554,-52.92189,3.60,-0.168,
46651,9.511674,-40.46677,3.60,0.371,
76470,15.617070,-28.13508,3.60,1.361,
85727,17.518318,-60.68385,3.60,-0.104,
13209,2.833063,27.26051,3.61,-0.1,Bharani
15900,3.413554,9.02887,3.61,0.887,
49841,10.176467,-12.35408,3.61,1.007,
63613,13.037759,-71.54886,3.61,1.19,
86929,17.762221,-64.72387,3.61,1.161,
7097,1.524725,15.34582,3.62,0.974,Alpherg
17847,3.819373,24.05342,3.62,-0.07,Atlas
37819,7.754249,-37.96858,3.62,1.706,
82729,16.909731,-42.36131,3.62,1.393,
113726,23.032017,42.32598,3.62,-0.099,
57363,11.760141,-66.72876,3.63,0.16,
101769,20.625816,14.59509,3.64,0.425,Rotanev
20205,4.329889,15.62764,3.65,0.981,Prima Hyadum
46733,9.525453,63.06186,3.65,0.36,
77233,15.769793,15.42183,3.65,0.073,
88714,18.110520,-50.09148,3.65,-0.101,
110960,22.480531,-0.01997,3.65,0.406,
75695,15.463818,29.10570,3.66,0.319,Nusakan
76600,15.644270,-29.77775,3.66,-0.177,
68756,14.073165,64.37585,3.67,-0.049,Thuban
103227,20.913498,-58.45416,3.67,1.25,
22549,4.853434,5.60510,3.68,-0.157,
42828,8.726539,-33.18639,3.68,-0.18,
97365,19.789795,18.53429,3.68,1.313,
114341,23.157443,-21.17241,3.68,1.202,
2920,0.616188,53.89691,3.69,-0.196,Fulu
9007,1.932564,-51.60890,3.69,0.844,
23453,5.041301,41.07584,3.69,1.154,Saclateni
47854,9.754117,-62.50790,3.69,1.01,
57399,11.767515,47.77941,3.69,1.181,Taiyangshou
106985,21.668181,-16.66231,3.69,0.32,Nashira
15474,3.325278,-21.75786,3.70,1.614,
87933,17.962744,29.24788,3.70,0.935,
114971,23.286094,3.28229,3.70,0.916,
22797,4.904193,2.44067,3.71,-0.179,
28103,5.940082,-14.16770,3.71,0.337,
38414,7.870288,-40.57579,3.71,1.012,
77622,15.846935,4.47773,3.71,0.147,
88771,18.122496,9.56385,3.71,0.159,
98036,19.921887,6.40676,3.71,0.855,Alshain
16537,3.548848,-9.45826,3.72,0.881,Ran
17499,3.747927,24.11334,3.72,-0.105,Electra
28358,5.992111,54.28466,3.72,1.01,
104060,21.082184,43.92785,3.72,1.609,
16083,3.452820,9.73268,3.73,-0.082,
72220,14.770812,1.89288,3.73,-0.005,
87585,17.892134,56.87264,3.73,1.177,Grumium
107089,21.691253,-77.39005,3.73,1.008,
112961,22.876910,-7.57960,3.73,1.626,
8645,1.857676,-10.33504,3.74,1.136,Baten Kaitos
80170,16.365338,19.15313,3.74,0.299,
104887,21.246517,38.04532,3.74,0.393,
44511,9.069248,-47.09774,3.75,1.174,
87108,17.798211,2.70728,3.75,0.043,
26069,5.560421,-62.48983,3.76,0.64,
27654,5.855357,-20.87909,3.76,0.984,
30867,6.480297,-7.03306,3.76,-0.113,
93683,19.078050,-21.74150,3.76,1.012,
95853,19.495098,51.72978,3.76,0.148,
111169,22.521515,50.28249,3.76,0.031,
13268,2.844945,55.89550,3.77,1.69,Miram
17529,3.753232,42.57855,3.77,0.425,
20455,4.382247,17.54251,3.77,0.983,Secunda Hyadum
26549,5.645769,-2.60007,3.77,-0.19,
41312,8.428951,-66.13689,3.77,1.132,
42570,8.677103,-46.64874,3.77,0.67,
82363,16.829760,-59.04138,3.77,1.562,
101958,20.660635,15.91207,3.77,-0.057,Sualocin
105881,21.444452,-22.41133,3.77,1.002,
109176,22.116847,25.34511,3.77,0.435,
34481,7.145788,-70.49893,3.78,1.006,
36046,7.428779,27.79808,3.78,1.024,
48319,9.849867,59.03874,3.78,0.291,
53253,10.891559,-58.85317,3.78,0.945,
71795,14.685820,13.72830,3.78,0.044,
102618,20.794598,-9.49578,3.78,0.0,Albali
14668,3.158258,44.85754,3.79,0.98,Misam
53229,10.888526,34.21487,3.79,1.04,Praecipua
14879,3.201249,-28.98762,3.80,0.543,Dalim
37229,7.647186,-26.80384,3.80,-0.159,
76276,15.580041,10.53887,3.80,0.268,
94779,19.285040,53.36846,3.80,0.95,
99675,20.227196,46.74133,3.80,1.27,
21393,4.592512,-30.56234,3.81,0.957,Theemin
51232,10.464649,-58.73940,3.81,0.317,
76952,15.712381,26.29564,3.81,0.02,
116584,23.626056,46.45815,3.81,0.984,
9487,2.034117,2.76376,3.82,0.024,Alrescha
45688,9.314069,36.80260,3.82,0.066,
56211,11.523407,69.33108,3.82,1.613,Giausar
80883,16.515229,1.98392,3.82,0.022,Marfik
86414,17.657747,46.00633,3.82,-0.179,
51069,10.434842,-16.83629,3.83,1.456,
68245,13.971186,-42.10075,3.83,-0.224,
72370,14.797701,-79.04475,3.83,1.433,
17440,3.736593,-64.80690,3.84,1.133,
17448,3.738648,32.28825,3.84,0.022,Atik
20885,4.476248,15.96218,3.84,0.952,
43783,8.917457,-60.64461,3.84,-0.104,
51624,10.546853,9.30659,3.84,-0.148,
51986,10.621717,-48.22562,3.84,0.3,
61199,12.541134,-72.13299,3.84,-0.157,
88794,18.125708,28.76249,3.84,-0.018,
89341,18.229392,-21.05883,3.84,0.195,Polis
97433,19.802850,70.26793,3.84,0.888,
19747,4.233363,-42.29437,3.85,1.085,
27321,5.788079,-51.06651,3.85,0.171,
30277,6.368564,-33.43640,3.85,0.858,
50191,10.245607,-42.12194,3.85,0.051,
61281,12.558058,69.78824,3.85,-0.116,
61622,12.628394,-48.54130,3.85,0.049,
78072,15.940882,15.66162,3.85,0.478,
90139,18.394967,21.76975,3.85,1.168,
91117,18.586785,-8.24407,3.85,1.317,
4436,0.945885,38.49934,3.86,0.13,
21594,4.636340,-14.30402,3.86,1.082,Sceptrum
25859,5.520209,-35.47052,3.86,1.13,
79664,16.257297,-63.68568,3.86,1.105,
81065,16.557609,-78.89715,3.86,0.923,
87808,17.937550,37.25054,3.86,1.35,
110395,22.360938,-1.38733,3.86,-0.057,Sadachbia
17573,3.763779,24.36775,3.87,-0.063,Maia
43023,8.767124,-46.04153,3.87,0.015,
68282,13.977987,-44.80358,3.87,-0.208,
71957,14.717673,-5.65821,3.87,0.385,
78104,15.948077,-29.21407,3.87,-0.199,Iklil
97804,19.874547,1.00566,3.87,0.63,
765,0.156836,-45.74743,3.88,1.013,
8832,1.892170,19.29385,3.88,-0.047,Mesarthim
48455,9.879398,26.00695,3.88,1.222,Rasalas
74376,15.198918,-48.73782,3.88,-0.029,
114421,23.172640,-45.24671,3.88,0.998,
13701,2.940458,-8.89814,3.89,1.088,Azha
33152,6.902209,-24.18421,3.89,1.74,
45336,9.239405,2.31428,3.89,-0.06,
60129,12.331766,-0.66680,3.89,0.026,Zaniah
98110,19.938438,35.08342,3.89,1.019,
47431,9.664267,-1.14281,3.90,1.313,Ukdah
55425,11.350117,-54.49102,3.90,-0.157,
65936,13.517405,-39.40731,3.90,1.186,
18907,4.052606,5.98930,3.91,0.032,
41307,8.427676,-3.90642,3.91,-0.012,
60823,12.467331,-50.23063,3.91,-0.192,
73807,15.085303,-47.05125,3.91,-0.144,
76333,15.592105,-14.78954,3.91,1.007,Zubenelhakrabi
79992,16.329011,46.31337,3.91,-0.151,
83207,17.004827,30.92640,3.92,-0.018,
95168,19.361211,-17.84720,3.92,0.228,
104987,21.263731,5.24784,3.92,0.549,Kitalpha
2072,0.436716,-43.67983,3.93,0.175,
7083,1.520851,-49.07270,3.93,0.972,
13531,2.904295,52.76248,3.93,0.758,
21444,4.605317,-3.35246,3.93,-0.21,
37504,7.697004,-72.60610,3.93,1.033,
54463,11.143165,-58.97504,3.93,1.225,
78933,16.113452,-20.66919,3.93,-0.046,
88192,18.010754,2.93157,3.93,0.029,
5348,1.139742,-55.24576,3.94,-0.12,Wurren
37447,7.687454,-9.55113,3.94,1.022,
37677,7.730130,-28.95483,3.94,0.16,
42911,8.744750,18.15431,3.94,1.083,Asellus Australis
103413,20.952893,41.16714,3.94,0.027,
9598,2.057268,72.42129,3.95,-0.002,
31592,6.611399,-19.25588,3.95,1.037,
19343,4.144357,47.71251,3.96,-0.025,
28328,5.985778,-42.81513,3.96,1.146,
44248,9.010685,41.78291,3.96,0.463,
45101,9.187985,-62.31698,3.96,-0.18,
95241,19.377303,-44.45896,3.96,-0.085,Arkab Prior
95347,19.398103,-40.61594,3.96,-0.105,Rukbat
99848,20.257867,47.71421,3.96,1.451,
115438,23.382842,-20.10058,3.96,1.082,
20535,4.400613,-34.01685,3.97,1.468,Beemim
27673,5.858166,39.14848,3.97,1.132,
35228,7.280508,-67.95715,3.97,0.76,
42515,8.668373,-35.30835,3.97,0.936,
59449,12.194202,-52.36846,3.97,-0.156,
77634,15.849316,-33.62716,3.97,-0.045,
98495,20.009845,-72.91050,3.97,-0.032,
110997,22.487825,-43.49556,3.97,1.022,
112440,22.775521,23.56565,3.97,1.07,
18614,3.982750,35.79103,3.98,0.016,Menkib
106481,21.566350,45.59184,3.98,0.885,
9347,2.000084,-21.07783,3.99,1.554,
29651,6.247592,-6.27478,3.99,1.319,
50954,10.406592,-74.03161,3.99,0.369,
65477,13.420413,54.98796,3.99,0.169,Alcor
114996,23.290498,-58.23573,3.99,0.41,
44382,9.040777,-66.39608,4.00,0.145,
55642,11.398736,10.52951,4.00,0.423,
79374,16.199926,-19.46071,4.00,0.076,Jabbah
8068,1.727675,50.68873,4.01,-0.098,
22109,4.758375,-3.25466,4.01,-0.148,
34088,7.068481,20.57030,4.01,0.899,Mekbuda
35037,7.246849,-26.77267,4.01,-0.15,
71865,14.699332,-37.79350,4.01,-0.157,
78527,16.031532,58.56525,4.01,0.528,
80000,16.330687,-50.15551,4.01,1.08,
91792,18.717260,-71.42811,4.01,1.134,
101076,20.489926,30.36856,4.01,0.404,
43409,8.842204,-27.70984,4.02,1.272,
59199,12.140225,-24.72887,4.02,0.334,Alchiba
93244,18.993711,15.06830,4.02,1.082,
93429,19.028008,-5.73911,4.02,1.079,
10670,2.288573,33.84719,4.03,0.019,
23522,5.056970,60.44224,4.03,0.921,
43103,8.778284,28.75990,4.03,1.007,
63003,12.909900,-57.17792,4.03,-0.18,
88601,18.090913,2.50010,4.03,0.86,
101421,20.553547,11.30326,4.03,-0.123,Aldulfin
118268,23.988525,6.86332,4.03,0.419,
19587,4.197761,-6.83758,4.04,0.327,Beid
57380,11.764322,6.52938,4.04,1.501,
70497,14.419967,51.85074,4.04,0.497,
111497,22.589272,-0.11750,4.04,-0.083,
14632,3.151005,49.61328,4.05,0.595,
40702,8.308703,-76.91972,4.05,0.413,
42884,8.739987,-42.64928,4.05,0.874,
55434,11.352276,6.02932,4.05,-0.058,
67459,13.824623,15.79791,4.05,1.52,
70090,14.342623,-37.88529,4.05,-0.03,
71536,14.631454,-49.42583,4.05,-0.152,
112716,22.826528,-13.59263,4.05,1.57,
22957,4.939521,13.51447,4.06,1.158,
36962,7.598708,26.89574,4.06,1.54,
55705,11.414702,-17.68401,4.06,0.216,
59929,12.292917,-67.96074,4.06,1.603,
60009,12.307298,-64.00307,4.06,-0.168,
72010,14.727624,-35.17365,4.06,1.356,
83153,16.993069,-53.16044,4.06,1.452,
69701,14.266908,-6.00055,4.07,0.511,Syrma
74117,15.147394,-45.27986,4.07,-0.162,
74824,15.291917,-58.80121,4.07,0.088,
110991,22.486183,58.41520,4.07,0.778,
3693,0.788981,24.26718,4.08,1.1,
11001,2.362498,-68.65942,4.08,0.034,
12387,2.658044,0.32851,4.08,-0.212,
14146,3.039863,-23.62447,4.08,0.163,
33160,6.903167,-12.03863,4.08,1.418,
46974,9.574071,-59.22975,4.08,-0.013,
53740,10.996244,-18.29878,4.08,1.079,Alkes
92862,18.922249,43.94609,4.08,1.397,
104139,21.099118,-17.23286,4.08,-0.01,
105502,21.368110,19.80451,4.08,1.108,
26366,5.615108,9.29067,4.09,0.951,
77450,15.812327,18.14156,4.09,1.616,Gudja
7513,1.613299,41.40546,4.10,0.536,Titawin
12777,2.736634,49.22845,4.10,0.514,
38164,7.820638,-46.37320,4.10,-0.16,
90568,18.480505,-49.07059,4.10,0.995,
94160,19.167154,-39.34080,4.10,1.163,
12486,2.677781,-39.85538,4.11,1.006,
34045,7.062637,-15.63329,4.11,-0.112,Muliphein
42312,8.627399,-42.98908,4.11,0.109,
48356,9.857970,-14.84660,4.11,0.918,Zhang
51839,10.591166,-78.60779,4.11,1.58,
57439,11.775232,-61.17840,4.11,0.895,
76440,15.612000,-66.31704,4.11,1.161,
94114,19.157869,-37.90447,4.11,0.042,Meridiana
113638,23.014677,-52.75414,4.11,0.96,
12394,2.659799,-68.26695,4.12,-0.061,
19812,4.248295,48.40933,4.12,0.935,
28614,6.039722,9.64728,4.12,0.17,
58948,12.086817,8.73298,4.12,0.967,
98032,19.921026,-41.86829,4.12,1.063,
102978,20.863692,-26.91913,4.12,1.633,
111043,22.495955,-43.74922,4.12,1.57,
25247,5.399119,-7.80807,4.13,0.943,
30883,6.482719,20.21213,4.13,-0.115,
77853,15.897093,-16.72929,4.13,1.003,
102485,20.768260,-25.27090,4.13,0.426,
112405,22.767692,-81.38161,4.13,0.208,
116771,23.665844,5.62629,4.13,0.507,
16369,3.514549,12.93668,4.14,1.112,
17608,3.772104,23.94836,4.14,-0.051,Merope
42313,8.627602,5.70378,4.14,0.003,
59072,12.114687,-64.61373,4.14,0.353,
76127,15.548829,31.35913,4.14,-0.127,
78159,15.959794,26.87788,4.14,1.231,
107354,21.744092,25.64504,4.14,0.425,
109937,22.266160,37.74874,4.14,1.447,
34769,7.197739,-0.49276,4.15,-0.005,
85112,17.394708,37.14595,4.15,-0.011,
116805,23.673469,44.33393,4.15,-0.071,
28734,6.068671,23.26334,4.16,0.835,
36366,7.485195,31.78455,4.16,0.32,
85340,17.439504,-24.17531,4.16,0.283,
2599,0.549997,62.93178,4.17,0.13,
17874,3.824237,-36.20025,4.17,0.927,
110003,22.280565,-7.78329,4.17,0.979,Ancha
69427,14.214929,-10.27370,4.18,1.323,Kang
69732,14.273074,46.08830,4.18,0.087,Xuange
81304,16.606242,-35.25533,4.18,1.535,
109857,22.250544,57.04359,4.18,0.278,
111954,22.677594,-27.04362,4.18,-0.105,
67457,13.824091,-34.45078,4.19,1.52,
92043,18.761035,20.54631,4.19,0.483,
25813,5.513070,5.94814,4.20,-0.143,
38835,7.947650,-22.88012,4.20,0.718,
51233,10.464727,36.70721,4.20,0.908,
81126,16.568384,42.43704,4.20,-0.013,
112447,22.778216,12.17289,4.20,0.502,
113246,22.932472,-32.53963,4.20,0.952,
16228,3.484482,59.94033,4.21,0.419,
20635,4.422822,22.29387,4.21,0.136,
82080,16.766159,82.03726,4.21,0.897,
101093,20.493015,62.99410,4.21,0.199,
105858,21.440705,-65.36620,4.21,0.494,
13254,2.843063,38.31864,4.22,0.343,
17651,3.780804,-23.24972,4.22,0.434,
38518,7.888378,-48.10293,4.22,-0.13,
78918,16.109874,-36.80229,4.22,-0.184,
80569,16.450399,-18.45625,4.22,0.217,
89908,18.345955,71.33781,4.22,-0.093,
92175,18.786242,-4.74787,4.22,1.087,
92609,18.870288,-62.18759,4.22,-0.15,
92791,18.908412,36.89861,4.22,1.575,
102453,20.761043,30.71972,4.22,1.051,
105102,21.290265,39.39468,4.22,0.098,
114724,23.238711,-6.04900,4.22,1.545,
1599,0.334142,-64.87479,4.23,0.576,
37629,7.721867,28.88351,4.23,1.118,
64394,13.197904,27.87818,4.23,0.572,
67153,13.761471,-33.04372,4.23,0.39,
68520,14.027443,1.54453,4.23,0.121,
79101,16.146162,44.93491,4.23,-0.045,
81852,16.718126,-77.51744,4.23,1.06,
93825,19.106971,-37.06344,4.23,0.523,
107259,21.725127,58.78005,4.23,2.242,
107533,21.779891,49.30957,4.23,-0.12,
5372,1.145613,86.25709,4.24,1.213,
11407,2.449755,-47.70384,4.24,-0.136,
12770,2.735375,-13.85870,4.24,-0.122,
60000,12.305812,-79.31224,4.24,-0.123,
61317,12.562411,41.35748,4.24,0.588,Chara
80911,16.523037,-34.70437,4.24,-0.168,
86565,17.690243,-12.87531,4.24,0.086,
114855,23.264859,-9.08774,4.24,1.107,
5896,1.262704,-68.87593,4.25,0.48,
19167,4.109735,50.35126,4.25,-0.011,
21402,4.594239,10.16079,4.25,0.184,
21476,4.611508,41.26481,4.25,1.171,
23972,5.152440,-8.75408,4.25,-0.187,
41075,8.380588,43.18813,4.25,1.55,Alsciaukat
62896,12.890607,-40.17887,4.25,0.224,
70692,14.458758,75.69599,4.25,1.431,
107418,21.757480,61.12081,4.25,0.474,
5434,1.158368,47.24179,4.26,0.012,
8198,1.756564,9.15774,4.26,0.942,Torcular
15510,3.331944,-43.06978,4.26,0.711,82 G. Eri
16611,3.563132,-21.63288,4.26,-0.106,
19893,4.267097,-51.48665,4.26,0.312,
22783,4.900836,66.34268,4.26,-0.008,
44066,8.974784,11.85770,4.26,0.141,Acubens
86170,17.609121,-38.63531,4.26,1.075,
88267,18.025113,21.59578,4.26,0.406,
108917,22.063135,64.62797,4.26,0.379,Kurhah
4906,1.049058,7.89013,4.27,0.952,
12828,2.749039,10.11415,4.27,0.311,
19860,4.258905,8.89236,4.27,-0.054,
21589,4.635961,12.51084,4.27,0.122,
21881,4.704084,22.95693,4.27,-0.112,
64004,13.115180,-49.90625,4.27,-0.182,
74911,15.308897,-47.87527,4.27,-0.086,
95294,19.386976,-44.79978,4.27,0.35,Arkab Posterior
102532,20.777640,16.12430,4.27,1.042,
115830,23.466138,6.37899,4.27,1.062,
20711,4.438461,22.81358,4.28,0.263,
47193,9.618151,81.32638,4.28,1.488,
51172,10.452530,-31.06778,4.28,1.429,
85423,17.455909,-29.86703,4.28,0.402,
99655,20.223288,56.56772,4.28,0.114,
105515,21.370776,-16.83454,4.28,0.888,
109410,22.166457,33.17822,4.28,0.471,
114131,23.114650,-43.52036,4.28,0.423,
16852,3.614551,0.40166,4.29,0.575,
24845,5.326257,-13.17679,4.29,-0.235,
52154,10.655112,-55.60327,4.29,1.025,
57936,11.881813,-33.90812,4.29,-0.1,
77055,15.734299,77.79449,4.29,0.038,
80894,16.518991,-16.61273,4.29,0.924,
109139,22.107286,-13.86968,4.29,-0.075,
111188,22.525090,-32.34607,4.29,0.011,
116631,23.635610,43.26807,4.29,-0.083,
4577,0.976766,-29.35745,4.30,-0.154,
11484,2.469317,8.46005,4.30,-0.053,
17531,3.753470,24.46728,4.30,-0.11,Taygeta
17797,3.809963,-37.62015,4.30,-0.038,
20648,4.424828,17.92791,4.30,0.049,
28404,5.998917,45.93674,4.30,1.701,
42799,8.720410,3.39866,4.30,-0.192,
53417,10.926890,24.74972,4.30,0.016,
56647,11.615814,-0.82375,4.30,0.983,
57669,11.828077,-63.78848,4.30,-0.149,
61174,12.534510,-16.19601,4.30,0.388,
70069,14.338763,-56.38650,4.30,0.082,
100027,20.294130,-12.50821,4.30,0.928,
42568,8.676953,-59.76100,4.31,-0.117,
70638,14.448801,-83.66788,4.31,1.3,
75411,15.408181,37.37717,4.31,0.309,Alkalurops
78990,16.123424,-20.86876,4.31,0.831,
101847,20.638967,-1.10512,4.31,0.949,
16826,3.608159,48.19263,4.32,-0.058,
21763,4.674031,-19.67149,4.32,1.599,
25945,5.536875,18.59423,4.32,2.06,
29696,6.256304,29.49808,4.32,1.021,
43067,8.772927,-13.54772,4.32,0.9,
46750,9.528675,22.96797,4.32,1.541,Alterf
58758,12.050447,-63.31293,4.32,0.28,
64241,13.166469,17.52943,4.32,0.455,Diadem
67669,13.863779,-32.99409,4.32,-0.146,
72683,14.860641,-43.57536,4.32,-0.154,
84880,17.347128,-12.84688,4.32,0.037,
36284,7.469387,8.92553,4.33,1.425,
62867,12.885258,-48.94331,4.33,1.344,
70576,14.436336,-45.37928,4.33,0.434,
84405,17.255836,-26.60283,4.33,0.855,Guniibuu
88866,18.143000,-63.66855,4.33,0.228,
89826,18.331031,36.06455,4.33,1.162,
2912,0.614680,33.71934,4.34,-0.123,
3031,0.642602,29.31175,4.34,0.871,
5542,1.185017,55.14990,4.34,0.17,
27100,5.746223,-65.73553,4.34,0.217,
31125,6.530935,-23.41842,4.34,-0.245,
40888,8.344115,-77.48448,4.34,1.161,
45496,9.270024,-57.54147,4.34,1.602,
47175,9.613772,-49.35503,4.34,0.173,
68523,14.028748,-45.60342,4.34,0.598,
76552,15.634232,-42.56735,4.34,1.412,
85355,17.441911,4.14036,4.34,1.48,
91971,18.746209,37.60511,4.34,0.192,
92161,18.783686,18.18152,4.34,0.148,
107348,21.741860,17.35002,4.34,1.161,
111022,22.492173,47.70689,4.34,1.679,
14838,3.193822,19.72668,4.35,1.033,Botein
22509,4.843534,8.90018,4.35,0.01,
31407,6.582940,-52.97561,4.35,-0.021,
33449,6.954612,58.42276,4.35,0.85,
39794,8.132173,-68.61706,4.35,-0.113,
43234,8.807214,5.83781,4.35,-0.044,
60742,12.448966,28.26842,4.35,1.128,
74857,15.297178,-30.14867,4.35,1.1,
85822,17.536918,86.58646,4.35,0.021,Yildun
90098,18.387117,-61.49390,4.35,1.462,
94713,19.272804,38.13373,4.35,1.258,
107380,21.749113,-33.02578,4.35,-0.053,
2484,0.525725,-62.95822,4.36,-0.064,
3405,0.722567,-57.46306,4.36,0.024,
10324,2.216665,8.84672,4.36,0.878,
16335,3.509579,47.99522,4.36,1.367,
19038,4.078253,22.08193,4.36,1.064,
22701,4.881575,-5.45270,4.36,0.257,
24327,5.220522,-12.94129,4.36,-0.094,
28199,5.958947,-35.28328,4.36,-0.165,
33347,6.935618,-17.05424,4.36,-0.063,
39863,8.143236,-2.98379,4.36,0.97,
68862,14.100770,-41.17963,4.36,-0.198,
96468,19.612022,-1.28660,4.36,-0.079,
154,0.032672,-6.01407,4.37,1.631,
29807,6.275871,-35.14052,4.37,0.978,
35415,7.311802,-24.95437,4.37,-0.132,
53773,11.002572,-42.22586,4.37,0.116,
88886,18.145970,20.81456,4.37,-0.164,
98412,19.995605,-35.27631,4.37,-0.15,
64238,13.165831,-5.53901,4.38,-0.008,
99255,20.148145,77.71142,4.38,-0.046,
115669,23.434108,-20.64201,4.38,1.46,
116231,23.549512,-37.81827,4.38,-0.095,
8837,1.894102,-46.30267,4.39,1.597,
17884,3.825357,65.52597,4.39,1.87,
26176,5.580344,9.48958,4.39,-0.157,
27913,5.906386,20.27617,4.39,0.594,
30419,6.396135,4.59286,4.39,0.215,
39311,8.037760,2.33457,4.39,1.252,
49637,10.131742,9.99751,4.39,1.448,
73620,15.048344,2.09130,4.39,1.026,
82673,16.900131,10.16536,4.39,-0.088,
84893,17.350101,-21.11293,4.39,0.394,
96757,19.668275,18.01389,4.39,0.777,Sham
96837,19.684150,17.47604,4.39,1.041,
105319,21.331096,-53.44943,4.39,0.191,
4463,0.953445,23.41765,4.40,0.94,
38070,7.801436,-25.93717,4.40,-0.07,
39906,8.150455,-19.24501,4.40,-0.16,
93015,18.949177,-67.23350,4.40,0.53,
108431,21.965293,-54.99258,4.40,0.297,
32761,6.830921,-53.62245,4.41,0.899,
34693,7.185659,30.24516,4.41,1.261,
70300,14.383956,-39.51182,4.41,-0.185,
85693,17.512308,26.11065,4.41,1.434,Maasym
87998,17.975041,30.18928,4.41,0.38,
105138,21.298632,34.89690,4.41,-0.103,
114222,23.131623,75.38750,4.41,0.802,
115033,23.298393,-9.18251,4.41,-0.144,
115102,23.313733,-32.53203,4.41,1.109,
29038,6.126201,14.76847,4.42,-0.164,
31700,6.631506,-18.23748,4.42,1.137,
34922,7.225637,-44.63974,4.42,1.331,
34981,7.237559,-26.35251,4.42,-0.17,
40326,8.234143,-40.34789,4.42,1.17,
53954,11.038827,20.17984,4.42,0.053,
72571,14.838147,-27.96037,4.42,1.366,
77257,15.774060,7.35307,4.42,0.604,
88290,18.029222,1.30508,4.42,0.046,
110538,22.392675,52.22905,4.42,1.015,
115623,23.422993,23.40410,4.42,0.617,Alkarab
17593,3.769037,-12.10159,4.43,1.604,
19849,4.254537,-7.65287,4.43,0.82,Keid
23040,4.954780,53.75210,4.43,-0.017,
94481,19.229302,39.14597,4.43,-0.15,Aladfar
98688,20.044299,-27.70985,4.43,1.64,
100587,20.397671,32.19017,4.43,1.331,
102281,20.724315,15.07458,4.43,0.302,
102624,20.795621,-5.02770,4.43,1.639,
1170,0.244005,-18.93287,4.44,1.64,
3786,0.811373,7.58508,4.44,1.5,
19921,4.274738,-59.30216,4.44,1.078,
21770,4.676039,-41.86375,4.44,0.342,
30060,6.327052,59.01096,4.44,0.032,
36795,7.567551,-22.29607,4.44,0.521,
40091,8.189304,-39.61854,4.44,1.59,
40706,8.309258,-36.65929,4.44,0.222,
71121,14.543629,-50.45716,4.44,-0.177,
95771,19.478427,24.66491,4.44,1.502,Anser
7884,1.690526,5.48761,4.45,1.347,
13147,2.818169,-32.40590,4.45,0.981,
24244,5.204973,-11.86922,4.45,-0.099,
29426,6.198999,14.20876,4.45,-0.18,
42402,8.645955,3.34144,4.45,1.216,Minchir
44191,9.001505,-41.25361,4.45,0.646,
51849,10.593140,-57.55764,4.45,1.604,
52633,10.763087,-80.54019,4.45,-0.188,
55084,11.277695,-3.65160,4.45,0.21,
80975,16.535611,-21.46639,4.45,0.13,
94648,19.259229,73.35547,4.45,1.257,
96229,19.568153,7.37894,4.45,1.176,
11569,2.484437,67.40247,4.46,0.153,
18255,3.904862,-2.95473,4.46,0.672,
24331,5.221523,2.86126,4.46,1.166,
44901,9.147863,51.60465,4.46,0.288,
54682,11.194302,-22.82585,4.46,0.025,
59173,12.134788,-50.66128,4.46,-0.163,
80582,16.453067,-47.55479,4.46,-0.07,
112948,22.875427,-32.87550,4.46,-0.037,
12843,2.751715,-18.57256,4.47,0.481,
15549,3.338989,29.04846,4.47,1.555,
23123,4.975806,1.71402,4.47,1.369,
30788,6.469503,-32.58007,4.47,-0.169,
31216,6.548396,7.33296,4.47,0.023,
38957,7.970678,-49.24491,4.47,-0.18,
44599,9.085785,-72.60271,4.47,0.607,
46146,9.410906,26.18232,4.47,1.222,
47006,9.580405,52.05148,4.47,0.027,
57803,11.852419,-45.17347,4.47,1.283,
71284,14.578000,29.74513,4.47,0.364,
73165,14.953055,-4.34646,4.47,0.318,
104858,21.241337,10.00698,4.47,0.529,
109111,22.101914,-39.54335,4.47,1.349,
3504,0.745420,48.28436,4.48,-0.069,
18744,4.014946,-62.15928,4.48,1.5,
20713,4.439094,15.61826,4.48,0.262,
32578,6.797680,2.41216,4.48,1.099,
49641,10.132300,-0.37164,4.48,-0.032,
75323,15.389625,-59.32079,4.48,0.169,
80343,16.401718,-20.03733,4.48,0.996,
113889,23.064615,3.82004,4.48,-0.115,Fumalsamakah
114119,23.111345,-23.74311,4.48,0.892,
9480,2.032644,70.90702,4.49,0.164,
21248,4.558490,-29.76649,4.49,0.972,
32249,6.733137,13.22802,4.49,1.167,
34834,7.209350,-46.75930,4.49,0.324,
38455,7.877402,-38.86281,4.49,-0.188,
49593,10.123821,35.24469,4.49,0.19,
71762,14.678768,16.41832,4.49,-0.002,
96441,19.607372,50.22110,4.49,0.395,
104234,21.118797,-25.00585,4.49,1.604,
107310,21.735710,28.74263,4.49,0.512,
116928,23.700779,1.78004,4.49,0.2,
116971,23.712039,-14.54490,4.49,-0.032,
118322,23.998594,-65.57713,4.49,-0.075,
26594,5.653096,4.12147,4.50,-0.098,
27530,5.830451,-56.16666,4.50,1.075,
43105,8.778487,-56.76978,4.50,-0.169,
50676,10.348557,-56.04322,4.50,-0.102,
57565,11.799762,20.21893,4.50,0.547,
67275,13.787710,17.45691,4.50,0.508,
99874,20.262816,27.81424,4.50,1.258,
104459,21.159902,-11.37169,4.50,0.926,
106039,21.478721,-21.80718,4.50,0.889,
109285,22.139722,-32.98847,4.50,0.054,
109754,22.231312,39.71493,4.50,1.385,
111944,22.675233,44.27631,4.50,1.318,
1473,0.305463,36.78522,4.51,0.054,
5586,1.194342,30.08964,4.51,1.092,
27483,5.819567,39.18107,4.51,0.949,
46515,9.487423,-35.95134,4.51,1.408,
47391,9.655839,-61.32806,4.51,-0.07,
76852,15.692516,19.67040,4.51,0.062,
98702,20.046960,67.87356,4.51,1.313,
102333,20.733966,-51.92097,4.51,0.278,
106723,21.618008,-19.46601,4.51,-0.18,
110838,22.455531,-64.96635,4.51,-0.029,
117863,23.906398,57.49938,4.51,1.19,
13061,2.798480,29.24712,4.52,1.112,Lilii Borea
65271,13.377211,-60.98839,4.52,-0.141,
65387,13.400128,-64.53567,4.52,0.822,
69974,14.318498,-13.37110,4.52,0.128,Khambalia
73745,15.074098,26.94765,4.52,1.24,
89112,18.187157,-45.95442,4.52,1.009,
95176,19.362117,-15.95502,4.52,0.079,
102431,20.755878,57.57973,4.52,0.535,
106140,21.499137,23.63884,4.52,1.618,
111104,22.508128,43.12338,4.52,-0.086,
2487,0.525946,-62.96556,4.53,0.147,
3881,0.830234,41.07891,4.53,-0.136,
28413,6.000930,-3.07425,4.53,1.202,
37096,7.622809,-34.96853,4.53,-0.081,
69483,14.224718,51.78997,4.53,0.233,
85365,17.443856,-5.08660,4.53,0.385,
87072,17.792674,-27.83079,4.53,0.6,
102589,20.790149,36.49072,4.53,-0.083,
114570,23.209160,49.40621,4.53,0.302,
24727,5.302935,33.37161,4.54,1.252,
31416,6.584274,-22.96479,4.54,-0.035,
46776,9.533036,-1.18466,4.54,0.109,
46952,9.570384,36.39756,4.54,0.914,
46977,9.574703,69.83034,4.54,0.781,
72659,14.856493,19.10046,4.54,0.72,
74392,15.203692,-19.79171,4.54,-0.071,
75304,15.385931,-36.85849,4.54,-0.155,
98162,19.949120,-27.16990,4.54,1.462,
114144,23.116739,9.40949,4.54,1.559,
115919,23.485915,12.76055,4.54,0.939,
301,0.062330,-17.33599,4.55,-0.047,
16281,3.498540,58.87875,4.55,0.489,
23595,5.073440,-35.48298,4.55,1.177,
33694,7.001081,76.97741,4.55,1.365,
36425,7.496606,12.00656,4.55,1.276,
48402,9.868433,54.06433,4.55,0.038,
76371,15.598126,-44.95839,4.55,-0.175,
80079,16.343939,-24.16932,4.55,0.758,
88839,18.134716,-28.45709,4.55,0.938,
107119,21.698652,71.31142,4.55,1.108,
110351,22.350428,46.53657,4.55,-0.1,
110609,22.408609,49.47639,4.55,0.092,
13328,2.858566,35.05974,4.56,1.554,
18597,3.979095,-61.40019,4.56,1.59,
27830,5.888790,27.61226,4.56,-0.008,
44700,9.108825,38.45222,4.56,1.037,
54951,11.253397,23.09550,4.56,1.657,
70574,14.435619,-45.22142,4.56,-0.147,
86092,17.594332,-46.50568,4.56,-0.02,
103004,20.868801,27.09698,4.56,0.835,
104194,21.110026,47.64840,4.56,1.569,
16870,3.618244,-40.27455,4.57,1.023,
80463,16.423598,14.03327,4.57,0.002,Cujam
80473,16.426422,-23.44718,4.57,0.227,
86614,17.698978,72.14884,4.57,0.434,Dziban
92818,18.912468,22.64508,4.57,0.782,
94005,19.139156,-40.49670,4.57,1.07,
97886,19.891026,24.07961,4.57,-0.047,
26237,5.589768,-4.83836,4.58,-0.183,
48374,9.861298,-46.54762,4.58,1.172,
52468,10.725639,-60.56662,4.58,1.7,
64425,13.204892,-59.92058,4.58,-0.073,
67627,13.857205,64.72327,4.58,1.572,
79404,16.205057,-27.92637,4.58,-0.172,
86284,17.630754,-8.11877,4.58,0.132,
115250,23.343956,23.74034,4.58,0.18,Salm
3245,0.688766,-46.08501,4.59,0.953,
17351,3.713908,-37.31352,4.59,1.191,
17959,3.839302,71.33227,4.59,0.064,
25473,5.447286,3.09567,4.59,-0.199,
42527,8.670240,64.32794,4.59,1.179,
46509,9.485805,-2.76896,4.59,0.411,
50555,10.326877,-55.02931,4.59,1.6,
54751,11.210005,-60.31762,4.59,0.541,
77512,15.826570,26.06839,4.59,0.794,
77840,15.893533,-25.32714,4.59,-0.073,
91926,18.739661,39.61272,4.59,0.18,
96465,19.611786,-24.88362,4.59,-0.075,
117452,23.815427,-28.13027,4.59,0.001,
20070,4.304056,50.29550,4.60,0.043,
49402,10.085408,-13.06463,4.60,-0.087,
53502,10.945289,-37.13777,4.60,1.006,
72125,14.754017,16.96428,4.60,0.972,
75501,15.422285,-38.73362,4.60,0.0,
77760,15.877903,42.45152,4.60,0.563,
95081,19.344467,65.71453,4.60,0.033,
443,0.088928,-5.70762,4.61,1.029,
1366,0.284863,38.68164,4.61,0.059,
8833,1.892597,3.18754,4.61,0.928,
14817,3.188163,39.61158,4.61,1.115,
36145,7.445237,49.21153,4.61,-0.001,
39095,7.997792,-18.39923,4.61,0.087,
76219,15.569638,-10.06453,4.61,1.0,
101474,20.565052,35.25085,4.61,1.593,
4422,0.944432,59.18106,4.62,0.957,Castula
18673,3.998745,-24.01621,4.62,-0.121,
23497,5.051596,21.58996,4.62,0.155,
25923,5.532183,-7.30154,4.62,-0.261,
44824,9.134133,-25.85854,4.62,1.594,
54182,11.083619,7.33601,4.62,0.332,
54301,11.109015,-62.42411,4.62,0.988,
56480,11.579355,-54.26409,4.62,-0.077,
62327,12.772981,-56.48882,4.62,-0.15,
63007,12.910889,-59.14670,4.62,-0.153,
80628,16.463385,-8.37173,4.62,0.185,
88175,18.008058,-3.69027,4.62,0.39,
90982,18.558383,-42.31251,4.62,0.994,
92946,18.936995,4.20359,4.62,0.161,Alya
13914,2.986868,21.34043,4.63,0.048,
37648,7.725663,-28.41089,4.63,1.632,
38500,7.884344,-49.61304,4.63,-0.228,
42835,8.727882,-7.23373,4.63,0.84,
45448,9.262522,-37.41314,4.63,0.473,
61789,12.664594,-39.98730,4.63,-0.082,
66738,13.678967,54.68163,4.63,1.63,
73199,14.959743,65.93246,4.63,1.59,
77635,15.849652,-25.75129,4.63,-0.072,
78662,16.058931,-57.77506,4.63,0.252,
90797,18.522896,-62.27830,4.63,-0.116,
92512,18.853348,59.38835,4.63,1.185,
118131,23.962647,25.14140,4.63,1.584,
18216,3.895195,-24.61223,4.64,-0.136,
22845,4.914924,10.15083,4.64,0.085,
28716,6.065329,20.13845,4.64,0.236,
67234,13.777604,-51.43277,4.64,0.955,
76669,15.656299,36.63581,4.64,-0.103,
76829,15.686505,-44.66121,4.64,0.413,
82369,16.830563,-10.78300,4.64,0.478,
84606,17.294517,37.29150,4.64,0.043,
88765,18.121767,8.73387,4.64,0.951,
95585,19.441969,0.33857,4.64,0.576,
101589,20.588482,14.67421,4.64,0.12,
111674,22.622899,51.54512,4.64,0.254,
113919,23.069702,50.05209,4.64,1.058,
12719,2.724198,27.70715,4.65,-0.122,
21273,4.564143,14.84442,4.65,0.255,
23607,5.076153,15.40410,4.65,-0.064,
27890,5.901658,-63.08963,4.65,1.022,
35363,7.305110,-36.73396,4.65,-0.099,
36514,7.511834,-30.96228,4.65,0.904,
36917,7.589694,-28.36932,4.65,-0.111,
51192,10.456798,-57.63880,4.65,0.474,
58590,12.014553,6.61432,4.65,0.122,
78639,16.053579,-49.22969,4.65,0.902,
5571,1.190894,21.03465,4.66,1.024,
8497,1.826418,-10.68641,4.66,0.333,
31978,6.682961,9.89575,4.66,-0.233,
33302,6.927064,-20.13650,4.66,0.374,
35205,7.276387,-27.88118,4.66,1.589,
42806,8.721431,21.46850,4.66,0.01,Asellus Borealis
44626,9.093994,-70.53850,4.66,-0.149,
53295,10.899648,43.18996,4.66,-0.039,
61740,12.654102,-7.99556,4.66,1.24,
62012,12.709858,-48.81311,4.66,1.075,
76705,15.662772,-34.41193,4.66,0.964,
88567,18.083674,-29.58009,4.66,0.774,
89678,18.300886,-27.04264,4.66,1.629,
90135,18.394329,-8.93438,4.66,0.932,
98543,20.018346,27.75357,4.66,0.184,
5742,1.229152,24.58371,4.67,1.047,
16244,3.489456,49.50895,4.67,-0.096,
19811,4.248143,40.48367,4.67,1.007,
21683,4.654583,15.91798,4.67,0.147,
28910,6.102590,-14.93525,4.67,0.046,
40167,8.203535,17.64777,4.67,0.531,Tegmine
45075,9.181941,63.51363,4.67,0.381,
88128,18.000949,16.75092,4.67,1.254,
90595,18.486626,-14.56581,4.67,0.076,
91919,18.738984,39.67012,4.67,0.17,
96100,19.539149,69.66118,4.67,0.786,Alsafi
103738,21.021517,-32.25777,4.67,0.89,
7294,1.565528,59.23204,4.68,0.991,
8928,1.915572,-67.64730,4.68,0.931,
9677,2.074844,-29.29682,4.68,-0.156,
13879,2.979352,39.66273,4.68,0.065,
43878,8.938686,-52.72348,4.68,-0.115,
47310,9.640913,4.64929,4.68,1.31,
49029,10.003557,8.04422,4.68,1.589,
52098,10.645337,31.97624,4.68,0.823,
66006,13.532746,-6.25582,4.68,1.606,
66234,13.574250,49.01597,4.68,0.132,
80047,16.339119,-78.69575,4.68,1.68,
96683,19.656279,30.15332,4.68,0.971,
106786,21.629197,-7.85420,4.68,0.175,Bunda
112211,22.726454,-18.83038,4.68,1.358,
20732,4.443437,14.71378,4.69,0.979,
24813,5.318995,40.09905,4.69,0.63,
37173,7.638346,-25.36480,4.69,-0.1,
38089,7.805608,-47.07772,4.69,1.039,
39211,8.020371,-1.39261,4.69,1.475,
52102,10.645834,-59.18300,4.69,1.562,
62268,12.760550,-60.98132,4.69,1.049,
107136,21.701573,51.18962,4.69,-0.119,Azelfafage
108870,22.055486,-56.78598,4.69,1.056,
116389,23.584599,-42.61507,4.69,0.078,
24927,5.340811,-21.23976,4.70,-0.048,
56633,11.611365,-9.80225,4.70,-0.073,
56922,11.670221,-34.74466,4.70,-0.07,
82671,16.899924,-42.36203,4.70,0.444,
91726,18.704563,-9.05255,4.70,0.358,
98066,19.930651,-26.29951,4.70,0.748,Terebellum
104521,21.172361,10.13158,4.70,0.262,
113116,22.906789,84.34618,4.70,1.418,
116247,23.554618,-20.91450,4.70,0.02,
13954,2.995250,8.90737,4.71,-0.109,
16245,3.489558,-62.93753,4.71,0.41,
22667,4.875545,14.25064,4.71,1.773,
23693,5.091853,-57.47270,4.71,0.526,
25737,5.495550,-1.09224,4.71,1.592,
25984,5.545465,32.19202,4.71,0.281,
45902,9.358220,-25.96544,4.71,1.633,
46026,9.386739,-28.83387,4.71,0.892,
57283,11.746049,-18.35067,4.71,0.958,
63945,13.104642,-48.46329,4.71,-0.148,
68191,13.960809,-63.68670,4.71,1.075,
97938,19.904134,8.46145,4.71,1.023,Libertas
105140,21.298966,-32.17254,4.71,0.07,
114375,23.165249,-22.45761,4.71,0.674,
6692,1.432208,68.13001,4.72,1.047,
25044,5.362708,-0.38246,4.72,-0.168,
27639,5.850675,37.30557,4.72,1.621,
29276,6.171642,-54.96865,4.72,-0.229,
40084,8.187863,-12.92700,4.72,0.939,
46371,9.455110,-22.34378,4.72,1.154,
51056,10.431895,33.79612,4.72,0.26,
51438,10.505581,-71.99279,4.72,0.042,
51658,10.553865,40.42556,4.72,0.222,
58867,12.072008,-63.16571,4.72,-0.081,
60202,12.345286,17.79287,4.72,1.01,
64844,13.292379,40.57261,4.72,0.306,
78592,16.046634,46.03670,4.72,-0.094,
84514,17.276857,-0.44530,4.72,1.119,
107188,21.710973,-18.86632,4.72,0.868,
11313,2.427060,50.27863,4.73,1.532,
33202,6.910732,13.17783,4.73,0.321,
40096,8.190526,-42.98728,4.73,0.164,
53907,11.030465,-2.48459,4.73,1.593,
78914,16.108176,-45.17318,4.73,0.23,
79119,16.149529,36.49094,4.73,1.015,
103045,20.877565,-8.98332,4.73,0.325,
2505,0.529539,54.52229,4.74,-0.098,
6193,1.324443,27.26406,4.74,0.032,
11783,2.534786,-15.24468,4.74,0.454,
12413,2.663326,-42.89167,4.74,0.061,
15520,3.333129,65.65229,4.74,-0.108,
16341,3.510294,-5.07515,4.74,-0.092,
39903,8.150213,-61.30243,4.74,0.437,
42624,8.686982,-47.31712,4.74,0.137,
44390,9.042420,67.62962,4.74,1.542,
64924,13.306763,-18.31120,4.74,0.709,
69191,14.165242,-53.43895,4.74,0.938,
77661,15.854420,20.97792,4.74,1.534,
88116,17.996543,-23.81613,4.74,-0.03,
93542,19.051907,-42.09510,4.74,-0.027,
96052,19.529534,34.45297,4.74,-0.15,
103632,20.997098,47.52095,4.74,-0.084,
108874,22.055234,-2.15536,4.74,-0.1,
116602,23.630827,-45.49235,4.74,0.082,
35020,7.243928,-48.27193,4.75,-0.091,
57581,11.804030,-66.81491,4.75,1.522,
67786,13.886817,-31.92761,4.75,-0.111,
69713,14.269439,51.36723,4.75,0.236,
76880,15.699111,-19.67883,4.75,1.574,
76945,15.711395,-34.71041,4.75,-0.151,
101612,20.593003,-60.58175,4.75,0.291,
115088,23.310400,68.11145,4.75,0.836,
2472,0.523594,-48.80351,4.76,0.018,
13244,2.841255,-75.06695,4.76,1.337,
13288,2.850645,-21.00402,4.76,0.906,Angetenar
27750,5.874011,1.85513,4.76,1.382,
29997,6.314105,69.31979,4.76,0.025,
38901,7.961141,-30.33457,4.76,0.151,
47522,9.688058,-23.59151,4.76,-0.117,
52370,10.703926,-64.46643,4.76,-0.139,
55266,11.318864,38.18556,4.76,0.113,
60485,12.400414,51.56226,4.76,0.877,
63355,12.982068,17.40945,4.76,1.568,
65639,13.457546,-15.97358,4.76,1.096,
67665,13.863188,34.44424,4.76,1.611,
70264,14.376971,-58.45912,4.76,0.795,
84969,17.366531,-67.77067,4.76,1.194,
86486,17.673276,-49.41559,4.76,0.415,
94703,19.270289,21.39043,4.76,-0.058,
106801,21.632007,62.08194,4.76,0.246,
114155,23.118539,25.46826,4.76,1.285,
3455,0.736500,-10.60955,4.77,0.998,
14382,3.092338,56.70572,4.77,1.018,
26563,5.648079,-7.21283,4.77,0.139,
32533,6.788842,8.03725,4.77,1.396,
45751,9.329551,-11.97485,4.77,0.927,
56127,11.505248,-3.00350,4.77,1.529,
62985,12.905879,-9.53899,4.77,1.59,
86201,17.615859,68.75797,4.77,0.43,
88404,18.051367,-8.18035,4.77,0.41,
90905,18.542923,57.04560,4.77,0.611,
98761,20.059291,-37.94070,4.77,1.417,
100044,20.296445,38.03293,4.77,0.377,
100310,20.344393,-12.75908,4.77,-0.047,Alshat
101027,20.481004,-17.81369,4.77,0.386,
112519,22.791378,83.15383,4.77,1.257,
122,0.026616,-77.06572,4.78,1.254,
4147,0.883471,-1.14426,4.78,1.55,
9977,2.141454,37.85908,4.78,0.12,
17587,3.767314,63.34505,4.78,0.747,
21029,4.509342,16.19401,4.78,0.17,
23231,4.998816,-12.53742,4.78,0.267,
26199,5.584078,-6.00203,4.78,-0.248,
39847,8.140963,51.50667,4.78,0.048,
40274,8.224866,-35.89952,4.78,-0.11,
47758,9.736694,-27.76947,4.78,0.516,
50564,10.328938,19.47091,4.78,0.452,
60351,12.375087,25.84616,4.78,0.515,
64852,13.293412,5.46987,4.78,1.638,
70104,14.345159,-45.18706,4.78,0.31,
70306,14.384942,-27.75402,4.78,1.3,
85755,17.523598,-23.96264,4.78,0.016,
87294,17.836420,-40.09043,4.78,0.259,
92024,18.757465,-64.87126,4.78,0.199,
110371,22.355372,28.33053,4.78,-0.01,
110882,22.464312,4.69566,4.78,1.039,
1168,0.243378,20.20670,4.79,1.572,
9153,1.965478,23.59606,4.79,0.29,
22678,4.877218,36.70319,4.79,1.414,
41039,8.375471,-48.49038,4.79,-0.146,
45856,9.349117,-62.40463,4.79,0.926,
64661,13.254160,-67.89459,4.79,-0.078,
77655,15.853870,35.65738,4.79,0.996,
80815,16.503466,-25.11522,4.79,-0.116,
87220,17.819577,-31.70320,4.79,-0.028,
88149,18.004388,4.36862,4.79,-0.1,
99824,20.254415,25.59196,4.79,-0.181,
109400,22.163441,72.34121,4.79,0.919,
109908,22.260253,-41.34670,4.79,0.79,
3300,0.701081,50.51253,4.80,-0.105,
4151,0.884511,61.12397,4.80,0.54,
15197,3.263896,-8.81973,4.80,0.232,Zibal
20354,4.359211,46.49888,4.80,-0.022,
20542,4.401599,17.44413,4.80,0.154,
23364,5.023985,-7.17396,4.80,-0.164,
31832,6.655507,42.48888,4.80,1.236,
45038,9.173204,67.13402,4.80,0.489,
45493,9.269808,54.02186,4.80,0.199,
45811,9.341394,-9.55570,4.80,0.913,
52502,10.735258,-63.96107,4.80,-0.134,
61394,12.580857,22.62926,4.80,0.012,
64022,13.119646,27.62474,4.80,1.482,
69112,14.147498,77.54751,4.80,1.368,
69879,14.299950,35.50950,4.80,1.057,
71995,14.723712,26.52785,4.80,1.672,
73568,15.035141,25.00814,4.80,1.506,
79881,16.304973,-28.61402,4.80,0.008,
84573,17.288769,33.10010,4.80,-0.166,
99639,20.221680,46.81567,4.80,0.1,
103089,20.887431,44.38726,4.80,-0.134,
105382,21.346008,-40.80947,4.80,0.029,
110672,22.421284,1.37740,4.80,-0.171,
112051,22.695947,29.30764,4.80,-0.013,
24010,5.161654,15.59723,4.81,0.313,
24372,5.229288,-67.18525,4.81,1.274,
24659,5.291411,-34.89521,4.81,0.987,
28237,5.966571,25.95391,4.81,-0.088,
39138,8.005547,-63.56746,4.81,-0.173,
47029,9.584399,39.62149,4.81,0.992,
55687,11.410164,-10.85932,4.81,1.556,
70755,14.470038,-2.22796,4.81,0.693,Elgafar
90289,18.422511,-20.54168,4.81,1.31,
101867,20.642038,21.20117,4.81,-0.03,
102724,20.815637,46.11413,4.81,0.571,
9095,1.952792,-47.38528,4.82,0.864,
24340,5.223811,38.48450,4.82,0.189,
31827,6.654644,-14.14576,4.82,1.459,
33092,6.892474,-20.22425,4.82,-0.212,
36773,7.563323,-14.52389,4.82,1.362,
50799,10.372108,-41.64996,4.82,1.095,
51459,10.510461,55.98054,4.82,0.541,
60710,12.442158,-51.45063,4.82,-0.141,
66458,13.624345,36.29490,4.82,0.239,
69226,14.173315,25.09168,4.82,0.541,
78554,16.038248,22.80445,4.82,0.066,
80179,16.367875,1.02904,4.82,0.338,
82321,16.820615,45.98332,4.82,0.087,
83262,17.017667,-4.22264,4.82,1.483,
90344,18.433069,65.56348,4.82,1.179,Fafnir
92782,18.906610,71.29719,4.82,1.151,
104019,21.073417,-19.85499,4.82,0.169,
110386,22.358632,12.20519,4.82,-0.132,
111123,22.510782,-10.67795,4.82,-0.053,
115022,23.295732,49.01530,4.82,1.668,
116901,23.696057,-17.81653,4.82,0.822,
4292,0.916715,58.97270,4.83,1.216,
6813,1.460915,45.40669,4.83,0.421,
12390,2.659398,-11.87216,4.83,0.447,
12876,2.759048,-67.61662,4.83,0.058,
34495,7.147519,-39.65566,4.83,-0.179,
35210,7.276898,-23.31559,4.83,1.601,
40945,8.356397,-33.05437,4.83,1.419,
42726,8.707054,-53.11398,4.83,-0.173,
63724,13.059256,-49.52726,4.83,0.029,
73695,15.063174,47.65406,4.83,0.647,
74449,15.213776,-44.50041,4.83,-0.177,
80704,16.477373,41.88168,4.83,1.289,
83574,17.080376,-34.12293,4.83,0.257,
92088,18.767911,26.66213,4.83,1.199,
93026,18.951019,-5.84631,4.83,1.057,
93174,18.978721,-37.10736,4.83,0.396,
7007,1.503087,6.14382,4.84,1.372,
10340,2.220369,44.23165,4.84,1.476,
10644,2.284191,34.22423,4.84,0.607,
15457,3.322693,3.37020,4.84,0.681,
19740,4.232329,9.26382,4.84,0.799,
26777,5.688255,16.53415,4.84,-0.125,
37297,7.657595,-38.30802,4.84,-0.189,
42134,8.588800,-58.00923,4.84,0.981,
53807,11.009347,3.61749,4.84,1.144,
57328,11.754733,8.25812,4.84,0.174,
70027,14.329233,16.30695,4.84,1.228,
81008,16.543415,11.48804,4.84,1.495,
81660,16.681978,64.58905,4.84,1.212,
82020,16.754946,56.78186,4.84,0.375,
98353,19.982555,-26.19577,4.84,0.882,
112203,22.724993,-41.41435,4.84,1.027,
112374,22.760519,-53.50012,4.84,1.18,
114104,23.110226,59.41976,4.84,-0.06,
14862,3.198957,74.39366,4.85,0.035,
15416,3.312174,34.22265,4.85,1.491,
36431,7.497615,-23.02429,4.85,0.243,
49712,10.148957,-51.81126,4.85,-0.12,
64408,13.200901,-37.80302,4.85,0.693,
74837,15.294136,-63.61046,4.85,1.26,
87846,17.946507,-44.34225,4.85,1.176,
89918,18.347795,3.37717,4.85,0.911,
93148,18.974378,-52.93863,4.85,-0.051,
2210,0.465472,-33.00717,4.86,1.634,
15382,3.306140,-22.51112,4.86,0.904,
32438,6.770595,59.44167,4.86,0.084,
42483,8.661799,-29.56108,4.86,0.9,
51808,10.584878,75.71295,4.86,0.957,
64820,13.286952,-66.78344,4.86,1.48,
70327,14.389638,8.44662,4.86,0.01,
71832,14.694097,8.16176,4.86,0.992,
80181,16.368287,30.89200,4.86,0.97,
81122,16.568061,-44.04532,4.86,0.045,
81497,16.645794,48.92834,4.86,1.562,
85829,17.537767,55.17296,4.86,0.279,
86736,17.723833,-21.68319,4.86,0.469,
91918,18.738711,-35.64199,4.86,-0.168,
92761,18.902827,-22.74483,4.86,1.412,Ainalrami
94643,19.259007,-25.25668,4.86,0.569,
101773,20.626465,-61.52992,4.86,0.447,
109068,22.094653,5.05853,4.86,1.443,
6411,1.372337,45.52878,4.87,1.077,Adhil
12093,2.597909,5.59325,4.87,0.88,
15110,3.248360,21.04444,4.87,-0.007,
19777,4.239914,-10.25628,4.87,1.156,
34899,7.220377,-45.18274,4.87,-0.003,
42662,8.695371,-15.94338,4.87,1.063,
43825,8.925434,-27.68187,4.87,0.142,
48559,9.903425,-25.93235,4.87,1.199,
51979,10.620481,-27.41263,4.87,1.626,
52736,10.780898,-64.38347,4.87,-0.149,
97290,19.772707,-19.76111,4.87,1.061,
106551,21.579596,38.53405,4.87,1.085,
11345,2.432501,-12.29048,4.88,-0.027,
25539,5.460579,21.93697,4.88,-0.14,
27468,5.816935,24.56753,4.88,1.021,
27810,5.885245,-33.80136,4.88,-0.154,
35412,7.311216,-24.55870,4.88,-0.16,
58484,11.993796,-78.22184,4.88,-0.054,
61960,12.698071,10.23563,4.88,0.076,
63462,13.004576,30.78502,4.88,1.165,
82860,16.933750,65.13480,4.88,0.481,
87936,17.963279,-41.71630,4.88,1.617,
91845,18.725348,-8.27521,4.88,1.112,
94820,19.293911,-18.95291,4.88,1.013,
96341,19.586942,-48.09920,4.88,1.096,
117301,23.784284,58.65199,4.88,1.122,
118209,23.977883,-3.55598,4.88,0.93,
118243,23.983482,55.75493,4.88,-0.071,
910,0.187739,-15.46798,4.89,0.487,
22453,4.831846,37.48828,4.89,1.447,
25302,5.412452,1.84644,4.89,-0.2,
27511,5.825814,12.65132,4.89,-0.068,
37265,7.652760,34.58435,4.89,0.413,Jishui
37908,7.768736,18.51004,4.89,1.425,
51523,10.522775,-53.71548,4.89,0.5,
52009,10.625909,-13.38454,4.89,2.8,
57443,11.775376,-40.50035,4.89,0.664,
57851,11.864237,-65.20591,4.89,-0.123,
62886,12.888263,21.24494,4.89,0.904,
69896,14.303877,-81.00776,4.89,0.243,
83613,17.089636,12.74083,4.89,0.125,
85819,17.536251,55.18424,4.89,0.251,
97118,19.737943,37.35435,4.89,0.948,
102831,20.832800,-33.77972,4.89,1.004,
111841,22.654355,39.05027,4.89,-0.207,
115990,23.500536,58.54892,4.89,-0.122,
3801,0.813892,50.96817,4.90,-0.091,
6670,1.427009,-14.59880,4.90,1.231,
26885,5.707953,1.47463,4.90,1.144,
33485,6.960309,45.09409,4.90,0.027,
62683,12.844769,-33.99930,4.90,-0.031,
64583,13.237578,-59.10323,4.90,0.489,
78655,16.056720,-38.60254,4.90,-0.146,
78821,16.090710,-19.80186,4.90,-0.024,Acrab B
80686,16.474422,-70.08440,4.90,0.555,
97679,19.851141,22.61005,4.90,-0.153,
102790,20.824709,-46.22683,4.90,1.494,
12623,2.704144,40.19394,4.91,0.582,
21139,4.531296,-0.04401,4.91,1.32,
23362,5.023772,-20.05192,4.91,-0.047,
23835,5.124164,18.64505,4.91,0.657,
30093,6.333222,-2.94449,4.91,1.613,
34622,7.170467,-4.23711,4.91,1.02,
34752,7.194255,39.32055,4.91,1.451,
52085,10.643043,-16.87657,4.91,0.922,
61966,12.699051,-59.68582,4.91,-0.044,
66257,13.579943,37.18241,4.91,0.404,
73473,15.016208,-8.51894,4.91,0.0,
74604,15.243700,-31.51912,4.91,0.374,
81724,16.692884,-17.74217,4.91,1.095,
83608,17.088929,54.47004,4.91,0.471,
98055,19.927167,52.43895,4.91,0.124,
101101,20.494167,-2.88553,4.91,1.16,
101692,20.612120,-2.54996,4.91,1.606,
111310,22.550010,-61.98212,4.91,1.612,
113186,22.920464,8.81617,4.91,-0.003,
9061,1.944499,-22.52679,4.92,1.434,
28574,6.030673,-10.59793,4.92,-0.128,
28816,6.083091,-16.48444,4.92,0.196,
30520,6.414973,49.28789,4.92,1.905,
34059,7.064896,-49.58392,4.92,0.14,
36547,7.517911,82.41147,4.92,1.633,
45439,9.260200,-38.56994,4.92,1.084,
54204,11.088867,-27.29361,4.92,0.369,
60697,12.440018,27.26824,4.92,0.277,
66200,13.568870,3.65897,4.92,0.029,
67480,13.828564,21.26411,4.92,1.432,
72104,14.749778,-35.19183,4.92,0.013,
75379,15.403303,-10.32227,4.92,0.453,
88726,18.113858,-43.42522,4.92,0.255,
89861,18.338309,21.96130,4.92,1.594,
90830,18.529287,-45.91481,4.92,-0.101,
92689,18.887096,50.70822,4.92,0.903,
102388,20.747919,25.27062,4.92,1.183,
19515,4.180708,-41.99357,4.93,0.334,
19990,4.287684,20.57859,4.93,0.259,
20252,4.340178,34.56672,4.93,0.95,
23179,4.987612,37.89025,4.93,0.037,
36942,7.594365,-52.53384,4.93,1.373,
37609,7.716788,58.71036,4.93,0.104,
39079,7.995598,-3.67958,4.93,1.205,
43937,8.949562,-59.22934,4.93,-0.182,
47592,9.704011,-23.91557,4.93,0.534,
56280,11.537890,-29.26102,4.93,0.54,
56986,11.681568,-62.09010,4.93,1.111,
59847,12.272372,23.94541,4.93,0.957,
62763,12.861645,27.54071,4.93,0.681,
63503,13.012125,56.36634,4.93,0.368,
69269,14.180690,-16.30203,4.93,1.684,
72631,14.850298,-2.29915,4.93,0.988,
73996,15.121682,24.86920,4.93,0.429,
79375,16.199997,-10.06425,4.93,0.087,
96483,19.614847,-7.02748,4.93,-0.046,
99120,20.123100,-52.88079,4.93,1.591,
99303,20.157116,36.83962,4.93,-0.139,
99770,20.242229,36.80630,4.93,0.151,
102571,20.786319,34.37412,4.93,1.294,
114939,23.280817,-7.72650,4.93,1.613,
117073,23.733189,29.36145,4.93,0.935,
10280,2.206191,30.30307,4.94,0.77,
13905,2.984356,35.18313,4.94,1.235,
33357,6.937775,-48.72114,4.94,1.668,
35727,7.370425,-19.01660,4.94,-0.039,
39424,8.058634,27.79433,4.94,1.13,
43347,8.829900,-45.30788,4.94,0.043,
48615,9.914503,-19.00936,4.94,1.559,Felis
50933,10.402182,65.56642,4.94,-0.052,
51495,10.517242,-73.22149,4.94,1.677,
64166,13.150909,-23.11807,4.94,1.048,
64540,13.228597,40.15288,4.94,1.061,
80650,16.466400,68.76814,4.94,-0.051,
93279,19.000229,32.14551,4.94,1.465,
99742,20.237949,15.19761,4.94,0.072,
101138,20.500983,48.95157,4.94,-0.087,
109422,22.169093,-32.54841,4.94,0.489,
3414,0.724466,47.02455,4.95,0.17,
6242,1.334699,58.23161,4.95,0.683,
18505,3.957067,63.07226,4.95,-0.074,
26736,5.680754,-1.12879,4.95,-0.197,
29434,6.200911,16.13041,4.95,-0.149,
55945,11.465622,2.85627,4.95,1.0,
61384,12.578902,70.02177,4.95,1.312,
78207,15.969825,-14.27936,4.95,-0.08,
79509,16.224648,-54.63047,4.95,1.017,
79822,16.291791,75.75533,4.95,0.393,
98068,19.931045,38.48671,4.95,-0.086,
98608,20.029093,-59.37589,4.95,1.356,
112917,22.867225,43.31242,4.95,1.559,
115738,23.448876,1.25561,4.95,0.036,
117245,23.773199,3.48681,4.95,2.508,
7818,1.676337,40.57705,4.96,-0.068,
7918,1.696383,42.61337,4.96,0.618,
11918,2.564085,-28.23234,4.96,-0.05,
15648,3.357381,43.32965,4.96,0.051,
20877,4.473992,16.35967,4.96,1.137,
24822,5.321278,22.09649,4.96,0.937,
27949,5.914107,55.70695,4.96,0.052,
67494,13.831191,-18.13417,4.96,1.059,
78180,15.963196,54.74976,4.96,0.269,
78650,16.055730,-25.86524,4.96,1.234,
88657,18.100528,22.21888,4.96,1.656,
89153,18.195370,-23.70124,4.96,1.055,
89172,18.198377,31.40535,4.96,1.643,
115590,23.413959,62.28281,4.96,1.676,
5862,1.253043,-45.53166,4.97,0.571,
9009,1.933337,68.68524,4.97,-0.084,
17313,3.706291,33.96503,4.97,-0.048,
18772,4.021697,-61.07882,4.97,1.386,
20250,4.339227,27.35075,4.97,1.15,
28010,5.924975,-37.12067,4.97,1.102,
38538,7.891616,26.76578,4.97,0.098,
50847,10.382824,-66.90150,4.97,-0.128,
60172,12.339161,3.31257,4.97,1.172,
65721,13.473837,13.77879,4.97,0.714,
70753,14.469564,-29.49164,4.97,-0.074,
76742,15.671360,-23.81808,4.97,1.302,
79790,16.283593,-50.06812,4.97,0.788,
83430,17.052186,14.09195,4.97,1.6,
116310,23.565884,31.32528,4.97,1.383,
116758,23.663074,-14.22218,4.97,0.257,
117221,23.767234,46.42028,4.97,1.086,
7999,1.712086,-3.69020,4.98,1.378,
10053,2.157036,25.93989,4.98,0.339,
13884,2.979939,-64.07128,4.98,0.126,
23783,5.111289,51.59772,4.98,0.343,
26220,5.587728,-5.38732,4.98,,
26235,5.589695,-5.41606,4.98,-0.097,
37379,7.673114,-15.26392,4.98,1.543,
42509,8.667076,-12.47537,4.98,1.415,
53824,11.012445,6.10145,4.98,0.166,
57696,11.832395,-70.22579,4.98,1.36,
60746,12.449805,26.82570,4.98,0.088,
76041,15.529718,40.89933,4.98,0.086,
78493,16.024047,29.85106,4.98,-0.05,
90156,18.398507,58.80074,4.98,0.082,
92951,18.937401,4.20213,4.98,0.204,Alya B
95066,19.342473,-5.41577,4.98,0.937,
98073,19.932051,58.84597,4.98,1.584,
355,0.075033,-10.50952,4.99,1.619,
9505,2.038359,54.48754,4.99,-0.071,
16147,3.467517,49.06287,4.99,-0.091,
17304,3.704139,-31.93836,4.99,-0.159,
18488,3.952303,61.10888,4.99,1.435,
21644,4.648210,-12.12312,4.99,0.074,
25142,5.380556,3.54445,4.99,-0.096,
32844,6.846097,41.78123,4.99,1.256,
32855,6.847876,-34.36732,4.99,1.379,
33971,7.048549,-4.23923,4.99,-0.195,
36041,7.427471,9.27610,4.99,0.991,
40259,8.222213,-15.78822,4.99,1.066,
44659,9.099546,5.09232,4.99,1.189,
45085,9.184556,-44.86790,4.99,0.222,
46771,9.532428,11.29983,4.99,1.046,
55560,11.380442,43.48270,4.99,0.998,
59856,12.275040,33.06153,4.99,1.14,
66821,13.695775,-54.55942,4.99,-0.055,
69389,14.204390,2.40943,4.99,-0.118,
75206,15.368975,-47.92779,4.99,0.515,
75312,15.386750,30.28781,4.99,0.577,
78323,15.991743,-41.74444,4.99,0.988,
89348,18.231545,64.39729,4.99,0.44,
95372,19.402105,29.62134,4.99,-0.12,
98842,20.072108,-32.05630,4.99,1.208,
109289,22.140537,-34.04384,4.99,1.499,
113288,22.940555,49.73354,4.99,1.778,
115115,23.316021,-9.61075,4.99,-0.022,
19018,4.074212,59.15551,5.00,0.495,
25278,5.407071,17.38353,5.00,0.544,
29034,6.125453,-37.25292,5.00,-0.095,Elkurud
29735,6.262468,-13.71841,5.00,-0.078,
33345,6.935179,-14.04343,5.00,1.182,
35384,7.308883,49.46476,5.00,0.087,
47205,9.620185,6.83580,5.00,1.051,
55588,11.386857,-36.16477,5.00,1.464,
57175,11.725332,-62.48940,5.00,0.784,
76008,15.523619,77.34935,5.00,1.545,
79043,16.134591,17.04698,5.00,0.931,Marsic
88060,17.984800,-30.25303,5.00,1.654,
88788,18.124650,43.46189,5.00,0.913,
92845,18.918649,-22.67133,5.00,1.348,
93408,19.023991,46.93481,5.00,0.186,
94490,19.231987,57.70510,5.00,1.156,
96275,19.576360,19.77340,5.00,-0.093,
97295,19.773777,33.72760,5.00,0.476,
118121,23.959727,-64.29823,5.00,0.06,
841,0.172012,46.07227,5.01,0.405,
2219,0.467475,17.89313,5.01,1.584,
7719,1.655835,44.38616,5.01,0.883,
23430,5.036060,-26.27503,5.01,1.056,
24504,5.256777,32.68760,5.01,0.222,
29353,6.187500,-65.58942,5.01,1.599,
29919,6.298563,61.51529,5.01,1.843,
36429,7.496880,27.91615,5.01,1.117,
38423,7.871024,-34.70544,5.01,0.47,
42088,8.578778,-49.94420,5.01,1.304,
46950,9.569110,-51.25527,5.01,-0.18,
52425,10.717789,69.07621,5.01,1.406,
56862,11.658227,-65.39777,5.01,0.804,
60059,12.316608,-55.14300,5.01,1.6,
60646,12.430820,39.01862,5.01,0.955,
60998,12.501868,69.20112,5.01,1.621,
84833,17.338575,18.05708,5.01,1.654,
97496,19.816294,19.14204,5.01,0.095,
98258,19.965842,-15.49149,5.01,0.055,
20901,4.480601,13.04760,5.02,0.215,
25292,5.410873,37.38535,5.02,1.445,
46880,9.553461,-21.11572,5.02,1.023,
51635,10.549130,-47.00335,5.02,1.045,
53426,10.928999,33.50693,5.02,1.101,
68103,13.942827,27.49208,5.02,1.441,
72800,14.880855,-37.80316,5.02,-0.155,
74793,15.284968,71.82390,5.02,1.369,
87212,17.817862,50.78108,5.02,0.043,
87234,17.824155,76.96288,5.02,0.518,
89981,18.359075,49.12159,5.02,1.619,
91975,18.747205,2.06004,5.02,-0.055,
93057,18.955688,-20.65635,5.02,0.137,
95477,19.421247,-24.50858,5.02,0.235,
107608,21.795598,-30.89830,5.02,0.042,
9836,2.109423,22.64832,5.03,0.121,
22479,4.836560,-16.21716,5.03,0.992,
28675,6.054333,-26.28454,5.03,1.335,
35226,7.280392,-36.59263,5.03,-0.161,
37891,7.765797,-14.56381,5.03,0.342,
41639,8.490968,-44.72481,5.03,-0.168,
53721,10.991120,40.43026,5.03,0.624,Chalawan
61418,12.585489,18.37706,5.03,1.152,
66803,13.693549,-8.70298,5.03,1.623,
69618,14.249208,-57.08613,5.03,-0.074,
82504,16.862573,24.65643,5.03,1.246,
83336,17.031290,-32.14352,5.03,-0.1,
84671,17.310275,10.86448,5.03,1.539,
91755,18.710543,55.53946,5.03,-0.07,
95261,19.380888,-54.42393,5.03,0.02,
95937,19.511066,-2.78889,5.03,1.77,
97635,19.843813,52.98800,5.03,1.286,
103200,20.909344,28.05762,5.03,1.481,
183,0.038867,-29.72041,5.04,-0.15,
5317,1.133559,43.94209,5.04,0.109,
8241,1.768392,-53.52204,5.04,0.031,
15219,3.270057,50.93766,5.04,1.107,
21861,4.700965,-37.14430,5.04,0.391,
28325,5.984531,-9.55825,5.04,0.189,
28991,6.117604,-62.15458,5.04,1.256,
29800,6.274061,12.27216,5.04,0.431,
32173,6.718051,44.52445,5.04,1.479,
35846,7.391254,25.05053,5.04,0.902,
37300,7.657942,17.67452,5.04,1.616,
37606,7.715865,-45.17312,5.04,0.765,
39690,8.111206,-45.26602,5.04,1.488,
58905,12.079616,-76.51906,5.04,1.491,
64407,13.200984,-16.19860,5.04,0.46,
65468,13.418694,-74.88782,5.04,1.11,
65810,13.490348,-51.16513,5.04,0.059,
74778,15.282471,-60.95726,5.04,-0.077,
74975,15.321888,1.76541,5.04,0.54,
75973,15.515488,40.83305,5.04,1.589,
77811,15.888905,-20.16704,5.04,-0.014,
105186,21.307551,43.94595,5.04,-0.061,
106711,21.615827,40.41352,5.04,0.198,
108535,21.987518,73.17990,5.04,0.439,
111710,22.629273,-4.22806,5.04,1.14,Situla
15444,3.318787,50.09497,5.05,-0.067,
17851,3.819782,24.13671,5.05,-0.082,Pleione
23649,5.082776,-49.57784,5.05,1.484,
24879,5.333589,33.95805,5.05,0.287,
31765,6.643787,-48.22018,5.05,0.997,
37391,7.675295,87.02009,5.05,1.604,
42430,8.652198,-22.66187,5.05,0.72,
88745,18.117097,30.56214,5.05,0.528,
109556,22.191828,59.41449,5.05,0.192,
114347,23.158738,8.67716,5.05,1.484,
115227,23.339051,5.38131,5.05,1.204,
117371,23.798543,67.80681,5.05,0.007,
17296,3.702594,63.21681,5.06,1.651,
24505,5.256770,-26.94351,5.06,-0.067,
25045,5.362849,-24.77298,5.06,0.662,
29134,6.145643,-68.84341,5.06,-0.072,
29417,6.197726,-6.55029,5.06,-0.201,
30772,6.465992,-4.76215,5.06,-0.175,
36817,7.571839,-23.47366,5.06,0.468,
40680,8.305219,-65.61319,5.06,1.129,
49485,10.103115,-47.37000,5.06,0.88,
53838,11.014009,39.21209,5.06,0.255,
70248,14.373108,-80.10895,5.06,-0.108,
84033,17.178425,-44.55772,5.06,0.867,
96825,19.680601,45.52494,5.06,0.426,
96950,19.708648,-16.12400,5.06,0.319,
98571,20.022655,50.10469,5.06,1.122,
101868,20.642198,24.11596,5.06,-0.133,
102843,20.834695,44.05930,5.06,0.198,
102950,20.858347,-51.60818,5.06,1.125,
104755,21.222351,-70.12627,5.06,1.578,
117718,23.874802,19.12029,5.06,1.587,
2578,0.545512,-63.03150,5.07,0.038,
3810,0.816308,16.94064,5.07,0.502,
14954,3.212899,-1.19610,5.07,0.575,
21060,4.513916,-44.95375,5.07,-0.194,
21727,4.665190,53.07953,5.07,1.079,
25282,5.408030,-0.89133,5.07,0.961,
33558,6.973638,-34.11171,5.07,-0.154,
34909,7.222854,16.15897,5.07,1.653,
36393,7.489012,28.11828,5.07,0.12,
38010,7.790276,-38.51114,5.07,-0.112,
46774,9.532660,9.71577,5.07,1.364,
46928,9.564857,-80.94126,5.07,-0.139,
47452,9.671768,-14.33229,5.07,-0.149,
48437,9.875121,-8.10503,5.07,0.038,
51775,10.580004,6.95375,5.07,0.921,
56243,11.529464,-59.44206,5.07,1.026,
69415,14.212785,-27.26119,5.07,1.13,
81292,16.603812,52.92442,5.07,-0.027,
83947,17.159238,40.77703,5.07,1.275,
85805,17.532745,68.13502,5.07,1.077,
90853,18.533874,-45.75738,5.07,-0.127,
93867,19.116279,11.07123,5.07,-0.055,
101916,20.652161,10.08620,5.07,0.702,
107763,21.830748,30.17422,5.07,0.01,
109017,22.085775,62.27981,5.07,0.24,
2854,0.602306,54.16845,5.08,-0.098,
17771,3.804519,11.14329,5.08,-0.125,
21673,4.652560,15.79985,5.08,0.141,
22565,4.856239,18.83986,5.08,0.214,
25110,5.376036,79.23115,5.08,0.506,
25541,5.460802,34.47589,5.08,1.4,
29271,6.170632,-74.75305,5.08,0.714,
32558,6.793673,-8.99850,5.08,1.795,
38872,7.955118,-44.10986,5.08,-0.166,
41483,8.460170,-53.08848,5.08,0.256,
48113,9.809810,46.02101,5.08,0.619,
51437,10.504855,-0.63703,5.08,-0.138,
51718,10.566912,-23.74517,5.08,1.596,
51912,10.605706,-59.56439,5.08,1.172,
52457,10.723600,23.18840,5.08,0.042,
55598,11.389415,-18.77997,5.08,0.439,
63005,12.910251,-57.16867,5.08,-0.089,
73129,14.945554,-62.78102,5.08,-0.023,
92814,18.911976,-15.60304,5.08,0.141,
99080,20.114835,23.61443,5.08,-0.162,
100881,20.455336,-18.21172,5.08,-0.049,
108036,21.888268,-13.55177,5.08,0.378,
111532,22.596077,73.64319,5.08,0.395,
3781,0.809777,-74.92344,5.09,1.345,
9110,1.955848,17.81753,5.09,0.921,
16292,3.500057,55.45181,5.09,0.022,
23265,5.005755,81.19409,5.09,1.304,
31278,6.560534,-1.22015,5.09,-0.132,
35699,7.365795,20.44366,5.09,1.528,
36114,7.439403,-51.01848,5.09,1.038,
39023,7.984921,-23.31040,5.09,1.111,
40321,8.232865,-36.32228,5.09,-0.184,
43413,8.842628,-46.52919,5.09,-0.205,
46283,9.438324,-53.37891,5.09,-0.102,
47965,9.775462,57.12807,5.09,1.594,
48224,9.832541,-45.73274,5.09,-0.098,
55597,11.389283,-64.95471,5.09,-0.061,
59819,12.266719,14.89907,5.09,0.068,
77660,15.854331,-3.09050,5.09,0.135,
79302,16.183910,-29.41622,5.09,1.131,
87194,17.813652,25.62287,5.09,1.141,
90037,18.371828,-38.65689,5.09,1.498,
98920,20.085970,19.99107,5.09,1.058,
106999,21.669749,43.27384,5.09,1.601,
108022,21.884380,25.92514,5.09,-0.155,
109102,22.100543,45.01435,5.09,1.568,
110256,22.333754,-80.43975,5.09,1.276,
113788,23.043436,42.75780,5.09,0.094,
115444,23.384602,12.31391,5.09,1.315,
117020,23.722878,10.33154,5.09,1.692,
13775,2.954801,31.93422,5.10,-0.007,
15737,3.379234,20.74207,5.10,1.231,
19461,4.167439,80.69868,5.10,0.589,
20522,4.397729,9.46097,5.10,0.074,
27534,5.831539,-66.90119,5.10,-0.128,
57613,11.812524,-26.74978,5.10,1.594,
64803,13.281425,-31.50620,5.10,0.959,
70400,14.403151,5.82013,5.10,0.124,
78481,16.020644,17.81840,5.10,0.992,
82129,16.777779,-67.10969,5.10,-0.08,
85162,17.403636,-44.16258,5.10,-0.052,
88899,18.148018,20.04523,5.10,0.176,
94885,19.309026,1.08513,5.10,1.143,
106944,21.659240,2.24356,5.10,1.034,
107382,21.750071,-9.08243,5.10,1.108,
113561,23.001417,56.94537,5.10,1.011,
117689,23.868518,-82.01882,5.10,0.934,
6960,1.493370,-21.62934,5.11,0.028,
18213,3.894151,-34.73230,5.11,-0.133,
23941,5.145472,-4.45621,5.11,0.455,
33104,6.895068,68.88831,5.11,-0.114,
35406,7.310607,-36.74274,5.11,-0.17,
48833,9.961410,41.05563,5.11,0.481,
54461,11.142778,-61.94718,5.11,0.195,
65535,13.435483,-39.75511,5.11,1.181,
77982,15.924891,-68.60300,5.11,1.108,
90191,18.403830,39.50724,5.11,0.047,
91875,18.729706,-38.32344,5.11,0.075,
94083,19.152716,76.56050,5.11,0.308,
101983,20.667347,-60.54889,5.11,0.544,
102693,20.808084,-43.98854,5.11,0.361,
108317,21.944207,63.62556,5.11,1.547,
109973,22.274045,-41.62723,5.11,0.93,
111795,22.643860,56.79563,5.11,1.537,
112242,22.734856,41.81923,5.11,0.96,
8882,1.906122,-42.49695,5.12,-0.06,
14240,3.060239,-59.73777,5.12,0.349,
23794,5.112681,-4.65516,5.12,-0.059,
34670,7.179858,-48.93210,5.12,1.251,
35710,7.367397,36.76058,5.12,1.082,
37664,7.728307,-40.93375,5.12,1.104,
38373,7.861663,1.76687,5.12,-0.116,
45505,9.273066,-44.26573,5.12,1.636,
46914,9.562374,-49.00507,5.12,-0.114,
52353,10.699080,65.71628,5.12,1.207,
53261,10.892911,54.58513,5.12,1.355,
56250,11.530223,-59.51565,5.12,0.432,
61468,12.595987,-41.02195,5.12,0.224,
62356,12.777433,16.57769,5.12,1.346,
86796,17.735752,-51.83405,5.12,0.694,Cervantes
89935,18.350283,28.86995,5.12,0.212,
90806,18.523971,-18.40270,5.12,0.016,
91105,18.583998,-10.97721,5.12,0.926,
95951,19.512610,27.96528,5.12,-0.095,Albireo B
96327,19.585349,-10.56044,5.12,1.122,
97675,19.850456,10.41573,5.12,0.563,
101477,20.565297,-44.51605,5.12,0.999,
110391,22.359880,-21.59823,5.12,1.057,
113860,23.058280,-34.74941,5.12,0.305,
145,0.030402,-3.02750,5.13,-0.128,
1158,0.241008,-7.78053,5.13,1.601,
6061,1.296654,3.61447,5.13,0.071,
11477,2.467139,-33.81104,5.13,0.089,
15890,3.411267,64.58600,5.13,2.038,
26221,5.587907,-5.38970,5.13,0.02,
40843,8.334406,27.21771,5.13,0.487,
41325,8.431880,7.56451,5.13,0.934,
56332,11.548370,-31.08723,5.13,1.581,
69038,14.132154,43.85445,5.13,1.493,
73826,15.088656,-41.06724,5.13,1.011,
76259,15.577033,-28.04698,5.13,1.306,
79653,16.254257,-47.37202,5.13,-0.114,
84887,17.348391,24.49943,5.13,0.0,
94302,19.194597,56.85921,5.13,1.008,
104043,21.078621,-77.02377,5.13,0.49,
118234,23.982155,-52.74581,5.13,1.121,
2900,0.612903,44.48859,5.14,1.587,
5799,1.240011,-7.92283,5.14,0.448,
16322,3.506797,11.33644,5.14,-0.041,
17886,3.825748,33.09138,5.14,0.057,
25429,5.438687,-58.91252,5.14,0.986,
28691,6.057602,19.69056,5.14,-0.097,
32765,6.831838,-46.61456,5.14,0.46,
32864,6.849191,67.57193,5.14,-0.152,
33779,7.014303,-51.40259,5.14,1.652,
34033,7.060576,10.95182,5.14,1.391,
34105,7.071757,-56.74972,5.14,-0.032,
37088,7.621303,-4.11098,5.14,0.442,
38016,7.791757,33.41570,5.14,1.635,
38917,7.964368,-45.57767,5.14,1.263,
39567,8.084580,13.11821,5.14,0.018,
40285,8.226710,-46.99163,5.14,-0.139,
52742,10.782634,-56.75719,5.14,-0.08,
56000,11.476413,-42.67420,5.14,-0.028,
56656,11.616852,-61.28344,5.14,1.105,
59504,12.203311,77.61624,5.14,0.358,
60221,12.348809,-13.56572,5.14,1.048,
64906,13.304034,49.68206,5.14,-0.049,
70012,14.325689,-2.26552,5.14,1.023,
76307,15.587476,39.01007,5.14,1.65,
78105,15.948193,-33.96613,5.14,0.129,
84626,17.300189,-24.28690,5.14,1.046,
93163,18.976812,-60.20055,5.14,1.355,
94477,19.228529,2.29371,5.14,-0.071,
95498,19.424611,19.79837,5.14,0.999,
97870,19.888160,57.52348,5.14,-0.125,
100122,20.310853,34.98277,5.14,0.66,
102157,20.699186,-66.76068,5.14,-0.061,
5544,1.185213,31.42474,5.15,0.261,
9459,2.028440,-44.71351,5.15,1.471,
11784,2.535045,36.14727,5.15,1.472,
29895,6.294923,-16.81591,5.15,1.293,
37946,7.777577,37.51739,5.15,1.588,
42834,8.727854,-49.82280,5.15,-0.197,
43531,8.865787,43.72660,5.15,0.971,
44857,9.139867,66.87323,5.15,1.514,
47654,9.715895,72.25262,5.15,1.029,
50083,10.225184,-66.37281,5.15,0.217,
54360,11.121308,-42.63868,5.15,0.029,
56754,11.635371,-61.82656,5.15,-0.04,
58803,12.060973,-42.43406,5.15,0.417,
60320,12.368713,-67.52210,5.15,0.195,
64078,13.131614,-10.74041,5.15,1.138,
67244,13.782320,-36.25193,5.15,-0.007,
72197,14.766691,-25.44318,5.15,0.315,
72603,14.844773,-15.99724,5.15,0.401,
74605,15.243926,67.34672,5.15,0.55,
74707,15.267785,-41.49115,5.15,0.564,
75761,15.477288,1.84208,5.15,0.245,
82073,16.763859,8.58262,5.15,1.535,
98425,19.998665,37.04288,5.15,-0.133,
101936,20.656914,0.48645,5.15,1.06,
101984,20.667485,-18.13866,5.15,1.647,
102531,20.777462,16.12413,5.15,0.495,
114520,23.195608,8.72012,5.15,0.139,
1686,0.352017,37.96860,5.16,0.442,
11060,2.372621,55.84565,5.16,0.369,
13717,2.943729,-3.71232,5.16,0.084,
15404,3.310482,50.22217,5.16,-0.073,
27621,5.848117,-52.10887,5.16,0.96,
31084,6.523068,-12.39195,5.16,1.262,
38382,7.862862,-13.89803,5.16,0.6,
40429,8.254427,-62.91564,5.16,0.086,
44946,9.155982,22.04545,5.16,0.97,Nahn
51814,10.586017,57.08264,5.16,0.349,
67929,13.911707,-1.50313,5.16,1.093,
73776,15.080030,-64.03135,5.16,0.935,
75530,15.429832,15.42804,5.16,1.65,
76243,15.574032,-9.18342,5.16,-0.09,
90887,18.539257,-39.70400,5.16,0.079,
105570,21.381559,6.81114,5.16,0.064,
107095,21.692462,-14.04761,5.16,0.672,
112935,22.873353,9.83566,5.16,0.487,
2381,0.506293,-23.78768,5.17,0.128,
3909,0.835443,-10.64433,5.17,0.514,
5336,1.137477,54.92034,5.17,0.704,
12273,2.633909,72.81825,5.17,0.896,
12832,2.749328,12.44576,5.17,0.234,
20507,4.394681,-3.74547,5.17,0.072,
38211,7.828111,-17.22841,5.17,1.282,
44093,8.981216,-47.23469,5.17,0.268,
44143,8.990078,-59.08371,5.17,0.417,
58188,11.933599,-17.15083,5.17,-0.022,
59151,12.130565,-75.36702,5.17,1.278,
60514,12.405146,26.09861,5.17,0.082,
61910,12.687765,-13.01390,5.17,0.432,
63210,12.951212,-51.19875,5.17,-0.066,
87563,17.888341,40.00796,5.17,1.166,
93815,19.105540,-52.34091,5.17,0.532,
95447,19.416164,11.94441,5.17,0.761,
95556,19.435868,36.31790,5.17,-0.12,
96459,19.610555,44.69494,5.17,0.928,
104085,21.087290,-54.72704,5.17,1.201,
104963,21.260528,-20.65170,5.17,1.161,
117629,23.855927,-18.90916,5.17,-0.122,
1708,0.358665,-28.98147,5.18,1.006,
2225,0.470454,44.39445,5.18,0.043,
8016,1.715493,70.62253,5.18,-0.022,
19171,4.110114,27.59990,5.18,-0.124,
22833,4.913027,11.42601,5.18,0.121,
24197,5.194879,16.04567,5.18,1.525,
25918,5.531318,-76.34096,5.18,1.13,
26640,5.662277,25.89709,5.18,-0.15,
27204,5.766637,-32.30644,5.18,-0.274,
33682,6.997378,-67.91644,5.18,1.396,
35951,7.411163,-16.20147,5.18,-0.035,
40943,8.355846,-36.48418,5.18,-0.187,
41296,8.425370,-51.72742,5.18,-0.164,
42504,8.666002,-53.05473,5.18,-0.147,
45333,9.239041,61.42332,5.18,0.605,
52469,10.725822,46.20388,5.18,0.324,
55137,11.288167,2.01056,5.18,1.511,
55779,11.428717,-63.97248,5.18,0.495,
69373,14.201122,69.43255,5.18,1.595,
73036,14.926287,-60.11416,5.18,1.161,
92646,18.877675,-52.10737,5.18,0.962,
96665,19.653234,5.39777,5.18,-0.001,
97630,19.842776,38.72242,5.18,1.665,
99853,20.258400,23.50891,5.18,1.016,
101260,20.525112,74.95462,5.18,0.1,
107230,21.717806,72.32008,5.18,1.063,
117315,23.787776,-50.22646,5.18,-0.164,
11072,2.375704,-23.81633,5.19,0.608,
11220,2.406919,50.00655,5.19,0.979,
23840,5.126116,-63.39968,5.19,1.646,
28744,6.070417,-6.70894,5.19,-0.066,
30717,6.453823,0.29925,5.19,1.186,
39070,7.993762,-60.58706,5.19,1.758,
42425,8.651428,-70.38675,5.19,0.013,
43352,8.830972,-32.78052,5.19,0.876,
51362,10.491306,-2.73908,5.19,-0.05,
56583,11.600744,69.32295,5.19,0.974,
64792,13.279588,9.42416,5.19,0.585,
73945,15.110444,-16.25682,5.19,1.589,
77277,15.777772,62.59956,5.19,0.062,
80874,16.513713,-61.63350,5.19,1.236,
85312,17.433344,-50.63351,5.19,1.055,
99738,20.237369,28.69482,5.19,0.191,
103294,20.926858,13.72154,5.19,1.119,
105268,21.322838,64.87185,5.19,-0.045,
111797,22.644182,63.58447,5.19,0.083,
115404,23.377547,-15.03934,5.19,0.203,
2355,0.502045,29.75156,5.20,0.271,
2762,0.587466,-3.59285,5.20,0.567,
19949,4.278638,53.61180,5.20,0.052,
21296,4.569897,-8.23135,5.20,1.708,
27971,5.916063,59.88837,5.20,0.01,
29650,6.247467,19.15645,5.20,0.43,
30932,6.491255,-56.85277,5.20,1.087,
32104,6.706757,17.64530,5.20,0.063,
33927,7.040217,24.21545,5.20,0.953,
34081,7.067444,-42.33728,5.20,0.198,
35146,7.265267,59.63747,5.20,1.081,
36238,7.462324,21.44525,5.20,0.455,
39961,8.159977,-44.12277,5.20,-0.173,
42540,8.671996,-40.26387,5.20,-0.027,
42679,8.699142,-45.41071,5.20,0.171,
57047,11.695541,-32.49940,5.20,1.475,
60189,12.342680,-22.21590,5.20,-0.09,
63901,13.095678,35.79890,5.20,-0.059,
68269,13.975319,-24.97225,5.20,-0.086,
80197,16.372618,33.79905,5.20,1.631,
90441,18.453475,0.19611,5.20,0.487,
92226,18.795726,-40.40617,5.20,0.781,
93017,18.950441,32.90127,5.20,0.594,
93917,19.123769,32.50174,5.20,0.367,
104174,21.106855,-32.34162,5.20,1.104,
104214,21.114794,38.74941,5.20,1.069,
115126,23.318518,-13.45855,5.20,0.787,
5300,1.129957,-41.48692,5.21,0.159,
5737,1.228857,7.57535,5.21,0.32,Revati
12484,2.677666,-54.54991,5.21,0.411,
19205,4.116795,29.00130,5.21,0.359,
28296,5.980437,0.55298,5.21,0.009,
30457,6.402867,-11.53009,5.21,1.23,
30679,6.446910,58.41741,5.21,1.538,
32064,6.698996,-9.16754,5.21,1.525,
55756,11.424852,-36.06306,5.21,0.979,
64725,13.266322,-19.94310,5.21,1.011,
66098,13.549465,-10.16500,5.21,0.964,
77578,15.838207,2.19651,5.21,1.019,
85079,17.387799,-47.46820,5.21,-0.097,
111449,22.578230,-20.70822,5.21,0.446,
3505,0.745666,-22.00614,5.22,0.35,
9763,2.092103,76.11506,5.22,0.954,
13874,2.978355,-2.78288,5.22,0.014,
19799,4.243398,10.01141,5.22,-0.085,
21547,4.626703,-2.47355,5.22,0.283,
23734,5.102349,58.97237,5.22,-0.08,
25048,5.363448,41.80457,5.22,-0.129,
31119,6.530083,11.54441,5.22,0.185,
32562,6.794327,48.78948,5.22,1.131,
33878,7.032329,-5.72206,5.22,1.687,
36265,7.467243,6.94197,5.22,0.221,
38020,7.792085,-46.60849,5.22,-0.151,
39061,7.991217,-39.29694,5.22,0.4,
43970,8.954152,15.32276,5.22,0.149,
54767,11.212568,-64.16977,5.22,-0.082,
55831,11.443174,-61.11517,5.22,-0.077,
58684,12.035239,43.04560,5.22,0.283,
62267,12.760294,7.67333,5.22,0.322,
70035,14.331002,-61.27297,5.22,0.281,
72290,14.783694,-52.38352,5.22,0.984,
82216,16.796227,5.24675,5.22,-0.001,
92390,18.827807,-20.32466,5.22,1.404,
92405,18.831366,32.55106,5.22,0.1,
95260,19.380801,26.26240,5.22,-0.119,
98583,20.024594,64.82097,5.22,1.598,
106093,21.490816,46.54059,5.22,0.965,
116076,23.521490,39.23620,5.22,1.029,Veritate
6315,1.352047,28.73821,5.23,1.396,
10306,2.213355,21.21099,5.23,0.457,
14456,3.109303,-6.08856,5.23,1.575,
32292,6.741241,-31.07052,5.23,-0.127,
35907,7.402352,40.67239,5.23,1.249,
39970,8.161988,-47.93719,5.23,-0.199,
43834,8.927689,27.92748,5.23,1.0,
44154,8.992405,32.41856,5.23,0.913,
44337,9.029046,-52.18868,5.23,-0.12,
44798,9.129115,10.66819,5.23,-0.092,
48926,9.981191,-35.89097,5.23,0.3,
52701,10.774889,-64.26324,5.23,-0.077,
53252,10.891536,-20.13873,5.23,0.48,
63076,12.924598,65.43847,5.23,0.303,Taiyi
72357,14.795779,-26.08750,5.23,0.938,
76939,15.710645,-37.42493,5.23,0.987,
79607,16.244690,33.85861,5.23,0.599,
82493,16.859367,-41.23053,5.23,0.047,
82730,16.909915,-6.15398,5.23,1.1,
86036,17.583170,61.87455,5.23,0.602,
94068,19.149976,6.07321,5.23,0.346,
98636,20.033730,24.93804,5.23,0.374,
950,0.195552,-35.13312,5.24,0.459,
3949,0.844768,-50.98682,5.24,0.356,
7981,1.708270,20.26850,5.24,0.836,
14043,3.014501,52.35174,5.24,-0.049,
15371,3.303309,-62.50636,5.24,0.6,
16803,3.604837,-17.46706,5.24,-0.117,
17457,3.741808,-1.16309,5.24,-0.088,
17717,3.794347,-23.87468,5.24,0.075,
17954,3.838593,25.57936,5.24,0.231,
20384,4.364796,-63.38639,5.24,0.955,
21297,4.569936,-8.97026,5.24,1.465,
25197,5.391065,57.54440,5.24,-0.011,
26268,5.594301,-4.85607,5.24,0.269,
32480,6.778983,43.57743,5.24,0.575,
35393,7.309309,-39.21028,5.24,0.026,
36641,7.534986,1.91448,5.24,0.23,
42334,8.631154,-26.25500,5.24,-0.03,
45344,9.240136,-43.22749,5.24,-0.137,
45527,9.278260,-6.35314,5.24,1.172,
56779,11.641002,8.13430,5.24,1.499,
64348,13.189789,-43.36855,5.24,1.049,
73909,15.104638,54.55632,5.24,0.958,
79540,16.230807,-11.83775,5.24,1.394,
80620,16.462071,-7.59793,5.24,1.721,
80843,16.509320,20.47919,5.24,1.274,
90200,18.405067,-44.11026,5.24,-0.163,
98174,19.951749,-58.90135,5.24,0.014,
101923,20.654533,-14.95476,5.24,-0.129,
103571,20.984753,4.29461,5.24,0.457,
107128,21.700192,-23.26286,5.24,0.991,
109572,22.196848,56.83936,5.24,0.534,
112529,22.792535,-19.61338,5.24,0.941,
117089,23.736688,-18.27694,5.24,-0.084,
7955,1.702389,-32.32697,5.25,1.044,
10559,2.265635,33.35889,5.25,-0.004,
13141,2.817062,-62.80652,5.25,0.101,
25202,5.391710,-13.92735,5.25,-0.219,
31165,6.539271,-37.69670,5.25,0.982,
31688,6.629891,-32.33973,5.25,1.177,
37921,7.771167,10.76825,5.25,0.018,
39487,8.071164,-32.67483,5.25,1.882,
50414,10.293834,-8.06891,5.25,0.336,
51502,10.518048,82.55859,5.25,0.399,
76534,15.630441,40.35343,5.25,0.886,
86305,17.634871,-54.50043,5.25,0.195,
88331,18.039736,20.83363,5.25,-0.1,
90067,18.380288,17.82662,5.25,1.25,
92056,18.762989,74.08555,5.25,0.953,
93903,19.121703,36.10016,5.25,-0.109,
104738,21.217510,-39.42492,5.25,0.46,
112031,22.691292,40.22545,5.25,-0.137,
113864,23.059128,67.20921,5.25,1.248,
13165,2.821544,17.46431,5.26,-0.066,
14293,3.071254,-7.60086,5.26,0.193,
20261,4.343419,15.09545,5.26,0.225,
20266,4.344541,65.14044,5.26,0.82,
27386,5.800065,6.45416,5.26,0.234,
31434,6.586684,28.02231,5.26,-0.008,
45328,9.238335,-55.56963,5.26,0.98,
45631,9.301633,-51.05086,5.26,-0.062,
48883,9.970382,12.44480,5.26,-0.035,
49698,10.145223,-65.81544,5.26,0.973,
53154,10.875236,-57.24041,5.26,0.13,
56573,11.598771,-47.64164,5.26,0.257,
56975,11.679742,21.35273,5.26,0.984,
58082,11.911816,-25.71389,5.26,0.883,
67703,13.868021,-52.81153,5.26,-0.084,
69068,14.138145,49.45817,5.26,1.637,
75828,15.490075,-46.73270,5.26,1.731,
76425,15.608216,10.01018,5.26,0.925,
80161,16.363536,69.10939,5.26,1.115,
93256,18.995966,26.23040,5.26,1.228,
108924,22.064709,63.11992,5.26,1.557,
6999,1.501695,47.00727,5.27,0.999,
9727,2.085315,77.28134,5.27,0.345,
10320,2.215130,-30.72383,5.27,-0.013,
11738,2.525027,2.26718,5.27,1.271,
11757,2.527834,-79.10938,5.27,0.981,
15627,3.353784,21.14709,5.27,-0.067,
20641,4.423614,22.20000,5.27,0.25,
30073,6.328555,-7.82291,5.27,-0.177,
32537,6.789278,-37.92970,5.27,-0.078,
36760,7.560134,15.82666,5.27,0.055,
42129,8.587658,-58.22474,5.27,-0.133,
48682,9.928612,49.81984,5.27,0.086,
50070,10.223016,-51.23297,5.27,0.257,
51313,10.481274,-64.17228,5.27,1.856,
57477,11.782116,55.62819,5.27,1.276,
62027,12.713965,-63.05862,5.27,0.195,
65581,13.445325,-12.70766,5.27,1.477,
72929,14.905592,-24.64220,5.27,1.336,
80057,16.340795,-78.66750,5.27,1.413,
83313,17.026767,33.56827,5.27,0.028,
83431,17.052419,-53.23703,5.27,0.498,
93203,18.984928,13.62224,5.27,0.573,
99968,20.282024,40.36507,5.27,1.65,
107843,21.848413,-82.71890,5.27,0.756,
109005,22.083469,62.78567,5.27,1.413,
109693,22.219501,86.10796,5.27,-0.03,
116957,23.707729,-15.44803,5.27,1.344,
7650,1.641926,73.04004,5.28,0.972,
18453,3.943470,50.69538,5.28,0.425,
18788,4.025569,-1.54966,5.28,-0.133,
22040,4.739205,-59.73273,5.28,0.206,
23871,5.130111,20.41838,5.28,0.118,
26460,5.629061,-28.68969,5.28,0.486,
27364,5.795252,13.89960,5.28,-0.156,
29048,6.128233,-19.16587,5.28,1.661,
30953,6.496969,-50.23909,5.28,0.371,
32492,6.780859,-14.42597,5.28,-0.024,
32921,6.859179,21.76115,5.28,-0.02,
41003,8.367918,-73.39999,5.28,0.014,
43142,8.787496,-1.89703,5.28,0.058,
45455,9.263832,56.74141,5.28,1.568,
45581,9.290334,-74.89431,5.28,0.021,
47300,9.639383,40.23979,5.28,0.223,
57371,11.762216,-45.69013,5.28,-0.118,
58587,12.014211,-19.65898,5.28,-0.192,
60122,12.330199,48.98415,5.28,1.623,
74596,15.241435,29.16429,5.28,0.062,
80645,16.465918,-64.05794,5.28,0.383,
81437,16.633462,56.01554,5.28,1.055,
85389,17.447772,-45.84303,5.28,-0.058,
91014,18.566046,-33.01656,5.28,-0.115,
94834,19.296944,11.59542,5.28,0.196,
96957,19.709447,11.82658,5.28,0.575,
98103,19.937292,11.42372,5.28,0.014,
100195,20.323223,-19.11853,5.28,1.394,
110618,22.409764,-72.25541,5.28,0.66,
117218,23.766922,-18.67834,5.28,0.299,
814,0.167293,-82.22405,5.29,1.049,
983,0.202773,-17.93828,5.29,1.478,
8209,1.760763,-25.05261,5.29,0.395,
9312,1.993892,64.62160,5.29,0.002,
10793,2.315831,28.64267,5.29,0.037,
11021,2.365730,0.39567,5.29,1.648,
11486,2.469439,29.66933,5.29,0.311,
19719,4.225862,7.71605,5.29,0.366,
20704,4.435084,31.43891,5.29,0.986,
22287,4.800069,56.75718,5.29,0.246,
24873,5.333062,-12.31559,5.29,-0.104,
26868,5.704221,-34.66781,5.29,-0.032,
27947,5.913916,-52.63548,5.29,0.295,
33316,6.929702,-22.94144,5.29,-0.163,
35427,7.314243,-26.58585,5.29,0.956,
48390,9.864732,24.39537,5.29,0.229,
60904,12.481863,25.91285,5.29,-0.056,
69612,14.247458,10.10061,5.29,1.007,
89439,18.253585,-20.72827,5.29,0.007,
92824,18.913230,-87.60584,5.29,1.304,
105898,21.447668,48.83517,5.29,0.108,
106327,21.534965,-41.17931,5.29,1.109,
107472,21.767879,22.94888,5.29,1.381,
108991,22.079839,-0.90634,5.29,0.231,
3231,0.685330,39.45866,5.30,0.891,
12225,2.623425,-52.54309,5.30,0.289,
12489,2.678075,27.06094,5.30,0.081,
16499,3.540631,46.05686,5.30,0.398,
21914,4.712899,-50.48133,5.30,0.977,
21928,4.715089,43.36514,5.30,0.028,
23467,5.045279,-71.31430,5.30,0.996,
32411,6.766499,-14.79613,5.30,0.075,
34802,7.204392,-40.49881,5.30,0.072,
37704,7.735254,25.78416,5.30,1.535,
38962,7.972404,2.22477,5.30,0.933,
39780,8.129404,21.58182,5.30,0.642,
43305,8.822702,-3.44302,5.30,-0.08,
45290,9.230059,43.21782,5.30,-0.13,
47479,9.678494,-57.98355,5.30,0.195,
49809,10.168302,-12.81592,5.30,0.368,
56034,11.484481,39.33697,5.30,0.019,
85084,17.389331,-28.14283,5.30,1.549,
89773,18.319633,24.44606,5.30,1.508,
96808,19.678717,-16.29327,5.30,1.109,
98421,19.997595,-34.69780,5.30,0.17,
99951,20.279746,24.67110,5.30,0.951,
100541,20.386304,5.34299,5.30,0.983,
103511,20.971209,22.32591,5.30,1.419,
103569,20.984577,4.29348,5.30,0.464,
104365,21.142673,-21.19367,5.30,0.0,
105942,21.455935,37.11680,5.30,-0.14,
107151,21.704292,5.68014,5.30,1.653,
114200,23.127575,46.38723,5.30,1.409,
116820,23.677266,-32.07312,5.30,0.965,
117730,23.876974,10.94732,5.30,0.186,
10366,2.226728,51.06582,5.31,0.926,
10819,2.321337,47.37997,5.31,0.006,
27243,5.774270,-46.59718,5.31,1.04,
37701,7.734495,50.43379,5.31,-0.001,
43671,8.897388,-47.52078,5.31,0.275,
45544,9.282523,-39.40154,5.31,1.166,
55016,11.264417,13.30758,5.31,1.189,
56997,11.684171,34.20164,5.31,0.723,
57562,11.798584,8.24590,5.31,0.038,
59654,12.234085,-45.72392,5.31,1.4,
64577,13.236361,-19.93095,5.31,0.862,
80945,16.528269,-41.81714,5.31,0.299,
85667,17.506610,-1.06292,5.31,0.715,
94150,19.164642,-68.42445,5.31,0.901,
104974,21.262456,-15.17150,5.31,1.639,
110649,22.415638,-57.79742,5.31,0.665,
5518,1.177579,68.77862,5.32,-0.014,
14168,3.045076,-7.68547,5.32,0.941,
15770,3.386997,49.21327,5.32,-0.076,
18957,4.062390,5.43562,5.32,-0.08,
21515,4.620465,0.99831,5.32,-0.107,
26126,5.571326,3.76689,5.32,0.051,
38146,7.817132,-24.91221,5.32,0.751,
41260,8.417706,-24.04621,5.32,1.476,
52911,10.820953,10.54520,5.32,0.035,
57111,11.707889,66.74491,5.32,1.267,
60449,12.393174,-35.41268,5.32,-0.066,
65479,13.420568,-64.48514,5.32,0.411,
72489,14.821959,-14.14902,5.32,0.066,
73049,14.929085,-33.85578,5.32,0.046,
74649,15.253154,4.93936,5.32,1.092,
80208,16.374444,-49.57235,5.32,-0.047,
84177,17.207725,10.58517,5.32,1.593,
97749,19.864056,-39.87437,5.32,-0.045,
98624,20.031230,-66.94397,5.32,1.218,
99461,20.186632,-36.10121,5.32,0.868,
103882,21.049433,-38.63145,5.32,0.424,
112781,22.839655,-80.12385,5.32,-0.126,
5131,1.094709,21.47318,5.33,0.003,
20161,4.321301,-44.26792,5.33,1.066,
22730,4.889659,2.50822,5.33,1.632,
22834,4.913273,7.77910,5.33,1.214,
23879,5.131359,8.49843,5.33,0.338,
39734,8.121678,-20.55434,5.33,0.1,
40817,8.330274,-71.51491,5.33,-0.063,
41616,8.484654,-47.92892,5.33,-0.14,
41822,8.526592,18.09442,5.33,1.567,
41909,8.545139,20.44116,5.33,1.252,
52678,10.771269,-64.51456,5.33,-0.096,
64823,13.287674,13.67575,5.33,1.304,
90074,18.381410,-36.66956,5.33,-0.121,
93124,18.970763,17.36091,5.33,0.731,
97421,19.800321,-56.36261,5.33,0.196,
98438,20.000919,17.51651,5.33,1.576,
109786,22.238342,-21.07457,5.33,0.812,
116264,23.557804,22.49877,5.33,1.481,
9440,2.020759,-30.00183,5.34,0.883,
13490,2.895168,38.33749,5.34,0.423,
17563,3.761234,6.04999,5.34,-0.099,
20186,4.326862,21.77349,5.34,-0.107,
24817,5.319783,2.59581,5.34,0.412,
25980,5.544820,-1.59183,5.34,-0.188,
26001,5.549873,-64.22752,5.34,1.039,
29704,6.256980,16.14317,5.34,-0.101,
30247,6.362811,53.45218,5.34,0.448,
31789,6.646995,39.90256,5.34,-0.075,
32489,6.780417,57.16918,5.34,0.964,
33048,6.884738,59.44854,5.34,0.675,
36896,7.585778,30.96092,5.34,1.01,
40215,8.213552,68.47407,5.34,1.037,
43414,8.842982,-66.79298,5.34,0.423,
46107,9.402680,-80.78688,5.34,0.454,
50888,10.391478,-38.00984,5.34,0.251,
58884,12.077479,-68.32891,5.34,-0.012,
59184,12.137422,-48.69249,5.34,-0.01,
63117,12.932538,-56.83581,5.34,0.01,
70469,14.413508,-24.80631,5.34,0.962,
76866,15.696504,12.84753,5.34,0.033,
82587,16.882796,31.70167,5.34,0.319,
96288,19.578127,42.41251,5.34,0.06,
103127,20.894494,-39.80987,5.34,1.318,
107788,21.835749,17.28585,5.34,0.394,
109654,22.213284,34.60459,5.34,1.134,
110000,22.280012,-12.83144,5.34,1.132,
113327,22.951250,48.68407,5.34,-0.102,
3951,0.845442,64.24755,5.35,0.528,
4371,0.933747,-11.26653,5.35,1.505,
6706,1.437573,19.17235,5.35,0.395,
22157,4.767150,11.70559,5.35,0.197,
28946,6.109749,38.48264,5.35,0.251,
29246,6.166390,58.93569,5.35,1.096,
35957,7.412182,-31.80890,5.35,1.071,
36439,7.498867,49.67246,5.35,0.47,
42604,8.683629,45.83401,5.35,0.993,
46811,9.538688,-40.64934,5.35,0.897,
66936,13.717698,3.53790,5.35,1.091,
75119,15.350554,0.71534,5.35,1.191,
77907,15.910516,43.13857,5.35,1.645,
79050,16.135439,-26.32668,5.35,1.643,
80782,16.495091,-46.24323,5.35,0.488,
82802,16.922825,18.43321,5.35,1.407,
86182,17.610457,48.58563,5.35,1.142,
92953,18.938044,-42.71068,5.35,0.998,
94385,19.211309,-7.93952,5.35,0.094,
110273,22.336643,-7.82110,5.35,-0.048,
115355,23.365259,31.81246,5.35,-0.101,
116709,23.652316,50.47173,5.35,-0.061,
3138,0.665436,21.43849,5.36,1.16,
3632,0.775822,15.47550,5.36,1.559,
5268,1.121838,-61.77529,5.36,0.884,
11258,2.414987,-60.31195,5.36,0.395,
11791,2.535950,-1.03490,5.36,1.004,
18993,4.069410,2.82695,5.36,0.505,
21730,4.666126,53.47302,5.36,0.331,
26063,5.558735,-1.15607,5.36,-0.175,
27658,5.856107,-7.51800,5.36,-0.195,
29490,6.214182,65.71842,5.36,1.344,
29996,6.314051,-9.39002,5.36,1.239,
34987,7.238906,3.11141,5.36,1.193,
35083,7.255854,-30.68645,5.36,-0.155,
37853,7.759736,-34.17236,5.36,0.589,
38846,7.949390,-43.50041,5.36,-0.166,
40107,8.192501,-7.77254,5.36,0.892,
45410,9.253848,14.94151,5.36,1.319,
47723,9.728862,14.02169,5.36,1.61,
52405,10.711269,-59.21576,5.36,0.213,
52638,10.764416,30.68231,5.36,-0.05,
58510,11.999142,3.65520,5.36,-0.001,
65301,13.383643,-17.73527,5.36,0.987,
72131,14.754802,-62.87565,5.36,0.308,
75439,15.412504,-39.71027,5.36,-0.093,
76628,15.648488,-19.30189,5.36,0.883,
84821,17.336065,25.53760,5.36,0.063,
89605,18.285426,-56.02335,5.36,-0.05,
92989,18.944582,-37.34324,5.36,-0.147,
102599,20.792650,80.55226,5.36,1.144,
110109,22.304289,-53.62707,5.36,0.614,
116889,23.692914,-18.02708,5.36,1.58,
8230,1.766461,-5.73330,5.37,1.517,
23482,5.046861,-49.15141,5.37,0.421,
26248,5.590869,24.03959,5.37,-0.092,
28949,6.110760,-4.19384,5.37,-0.122,
29730,6.261257,59.99898,5.37,1.339,
30565,6.424623,-69.69030,5.37,0.971,
35848,7.391386,-27.83429,5.37,1.539,
35987,7.416161,11.66952,5.37,0.105,
39117,8.003264,73.91792,5.37,1.424,
49081,10.016864,31.92367,5.37,0.676,
54746,11.209191,-49.10100,5.37,0.175,
60978,12.499267,58.40574,5.37,0.205,
63432,12.998665,66.59727,5.37,1.282,
73223,14.964755,-76.66266,5.37,1.442,
79804,16.287595,59.75502,5.37,1.551,
80337,16.400355,-39.19298,5.37,0.625,
88380,18.047527,-24.28247,5.37,0.495,
90763,18.518012,-32.98911,5.37,0.182,
92111,18.772391,-22.39218,5.37,1.591,
92112,18.772849,75.43396,5.37,0.049,
109404,22.165473,-34.01497,5.37,0.241,
109592,22.200560,60.75910,5.37,1.184,
110298,22.340994,5.78950,5.37,-0.037,
113957,23.077668,-53.96491,5.37,1.453,
1645,0.343295,8.19027,5.38,1.343,
1960,0.413193,61.83106,5.38,0.008,
2568,0.543189,20.29432,5.38,1.069,
3330,0.707869,-65.46803,5.38,0.515,
12086,2.596336,34.68756,5.38,1.652,
18859,4.043540,-0.26892,5.38,0.516,
20264,4.344170,-20.63962,5.38,-0.027,
20430,4.376373,25.62931,5.38,-0.041,
21670,4.651710,7.87098,5.38,0.257,
24799,5.316674,33.74839,5.38,-0.167,
35589,7.344114,-52.08592,5.38,-0.069,
38722,7.927749,19.88397,5.38,-0.035,
45571,9.288149,-68.68964,5.38,0.415,
46404,9.462995,-6.07119,5.38,0.642,
60379,12.380403,-57.67613,5.38,-0.098,
60781,12.458019,-58.99176,5.38,1.543,
62572,12.820496,83.41290,5.38,0.033,
66849,13.700307,-58.78708,5.38,-0.029,
70931,14.505823,-49.51902,5.38,0.056,
73095,14.938123,-52.80955,5.38,0.142,
75178,15.363495,32.93370,5.38,-0.051,
77858,15.898310,-24.53316,5.38,-0.011,
84862,17.344320,32.46774,5.38,0.619,
90642,18.494717,-1.98531,5.38,0.961,
91013,18.565749,52.35352,5.38,1.091,
91217,18.607731,9.12249,5.38,0.387,
92202,18.791375,-5.70515,5.38,1.28,
94712,19.272706,-45.46603,5.38,1.349,
97650,19.846329,-10.76351,5.38,0.402,
99031,20.106055,35.97247,5.38,0.85,
100965,20.470687,81.42271,5.38,1.01,
103732,21.019702,46.15577,5.38,-0.206,
105665,21.402665,-20.85187,5.38,1.176,
109521,22.186069,50.82339,5.38,0.152,
4890,1.046997,-46.39731,5.39,0.9,
13202,2.831716,-27.94198,5.39,0.013,
18396,3.932824,47.87142,5.39,-0.073,
19513,4.180517,26.48095,5.39,0.352,
22044,4.740508,11.14614,5.39,0.251,
23221,4.997348,-10.26333,5.39,0.797,
29850,6.285172,9.94239,5.39,0.106,
32494,6.781300,-51.26567,5.39,1.33,
32677,6.816038,-15.14473,5.39,-0.096,
39538,8.079768,79.47961,5.39,-0.04,
46735,9.525671,35.10327,5.39,1.543,
55650,11.400646,1.40776,5.39,0.938,
56391,11.560337,-40.58664,5.39,0.117,
71500,14.622266,-46.13344,5.39,0.927,
71618,14.647289,44.40450,5.39,0.03,
77227,15.768233,-1.80419,5.39,-0.035,
78459,16.017412,33.30351,5.39,0.612,
79195,16.164033,-3.46673,5.39,1.446,
82764,16.915324,20.95849,5.39,0.966,
84979,17.368299,-70.12321,5.39,-0.042,
89851,18.335775,-15.83170,5.39,1.473,
93299,19.003799,50.53347,5.39,-0.182,
96302,19.580813,29.46295,5.39,0.581,
97534,19.823694,-72.50338,5.39,0.234,
101483,20.565845,13.02726,5.39,0.093,
105966,21.461126,27.60859,5.39,0.049,
114389,23.167072,9.82208,5.39,-0.068,
4914,1.050705,-4.83660,5.40,1.106,
12653,2.709265,-50.80029,5.40,0.561,
17854,3.820476,70.87105,5.40,0.096,
20376,4.363227,60.73562,5.40,1.497,
21036,4.510378,13.72440,5.40,0.263,
25499,5.452804,17.96222,5.40,-0.09,
26536,5.643913,30.49241,5.40,0.45,
31579,6.609121,38.44550,5.40,2.773,
35795,7.383527,-31.92378,5.40,-0.161,
43721,8.904091,30.57912,5.40,1.05,
46454,9.474278,9.05678,5.40,0.605,
46471,9.477775,45.60148,5.40,0.993,Intercrus
47080,9.594334,35.81013,5.40,0.77,
54849,11.229320,-0.06950,5.40,-0.02,
65728,13.474203,59.94579,5.40,-0.01,
70602,14.440935,19.22690,5.40,0.231,
76013,15.525228,-73.38959,5.40,-0.146,
80214,16.374783,33.70348,5.40,1.523,
80399,16.411046,-29.70466,5.40,0.625,
91989,18.749210,-39.68619,5.40,0.85,
93526,19.048472,-3.69899,5.40,-0.005,
93713,19.081991,53.39665,5.40,-0.014,
93717,19.082687,-4.03142,5.40,1.12,
98962,20.092444,61.99542,5.40,1.191,
105143,21.299246,-17.98514,5.40,-0.118,
930,0.192894,-27.79974,5.41,1.346,
3544,0.754774,55.22140,5.41,0.022,
7450,1.599713,-15.40018,5.41,1.226,
32912,6.857495,-70.96341,5.41,-0.11,
34301,7.111324,-11.29401,5.41,0.033,
35855,7.392193,-32.20207,5.41,-0.169,
36363,7.484916,-38.81206,5.41,-0.148,
37450,7.687727,-38.53353,5.41,-0.13,
61621,12.628409,-27.13889,5.41,0.334,
67288,13.790386,-17.85984,5.41,1.623,
69989,14.321188,13.00430,5.41,0.385,
77060,15.734556,-15.67283,5.41,0.238,
77859,15.898851,-23.97809,5.41,-0.033,
80693,16.476106,0.66500,5.41,1.461,
83838,17.133907,35.93517,5.41,0.309,
85537,17.480460,0.33063,5.41,0.237,
89772,18.319316,7.25977,5.41,1.084,
90023,18.369083,23.28518,5.41,1.633,
91235,18.610373,33.46904,5.41,-0.101,
96693,19.657356,42.81828,5.41,-0.063,
97646,19.845775,-59.19367,5.41,0.082,
102177,20.703508,50.34003,5.41,-0.107,
102773,20.821733,-68.77652,5.41,1.122,
104750,21.221479,-27.61933,5.41,1.425,
761,0.155851,-27.98793,5.42,0.414,
2240,0.474027,-39.91500,5.42,1.556,
3721,0.796119,74.84757,5.42,-0.066,
5951,1.276747,-2.50037,5.42,0.888,
6592,1.411329,-41.49255,5.42,1.03,
8814,1.888152,40.72979,5.42,1.311,
9589,2.053236,0.12851,5.42,0.146,
11046,2.370110,-0.88485,5.42,0.335,
20776,4.450806,80.82416,5.42,1.179,
31299,6.563745,-36.23203,5.42,1.419,
32311,6.745961,28.97093,5.42,1.445,
36778,7.564179,-36.33839,5.42,-0.078,
41817,8.525257,-19.57746,5.42,-0.061,
44818,9.133348,29.65423,5.42,0.888,
50333,10.277983,13.72833,5.42,1.65,
57512,11.788654,-57.69650,5.42,1.664,
61309,12.560810,33.24758,5.42,1.011,
62223,12.752174,45.44026,5.42,2.994,La Superba
70794,14.478256,-6.90054,5.42,1.49,
80390,16.408821,-37.56604,5.42,-0.104,
91494,18.659768,-43.18588,5.42,1.654,
101800,20.630311,11.37768,5.42,0.05,
105972,21.462820,66.80910,5.42,-0.099,
114273,23.144700,2.12788,5.42,0.908,
9326,1.996166,-20.82454,5.43,1.64,
9372,2.007451,-8.52387,5.43,1.391,
11029,2.367092,-10.77753,5.43,0.364,
12768,2.734766,44.29704,5.43,0.904,
23983,5.155456,9.82958,5.43,0.249,
25769,5.502835,63.06722,5.43,1.704,
31121,6.530573,-8.15823,5.43,1.373,
43082,8.775152,-45.91250,5.43,0.238,
43908,8.944949,-85.66315,5.43,0.306,
47956,9.772352,-76.77612,5.43,0.901,
51585,10.536604,14.13727,5.43,1.696,
54173,11.081721,-35.80468,5.43,0.021,
54477,11.145557,-28.08067,5.43,0.069,
62423,12.792873,66.79030,5.43,1.567,Tianyi
74941,15.313651,-60.49633,5.43,-0.089,
76618,15.647079,-52.37270,5.43,0.005,
78012,15.929884,37.94696,5.43,0.352,
78246,15.976352,-24.83149,5.43,-0.092,
79387,16.202032,-8.54758,5.43,0.118,
83962,17.163319,-10.52330,5.43,0.465,
87728,17.919762,72.00513,5.43,0.34,
91237,18.610854,6.67180,5.43,0.386,
92614,18.871230,21.42514,5.43,-0.068,
108661,22.013951,-28.45374,5.43,-0.095,
109472,22.177078,-11.56494,5.43,-0.117,
112731,22.829521,55.90278,5.43,1.167,
112832,22.850599,-39.15683,5.43,1.444,
113521,22.990960,0.96293,5.43,0.982,
117447,23.813937,62.21452,5.43,0.67,
4510,0.963931,28.99222,5.44,1.076,
13782,2.956600,-23.86216,5.44,0.238,
15547,3.338783,77.73474,5.44,0.211,
17776,3.805782,23.42125,5.44,-0.067,
19483,4.172923,-6.92385,5.44,0.941,
24254,5.206237,73.94667,5.44,-0.108,
24829,5.322813,-50.60597,5.44,0.517,
26649,5.663845,-32.62922,5.44,0.913,
29736,6.262490,12.55107,5.44,0.015,
32439,6.770670,79.56481,5.44,0.525,
33184,6.906851,-1.12700,5.44,0.167,
34724,7.189893,-0.30193,5.44,0.31,
38497,7.884308,-36.36377,5.44,1.161,
43851,8.932097,11.62602,5.44,1.462,
43932,8.949056,32.91043,5.44,0.181,
47204,9.620184,-53.66851,5.44,0.137,
52737,10.781127,-17.29687,5.44,0.112,
58379,11.970898,-56.31731,5.44,-0.062,
64094,13.135321,-65.30602,5.44,-0.033,
76397,15.603364,-44.39682,5.44,1.497,
78893,16.105475,67.81013,5.44,-0.019,
79963,16.321568,-42.67397,5.44,0.099,
87847,17.946596,-4.08182,5.44,1.162,
90414,18.448336,-48.11724,5.44,0.855,
99631,20.220523,-1.00934,5.44,1.43,
101243,20.521893,49.22030,5.44,1.566,
113996,23.086052,-7.69380,5.44,0.312,
115152,23.324945,48.62532,5.44,1.014,
2942,0.622561,35.39950,5.45,0.886,
3083,0.652748,49.35459,5.45,1.644,
4293,0.916751,-69.52708,5.45,1.095,
12332,2.646943,21.96141,5.45,0.168,
14376,3.090747,25.25517,5.45,-0.031,
17489,3.746726,24.28947,5.45,-0.034,Celaeno
18975,4.065723,8.19727,5.45,0.371,
19398,4.154954,-16.38587,5.45,-0.147,
19805,4.246819,-62.19181,5.45,1.106,
21735,4.667616,12.19761,5.45,-0.121,
25993,5.547613,-38.51337,5.45,1.224,
33384,6.942911,-79.42019,5.45,0.041,
33478,6.959420,-24.63084,5.45,0.39,
36616,7.530110,17.08605,5.45,1.126,
41323,8.431087,-42.15307,5.45,-0.142,
42286,8.621900,-62.85346,5.45,1.013,
42459,8.656626,-53.43977,5.45,-0.132,
44405,9.045629,24.45292,5.45,-0.041,
46594,9.501421,-51.51716,5.45,-0.078,
53273,10.895476,-2.12920,5.45,0.966,
59394,12.184401,-23.60242,5.45,0.055,
60855,12.472908,-39.04117,5.45,-0.073,
63031,12.916219,-85.12337,5.45,0.991,
73624,15.049799,-32.64329,5.45,-0.127,
74305,15.187773,-55.34603,5.45,1.118,
77902,15.909615,20.31097,5.45,1.588,
79754,16.278687,-53.81111,5.45,1.696,
89507,18.264843,-44.20646,5.45,0.962,
95503,19.424906,-23.96246,5.45,1.442,
96556,19.629810,-4.64764,5.45,0.429,
104382,21.146119,-88.95650,5.45,0.283,Polaris Australis
108294,21.939659,-37.25366,5.45,0.084,
109789,22.238542,-27.76691,5.45,-0.121,
111056,22.498047,78.82429,5.45,0.093,
113357,22.957770,20.76883,5.45,0.666,Helvetios
4288,0.916139,23.62833,5.46,1.012,
19009,4.072687,24.10599,5.46,0.813,
20156,4.320339,50.04870,5.46,0.235,
21685,4.655475,-14.35919,5.46,1.054,
24902,5.337409,41.08621,5.46,0.122,
25768,5.502632,-47.07766,5.46,0.615,
25861,5.520703,3.29213,5.46,-0.176,
27196,5.765012,49.82626,5.46,0.03,
27566,5.837999,-79.36136,5.46,-0.076,
28943,6.108916,-23.11085,5.46,0.064,
34624,7.172034,-27.49152,5.46,0.998,
34912,7.223166,51.42874,5.46,1.64,
35180,7.270710,-15.58569,5.46,0.079,
42637,8.688773,-78.96336,5.46,-0.101,
46358,9.451788,-71.60189,5.46,1.079,
46741,9.526752,-73.08091,5.46,1.556,
52595,10.754546,-80.46960,5.46,0.957,
56290,11.539097,61.08252,5.46,0.515,
56700,11.626114,-47.74731,5.46,1.23,
62131,12.733481,-28.32396,5.46,1.346,
63066,12.922067,-42.91573,5.46,1.668,
66634,13.658472,52.92121,5.46,0.113,
67304,13.794052,-50.32068,5.46,1.351,
68940,14.111896,-9.31352,5.46,0.347,
75572,15.438166,34.33600,5.46,1.41,
75647,15.455037,-36.76756,5.46,-0.15,
79488,16.220953,5.02109,5.46,1.472,
81305,16.606268,-42.85886,5.46,0.338,
82676,16.900510,-41.80639,5.46,0.176,
92308,18.814024,-43.68005,5.46,0.133,
92831,18.914494,41.60272,5.46,1.034,
94827,19.295454,23.02554,5.46,0.02,
95073,19.343246,-0.89216,5.46,-0.041,
95865,19.497829,-26.98561,5.46,1.12,
96536,19.626227,-14.30180,5.46,0.501,
98194,19.953852,40.36782,5.46,-0.09,
106787,21.629285,19.31861,5.46,0.321,
4104,0.877951,-24.00584,5.47,1.275,
13965,2.997164,47.22069,5.47,0.869,
16470,3.535721,48.02348,5.47,-0.101,
20982,4.500159,83.34038,5.47,0.855,
21039,4.510802,15.69188,5.47,0.258,
22626,4.868109,63.50542,5.47,1.559,
22871,4.919765,-74.93685,5.47,1.518,
25695,5.487916,25.15021,5.47,-0.042,
27338,5.790610,17.72914,5.47,0.301,
34440,7.139455,15.93068,5.47,1.02,
38639,7.911864,47.56460,5.47,1.462,
42080,8.576711,65.14517,5.47,0.207,
43325,8.827545,-40.32016,5.47,0.066,
44961,9.159880,-8.78765,5.47,1.002,
52004,10.624187,-58.73334,5.47,0.5,
53781,11.004084,45.52628,5.47,1.466,
60044,12.313901,75.16056,5.47,0.054,
60941,12.490845,24.10892,5.47,0.445,
61071,12.516823,24.56717,5.47,0.056,
65112,13.343843,-52.74782,5.47,-0.125,
68581,14.039662,-27.42977,5.47,1.331,
72582,14.841577,37.27205,5.47,1.03,
78400,16.005447,-16.53335,5.47,0.517,
84720,17.317655,-46.63623,5.47,0.764,
87747,17.923663,26.04999,5.47,0.341,
89042,18.173948,-62.00220,5.47,0.592,
89290,18.220194,-41.33611,5.47,-0.155,
90133,18.393456,-75.04428,5.47,0.043,
90913,18.545367,-14.86566,5.47,1.998,
90923,18.547210,30.55421,5.47,-0.077,
102014,20.672174,-33.43184,5.47,1.118,
103145,20.898304,33.43789,5.47,1.522,
106044,21.479121,-69.50539,5.47,1.553,
110725,22.433554,70.77090,5.47,1.216,
110936,22.477557,-39.13179,5.47,0.959,
11249,2.413627,10.61056,5.48,-0.098,
13265,2.844557,-35.67585,5.48,1.259,
18141,3.878238,-5.36126,5.48,-0.09,
24679,5.294512,-13.51983,5.48,0.932,
30214,6.356865,-11.77324,5.48,0.002,
38048,7.799089,-12.19271,5.48,0.478,
38593,7.903058,-35.87729,5.48,-0.175,
42712,8.704498,-48.09909,5.48,-0.172,
44613,9.090028,48.53031,5.48,0.475,
56802,11.644449,-13.20194,5.48,0.52,
61318,12.562986,-9.45208,5.48,-0.035,
72664,14.857362,59.29398,5.48,1.369,
73133,14.946142,-11.40970,5.48,1.491,
76957,15.714107,52.36090,5.48,-0.042,
79280,16.180424,75.87756,5.48,-0.093,
80008,16.331990,39.70858,5.48,0.41,
82135,16.779989,-39.37696,5.48,0.975,
82402,16.838717,7.24768,5.48,0.108,
82960,16.953104,-33.25949,5.48,1.606,
102497,20.772238,-39.19926,5.48,-0.078,
103094,20.888490,45.18167,5.48,1.088,
105668,21.403192,-12.87811,5.48,0.297,
105767,21.421377,-3.55675,5.48,1.451,
3607,0.769929,-22.52210,5.49,0.978,
7213,1.548903,-36.86523,5.49,1.021,
8240,1.768320,-50.81626,5.49,1.615,
14417,3.102203,79.41854,5.49,1.569,
15338,3.296485,44.02502,5.49,-0.06,
18434,3.941303,35.08090,5.49,-0.058,
22263,4.793413,-16.93446,5.49,0.632,
27517,5.826817,-14.48367,5.49,0.87,
29150,6.149407,-22.42741,5.49,-0.01,
37901,7.767275,-6.77251,5.49,1.378,
42715,8.705278,-53.10006,5.49,-0.127,
45526,9.278158,-8.74476,5.49,-0.081,
46578,9.498474,-26.58962,5.49,1.345,
50303,10.270677,29.31050,5.49,0.02,
52689,10.773689,14.19464,5.49,0.908,
61136,12.527871,-59.42392,5.49,0.622,
61724,12.652031,21.06256,5.49,0.978,
79672,16.260352,-8.36944,5.49,0.652,
88836,18.133959,36.40126,5.49,1.161,
89369,18.237750,-21.71316,5.49,1.528,
91004,18.564857,-24.03228,5.49,1.795,
93667,19.073627,-31.04708,5.49,0.026,
97063,19.725980,-15.47011,5.49,0.46,
103401,20.948341,-9.69754,5.49,1.474,
110078,22.297409,-77.51155,5.49,0.312,
116611,23.632445,18.40067,5.49,0.01,
117375,23.799040,-2.76160,5.49,0.941,
1647,0.344178,-69.62491,5.50,-0.046,
4852,1.040674,-31.55201,5.50,0.083,
4889,1.046971,31.80426,5.50,-0.043,
6732,1.444910,19.24042,5.50,1.106,
9570,2.049433,33.28413,5.50,0.029,
15643,3.356670,-23.63513,5.50,0.885,
15861,3.405132,24.72406,5.50,1.19,
20171,4.323916,21.14231,5.50,-0.069,
22958,4.940052,-5.17136,5.50,-0.123,
23900,5.135173,24.26517,5.50,0.03,
24450,5.245569,5.15615,5.50,1.369,
25950,5.537262,17.05813,5.50,-0.004,
29064,6.131350,-42.15404,5.50,0.007,
34000,7.054195,-59.17811,5.50,-0.125,
35564,7.339288,-52.31152,5.50,0.483,
49005,9.997695,56.81181,5.50,1.487,
51821,10.586905,-39.56259,5.50,3.015,
52686,10.773484,18.89152,5.50,1.134,
56497,11.582473,-49.13649,5.50,1.041,
66435,13.619731,71.24225,5.50,1.219,
67172,13.765644,-12.42653,5.50,0.898,
76106,15.543528,-19.67046,5.50,0.197,
76133,15.549427,-1.18640,5.50,1.092,
79199,16.164609,-33.54581,5.50,-0.075,
81141,16.572044,-70.98810,5.50,1.235,
81252,16.595775,-65.49540,5.50,0.949,
89065,18.177861,3.32426,5.50,1.204,
97077,19.728590,25.77193,5.50,0.939,
100435,20.367620,24.44610,5.50,-0.09,
105913,21.450454,-42.54793,5.50,0.392,
108543,21.988307,-38.39510,5.50,0.996,
115836,23.467660,-87.48221,5.50,1.278,
2802,0.594767,-48.00091,5.51,0.461,
3675,0.783738,11.97385,5.51,0.987,
5346,1.139500,5.64982,5.51,0.334,
6748,1.447657,-13.05651,5.51,0.321,
10642,2.283068,-6.42212,5.51,0.962,
14131,3.037615,-71.90246,5.51,-0.125,
15201,3.265951,-77.38845,5.51,0.438,
19388,4.152768,19.60922,5.51,1.077,
20860,4.470359,83.80779,5.51,-0.106,
23043,4.956206,17.15368,5.51,1.304,
29941,6.303813,-19.96697,5.51,-0.163,
41451,8.454660,-70.09348,5.51,-0.024,
47267,9.633736,-43.19094,5.51,0.985,
52221,10.669848,-65.10021,5.51,-0.158,
52422,10.717191,26.32558,5.51,0.16,
54029,11.054133,-11.30347,5.51,0.938,
59232,12.148497,-41.23161,5.51,-0.097,
67250,13.783277,38.54270,5.51,1.036,
70915,14.502399,-45.32135,5.51,-0.087,
73193,14.959236,-0.16761,5.51,1.131,
75049,15.335714,29.61621,5.51,1.015,
82480,16.856925,1.21595,5.51,0.055,
84835,17.339203,46.24078,5.51,1.586,
87308,17.839692,29.32214,5.51,1.071,
92549,18.859712,52.97512,5.51,0.843,
92630,18.874229,-46.59512,5.51,1.641,
93225,18.989945,-12.84052,5.51,-0.038,
93340,19.012072,55.65830,5.51,0.862,
94437,19.220979,-12.28258,5.51,1.442,
97260,19.767005,-31.90857,5.51,0.024,
98325,19.977216,30.98366,5.51,-0.06,
98823,20.068976,7.27797,5.51,1.063,
99404,20.175982,26.90417,5.51,0.087,
99518,20.196660,26.80899,5.51,1.397,
103527,20.973871,10.83929,5.51,0.934,Musica
105259,21.321025,58.62350,5.51,1.114,
107235,21.718465,41.15497,5.51,1.615,
111062,22.499427,4.43169,5.51,0.385,
113532,22.993266,-29.46231,5.51,0.271,
7978,1.708125,-53.74083,5.52,0.551,
13327,2.858218,15.08207,5.52,-0.099,
17738,3.798900,-30.16788,5.52,0.973,
19335,4.143497,38.03973,5.52,0.52,
22854,4.917537,55.25911,5.52,0.015,
24555,5.267815,11.34135,5.52,-0.012,
25555,5.462669,15.87405,5.52,0.015,
28098,5.939151,-31.38244,5.52,0.382,
31583,6.609814,-5.21114,5.52,-0.082,
39360,8.045774,-41.30983,5.52,-0.152,
39566,8.084363,-53.10792,5.52,1.347,
40282,8.226178,-50.19607,5.52,1.651,
41152,8.396809,53.21971,5.52,0.125,
41395,8.444987,-12.53460,5.52,1.167,
50456,10.302109,-28.99200,5.52,0.277,
50935,10.402390,33.71853,5.52,1.186,
51384,10.495037,84.25201,5.52,0.244,
54336,11.115058,1.95552,5.52,0.955,
60170,12.338800,26.61948,5.52,1.091,
66091,13.547679,-15.36301,5.52,1.228,
73497,15.022174,-2.75493,5.52,1.692,
73634,15.051683,35.20580,5.52,1.023,
74732,15.273059,-22.39942,5.52,1.357,
85385,17.446980,20.08098,5.52,-0.119,
88816,18.130095,-17.15416,5.52,1.132,
90124,18.391340,-36.23799,5.52,1.015,
94789,19.286729,-66.66105,5.52,0.17,
102916,20.850211,-37.91333,5.52,1.38,
107835,21.846448,-69.62942,5.52,1.378,
107975,21.874978,28.79354,5.52,0.426,
109474,22.177462,70.13257,5.52,0.391,
110817,22.451475,65.13227,5.52,0.302,
112381,22.761331,-46.54733,5.52,1.302,
107,0.022255,-50.33737,5.53,1.615,
8704,1.866476,55.14738,5.53,-0.175,
12107,2.600013,-7.83160,5.53,1.607,
15330,3.295903,-62.57532,5.53,0.641,
17167,3.677315,-5.21071,5.53,-0.145,
20789,4.454847,22.99634,5.53,-0.098,
20884,4.475589,1.38082,5.53,-0.099,
21949,4.717764,-70.93103,5.53,-0.114,
22028,4.735550,-18.66659,5.53,0.025,
25853,5.518785,-20.86366,5.53,0.012,
26382,5.617704,17.04032,5.53,0.237,
30651,6.440514,56.28510,5.53,0.238,
40035,8.177731,-13.79921,5.53,0.488,
49065,10.012191,-82.21467,5.53,0.035,
58159,11.927926,15.64682,5.53,0.116,
63950,13.106278,22.61619,5.53,1.461,
67819,13.892437,-35.66425,5.53,0.444,
69462,14.221226,-53.66567,5.53,1.438,
69536,14.234773,12.95944,5.53,0.537,
69658,14.256691,-18.20069,5.53,0.001,
76126,15.548673,-16.85284,5.53,-0.148,
77464,15.815777,-3.81851,5.53,0.12,
78436,16.013231,-8.41135,5.53,0.043,
79980,16.325758,-30.90672,5.53,0.466,
80460,16.423380,37.39408,5.53,0.174,
81290,16.603174,52.90005,5.53,-0.06,
83057,16.971651,-50.64119,5.53,0.016,
84551,17.284349,-32.66284,5.53,0.514,
86698,17.714194,-36.94556,5.53,1.553,
89020,18.168281,-30.72867,5.53,0.979,
93843,19.110480,28.62860,5.53,0.296,
94982,19.327597,12.37468,5.53,0.265,
102066,20.684039,32.30729,5.53,0.871,
103981,21.067979,-5.82307,5.53,0.683,
106227,21.516470,60.45943,5.53,0.102,
107586,21.790362,60.69269,5.53,1.575,
109745,22.230339,45.44061,5.53,0.021,
110529,22.391901,-24.76266,5.53,0.979,
113148,22.912632,-16.27196,5.53,1.111,
113969,23.081160,-68.82023,5.53,0.395,
115713,23.443490,-52.72160,5.53,0.409,
813,0.167278,11.14581,5.54,-0.064,
7535,1.618310,12.14153,5.54,0.347,
25143,5.380644,41.02926,5.54,0.127,
27581,5.841363,14.30561,5.54,1.006,
28524,6.021194,-33.91184,5.54,1.58,
29263,6.169558,-40.35379,5.54,1.665,
29842,6.283675,-37.73745,5.54,1.129,
32609,6.803407,55.70419,5.54,,
35136,7.263925,47.23996,5.54,0.576,
36039,7.427270,-79.09419,5.54,1.281,
45219,9.215452,-59.41393,5.54,0.846,
56146,11.508065,18.40980,5.54,1.056,
57013,11.688836,-43.09567,5.54,0.044,
58576,12.012347,-10.44601,5.54,0.76,
60212,12.347461,57.86412,5.54,1.452,
75127,15.352114,-5.82485,5.54,1.047,
77390,15.798078,-65.44229,5.54,0.231,
78132,15.954048,14.41448,5.54,1.141,
84183,17.209047,62.87434,5.54,0.216,
86019,17.579542,-11.24200,5.54,0.013,
86623,17.699621,15.95243,5.54,0.387,
97765,19.867109,24.99216,5.54,0.68,
98234,19.962624,16.78916,5.54,-0.048,
103298,20.927381,12.56856,5.54,0.131,
103598,20.990377,59.43859,5.54,1.411,
108339,21.948992,12.07649,5.54,0.054,
115054,23.302739,-40.82436,5.54,0.445,
476,0.094989,13.39627,5.55,0.901,
2661,0.561401,-29.55828,5.55,1.262,
3885,0.831433,27.71029,5.55,0.398,
5132,1.094919,21.46544,5.55,-0.048,
7617,1.635435,57.97763,5.55,1.388,
11432,2.457715,31.80128,5.55,1.114,
14915,3.207324,6.66088,5.55,1.011,
15696,3.369970,27.60755,5.55,1.1,
17103,3.664201,3.05686,5.55,0.931,
17203,3.685515,37.58020,5.55,-0.062,
20234,4.336531,50.92093,5.55,-0.031,
24738,5.304359,42.79211,5.55,1.492,
27955,5.914580,-39.95786,5.55,1.515,
30143,6.343400,-34.14414,5.55,-0.182,
30720,6.454331,-0.27600,5.55,1.376,
30728,6.455681,2.90829,5.55,1.035,
34267,7.103222,34.47397,5.55,0.909,
36258,7.466434,-29.15590,5.55,-0.048,
37521,7.700894,14.20850,5.55,1.642,
40793,8.325620,75.75691,5.55,0.902,
43496,8.859559,-7.17723,5.55,0.15,
52136,10.651581,53.66830,5.55,1.27,
55657,11.403100,-72.25661,5.55,0.017,
62608,12.829154,-71.98626,5.55,1.154,
67057,13.741618,-16.17907,5.55,0.805,
70054,14.336029,-43.05884,5.55,0.907,
71419,14.605288,-46.24545,5.55,1.489,
71837,14.695423,11.66066,5.55,0.941,
80480,16.428740,78.96385,5.55,0.249,
81754,16.698247,-19.92438,5.55,0.436,
82171,16.788795,-58.34144,5.55,-0.096,
84949,17.362116,39.97465,5.55,0.667,
96014,19.522039,50.30671,5.55,1.274,
103005,20.869082,-5.50706,5.55,-0.076,
103519,20.972067,44.47171,5.55,0.973,
104177,21.107087,-41.38596,5.55,1.35,
108772,22.034604,58.00037,5.55,0.017,
108868,22.054572,-6.52241,5.55,0.959,
110778,22.442853,-16.74214,5.55,0.618,
113669,23.022050,-28.85396,5.55,1.349,
114831,23.260477,70.88808,5.55,0.263,
116354,23.577095,40.23644,5.55,0.096,
117299,23.783866,57.45136,5.55,1.63,
4440,0.946377,60.36284,5.56,-0.054,
5310,1.132544,20.73911,5.56,0.121,
5566,1.190428,64.20268,5.56,-0.052,
13951,2.994767,-2.46495,5.56,-0.072,
16780,3.599352,-11.19378,5.56,0.915,
17506,3.749027,-0.29672,5.56,1.411,
21743,4.668557,-24.48237,5.56,0.926,
25608,5.470926,-37.23077,5.56,0.026,
29205,6.159590,-14.58462,5.56,1.15,
30321,6.377290,-69.98404,5.56,1.51,
34065,7.065928,-43.60804,5.56,0.624,
41400,8.445539,12.65461,5.56,1.608,
42535,8.671521,-53.01540,5.56,-0.125,
44299,9.022462,-41.86425,5.56,-0.135,
45189,9.208480,-43.61326,5.56,-0.107,
45924,9.364160,-42.19486,5.56,1.637,
46982,9.575736,-5.91495,5.56,1.159,
47717,9.728406,-53.89128,5.56,-0.042,
48310,9.848775,-62.74512,5.56,1.316,
56770,11.639056,43.62543,5.56,0.348,
57870,11.869537,-56.98774,5.56,0.069,
60735,12.447692,-32.83012,5.56,0.007,
66753,13.682257,-85.78604,5.56,0.183,
70492,14.418426,-68.19533,5.56,0.435,
75257,15.377048,39.58146,5.56,1.626,
83692,17.105014,22.08415,5.56,1.299,
86667,17.707879,24.56406,5.56,1.436,
89482,18.260772,42.15935,5.56,-0.111,
92882,18.925280,-16.37664,5.56,0.445,
93051,18.954608,2.53535,5.56,0.004,
93996,19.137973,-19.29029,5.56,-0.087,
97961,19.908632,24.31939,5.56,-0.018,
110935,22.477091,-67.48906,5.56,0.208,
114822,23.259516,-3.49638,5.56,0.062,
115142,23.323327,-5.12435,5.56,0.386,
115395,23.375702,60.13349,5.56,1.679,
115591,23.414120,32.38488,5.56,-0.075,
115746,23.449990,87.30750,5.56,0.25,
531,0.107370,64.19617,5.57,-0.023,
729,0.150672,18.21196,5.57,1.043,
2711,0.574374,-52.37309,5.57,0.472,
2941,0.622393,-24.76727,5.57,0.715,
3741,0.800296,-21.72249,5.57,-0.058,
5454,1.163667,19.65841,5.57,0.697,
5589,1.194829,65.01885,5.57,-0.072,
7965,1.705688,68.04302,5.57,-0.049,
9313,1.994118,-42.03053,5.57,1.052,
10418,2.237366,-67.84144,5.57,1.556,
10535,2.261884,25.04304,5.57,0.52,
10944,2.349499,50.15147,5.57,-0.089,
16263,3.493341,-12.67474,5.57,0.171,
22393,4.820235,31.43737,5.57,1.132,
31277,6.560046,14.15516,5.57,1.105,
38152,7.818533,-56.41036,5.57,1.116,
43903,8.943741,64.60383,5.57,0.877,
47168,9.611903,31.16173,5.57,1.594,
51376,10.493161,-30.60706,5.57,-0.041,
51685,10.558587,34.98869,5.57,0.029,
53064,10.856594,59.32012,5.57,1.16,
61968,12.699199,6.80662,5.57,0.002,
64122,13.142352,-8.98438,5.57,1.178,
66640,13.659616,10.74627,5.57,0.348,
70243,14.372145,-34.78679,5.57,-0.088,
76996,15.721161,-84.46527,5.57,0.118,
77048,15.733140,32.51581,5.57,1.076,
77163,15.756523,5.44731,5.57,0.035,
79153,16.155154,-57.93432,5.57,-0.024,
81702,16.689004,-48.76296,5.57,0.169,
82925,16.946677,-23.15035,5.57,-0.018,
85749,17.522593,2.72451,5.57,0.844,
89008,18.166387,36.46628,5.57,0.915,
95564,19.438654,-21.77669,5.57,1.228,
95822,19.489487,14.59602,5.57,1.05,
102633,20.796759,6.00821,5.57,-0.01,
106429,21.556534,-44.84870,5.57,1.044,
107517,21.775583,-11.36595,5.57,-0.002,
107649,21.804363,-47.30362,5.57,0.601,
108845,22.049074,44.64986,5.57,-0.029,
114622,23.221098,57.16835,5.57,1.0,
118077,23.952356,55.70571,5.57,0.478,
124,0.026949,61.22280,5.58,0.407,
1921,0.404348,52.01991,5.58,-0.11,
5164,1.101430,-9.83935,5.58,0.009,
7679,1.647718,-21.27538,5.58,0.346,
10732,2.302094,19.90116,5.58,0.011,
13702,2.940596,18.02312,5.58,0.471,
16210,3.481200,49.84838,5.58,-0.054,
20219,4.332695,14.03520,5.58,0.283,
20995,4.502388,15.63784,5.58,0.324,
22531,4.848706,-53.46151,5.58,0.341,
31079,6.521744,-51.82595,5.58,0.534,
35044,7.247546,-27.03800,5.58,1.22,
37204,7.642460,35.04855,5.58,0.921,
37441,7.686782,48.13153,5.58,1.011,
40944,8.355895,-20.07906,5.58,0.771,
41377,8.441030,27.89358,5.58,1.421,
47963,9.775104,-44.75506,5.58,-0.176,
51140,10.446924,-54.87730,5.58,1.556,
51364,10.491383,-29.66383,5.58,1.42,
54327,11.113866,-70.87793,5.58,-0.07,
55765,11.426771,16.45654,5.58,0.39,
58110,11.917537,8.44394,5.58,0.937,
61296,12.559516,-12.83020,5.58,0.861,
63738,13.062808,-20.58350,5.58,0.554,
70791,14.477197,49.84485,5.58,0.864,
87569,17.889853,-34.89513,5.58,1.098,
89487,18.261289,-63.05537,5.58,0.944,
90260,18.417066,-30.75657,5.58,1.138,
92728,18.895433,36.97172,5.58,-0.138,
92872,18.924290,6.61529,5.58,1.041,
94624,19.255581,15.08365,5.58,1.067,
100108,20.307958,36.99980,5.58,0.056,
100437,20.368156,45.79499,5.58,1.077,
105411,21.351217,23.85597,5.58,1.057,
109352,22.153789,33.17234,5.58,0.985,
109737,22.229008,-25.18090,5.58,0.497,
114924,23.278405,53.21348,5.58,0.556,
115271,23.347097,30.41492,5.58,1.501,
377,0.078131,-71.43689,5.59,-0.1,
2497,0.528105,52.83953,5.59,1.163,
3849,0.823782,-13.56127,5.59,1.325,
4283,0.914667,83.70744,5.59,0.105,
4770,1.021740,-38.91653,5.59,1.185,
9573,2.050052,64.39002,5.59,0.325,
13665,2.932452,61.52114,5.59,0.445,
17395,3.726065,-10.48566,5.59,0.216,
19095,4.093728,-27.65181,5.59,0.324,
21479,4.612677,-62.07715,5.59,1.5,
31457,6.590061,-36.77988,5.59,-0.13,
33575,6.976639,-25.41416,5.59,-0.162,
35615,7.349524,-14.36049,5.59,0.971,
36723,7.553241,3.29038,5.59,0.321,
38908,7.962946,-60.30307,5.59,0.573,
40678,8.304832,-35.45170,5.59,1.246,
43499,8.860145,-57.63358,5.59,-0.102,
45001,9.165670,-30.36540,5.59,0.179,
49569,10.119305,-17.14173,5.59,1.49,
50241,10.258767,-43.11237,5.59,1.52,
51491,10.516622,-13.58847,5.59,-0.028,
58326,11.961118,-62.44875,5.59,-0.152,
58427,11.979907,-64.33956,5.59,0.174,
58654,12.027635,36.04209,5.59,1.019,
63972,13.109743,-41.58844,5.59,1.05,
72833,14.887097,-73.19007,5.59,0.82,
73841,15.090515,48.15097,5.59,-0.005,
74950,15.315661,-40.78822,5.59,-0.099,
78106,15.948366,-33.96428,5.59,0.072,
94727,19.275287,4.83479,5.59,0.101,
94986,19.327776,-35.42145,5.59,-0.122,
95077,19.343930,-22.40254,5.59,0.276,
96178,19.556007,-45.27175,5.59,-0.02,
100261,20.334998,68.88032,5.59,1.472,
101716,20.617964,26.46195,5.59,-0.05,
102253,20.719722,66.65745,5.59,0.218,
103530,20.975009,50.46179,5.59,-0.144,
105769,21.422083,46.71434,5.59,0.335,
117683,23.866066,2.93038,5.59,1.527,
118277,23.991082,-29.48517,5.59,1.599,
5626,1.204601,79.67396,5.60,0.008,
6514,1.394612,37.71494,5.60,0.276,
10723,2.300400,1.75780,5.60,0.588,
17460,3.742062,36.46010,5.60,0.062,
24169,5.189686,-11.84909,5.60,1.35,
25329,5.417151,-10.32889,5.60,1.543,
26093,5.565079,14.30558,5.60,-0.118,
26215,5.587011,10.24009,5.60,0.149,
27629,5.849475,27.96786,5.60,0.978,
27743,5.872859,14.17179,5.60,-0.053,
30342,6.382179,-56.36997,5.60,0.242,
31167,6.539758,-5.86882,5.60,0.256,
32531,6.788530,-55.53999,5.60,1.549,
36186,7.452219,-17.86486,5.60,0.314,
36388,7.488519,-1.90533,5.60,1.493,
37623,7.719996,-36.05009,5.60,-0.13,
38253,7.836271,-9.18344,5.60,1.446,
39177,8.013141,17.30870,5.60,1.317,
41375,8.440891,-3.98748,5.60,0.218,
44883,9.145050,-8.58952,5.60,-0.057,
46221,9.423343,-5.11739,5.60,1.523,
51046,10.428964,-7.05983,5.60,1.528,
59501,12.202581,20.54206,5.60,0.961,
65072,13.338600,40.15055,5.60,1.204,
66198,13.568698,55.34843,5.60,-0.014,
82028,16.756255,15.74529,5.60,1.637,
84401,17.255346,-33.54842,5.60,-0.056,
92382,18.826388,-43.43410,5.60,-0.077,
95560,19.437013,20.09773,5.60,-0.006,
97757,19.866408,47.02734,5.60,-0.078,
97980,19.912444,0.27363,5.60,0.098,
100469,20.374305,-42.04955,5.60,0.002,
102635,20.797025,47.83187,5.60,1.466,
104371,21.144135,30.20564,5.60,-0.048,
108691,22.018060,0.60472,5.60,1.279,
110986,22.485551,9.12903,5.60,1.578,
113281,22.939897,41.60388,5.60,-0.149,
114254,23.139186,-28.82370,5.60,0.882,
115620,23.422062,-56.84898,5.60,1.063,
115770,23.454580,70.35978,5.60,0.163,
1728,0.362853,-20.05802,5.61,1.58,
9622,2.061247,-4.10352,5.61,1.589,
15154,3.255677,30.55669,5.61,0.012,
18647,3.991703,-12.57442,5.61,1.479,
20922,4.485257,-13.04837,5.61,-0.202,
23554,5.064797,-24.38815,5.61,0.094,
30436,6.398866,-25.57763,5.61,1.561,
31897,6.667474,-80.81359,5.61,0.214,
38200,7.826502,-33.28895,5.61,1.617,
41211,8.409726,-3.75124,5.61,0.478,
41723,8.507948,-32.15928,5.61,1.509,
45920,9.363909,-55.51469,5.61,0.19,
47570,9.700098,39.75785,5.61,0.951,
51008,10.420887,8.78485,5.61,1.63,
52965,10.832506,-34.05818,5.61,0.038,
63121,12.933468,38.31491,5.61,0.337,Cor Caroli B
66656,13.663488,-40.05171,5.61,1.301,
67384,13.810760,31.19021,5.61,1.032,
69598,14.245191,-41.83749,5.61,0.929,
72323,14.789599,-25.62427,5.61,-0.043,
77286,15.778950,-34.68245,5.61,-0.117,
78276,15.982697,36.64377,5.61,1.529,
79689,16.263834,-57.91235,5.61,0.137,
80953,16.529786,45.59828,5.61,0.125,
85922,17.558290,-5.74480,5.61,0.187,
87044,17.785568,17.69701,5.61,0.036,
89925,18.349158,29.85892,5.61,0.231,
108693,22.018152,13.11982,5.61,0.336,
112864,22.856268,61.69674,5.61,0.775,
4587,0.978852,-11.37997,5.62,0.949,
7345,1.577160,-15.67636,5.62,0.066,
14143,3.039588,4.35288,5.62,-0.107,
15383,3.306229,-0.93029,5.62,1.05,
16489,3.538820,84.91104,5.62,0.894,
18471,3.947798,22.47797,5.62,0.345,
19011,4.072977,-12.79229,5.62,1.062,
26882,5.707347,65.69765,5.62,1.249,
27766,5.875883,-37.63106,5.62,1.046,
27938,5.912119,-11.77419,5.62,1.523,
29716,6.259518,-0.51219,5.62,0.506,
30444,6.400281,-36.70776,5.62,1.027,
31362,6.576481,-32.71625,5.62,-0.085,
32385,6.758664,-30.94898,5.62,-0.138,
37751,7.742825,-24.67408,5.62,-0.191,
38375,7.861952,-21.17366,5.62,0.956,
38656,7.914820,-57.30281,5.62,1.298,
40240,8.219130,29.65654,5.62,-0.073,
42795,8.720091,12.68088,5.62,0.435,
47199,9.619413,-32.17865,5.62,1.023,
48348,9.855481,-46.19387,5.62,1.166,
57791,11.850620,-5.33333,5.62,1.058,
73111,14.942239,-47.87920,5.62,-0.035,
74689,15.263633,0.37214,5.62,0.181,
79358,16.196682,36.42509,5.62,1.352,
81733,16.694507,-49.65155,5.62,-0.043,
87777,17.930781,22.46422,5.62,1.249,
91139,18.591777,23.60553,5.62,1.015,
92969,18.940481,65.25808,5.62,0.938,
98863,20.076715,32.21860,5.62,0.76,
107773,21.833369,-64.71254,5.62,1.018,
109081,22.097496,-59.63607,5.62,1.468,
110506,22.385535,-45.92849,5.62,0.372,
114132,23.114894,-38.89229,5.62,0.006,
7825,1.677674,43.29769,5.63,0.214,
7943,1.700968,35.24571,5.63,-0.059,
8362,1.795668,63.85250,5.63,0.804,
15479,3.326363,-24.12290,5.63,1.663,
28814,6.082878,4.15867,5.63,1.041,
34086,7.068124,-5.32398,5.63,1.29,
36528,7.514638,68.46562,5.63,1.1,
40646,8.297338,59.57113,5.63,0.182,
40834,8.333486,-71.50538,5.63,-0.099,
42438,8.653257,65.02091,5.63,0.618,
42917,8.745844,10.08167,5.63,-0.069,
52407,10.711997,-32.71567,5.63,0.006,
56510,11.584695,54.78542,5.63,1.032,
61015,12.504846,-23.69642,5.63,1.67,
64003,13.115069,-35.86203,5.63,0.05,
66438,13.620080,-61.69186,5.63,0.493,
66763,13.683986,22.49577,5.63,1.009,
72573,14.838814,82.51194,5.63,0.671,
73100,14.939724,49.62845,5.63,0.533,
77984,15.925023,-26.26599,5.63,0.141,
79007,16.127094,9.89174,5.63,0.2,
81007,16.543246,5.52122,5.63,-0.044,
83635,17.092294,-0.89207,5.63,0.104,
85715,17.515381,31.15814,5.63,0.96,
90541,18.474198,-38.99567,5.63,0.14,
90687,18.503295,-18.72879,5.63,1.057,
93498,19.041022,-24.84683,5.63,1.232,
93718,19.082741,31.74407,5.63,1.548,
97871,19.888538,-3.11446,5.63,0.231,
100907,20.459517,38.44033,5.63,0.072,
104031,21.076292,5.50286,5.63,1.65,
105576,21.383470,-22.66905,5.63,1.641,
107575,21.787212,2.68612,5.63,0.012,
115769,23.454157,-58.47611,5.63,0.983,
116355,23.577279,33.49733,5.63,1.042,
3572,0.760862,74.98807,5.64,0.078,
5081,1.084821,14.94613,5.64,0.42,
9621,2.060927,25.93547,5.64,0.537,
10212,2.189189,8.56981,5.64,0.569,
12153,2.610531,12.44764,5.64,0.516,
14439,3.106579,13.18725,5.64,1.087,
20087,4.306444,21.57930,5.64,0.277,
20484,4.390294,16.77726,5.64,0.31,
22545,4.852594,48.74068,5.64,1.013,
24914,5.339615,62.65371,5.64,1.728,
25280,5.407914,-16.97578,5.64,-0.001,
33804,7.018318,-25.21563,5.64,-0.165,
35181,7.270965,-46.77453,5.64,1.441,
36732,7.555434,-19.41252,5.64,1.121,
37590,7.713376,-26.35133,5.64,0.99,
44356,9.032774,-0.48267,5.64,1.163,
47701,9.725906,29.97447,5.64,0.111,
49865,10.182184,-8.41846,5.64,1.304,
56319,11.546693,-40.43619,5.64,1.578,
56518,11.587030,-47.37258,5.64,1.682,
56675,11.621074,-75.89654,5.64,0.362,
63916,13.097853,45.26855,5.64,1.135,
64607,13.242023,11.33166,5.64,1.514,
73369,14.993598,39.26533,5.64,0.336,
75730,15.470947,-16.71648,5.64,1.545,
76750,15.672598,-73.44669,5.64,-0.04,
81972,16.745165,-40.83967,5.64,-0.093,
83187,17.001745,-54.59718,5.64,0.194,
90313,18.427444,8.03201,5.64,0.884,
92768,18.903680,27.90953,5.64,1.361,
96406,19.600459,-24.71908,5.64,0.185,
96807,19.678700,-0.62123,5.64,0.123,
100591,20.398106,-42.42287,5.64,0.201,
104642,21.196733,59.98661,5.64,0.11,
105854,21.439680,-37.82943,5.64,1.185,
111068,22.500503,32.57264,5.64,-0.031,
114948,23.282659,-62.00120,5.64,0.521,
10305,2.213206,-2.39364,5.65,0.546,
12247,2.628278,-3.39617,5.65,1.021,
17932,3.834564,44.96786,5.65,0.779,
23166,4.983713,-16.37603,5.65,0.447,
26394,5.619160,-80.46912,5.65,0.6,
28484,6.013661,-51.21632,5.65,0.207,
28756,6.072296,-32.17243,5.65,-0.186,
33077,6.888560,-19.03276,5.65,0.279,
36168,7.449856,-23.08602,5.65,-0.134,
39213,8.020525,4.87982,5.65,0.013,
47960,9.773225,1.78559,5.65,0.342,
53316,10.904938,-13.75804,5.65,0.832,
62325,12.772928,9.53968,5.65,0.989,
62500,12.807297,-27.59738,5.65,0.947,
65522,13.430657,-70.62725,5.65,-0.018,
65790,13.486945,10.81831,5.65,1.052,
73284,14.977572,-27.65731,5.65,0.262,
73540,15.030754,-83.22765,5.65,0.962,
73771,15.079711,-83.03831,5.65,1.273,
75043,15.334763,51.95851,5.65,0.122,
75181,15.363507,-48.31763,5.65,0.639,
75308,15.386265,-60.65718,5.65,0.489,
76519,15.627550,69.28334,5.65,1.371,
85290,17.428155,60.04840,5.65,0.024,
85912,17.556340,19.25668,5.65,0.505,
90647,18.495823,77.54707,5.65,1.192,
94620,19.254822,21.23212,5.65,0.121,
94720,19.274108,14.54462,5.65,-0.02,
98470,20.005621,-33.70345,5.65,0.498,
99747,20.238617,-52.44577,5.65,1.497,
108699,22.019232,8.25716,5.65,1.44,
115312,23.354305,-26.98677,5.65,0.817,
1288,0.269126,-31.44639,5.66,1.35,
3478,0.740612,47.86398,5.66,-0.113,
7568,1.624389,-84.76959,5.66,0.939,
9990,2.144606,58.42360,5.66,0.595,
17527,3.752705,24.83926,5.66,-0.064,
17584,3.766460,45.68190,5.66,-0.08,
18089,3.866730,6.53491,5.66,0.046,
21823,4.690032,48.30088,5.66,0.002,
21958,4.719249,-30.76556,5.66,1.391,
25001,5.353524,29.56988,5.66,0.06,
32474,6.777505,-10.10736,5.66,-0.048,
36981,7.601082,-14.49277,5.66,-0.067,
37023,7.608789,46.18029,5.66,1.56,
39919,8.152641,-48.68441,5.66,-0.101,
39943,8.157926,-16.24892,5.66,-0.153,
39957,8.159342,-56.08538,5.66,0.204,
42372,8.639504,53.40154,5.66,0.964,
46511,9.486845,-20.74913,5.66,1.587,
50520,10.318083,-64.67626,5.66,0.042,
50609,10.337977,-47.69909,5.66,1.667,
53043,10.853067,56.58225,5.66,1.132,
59468,12.197550,25.87028,5.66,1.401,
60425,12.389330,-24.84067,5.66,1.153,
67973,13.920042,-52.16082,5.66,-0.072,
80793,16.496367,-14.55088,5.66,0.823,
84150,17.204502,-39.50695,5.66,0.042,
85790,17.530439,28.40750,5.66,-0.001,
95619,19.449022,-29.74322,5.66,-0.014,
96496,19.617595,-18.23105,5.66,1.237,
101345,20.539915,-9.85338,5.66,0.689,
102949,20.857844,28.25051,5.66,0.616,
106856,21.642205,5.77174,5.66,0.265,
107144,21.702809,1.28525,5.66,1.446,
111809,22.647629,-33.08135,5.66,0.037,
113562,23.001607,-25.16418,5.66,1.253,
115908,23.483598,-63.11066,5.66,-0.142,
116591,23.627655,-13.06024,5.66,1.025,
655,0.134303,-33.52933,5.67,1.119,
2383,0.507242,-48.21491,5.67,0.367,
5493,1.171880,42.08147,5.67,0.603,
10513,2.257940,-67.74637,5.67,1.306,
14521,3.125541,-78.98924,5.67,0.298,
16509,3.542992,-50.37865,5.67,1.101,
18805,4.029482,9.99802,5.67,0.005,
20049,4.299776,-80.21403,5.67,0.836,
21295,4.568963,5.56862,5.67,0.055,
24109,5.178585,46.96207,5.67,0.452,
26064,5.558786,18.54023,5.67,-0.022,
26197,5.583613,-6.00927,5.67,-0.228,
28812,6.082829,5.41997,5.67,1.047,
30099,6.334507,14.65113,5.67,1.578,
41191,8.405637,-80.91420,5.67,1.018,
41242,8.415328,-23.15375,5.67,0.066,
42564,8.676461,-45.19110,5.67,1.664,
43584,8.876284,32.47416,5.67,0.224,
47959,9.773147,11.81004,5.67,1.489,
51802,10.583933,8.65043,5.67,0.059,
54137,11.075343,-47.67910,5.67,0.256,
71783,14.683721,-36.13486,5.67,-0.081,
74087,15.139939,26.30115,5.67,1.24,
79399,16.204456,-28.41730,5.67,0.012,
80309,16.396437,61.69646,5.67,0.956,
80675,16.470881,-58.59980,5.67,0.008,
89000,18.165004,3.11983,5.67,0.49,
90968,18.556426,-38.72599,5.67,-0.06,
92997,18.945851,57.81485,5.67,1.155,
96516,19.621498,16.46280,5.67,1.007,
98844,20.073098,-0.70931,5.67,1.301,
102962,20.860681,-62.42934,5.67,0.203,
104440,21.156052,-73.17297,5.67,0.59,
105703,21.409445,26.17456,5.67,0.323,
379,0.078304,67.16644,5.68,1.051,
10155,2.177109,19.50034,5.68,1.641,
16290,3.499700,-78.35185,5.68,0.932,
17309,3.705263,19.70025,5.68,-0.016,
22699,4.879933,42.58663,5.68,0.115,
25028,5.358845,-0.41649,5.68,-0.125,
32814,6.840416,13.41318,5.68,1.329,
32968,6.866664,23.60172,5.68,1.467,
34473,7.145098,-70.49709,5.68,0.436,
37174,7.638391,-48.60144,5.68,0.683,
41861,8.534712,-53.21192,5.68,0.582,
44001,8.959777,15.58128,5.68,0.209,
47187,9.616725,-25.29676,5.68,1.116,
49220,10.046931,21.94926,5.68,-0.178,
57741,11.840911,-62.64938,5.68,0.233,
60795,12.459754,55.71272,5.68,1.582,
60957,12.495344,20.89611,5.68,0.093,
61658,12.639557,1.85466,5.68,1.592,
67231,13.776573,54.43268,5.68,-0.039,
72154,14.758390,0.71727,5.68,-0.021,
72488,14.821874,-24.25147,5.68,1.275,
72524,14.828143,48.72080,5.68,0.501,
74896,15.306807,20.57278,5.68,0.972,
84691,17.313479,28.82297,5.68,0.981,
85930,17.560941,16.31755,5.68,1.002,
87314,17.841220,-53.61241,5.68,-0.099,
91883,18.730999,31.92661,5.68,0.36,
92747,18.900025,-21.35984,5.68,1.206,
97634,19.843702,40.59976,5.68,-0.058,
98375,19.986261,23.10128,5.68,0.345,
100754,20.427925,21.40964,5.68,0.921,
101899,20.649867,30.33426,5.68,1.088,
102155,20.699028,41.71688,5.68,-0.107,
103312,20.930501,47.41766,5.68,0.408,
105497,21.366780,49.38885,5.68,1.1,
112542,22.795213,-14.05643,5.68,-0.016,
113657,23.018763,-50.95003,5.68,1.411,
114210,23.129260,49.29578,5.68,0.449,
114365,23.162261,59.33269,5.68,0.315,
114449,23.178510,17.59437,5.68,1.33,
116495,23.606468,2.10222,5.68,0.449,
2548,0.539939,6.95546,5.69,-0.014,
4675,1.000988,44.71324,5.69,-0.01,
7251,1.557142,58.32733,5.69,1.435,
7463,1.602361,-29.90732,5.69,0.335,
9021,1.935927,37.25183,5.69,1.06,
13942,2.993381,-25.27413,5.69,0.427,
19968,4.281542,61.84999,5.69,-0.116,
25223,5.395086,-0.15982,5.69,-0.208,
25492,5.452298,30.20860,5.69,0.175,
31137,6.532864,-58.75384,5.69,-0.057,
33827,7.022612,70.80830,5.69,1.337,
34579,7.161951,-25.23103,5.69,-0.158,
37036,7.611398,-19.70234,5.69,-0.165,
37043,7.612200,-48.83017,5.69,-0.037,
38427,7.871911,-14.84618,5.69,0.368,
54255,11.099324,-27.28785,5.69,-0.067,
59831,12.268763,40.66018,5.69,1.586,
65198,13.361567,2.08724,5.69,0.045,
65593,13.448922,-41.49756,5.69,1.477,
66065,13.543307,-28.69277,5.69,0.037,
68815,14.088903,-76.79675,5.69,1.239,
79072,16.141132,8.53431,5.69,1.575,
83254,17.016149,22.63209,5.69,1.332,
84950,17.362600,53.42043,5.69,1.463,
85147,17.400299,-62.86415,5.69,-0.147,
86011,17.578470,-32.58166,5.69,0.045,
87158,17.806880,20.56544,5.69,0.938,
88122,17.998946,45.50138,5.69,1.562,
90662,18.498871,-47.22055,5.69,1.258,
92136,18.778701,-10.12505,5.69,0.584,
92937,18.935034,18.10541,5.69,1.092,
93393,19.021488,26.29141,5.69,-0.086,
98633,20.032944,-13.63722,5.69,0.079,
100357,20.353200,63.98012,5.69,1.561,
101882,20.645552,13.31513,5.69,1.509,
103675,21.007691,19.32958,5.69,1.588,
104148,21.100317,-30.12512,5.69,1.047,
107253,21.723791,38.28359,5.69,-0.01,
108060,21.893717,19.66844,5.69,0.011,
109056,22.092964,28.96398,5.69,-0.048,
194,0.041584,8.48546,5.70,0.315,
522,0.105277,-49.07519,5.70,0.519,
3717,0.795339,-18.06134,5.70,1.3,
5833,1.246992,-0.97379,5.70,0.428,
7921,1.696655,-60.78934,5.70,1.264,
7941,1.700833,-36.83230,5.70,-0.01,
8714,1.869268,50.79279,5.70,-0.067,
9222,1.975973,49.20435,5.70,1.005,
15619,3.351890,3.67562,5.70,0.964,
18262,3.906435,-40.35701,5.70,0.599,
19511,4.179935,-8.81981,5.70,1.057,
28302,5.981455,12.80826,5.70,0.874,
29151,6.149418,2.49969,5.70,0.067,
29860,6.287816,5.10011,5.70,0.61,
31771,6.644317,39.39085,5.70,1.367,
31870,6.661850,-30.47049,5.70,1.134,
35487,7.324494,-16.39524,5.70,0.346,
36348,7.480968,48.18393,5.70,-0.092,
38438,7.874929,-54.36716,5.70,-0.151,
43026,8.767354,-2.04866,5.70,1.097,
43797,8.919936,-54.96577,5.70,0.481,
49339,10.072486,-24.28553,5.70,0.303,
49934,10.196240,-58.06054,5.70,-0.118,
53699,10.987150,-33.73759,5.70,0.374,
54487,11.146969,24.65846,5.70,0.081,
61571,12.616204,17.08954,5.70,1.436,
62703,12.849413,-52.78742,5.70,0.127,
64053,13.127305,-53.45976,5.70,-0.061,
66320,13.592027,-5.39619,5.70,0.95,
67848,13.897507,53.72868,5.70,-0.032,
71974,14.720431,-24.99775,5.70,0.006,
74380,15.199363,-48.74369,5.70,0.144,
78868,16.098851,-72.40090,5.70,1.169,
85157,17.401830,22.96028,5.70,0.229,
95690,19.463366,-54.32527,5.70,1.406,
95823,19.489951,-43.44519,5.70,0.214,
97966,19.910459,-8.22729,5.70,-0.079,
99500,20.193007,62.07854,5.70,0.53,
99841,20.256604,33.72908,5.70,0.926,
103389,20.946479,-26.29638,5.70,0.507,
105652,21.399672,24.27414,5.70,0.314,
106559,21.580848,-20.08427,5.70,0.423,
107930,21.866954,55.79674,5.70,-0.081,
111242,22.537851,76.22644,5.70,0.02,
117567,23.842579,-14.40149,5.70,1.488,
88,0.017941,-48.80988,5.71,0.911,
1086,0.225240,41.03537,5.71,0.331,
5296,1.129502,-9.78555,5.71,0.446,
14930,3.209209,-57.32155,5.71,2.419,
16112,3.459281,-35.68132,5.71,1.284,
19554,4.188967,5.52305,5.71,0.36,
21278,4.565202,-6.73891,5.71,-0.128,
22860,4.918562,-16.74067,5.71,0.953,
22881,4.921847,-16.41777,5.71,0.874,
23668,5.087832,-26.15239,5.71,1.166,
26345,5.609915,-6.06475,5.71,-0.212,
28499,6.016267,47.90192,5.71,-0.007,
29234,6.163322,-22.77434,5.71,0.454,
31564,6.606347,-18.65990,5.71,0.848,
35005,7.242395,12.11582,5.71,1.007,
40990,8.365169,-17.58633,5.71,1.05,
41816,8.525145,24.08111,5.71,0.327,
43148,8.788568,-46.15541,5.71,0.554,
48613,9.914234,-50.24396,5.71,0.006,
49363,10.076759,53.89172,5.71,0.507,
51933,10.608994,-12.23012,5.71,0.528,
54522,11.155302,36.30938,5.71,1.4,
56620,11.609706,-33.57006,5.71,1.02,
59923,12.291827,28.93719,5.71,0.16,
60610,12.422706,-35.18642,5.71,-0.066,
62541,12.815059,14.12258,5.71,0.024,
62732,12.854994,-60.32979,5.71,0.344,
67787,13.886925,17.93287,5.71,0.845,
73536,15.030255,-0.14030,5.71,1.509,
75665,15.459193,-64.53150,5.71,1.646,
77336,15.788144,14.11535,5.71,0.094,
88964,18.159415,3.99328,5.71,0.363,
90096,18.386712,-12.01475,5.71,0.006,
90497,18.466326,6.19410,5.71,-0.034,
90842,18.532284,-43.50738,5.71,1.322,
92294,18.810538,-65.07768,5.71,0.268,
95557,19.436400,-15.05325,5.71,0.007,
96258,19.572161,51.23662,5.71,0.475,
98085,19.933684,16.63480,5.71,0.903,
100221,20.326863,62.25747,5.71,-0.043,
105761,21.420285,-9.74855,5.71,0.208,
108102,21.902881,-4.27618,5.71,1.185,
1982,0.418445,53.04679,5.72,-0.056,
2353,0.500655,-3.95733,5.72,1.545,
3277,0.696210,-56.50131,5.72,0.131,
10328,2.217584,15.27986,5.72,1.551,
12072,2.594095,37.31226,5.72,1.389,
12530,2.687222,-0.69565,5.72,0.511,
15411,3.311429,-18.55979,5.72,0.381,
16168,3.472416,33.80756,5.72,0.048,
17534,3.754410,-47.35948,5.72,0.961,
19983,4.285580,57.86035,5.72,1.108,
20400,4.367643,14.07720,5.72,0.315,
20842,4.466883,21.61991,5.72,0.27,
22086,4.751156,-21.28338,5.72,1.476,
27316,5.786987,14.48832,5.72,0.077,
28909,6.102603,-66.03962,5.72,-0.024,
29294,6.176300,-27.15434,5.72,1.072,
31637,6.620510,-36.99065,5.72,-0.112,
32740,6.828143,32.60676,5.72,1.298,
35029,7.246117,-46.84967,5.72,-0.109,
42146,8.591166,-7.98229,5.72,-0.004,
43644,8.889601,61.96227,5.72,0.305,
43923,8.947218,45.63165,5.72,1.125,
45158,9.199650,-19.74763,5.72,0.977,
46457,9.474771,8.18830,5.72,1.045,
47594,9.704137,69.23754,5.72,1.131,
48287,9.844985,-46.93392,5.72,1.085,
48561,9.904905,-45.28352,5.72,-0.114,
59309,12.167616,5.80701,5.72,0.352,
59746,12.252366,70.20001,5.72,1.179,
66417,13.616412,24.61330,5.72,1.593,
69763,14.277423,-66.58789,5.72,-0.095,
72012,14.729010,40.45925,5.72,1.398,
73166,14.953244,16.38813,5.72,0.951,
73184,14.957765,-21.41548,5.72,1.024,
75260,15.377341,63.34144,5.72,1.315,
75352,15.397844,-12.36950,5.72,1.039,
78970,16.121168,-36.75568,5.72,0.298,
79666,16.257955,18.80809,5.72,1.126,
85470,17.466002,-52.29717,5.72,1.169,
85888,17.552020,41.24345,5.72,1.089,
88298,18.031772,-22.78030,5.72,-0.03,
88636,18.097114,32.23067,5.72,1.179,
95485,19.422665,-13.89713,5.72,1.372,
109831,22.245656,42.95391,5.72,0.014,
111362,22.561281,56.62474,5.72,0.966,
111974,22.681299,14.54916,5.72,0.723,
113184,22.919711,-4.98790,5.72,0.881,
113307,22.946613,-47.96922,5.72,0.226,
118114,23.959159,-82.16980,5.72,1.055,
4200,0.893839,-62.87135,5.73,1.574,
12871,2.757629,-63.70455,5.73,0.932,
20579,4.408098,34.13076,5.73,-0.054,
21819,4.688822,28.61499,5.73,0.018,
25194,5.390006,-39.67842,5.73,1.626,
26966,5.722686,-18.55748,5.73,-0.014,
31190,6.544160,-32.03045,5.73,-0.18,
33715,7.004396,16.07900,5.73,1.641,
37322,7.662171,-38.13929,5.73,-0.125,
40023,8.174218,25.50733,5.73,0.825,
40772,8.321437,62.50716,5.73,0.891,
44923,9.151170,-18.32855,5.73,0.0,
47189,9.617384,16.43795,5.73,1.223,
50786,10.369607,41.22953,5.73,0.531,
53377,10.916163,34.03480,5.73,1.032,
55797,11.432540,55.85046,5.73,0.988,
57029,11.692860,31.74606,5.73,0.44,
57670,11.828258,34.93176,5.73,0.467,
60329,12.370009,-68.30732,5.73,1.038,
66400,13.613460,-26.49520,5.73,0.22,
66727,13.677909,19.95572,5.73,0.017,
67664,13.863174,-69.40126,5.73,1.704,
77986,15.925166,42.56619,5.73,-0.102,
78661,16.058718,76.79394,5.73,0.051,
82422,16.844155,29.80654,5.73,1.626,
83535,17.073534,-57.71217,5.73,-0.097,
86731,17.722659,24.32782,5.73,0.683,
91973,18.746722,37.59461,5.73,0.285,
93552,19.054915,-38.25315,5.73,0.328,
95656,19.457212,52.32044,5.73,-0.002,
98754,20.058338,16.03126,5.73,-0.095,
98767,20.060373,29.89681,5.73,0.749,
99825,20.254806,-27.03298,5.73,0.878,
100859,20.450624,49.38337,5.73,0.339,
104978,21.262738,-53.26308,5.73,0.191,
106654,21.603046,-26.17152,5.73,0.234,
107162,21.706376,41.07702,5.73,0.055,
111546,22.597857,39.63433,5.73,-0.16,
113222,22.929029,36.35139,5.73,-0.051,
117088,23.736676,-64.40445,5.73,1.393,
1354,0.282513,61.53319,5.74,0.898,
3765,0.806382,5.28062,5.74,0.89,96 G. Psc
12002,2.578507,-7.85945,5.74,1.393,
12122,2.602574,-30.04498,5.74,1.017,
12640,2.706094,20.01147,5.74,-0.017,
14677,3.160206,29.07708,5.74,0.115,
16142,3.466930,-11.28660,5.74,1.102,
17342,3.711871,59.96939,5.74,1.736,
20825,4.462788,-62.52121,5.74,1.005,
23474,5.045828,-22.79505,5.74,1.188,
26344,5.609784,54.42866,5.74,1.671,
28984,6.115976,-21.81230,5.74,1.584,
30840,6.477568,-32.37128,5.74,-0.16,
32810,6.839819,-31.70606,5.74,0.094,
33277,6.921853,25.37570,5.74,0.573,
34387,7.130414,7.47121,5.74,1.176,
35643,7.354864,45.22820,5.74,0.342,
38783,7.938514,-60.52644,5.74,1.554,
41299,8.426538,2.10221,5.74,1.528,
42923,8.747758,-37.14725,5.74,-0.139,
44504,9.066778,54.28389,5.74,0.034,
45962,9.373331,-46.04745,5.74,0.903,
46813,9.539003,-19.40030,5.74,0.135,
50448,10.300583,65.10835,5.74,0.163,
52338,10.696747,68.44350,5.74,1.315,
52487,10.730890,-64.24904,5.74,0.012,
54829,11.225219,-59.61932,5.74,-0.106,
56080,11.494957,15.41327,5.74,1.371,
61212,12.543334,-13.85910,5.74,0.376,
65595,13.449205,78.64387,5.74,0.769,
66666,13.666622,-49.94996,5.74,1.496,
67942,13.913646,-67.65210,5.74,1.49,
71111,14.541926,55.39801,5.74,1.529,
71280,14.577676,49.36835,5.74,1.56,
71453,14.612260,-40.21158,5.74,-0.112,
71568,14.636837,43.64213,5.74,1.481,
72250,14.774724,-47.44112,5.74,0.066,
74750,15.276859,-60.90400,5.74,-0.057,
75974,15.515514,64.20869,5.74,0.976,
77645,15.851891,-55.05553,5.74,0.017,
78279,15.982821,-65.03759,5.74,-0.066,
79349,16.193899,23.49480,5.74,1.519,
81734,16.695134,1.18123,5.74,0.336,
82110,16.772563,-58.50359,5.74,-0.101,
83196,17.002641,-24.98907,5.74,0.407,
84769,17.326961,80.13640,5.74,1.499,
86313,17.635973,-10.92627,5.74,1.228,
88038,17.982135,-36.85838,5.74,0.915,
88136,18.002526,80.00410,5.74,0.516,
88684,18.104221,-4.75125,5.74,0.968,
90664,18.499086,-57.52314,5.74,0.987,
90991,18.560839,-14.85361,5.74,0.043,
91315,18.625974,62.52659,5.74,-0.045,
98332,19.978116,-69.16396,5.74,0.224,
106886,21.649339,57.48904,5.74,0.2,
108165,21.914766,56.61123,5.74,0.655,
109209,22.124608,19.47553,5.74,0.331,
117125,23.744643,-78.79144,5.74,1.108,
117314,23.787754,-11.91113,5.74,1.068,
7276,1.561899,-7.02534,5.75,0.639,
7916,1.695787,-11.32467,5.75,0.443,
10718,2.299960,57.89982,5.75,1.175,
14060,3.019451,-7.66301,5.75,1.043,
19525,4.183061,33.58679,5.75,1.412,
22936,4.935299,52.86976,5.75,0.105,
24426,5.241346,-35.97700,5.75,1.009,
26019,5.552049,-35.13938,5.75,1.085,
29225,6.162218,23.11347,5.75,0.192,
30827,6.476136,30.49303,5.75,0.779,
31940,6.674679,77.99578,5.75,1.488,
32617,6.805296,-1.31892,5.75,0.292,
32698,6.821225,-2.27204,5.75,-0.098,
33024,6.880408,8.38037,5.75,0.27,
34360,7.122941,-23.84072,5.75,-0.117,
34722,7.189741,26.85659,5.75,0.13,
35152,7.265880,27.89742,5.75,1.605,
36396,7.489474,-10.32666,5.75,1.616,
41515,8.466506,-35.11376,5.75,-0.151,
43798,8.920119,-18.24119,5.75,1.327,
46657,9.512804,-31.88922,5.75,0.066,
48982,9.993395,29.64523,5.75,1.059,
54840,11.227611,-53.23181,5.75,1.309,
59229,12.148281,-44.32599,5.75,0.24,
62894,12.889416,-60.32849,5.75,0.295,
63024,12.915702,47.19672,5.75,1.451,
65466,13.418522,23.85442,5.75,0.09,
74066,15.136703,-40.58393,5.75,-0.113,
74239,15.171843,-26.33262,5.75,1.045,
74582,15.238658,-70.07948,5.75,3.271,
79005,16.126782,-12.74541,5.75,0.018,
80375,16.407037,55.20510,5.75,0.001,
85185,17.408760,16.30101,5.75,0.074,
86782,17.733103,53.80172,5.75,0.017,Alruba
97473,19.811683,11.81590,5.75,0.546,
98478,20.006418,-66.94936,5.75,1.033,
102092,20.689902,-31.59829,5.75,1.551,
102208,20.709755,82.53116,5.75,0.0,
104364,21.142417,-63.92826,5.75,1.18,
104516,21.170990,53.56310,5.75,-0.111,
105282,21.324652,49.51029,5.75,-0.119,
106003,21.468955,32.22533,5.75,0.333,
109023,22.086481,26.67369,5.75,1.249,
110023,22.285139,-5.38716,5.75,0.878,
110103,22.303505,62.80439,5.75,1.256,
115537,23.403681,-51.89117,5.75,1.611,
115755,23.452050,42.91201,5.75,-0.007,
7751,1.663169,-56.19640,5.76,0.88,p Eridani
8993,1.930844,23.57732,5.76,1.185,
12692,2.717451,55.10602,5.76,-0.11,
13654,2.930138,18.33164,5.76,1.452,
16285,3.498656,-42.63426,5.76,0.205,
16511,3.543319,9.37344,5.76,-0.072,
17579,3.765132,24.55451,5.76,-0.036,Asterope
18212,3.894081,48.65049,5.76,1.04,
20268,4.344790,6.13080,5.76,0.914,
21192,4.543765,-3.20954,5.76,-0.117,
22325,4.809037,-16.32948,5.76,0.537,
26219,5.587631,-33.07972,5.76,1.12,
29433,6.200372,19.79054,5.76,-0.071,
30069,6.328043,-34.39659,5.76,-0.08,
30591,6.428793,-48.17690,5.76,-0.061,
30836,6.477061,-17.46601,5.76,1.118,
31737,6.639725,28.98435,5.76,-0.001,
37329,7.663299,-38.26065,5.76,-0.071,
38474,7.879961,-5.42826,5.76,0.412,
42090,8.578858,36.41962,5.76,0.051,
44936,9.153198,-12.35771,5.76,0.937,
51561,10.532622,-45.06671,5.76,-0.194,
56445,11.572764,3.06017,5.76,0.48,
61379,12.578448,-44.67302,5.76,0.683,
62576,12.821516,27.55238,5.76,0.051,
64445,13.209145,11.55610,5.76,1.499,
65144,13.349367,-46.88001,5.76,1.106,
65420,13.409230,-5.16401,5.76,0.415,
68276,13.977479,21.69622,5.76,-0.002,
72378,14.799322,-26.64616,5.76,-0.007,
72487,14.821853,46.11621,5.76,0.482,Merga
74184,15.158310,-67.08413,5.76,0.675,
76568,15.637833,46.79775,5.76,0.353,
78045,15.934982,-60.48248,5.76,0.087,
80054,16.340345,-55.13971,5.76,0.97,
80898,16.520398,22.19546,5.76,1.605,
83367,17.038526,25.50562,5.76,1.018,
84690,17.313287,-44.12975,5.76,-0.049,
85068,17.385310,-56.52555,5.76,0.994,
85169,17.405221,-60.67380,5.76,-0.067,
86254,17.625304,24.30999,5.76,0.114,
87836,17.944955,-28.06539,5.76,0.207,
89968,18.356385,-18.86000,5.76,0.67,
90762,18.517903,16.92856,5.76,0.053,
91322,18.626656,-0.30947,5.76,0.067,
91854,18.727035,-64.55142,5.76,0.967,
95572,19.440037,13.02380,5.76,0.456,
96141,19.548280,-53.18562,5.76,0.3,
97816,19.877143,-54.97103,5.76,0.915,
97928,19.902299,-8.57421,5.76,1.664,
100097,20.306876,55.39710,5.76,0.118,
101427,20.554894,-80.96486,5.76,1.122,
103673,21.005976,-51.26531,5.76,0.48,
105696,21.406893,-41.00670,5.76,-0.036,
109620,22.206235,63.29104,5.76,1.645,
110602,22.407517,-13.52937,5.76,0.97,
110785,22.443718,4.39377,5.76,0.519,
111196,22.527168,-85.96725,5.76,1.02,
113503,22.986615,11.72884,5.76,0.293,
117756,23.880702,-8.99676,5.76,1.171,
1191,0.248476,-9.56957,5.77,-0.084,
2006,0.423391,1.93969,5.77,0.855,
5361,1.142627,58.26345,5.77,-0.019,
20591,4.410404,33.95969,5.77,0.4,
22336,4.810107,-5.67404,5.77,0.631,
25583,5.467114,17.23913,5.77,1.634,
25751,5.498548,1.78926,5.77,-0.192,
32809,6.839380,-17.08456,5.77,1.435,
34888,7.218665,-11.25134,5.77,1.508,
35941,7.409292,27.63786,5.77,0.368,
37369,7.670750,38.34454,5.77,1.654,
38994,7.980710,-60.82446,5.77,-0.082,
40155,8.199991,-46.64435,5.77,0.626,
40344,8.237017,-35.49002,5.77,1.024,
46225,9.424253,-61.95048,5.77,0.137,
47013,9.581508,72.20568,5.77,0.53,
50027,10.213435,4.61468,5.77,1.178,
52452,10.722478,4.74767,5.77,1.168,
54811,11.220746,-44.37222,5.77,1.661,
56078,11.494061,-24.46401,5.77,0.067,
59607,12.223623,-38.92919,5.77,-0.144,
64692,13.258882,40.85520,5.77,0.198,
67663,13.863117,-46.89867,5.77,-0.153,
68390,14.000037,-25.01040,5.77,0.48,
74006,15.123874,-49.08861,5.77,0.92,
76376,15.599182,54.63057,5.77,0.051,
81300,16.605958,-2.32458,5.77,0.827,
81641,16.677413,4.21979,5.77,-0.004,
85139,17.399338,8.85257,5.77,1.251,
87558,17.887274,6.10142,5.77,0.425,
90804,18.523804,-10.79584,5.77,0.379,
104185,21.108401,31.18466,5.77,0.554,
106393,21.549052,49.97763,5.77,-0.042,
106897,21.650329,20.26545,5.77,0.314,
114775,23.249611,-41.10540,5.77,1.16,
115280,23.348123,38.18233,5.77,0.468,
117491,23.824299,1.07613,5.77,0.167,
117628,23.855902,9.31335,5.77,1.661,
343,0.072165,-16.52904,5.78,1.084,
1074,0.222099,-84.99398,5.78,1.71,
2876,0.607595,60.32621,5.78,0.294,
8046,1.722151,60.55133,5.78,-0.01,
8433,1.811550,32.69021,5.78,0.572,
8778,1.881142,-16.92925,5.78,0.26,
12186,2.616281,-34.57798,5.78,0.653,
12803,2.742493,15.31186,5.78,-0.024,
14893,3.203957,27.25697,5.78,-0.106,
15876,3.408249,33.53596,5.78,-0.001,
18081,3.864922,34.35912,5.78,-0.036,
20297,4.349455,-81.57992,5.78,0.359,
21148,4.533845,53.91083,5.78,0.119,
21588,4.635956,16.03329,5.78,0.312,
22024,4.734811,-8.50357,5.78,-0.076,
25041,5.362100,8.42856,5.78,-0.114,
25397,5.433285,-19.69540,5.78,0.441,
27280,5.781149,9.52234,5.78,0.888,
29388,6.193496,48.71099,5.78,0.1,
29451,6.205590,32.69338,5.78,1.646,
30463,6.403850,-60.28133,5.78,-0.001,
31446,6.587730,0.89022,5.78,0.004,
32851,6.847176,-0.54088,5.78,0.396,
33914,7.038193,15.33601,5.78,1.14,
34215,7.094174,9.18580,5.78,1.513,
35120,7.260953,7.97774,5.78,1.537,
36362,7.484699,-31.45622,5.78,-0.185,
36848,7.576333,-27.01227,5.78,1.045,
37223,7.645528,-36.49683,5.78,-0.148,
38160,7.820257,-60.28369,5.78,0.428,
38210,7.828054,-66.19597,5.78,-0.04,
39221,8.022434,59.04740,5.78,0.421,
43669,8.896851,-60.35391,5.78,-0.088,
45122,9.192607,-46.58391,5.78,-0.218,
50078,10.224448,-51.75579,5.78,0.136,
58952,12.087451,76.90573,5.78,1.029,Tonatiuh
60969,12.498388,-56.52494,5.78,1.572,
61498,12.600289,-39.86950,5.78,0.003,
64332,13.185805,-42.23289,5.78,0.521,
72208,14.768319,15.13179,5.78,1.335,
72934,14.906354,-11.89835,5.78,0.982,
77562,15.835304,-53.20977,5.78,-0.076,
77990,15.925665,-60.17765,5.78,0.355,
78142,15.955924,-36.18534,5.78,1.095,
79497,16.222984,-55.54095,5.78,0.365,
82775,16.916251,-41.15086,5.78,0.132,
85699,17.513056,86.96805,5.78,0.239,
86552,17.687844,-46.92183,5.78,-0.004,
87393,17.859853,-60.16406,5.78,1.008,
91405,18.641865,-23.50489,5.78,-0.018,
93845,19.110665,24.25079,5.78,0.104,
101475,20.565234,46.69387,5.78,-0.14,
103226,20.913283,-17.92289,5.78,1.122,
105928,21.454117,-21.19621,5.78,1.44,
107887,21.859513,19.82668,5.78,-0.1,
109471,22.177065,11.62454,5.78,1.617,
110668,22.419573,-70.43162,5.78,0.396,
117887,23.912951,0.10931,5.78,1.466,
1657,0.345978,32.91119,5.79,1.595,
7118,1.528680,-30.28308,5.79,1.073,
10540,2.262789,25.78294,5.79,0.439,
12114,2.601357,6.88687,5.79,0.918,268 G. Cet
12444,2.670117,-9.45288,5.79,0.524,
15192,3.263325,57.14062,5.79,0.644,
16591,3.559731,39.89948,5.79,0.139,
17585,3.766907,67.20161,5.79,0.347,
21253,4.559453,-62.82368,5.79,1.028,
22913,4.930598,15.04028,5.79,-0.085,
23068,4.963513,23.94856,5.79,1.109,
23088,4.969275,25.05041,5.79,0.018,
26169,5.579106,-73.74128,5.79,1.717,
27549,5.834079,9.87122,5.79,0.876,
28899,6.101538,-29.75862,5.79,0.041,
30011,6.316382,-20.92561,5.79,-0.155,
31992,6.684845,0.49532,5.79,-0.094,
35998,7.418977,-13.75198,5.79,0.432,
36024,7.423686,-25.21777,5.79,-0.103,
36251,7.464350,-11.55687,5.79,0.583,
37508,7.697735,13.48045,5.79,1.669,
42177,8.597787,-50.96965,5.79,-0.132,
43012,8.765339,-79.50437,5.79,1.595,
43603,8.880005,-38.72409,5.79,1.508,
45743,9.325870,-15.83466,5.79,1.285,
45915,9.362026,56.69922,5.79,1.511,
48339,9.853347,-59.42577,5.79,1.354,
51420,10.501792,38.92513,5.79,0.087,
52478,10.728702,57.19920,5.79,-0.038,
54561,11.164831,-32.36753,5.79,0.027,
54863,11.233843,8.06070,5.79,1.128,
60463,12.395765,-38.91138,5.79,-0.064,
63414,12.994310,-3.81193,5.79,0.203,
64179,13.153454,10.02247,5.79,1.025,
66681,13.669656,-64.57655,5.79,0.401,
76532,15.630011,-23.14170,5.79,1.074,
78649,16.055379,36.63179,5.79,0.586,
80672,16.470685,-37.17988,5.79,1.104,
83150,16.992771,-69.26816,5.79,-0.103,
88817,18.130417,26.09734,5.79,0.127,
91118,18.586834,18.20341,5.79,0.006,
94434,19.220463,-25.90679,5.79,1.387,
95793,19.483608,1.95045,5.79,0.088,
97985,19.913403,36.99568,5.79,0.773,
102026,20.675700,-16.12418,5.79,0.997,
106592,21.588228,-3.98331,5.79,1.11,
108758,22.030718,52.88225,5.79,-0.106,
109240,22.130641,21.70293,5.79,-0.077,
110578,22.401912,-4.83702,5.79,-0.033,
110992,22.486174,26.76320,5.79,1.252,
113048,22.894488,44.74916,5.79,0.282,
113902,23.066566,-41.47890,5.79,1.069,
171,0.036139,27.08226,5.80,0.69,
418,0.085039,61.31397,5.80,-0.067,
3583,0.762650,-47.55199,5.80,0.635,
4267,0.909785,19.18842,5.80,-0.016,
5550,1.186189,37.72412,5.80,-0.095,
12239,2.626676,65.74534,5.80,1.561,
13055,2.796568,81.44848,5.80,1.3,
13834,2.968114,20.66873,5.80,0.415,
18217,3.895345,57.97514,5.80,0.182,
19571,4.193389,-20.35616,5.80,0.165,
23916,5.138942,-8.66532,5.80,-0.059,
25708,5.489913,-3.44639,5.80,1.149,
28855,6.090882,-35.51365,5.80,0.027,
33248,6.917427,-20.40488,5.80,0.048,
34339,7.118633,-40.89327,5.80,-0.158,
34975,7.236347,-3.90178,5.80,1.585,
35785,7.381127,55.28139,5.80,-0.078,
35984,7.415857,51.88726,5.80,1.61,
37710,7.736027,-36.06251,5.80,0.32,
38848,7.949848,15.79028,5.80,1.285,
40866,8.339158,20.74772,5.80,1.137,
42028,8.567116,-2.15156,5.80,0.007,
44075,8.978869,-16.13273,5.80,0.521,
44256,9.012707,-60.96383,5.80,1.211,
47498,9.683930,-57.25954,5.80,1.083,
47943,9.769457,6.70856,5.80,1.639,
49764,10.158386,-68.68278,5.80,0.015,
50493,10.310561,-56.11039,5.80,0.481,
52980,10.838349,-8.89776,5.80,0.156,
55716,11.416369,11.43029,5.80,1.376,
55849,11.446467,-53.15991,5.80,0.517,
56601,11.604987,27.78135,5.80,0.248,
59920,12.291551,53.19133,5.80,1.33,
72210,14.768547,-23.15302,5.80,0.98,
72552,14.832888,28.61583,5.80,0.046,
76878,15.698532,18.46404,5.80,0.207,
79757,16.279107,29.15026,5.80,0.063,
85998,17.576860,9.58670,5.80,0.04,
92367,18.824257,-45.81010,5.80,0.891,
98512,20.013424,-45.11292,5.80,0.295,
98819,20.068399,17.07017,5.80,0.6,
109332,22.149720,-18.51959,5.80,-0.154,
110009,22.281268,-9.04007,5.80,1.158,
111660,22.620247,75.37181,5.80,1.594,
113031,22.891307,-11.61651,5.80,-0.082,
5494,1.172070,25.45776,5.81,1.466,
10871,2.331739,-55.94480,5.81,1.57,
11090,2.380644,41.39630,5.81,0.289,
12148,2.609742,7.73003,5.81,1.04,
14187,3.048849,-46.97504,5.81,1.304,
16368,3.514359,-66.48971,5.81,-0.055,
17798,3.809918,-20.90298,5.81,1.602,
20465,4.384909,-24.89216,5.81,1.507,
24732,5.303680,73.26807,5.81,-0.023,
26545,5.645424,-40.70731,5.81,-0.078,
28287,5.977097,-44.03456,5.81,1.061,
32402,6.764922,-52.40969,5.81,1.551,
35202,7.275515,-38.31893,5.81,-0.133,
50384,10.287378,23.10622,5.81,0.5,
53762,10.999831,-43.80711,5.81,-0.064,
64927,13.307701,34.09830,5.81,1.366,
65247,13.371191,-52.18296,5.81,0.072,
66563,13.645021,-29.56087,5.81,0.431,
67143,13.760249,-26.11601,5.81,0.023,
77738,15.871269,55.82671,5.81,0.972,
86620,17.699461,72.15691,5.81,0.53,Dziban B
89609,18.286563,-17.37389,5.81,1.569,
90342,18.432996,29.82893,5.81,0.068,
95222,19.372651,-0.25234,5.81,1.093,
99026,20.103823,53.16569,5.81,0.445,
99663,20.224331,60.64057,5.81,1.476,
105413,21.351340,7.35450,5.81,1.663,
114167,23.120774,-50.68668,5.81,0.486,
115191,23.331225,42.07804,5.81,1.512,
116582,23.625567,44.42899,5.81,-0.064,
118281,23.991472,33.72388,5.81,0.539,
7078,1.520444,70.26460,5.82,0.489,
13835,2.968258,-23.60601,5.82,1.334,
16340,3.510262,48.10360,5.82,-0.033,
16846,3.613136,0.58776,5.82,0.885,
17891,3.826836,63.29697,5.82,0.189,
22573,4.857837,-34.90629,5.82,0.105,
28992,6.117686,-34.31202,5.82,-0.137,
30703,6.451147,-58.00212,5.82,1.279,
31072,6.520304,-35.25884,5.82,0.813,
31173,6.540885,32.45490,5.82,0.188,
38159,7.820240,-46.85772,5.82,-0.142,
41621,8.485436,-44.16041,5.82,-0.16,
55581,11.385596,-56.77936,5.82,-0.004,
59728,12.249884,-20.84422,5.82,1.052,
60584,12.417560,56.77783,5.82,1.622,
64822,13.287200,-43.97948,5.82,0.187,
65536,13.435566,72.39148,5.82,1.652,
68079,13.938837,-46.59295,5.82,1.14,
74096,15.143212,25.10863,5.82,1.233,
75944,15.511223,-16.60946,5.82,1.056,
76207,15.567143,-40.06643,5.82,1.695,
76569,15.637855,-21.01633,5.82,1.077,
78442,16.014204,4.42736,5.82,1.003,
85207,17.411675,-21.44148,5.82,0.939,
87812,17.938445,0.67036,5.82,0.058,
91532,18.666774,-7.79080,5.82,1.536,
91974,18.747112,-25.01091,5.82,0.033,
92027,18.757879,5.50013,5.82,0.041,
92488,18.849586,-9.77410,5.82,0.594,
93580,19.058959,1.81877,5.82,0.182,
95785,19.482523,24.76872,5.82,1.023,
100276,20.339279,17.79293,5.82,1.5,
111600,22.609846,-31.66379,5.82,1.074,
112590,22.803067,37.41669,5.82,1.024,
113084,22.901935,40.37691,5.82,1.136,
116250,23.555432,-77.38533,5.82,0.681,
3299,0.700953,66.14759,5.83,1.042,
5021,1.072084,61.58018,5.83,0.569,
8544,1.835714,22.27534,5.83,0.743,
13108,2.808913,18.28379,5.83,1.216,
26396,5.619123,26.92447,5.83,-0.075,
29379,6.192307,24.42025,5.83,1.11,
29575,6.231732,-3.74137,5.83,0.91,
29629,6.243529,-4.56846,5.83,-0.155,
35749,7.373719,-5.98283,5.83,0.352,
36812,7.571081,3.37173,5.83,-0.018,
39380,8.051156,-32.46355,5.83,1.225,
40077,8.186332,-48.46199,5.83,-0.146,
45559,9.285478,-14.57407,5.83,1.049,
45675,9.311766,-51.56065,5.83,0.474,
48748,9.943192,-33.41850,5.83,1.202,
56035,11.484621,61.77837,5.83,0.382,
58181,11.932892,56.59856,5.83,1.101,
62512,12.810944,60.31982,5.83,0.467,
67861,13.899234,-47.12816,5.83,-0.053,
70663,14.453392,-46.13425,5.83,0.311,
71573,14.637560,54.02334,5.83,0.007,
73566,15.035119,-28.06061,5.83,0.164,
80351,16.403008,6.94821,5.83,0.018,
81289,16.603113,46.61333,5.83,1.044,
81472,16.640637,-43.39843,5.83,-0.053,
85379,17.445623,48.26006,5.83,0.121,
85760,17.524298,-80.85913,5.83,1.617,
88818,18.130434,26.10128,5.83,0.158,
97376,19.791050,38.40761,5.83,-0.087,
100069,20.301941,40.73208,5.83,0.073,
103359,20.940407,50.72860,5.83,0.337,
103810,21.035834,56.66961,5.83,-0.058,
104680,21.203806,-40.26936,5.83,0.45,
105164,21.303076,-4.51948,5.83,-0.13,
108875,22.055287,11.38655,5.83,-0.05,
110787,22.445122,78.78585,5.83,0.171,
114382,23.165955,-42.86129,5.83,0.475,
840,0.171908,-5.24859,5.84,0.973,
873,0.178565,-12.57990,5.84,1.0,
6502,1.391933,-30.94562,5.84,1.612,
9132,1.962151,27.80438,5.84,1.576,
10035,2.152584,-43.51660,5.84,1.197,
11840,2.547952,34.54241,5.84,1.083,
12288,2.638515,-30.19406,5.84,0.476,
14110,3.032255,-9.96141,5.84,1.092,
15305,3.290722,-47.75166,5.84,1.228,
19454,4.166752,86.62614,5.84,0.393,
22407,4.821965,32.58819,5.84,0.25,
23148,4.980829,-82.47051,5.84,0.932,
23883,5.132066,21.70482,5.84,0.168,
34758,7.194890,-20.88306,5.84,-0.038,
35025,7.244993,24.88498,5.84,1.554,
36721,7.552716,-24.71073,5.84,0.156,
50336,10.278268,25.37071,5.84,1.206,
52139,10.652130,37.91000,5.84,0.595,
56606,11.606215,-61.05243,5.84,-0.102,
61916,12.689723,-46.14558,5.84,1.475,
63143,12.938221,54.09949,5.84,0.204,
64587,13.238153,-78.44745,5.84,1.04,
64623,13.245361,-48.95702,5.84,1.061,
69829,14.291237,15.26338,5.84,1.678,
71002,14.521224,-67.71720,5.84,1.006,
74539,15.231476,-26.19357,5.84,1.139,
76594,15.642833,50.42328,5.84,0.847,
78168,15.961240,-20.98308,5.84,0.012,
81741,16.695961,-33.14576,5.84,0.653,
82716,16.907484,-42.47889,5.84,0.626,
85889,17.552052,-41.17307,5.84,0.041,
87472,17.872156,-34.41684,5.84,1.129,
88670,18.102055,-8.32396,5.84,0.184,
91461,18.653968,-47.90977,5.84,0.233,
92822,18.913095,48.85940,5.84,0.452,
95188,19.364137,-18.30839,5.84,1.062,
95582,19.441302,19.89149,5.84,1.558,
95732,19.472444,2.93003,5.84,-0.003,
99572,20.207186,-12.61750,5.84,0.476,
106062,21.483271,22.17944,5.84,1.37,
108226,21.925276,65.32081,5.84,-0.037,
111810,22.647942,19.52226,5.84,0.922,
112417,22.769497,44.54605,5.84,0.358,
12686,2.716528,53.52611,5.85,1.125,
18606,3.981221,-5.46995,5.85,1.001,
20271,4.345232,-7.59249,5.85,-0.124,
21604,4.637731,20.68472,5.85,-0.019,
33377,6.942238,46.27400,5.85,-0.079,
34819,7.207327,24.12859,5.85,0.397,
44406,9.045783,7.29827,5.85,1.1,
45314,9.235615,-44.14582,5.85,-0.113,
45386,9.249213,-37.60240,5.85,0.827,
48734,9.940549,8.93316,5.85,1.129,
52922,10.823457,-59.32379,5.85,0.008,
52948,10.828747,-9.85270,5.85,1.074,
57841,11.861559,-30.83481,5.85,0.554,
59608,12.223872,10.26234,5.85,0.262,
66798,13.691625,64.82241,5.85,0.073,
72959,14.910532,-33.30058,5.85,1.429,
74100,15.144223,-42.86792,5.85,-0.123,
76509,15.625562,54.50873,5.85,1.098,
77370,15.793867,55.37663,5.85,0.249,
91438,18.648168,-21.05187,5.85,0.673,
94336,19.201416,49.85576,5.85,0.666,
95352,19.399027,43.38817,5.85,0.924,
111643,22.616346,-40.59103,5.85,0.06,
113622,23.011917,3.01180,5.85,1.343,
114641,23.224029,11.06500,5.85,1.004,
117722,23.874998,-14.25122,5.85,1.252,
1372,0.285845,47.94741,5.86,-0.079,
3750,0.802487,72.67448,5.86,1.01,
8387,1.803038,16.95555,5.86,-0.039,
10326,2.216940,-21.00014,5.86,1.006,
13339,2.861594,46.84194,5.86,0.903,
16989,3.641459,-7.39186,5.86,0.98,
20341,4.357511,-0.09817,5.86,1.32,
21972,4.722665,49.97379,5.86,0.013,
23475,5.045943,-4.21012,5.86,1.212,
25488,5.451478,-40.94351,5.86,0.239,
25887,5.526666,-45.92532,5.86,1.349,
29616,6.241273,17.90635,5.86,0.253,
31039,6.513090,58.16263,5.86,0.934,
33937,7.042580,16.67445,5.86,1.659,
35347,7.301181,-43.98679,5.86,-0.117,
36399,7.490455,-7.55117,5.86,0.487,
38712,7.925398,8.86284,5.86,0.369,
40357,8.239965,-45.83452,5.86,-0.176,
43370,8.833953,-29.46300,5.86,0.948,
45585,9.291005,-74.73459,5.86,-0.024,
46618,9.506246,-15.57735,5.86,1.193,
46736,9.525840,-35.71475,5.86,1.287,
48893,9.973019,72.87951,5.86,1.155,
49893,10.186884,37.40190,5.86,1.282,
53778,11.003248,-14.08337,5.86,1.501,
61420,12.585602,21.88138,5.86,1.242,
61720,12.650962,-30.42239,5.86,1.207,
69929,14.310627,-18.71597,5.86,0.013,
71182,14.558325,-52.67952,5.86,1.085,
71184,14.559004,-54.99863,5.86,0.482,
72567,14.837723,23.91184,5.86,0.576,
77052,15.733839,2.51517,5.86,0.684,
77541,15.832640,-48.91241,5.86,0.068,
79098,16.145478,-23.68542,5.86,0.02,
79320,16.188256,-41.11980,5.86,0.273,
82172,16.788818,42.23892,5.86,1.504,
82621,16.890340,-20.41556,5.86,0.685,
85049,17.382007,-58.01033,5.86,1.075,
88101,17.993545,-4.82113,5.86,1.561,
89099,18.184876,-41.35911,5.86,0.295,
89115,18.187714,-75.89151,5.86,1.253,
89234,18.209482,-73.67242,5.86,0.464,
94157,19.166015,-41.89226,5.86,-0.08,
97081,19.729192,41.77311,5.86,1.598,
100062,20.300388,-21.80996,5.86,1.002,
100738,20.424119,-28.66327,5.86,1.101,
102772,20.821559,-25.78124,5.86,-0.069,
112997,22.883963,16.84119,5.86,1.132,
116380,23.583065,71.64204,5.86,1.681,
117503,23.828044,36.42528,5.86,0.806,
207,0.043357,66.09897,5.87,1.073,
5926,1.269972,71.74384,5.87,2.042,
6226,1.330082,-0.50903,5.87,0.635,
9572,2.049602,-15.30593,5.87,0.966,
20804,4.457991,11.21230,5.87,0.049,
26487,5.633644,7.54142,5.87,-0.061,
27533,5.831528,-22.97187,5.87,0.055,
28011,5.925048,-4.61655,5.87,1.173,
30666,6.444329,-1.50734,5.87,0.07,
31665,6.627332,56.85753,5.87,0.006,
32753,6.830510,16.20289,5.87,-0.136,
35341,7.300616,40.88339,5.87,0.181,
35626,7.351204,-25.89164,5.87,1.604,
36444,7.499925,-52.65116,5.87,1.01,
37915,7.769596,-37.93367,5.87,-0.111,
39184,8.013875,-54.15127,5.87,-0.134,
39191,8.015520,25.39284,5.87,1.021,
46652,9.512006,33.65571,5.87,1.032,
52841,10.803921,-31.68785,5.87,0.028,
55763,11.425862,-37.74757,5.87,1.503,
62360,12.779508,-33.31548,5.87,1.326,
62641,12.836321,37.51694,5.87,0.17,
67836,13.895306,-53.37332,5.87,0.009,
69965,14.316922,-25.81543,5.87,0.518,
70657,14.451973,-65.82165,5.87,1.502,
77909,15.910981,-25.24374,5.87,-0.065,
84248,17.221673,-67.19659,5.87,1.07,
86219,17.619125,72.45579,5.87,1.016,
86847,17.745002,-42.72930,5.87,0.163,
90637,18.493253,23.86620,5.87,-0.096,
98416,19.996485,-9.95824,5.87,0.598,
99889,20.266837,45.57952,5.87,0.447,
100574,20.395658,37.47645,5.87,-0.173,
102891,20.844938,-12.54491,5.87,1.075,
105412,21.351199,-4.56013,5.87,0.912,
109730,22.227415,28.60802,5.87,1.169,
1493,0.310625,31.51723,5.88,-0.014,
2475,0.523787,33.58164,5.88,1.133,
3093,0.656063,21.25047,5.88,0.85,
4346,0.928444,-7.34715,5.88,1.52,
7601,1.631959,-82.97500,5.88,0.62,
11348,2.433431,-15.34125,5.88,0.116,
11670,2.508986,25.23504,5.88,0.412,
14086,3.027115,-28.09155,5.88,0.794,
19129,4.100882,68.67997,5.88,1.543,
20020,4.294519,-63.25541,5.88,-0.061,
21323,4.577220,28.96115,5.88,-0.048,
24203,5.195931,1.03703,5.88,0.662,
26865,5.703877,-22.37372,5.88,0.08,
28854,6.090842,-10.24260,5.88,0.374,
29679,6.252334,-20.27219,5.88,1.322,
29852,6.285991,-37.25350,5.88,0.139,
30545,6.421263,-0.94588,5.88,0.564,
30972,6.500827,46.68555,5.88,1.448,
31159,6.538668,4.85600,5.88,0.997,
31946,6.675624,71.74879,5.88,1.223,
32226,6.727402,3.93253,5.88,-0.046,
33415,6.948910,46.70535,5.88,1.093,
40305,8.230607,56.45225,5.88,1.016,
41074,8.380538,-26.34822,5.88,0.379,
41935,8.548610,38.01637,5.88,1.106,
44024,8.965434,-48.57291,5.88,1.06,
46620,9.506510,-58.36184,5.88,1.676,
50685,10.350943,68.74765,5.88,0.241,
53723,10.991925,-16.35370,5.88,1.6,
55086,11.278299,49.47625,5.88,1.102,
61181,12.536089,-73.00106,5.88,1.078,
61558,12.613154,-5.83190,5.88,0.072,
62402,12.788594,62.78115,5.88,0.215,
65323,13.388582,-4.92443,5.88,1.431,
65550,13.437943,46.02806,5.88,0.985,
67194,13.770435,41.08875,5.88,0.211,
71353,14.592079,-41.51744,5.88,-0.085,
73310,14.981550,-11.14401,5.88,1.274,
73493,15.020303,-38.05840,5.88,1.246,
74296,15.185777,-84.78781,5.88,-0.031,
74901,15.307257,-0.46123,5.88,1.507,
83176,16.999363,-25.09220,5.88,1.607,
87460,17.870461,-34.79920,5.88,-0.111,
90915,18.546154,23.61680,5.88,1.49,
90930,18.548704,-73.96560,5.88,0.992,
94013,19.140507,52.42573,5.88,1.086,
94630,19.256905,30.52638,5.88,1.665,
97783,19.870001,-19.04499,5.88,0.979,
98609,20.029086,24.80042,5.88,-0.134,
104171,21.106490,71.43180,5.88,0.386,
107232,21.717888,-14.39971,5.88,0.255,
109972,22.274039,57.22024,5.88,0.95,
111259,22.540660,39.77973,5.88,0.166,
111394,22.567476,-1.57427,5.88,0.977,
111934,22.672866,-30.65887,5.88,1.297,
114366,23.162397,-28.08857,5.88,1.311,
1630,0.340111,30.93561,5.89,-0.098,
2903,0.613142,15.23173,5.89,-0.146,
3170,0.673659,-59.45460,5.89,0.564,
9001,1.931800,37.27779,5.89,1.599,
9307,1.993244,21.05857,5.89,1.031,
9353,2.002544,3.09701,5.89,0.61,
11033,2.368051,-17.66217,5.89,1.231,
11381,2.443115,-20.04262,5.89,1.247,
11548,2.480139,29.93176,5.89,0.591,
13121,2.812750,25.18806,5.89,-0.033,
13949,2.994410,41.03294,5.89,1.445,
14502,3.121947,64.05759,5.89,-0.02,
18735,4.013545,18.19400,5.89,0.319,
19284,4.133171,17.33990,5.89,1.497,
24162,5.188660,-2.49078,5.89,0.462,
28139,5.947069,11.52106,5.89,1.111,
28271,5.973456,1.83711,5.89,0.223,
37031,7.609641,5.86217,5.89,0.602,
37752,7.742830,-37.94292,5.89,-0.115,
38267,7.839957,-50.50947,5.89,1.088,
40875,8.340564,57.74328,5.89,0.421,
41081,8.381991,-52.12373,5.89,0.018,
41676,8.496182,67.29744,5.89,0.972,
42008,8.562077,4.75700,5.89,1.066,
43121,8.782227,12.10995,5.89,0.12,
44283,9.019027,-68.68392,5.89,1.634,
44307,9.023369,32.25230,5.89,0.088,
50860,10.385091,33.90814,5.89,0.147,
52043,10.634070,-57.25631,5.89,-0.128,
54537,11.160699,43.20774,5.89,1.564,
56287,11.538888,-66.96182,5.89,1.136,
58103,11.916672,-63.27918,5.89,0.21,
58720,12.043815,-69.19229,5.89,-0.08,
58858,12.071277,21.45915,5.89,0.248,
62931,12.896923,-60.37624,5.89,0.2,
63033,12.916269,-44.15197,5.89,0.633,
65241,13.369358,5.15476,5.89,0.109,
67605,13.852560,34.66440,5.89,1.635,
69493,14.227997,-0.84546,5.89,0.489,
72432,14.810569,-36.63470,5.89,1.369,
75565,15.437389,-68.30917,5.89,1.0,
77442,15.809560,28.15675,5.89,0.608,
79357,16.196556,42.37457,5.89,1.464,
80212,16.374741,-43.91205,5.89,1.121,
81710,16.689756,-68.29612,5.89,-0.078,
84500,17.275477,1.21054,5.89,0.023,
86248,17.624253,-50.05970,5.89,1.109,
88469,18.064568,-24.36073,5.89,0.031,
92117,18.774610,-0.96169,5.89,0.131,
92312,18.814829,19.32872,5.89,0.022,
93104,18.967194,38.26619,5.89,-0.09,
93574,19.058242,-68.75554,5.89,0.553,
96016,19.522672,26.61717,5.89,0.915,
96234,19.569024,-40.03464,5.89,0.105,
96620,19.644769,54.97379,5.89,0.482,
97229,19.761096,7.61316,5.89,0.18,
101084,20.490863,56.06819,5.89,-0.052,
101843,20.638501,-81.28906,5.89,1.692,
103460,20.961290,-16.03154,5.89,0.18,
105269,21.322828,38.23747,5.89,0.505,
112833,22.850818,85.37374,5.89,1.34,
114745,23.243622,74.23127,5.89,-0.01,
116853,23.685809,-11.68065,5.89,0.984,
116918,23.699081,7.25055,5.89,0.101,
330,0.070462,62.28766,5.90,0.274,
3193,0.678437,-4.35184,5.90,1.091,
3456,0.736683,-38.42169,5.90,1.144,
3834,0.820540,-24.13667,5.90,0.944,
7321,1.571279,37.23715,5.90,-0.067,
7359,1.580296,18.46051,5.90,1.536,
11102,2.381852,-51.09213,5.90,0.213,
19076,4.088958,22.00890,5.90,0.62,
20873,4.473167,14.74097,5.90,0.325,
24294,5.213369,-6.05719,5.90,0.96,
27973,5.916387,31.70150,5.90,0.144,
28343,5.989384,49.92454,5.90,1.194,
28823,6.084276,42.98163,5.90,0.358,
33372,6.940509,9.95658,5.90,-0.085,
34982,7.237644,-9.94753,5.90,1.528,
35476,7.322881,2.74069,5.90,1.069,
36143,7.445130,-34.14069,5.90,-0.153,
36640,7.534934,-8.88133,5.90,0.54,
37995,7.786821,-22.51951,5.90,-0.18,
39251,8.027091,-37.28372,5.90,0.147,
42614,8.684812,-48.92268,5.90,-0.186,
43894,8.941814,40.20147,5.90,0.378,
46460,9.475160,-66.70188,5.90,0.012,
47544,9.693087,31.27782,5.90,1.579,
48519,9.895257,5.95857,5.90,1.662,
51556,10.530937,32.37955,5.90,0.114,
53530,10.952183,-50.76502,5.90,0.173,
55249,11.315266,1.65040,5.90,1.04,
57606,11.810753,14.28421,5.90,0.303,
60030,12.311199,-0.78718,5.90,0.168,
64515,13.223156,-50.69983,5.90,-0.011,
68092,13.941077,1.05058,5.90,0.217,
71571,14.637219,18.29838,5.90,1.099,
72296,14.784747,-38.29064,5.90,1.336,
73087,14.937008,14.44627,5.90,-0.031,
74386,15.201184,18.97603,5.90,1.414,
75696,15.464287,60.67022,5.90,1.441,
78877,16.101772,-23.60631,5.90,-0.071,
85409,17.453462,-50.63037,5.90,0.063,
90485,18.463745,-29.81686,5.90,0.517,
97122,19.738446,69.33706,5.90,0.072,
98526,20.016383,8.55773,5.90,1.529,
101067,20.488997,36.45473,5.90,0.407,
114407,23.169370,-40.59155,5.90,1.565,
8404,1.807227,3.68545,5.91,0.97,
10440,2.242208,-41.16676,5.91,0.965,
11867,2.551952,-34.64997,5.91,1.064,
12181,2.615879,38.73358,5.91,0.502,
14109,3.031706,26.46235,5.91,0.141,
15514,3.332166,27.07113,5.91,0.86,
16518,3.544449,35.46173,5.91,-0.084,
17595,3.769267,6.80352,5.91,0.992,
17618,3.774286,-29.33816,5.91,0.11,
17805,3.810821,0.22786,5.91,1.224,
20380,4.364392,56.50632,5.91,0.112,
20417,4.372981,20.82142,5.91,1.66,
21452,4.606727,64.26160,5.91,-0.009,
23408,5.030654,0.72211,5.91,1.267,
29678,6.252353,13.85110,5.91,-0.231,
33421,6.950145,33.68104,5.91,0.878,
34798,7.203393,-25.94259,5.91,-0.17,
35509,7.329901,7.14295,5.91,0.537,
39995,8.167719,58.24824,5.91,1.365,
42172,8.597493,6.62022,5.91,0.53,
42452,8.654898,52.71162,5.91,1.167,
46482,9.479763,-62.27313,5.91,1.102,
46734,9.525601,-31.87183,5.91,0.258,
49812,10.168761,-8.40817,5.91,0.026,
50103,10.229427,-40.34606,5.91,1.204,
51610,10.542670,-44.61851,5.91,0.92,
53257,10.891986,69.85388,5.91,1.01,
53423,10.928444,0.73692,5.91,0.425,
53449,10.933742,6.18537,5.91,1.256,
59517,12.206106,-62.95077,5.91,0.253,
60308,12.365953,-56.37438,5.91,1.533,
62103,12.727236,-1.57700,5.91,0.85,
62861,12.884502,-54.95247,5.91,1.309,
64226,13.163291,16.84861,5.91,1.45,
64246,13.167563,38.49898,5.91,0.294,
64466,13.213550,-66.22675,5.91,0.048,
64580,13.236699,-58.68394,5.91,1.084,
66454,13.623189,-46.42788,5.91,-0.11,
66903,13.710930,78.06444,5.91,1.0,
67782,13.886192,28.64813,5.91,0.202,
71115,14.542374,22.26006,5.91,0.391,
72438,14.812377,-66.59356,5.91,-0.106,
72773,14.876462,-63.80983,5.91,0.66,
73350,14.989754,4.56776,5.91,1.615,
73507,15.024195,60.20445,5.91,0.107,
78747,16.076899,-37.86295,5.91,0.409,
79596,16.239546,-33.01109,5.91,1.021,
82350,16.826294,13.26114,5.91,0.015,
82672,16.900106,-57.90951,5.91,1.592,
83478,17.060917,13.60535,5.91,0.01,
83491,17.064146,-38.15257,5.91,0.409,
84709,17.315842,-34.98979,5.91,1.082,
85048,17.381874,-37.22079,5.91,1.075,
87491,17.876512,1.30501,5.91,1.573,
92133,18.778634,52.98796,5.91,-0.096,
92931,18.933520,-23.17375,5.91,-0.021,
93179,18.979701,13.90665,5.91,0.251,
94556,19.244319,-45.19353,5.91,0.902,
95038,19.337783,57.64513,5.91,1.626,
95456,19.417790,-29.30936,5.91,1.278,
97598,19.837238,-47.55739,5.91,1.678,
97774,19.868658,47.93180,5.91,-0.174,
99531,20.200195,26.47881,5.91,-0.107,
100017,20.291918,66.85369,5.91,0.602,
101870,20.643053,23.68049,5.91,0.953,
102358,20.739457,56.48841,5.91,1.643,
102487,20.769441,-21.51403,5.91,0.066,
104105,21.091450,78.12639,5.91,-0.065,
112778,22.839381,41.95339,5.91,0.062,
113174,22.917399,37.07683,5.91,0.397,
114430,23.174235,43.54423,5.91,0.45,
116323,23.569171,-1.24757,5.91,0.299,
3760,0.804836,7.29993,5.92,1.104,
4962,1.060280,61.07482,5.92,0.512,
6564,1.405695,-6.91466,5.92,0.407,
6631,1.418136,-64.36948,5.92,1.561,
7016,1.506362,-26.20785,5.92,1.327,
8588,1.847770,11.04338,5.92,0.302,
13225,2.837438,-35.84364,5.92,0.899,
14844,3.195229,81.47071,5.92,0.149,
14913,3.207146,-44.41966,5.92,0.44,
23446,5.039668,-31.77133,5.92,1.17,
25471,5.446890,34.39181,5.92,0.138,
26108,5.567791,-1.47025,5.92,1.535,
27965,5.915746,19.74961,5.92,-0.145,
30986,6.503132,-10.08151,5.92,1.373,
31037,6.512858,-27.76957,5.92,-0.156,
32366,6.756378,-31.79366,5.92,0.491,
32463,6.775671,8.58715,5.92,-0.173,
37364,7.670425,-19.66086,5.92,1.158,
40881,8.342260,24.02231,5.92,-0.039,Piautos
41080,8.381693,-7.54312,5.92,1.635,
42001,8.560676,-38.84882,5.92,-0.114,
42265,8.618270,9.65558,5.92,0.083,
43589,8.877391,-48.35910,5.92,-0.148,
45270,9.226239,-47.33841,5.92,-0.051,
46897,9.557237,-22.86388,5.92,0.023,
52863,10.811266,-1.95890,5.92,1.608,
62561,12.818550,83.41783,5.92,0.015,
64390,13.197612,-69.94202,5.92,0.415,
66247,13.577903,-13.21432,5.92,0.02,
66878,13.706379,82.75241,5.92,0.993,
67210,13.771964,38.50363,5.92,0.948,
67292,13.791005,-50.24929,5.92,0.279,
68333,13.988187,-50.36965,5.92,0.957,
73415,15.003147,-77.16055,5.92,1.052,
80991,16.540463,60.82332,5.92,0.039,
81729,16.693527,26.91688,5.92,0.402,
98383,19.989006,45.77254,5.92,0.185,
103360,20.940526,49.19585,5.92,1.054,
104968,21.261779,77.01230,5.92,1.531,
108195,21.919823,-61.88661,5.92,0.393,
110532,22.392264,-7.19442,5.92,0.998,
112067,22.699293,14.51639,5.92,1.114,
114921,23.277719,-44.48917,5.92,1.053,
636,0.129693,-22.50856,5.93,0.141,
2611,0.552879,54.89498,5.93,1.037,
5594,1.195419,-2.25108,5.93,1.403,
13473,2.892885,-38.43700,5.93,0.437,
13479,2.893144,-22.37631,5.93,1.041,
14036,3.012261,10.87039,5.93,1.593,
15004,3.223297,48.17695,5.93,0.972,
15357,3.300717,-28.79707,5.93,0.337,
16029,3.439590,-27.31748,5.93,0.934,
16358,3.512617,6.18870,5.93,0.953,
18199,3.892587,-46.89367,5.93,1.22,
18723,4.011292,-30.49070,5.93,0.036,
24019,5.162524,28.03046,5.93,0.311,
25790,5.507268,15.36045,5.93,0.103,
26762,5.684888,0.33775,5.93,0.311,
27249,5.775106,56.11557,5.93,0.164,
27737,5.872276,-57.15619,5.93,0.656,
28790,6.077811,-45.07893,5.93,0.493,
29196,6.159010,22.19026,5.93,1.626,
31448,6.588221,9.98833,5.93,1.508,
34017,7.058457,29.33708,5.93,0.595,
35304,7.292700,52.13107,5.93,1.259,
37046,7.613067,55.75506,5.93,1.123,
37140,7.631628,48.77384,5.93,0.221,
37428,7.682922,23.01853,5.93,1.561,
37949,7.777793,65.45568,5.93,1.183,
45461,9.264639,72.94633,5.93,0.179,
49164,10.033361,-60.42089,5.93,0.263,
50885,10.390688,-4.07404,5.93,-0.048,
50993,10.416516,-58.57630,5.93,0.315,
53394,10.921456,-60.51700,5.93,1.065,
55874,11.452644,-12.35675,5.93,0.49,
58158,11.927814,-28.47710,5.93,1.499,
63165,12.942142,-72.18521,5.93,1.115,
63688,13.051487,-71.47573,5.93,0.002,
68670,14.057371,-56.21343,5.93,1.207,
69995,14.323302,-37.00291,5.93,0.082,
71759,14.678442,13.53433,5.93,0.238,
76424,15.608121,16.11908,5.93,0.354,
77086,15.739633,-41.81909,5.93,-0.007,
78542,16.034877,52.91592,5.93,1.498,
79120,16.149689,3.45447,5.93,1.471,
79137,16.153115,6.37869,5.93,0.988,
79953,16.319783,49.03816,5.93,1.369,
81523,16.651452,-37.21737,5.93,-0.035,
83896,17.146539,-30.40373,5.93,0.276,
84731,17.320142,-59.69461,5.93,1.389,
85520,17.477476,-55.16969,5.93,1.113,
87074,17.793550,-14.72582,5.93,0.009,
87813,17.938621,-15.81252,5.93,0.024,
90844,18.532498,-1.00298,5.93,0.17,
91347,18.631785,-21.39773,5.93,0.189,
92398,18.829420,32.81282,5.93,-0.154,
93624,19.065985,-51.01860,5.93,1.236,
93763,19.094772,-15.66042,5.93,-0.015,
94311,19.196114,31.28346,5.93,-0.062,
96977,19.712390,32.42674,5.93,0.118,
103836,21.040873,-38.53097,5.93,1.106,
103956,21.063225,53.28590,5.93,1.001,
105811,21.429729,36.66739,5.93,0.033,
109577,22.197592,16.04055,5.93,0.951,
112041,22.693340,41.54912,5.93,0.998,
112241,22.734782,39.46535,5.93,1.49,
117541,23.837425,-9.97414,5.93,1.133,
117761,23.882101,-3.15548,5.93,1.069,
1096,0.228401,-26.02235,5.94,1.548,
2377,0.505534,59.97755,5.94,-0.003,
2787,0.592454,-0.50561,5.94,0.444,
3521,0.749187,-42.67656,5.94,0.297,
7643,1.640968,-36.52825,5.94,1.045,
8423,1.810808,37.95287,5.94,0.975,
8593,1.848459,-50.20614,5.94,0.154,
10234,2.193287,-1.82543,5.94,0.967,
13367,2.866319,68.88850,5.94,0.7,
15669,3.364577,49.07091,5.94,0.468,
19376,4.150436,13.39828,5.94,0.052,
20619,4.418153,-61.23819,5.94,1.533,
21247,4.558511,72.52860,5.94,0.306,
25291,5.410700,31.14315,5.94,0.034,
31676,6.628200,61.48123,5.94,0.899,
32938,6.861785,-36.23027,5.94,0.183,
34358,7.122889,34.00929,5.94,1.507,
34817,7.207173,-36.54438,5.94,-0.145,
36156,7.448981,20.25756,5.94,0.336,
38167,7.820736,-35.24329,5.94,-0.051,
41117,8.389400,18.33220,5.94,0.175,
41578,8.477039,14.21082,5.94,0.201,
45661,9.307199,35.36408,5.94,0.177,
56148,11.508651,43.17324,5.94,0.524,
56318,11.546538,-7.82752,5.94,1.38,
56727,11.630127,-67.62038,5.94,1.013,
60157,12.336326,-22.17570,5.94,0.824,
70384,14.400243,8.24397,5.94,0.066,
77272,15.776337,55.47479,5.94,1.404,
82902,16.941328,-52.28375,5.94,-0.069,
84105,17.194077,-48.87340,5.94,1.786,
85382,17.446153,34.69580,5.94,-0.017,
86266,17.626724,-15.57104,5.94,0.357,
87390,17.859040,-40.77246,5.94,1.572,
88694,18.106585,-36.01979,5.94,0.615,
101123,20.498307,-18.58318,5.94,0.062,
104101,21.090756,5.95820,5.94,0.538,
107374,21.748134,62.46057,5.94,0.312,
108849,22.051044,-76.11843,5.94,0.399,
111925,22.671779,53.84593,5.94,0.946,
113686,23.025475,-4.71146,5.94,0.992,
4903,1.048407,41.34516,5.95,0.161,
5661,1.212616,-37.85648,5.95,0.281,
7447,1.598542,17.43384,5.95,0.259,
12821,2.747133,67.82463,5.95,0.136,
16664,3.574062,24.46439,5.95,0.123,
17846,3.818922,43.96310,5.95,0.279,
19996,4.288673,-6.47218,5.95,1.078,
20241,4.337341,41.80807,5.95,0.962,
20892,4.477510,-19.45887,5.95,1.215,
21042,4.511203,-35.65350,5.95,1.005,
23261,5.005095,39.39470,5.95,0.415,
27253,5.776364,1.16819,5.95,0.773,
27713,5.868814,-9.04190,5.95,0.1,
28085,5.937296,-22.83997,5.95,1.107,
31599,6.612944,-13.32104,5.95,1.562,
33729,7.006599,-8.40682,5.95,-0.075,
35054,7.249209,-41.42639,5.95,-0.146,
35127,7.262011,-10.58361,5.95,1.173,
36345,7.480876,-31.84840,5.95,-0.156,
36496,7.508587,-54.39937,5.95,1.585,
37478,7.693099,3.62478,5.95,-0.032,
40693,8.306651,-12.63217,5.95,0.754,
41321,8.431002,-64.60062,5.95,0.971,
42147,8.591307,-26.84349,5.95,0.393,
43899,8.942813,-16.70875,5.95,1.544,
44892,9.146483,26.62911,5.95,0.654,
44897,9.147526,33.88222,5.95,0.585,
46859,9.548826,-13.51680,5.95,1.501,
48191,9.824471,-37.18677,5.95,1.245,
48527,9.897251,-51.14671,5.95,-0.152,
50319,10.275639,23.50309,5.95,0.655,
52577,10.751118,67.41138,5.95,2.382,
53035,10.851502,-3.09267,5.95,1.475,
53334,10.908222,-61.82662,5.95,1.736,
54049,11.060164,-0.00083,5.95,1.218,
56473,11.578470,16.79691,5.95,-0.156,
56970,11.678468,-53.96861,5.95,1.67,
58460,11.988205,33.16700,5.95,1.153,
58921,12.082564,-60.96825,5.95,1.691,
59050,12.106404,-65.70945,5.95,0.613,
59285,12.161475,1.89789,5.95,1.12,
60595,12.419935,-11.61059,5.95,0.043,
62207,12.749852,39.27892,5.95,0.557,
64224,13.162578,-10.32933,5.95,1.49,
68009,13.927493,-82.66619,5.95,1.411,
76716,15.665726,-59.90834,5.95,0.505,
76877,15.698527,-76.08196,5.95,-0.034,
77939,15.916768,-19.38293,5.95,-0.013,
79797,16.284849,-67.94128,5.95,0.159,
82650,16.895119,-43.05097,5.95,1.643,
83235,17.010275,-35.93413,5.95,1.161,
84226,17.216266,-32.43833,5.95,0.071,
84425,17.259994,-38.59390,5.95,0.58,
87875,17.951199,0.06667,5.95,0.11,
90606,18.488891,-80.23271,5.95,1.173,
93862,19.115445,-48.29914,5.95,-0.017,
98461,20.004425,-37.70172,5.95,0.989,
100501,20.379249,41.02601,5.95,1.632,
103545,20.978289,-14.48313,5.95,0.244,
111045,22.496114,-27.10728,5.95,0.362,
116368,23.580378,-15.24601,5.95,1.35,
116714,23.652823,75.29288,5.95,0.124,
117265,23.776869,66.78224,5.95,-0.049,
117500,23.827608,28.84239,5.95,0.187,
118092,23.955508,-62.95658,5.95,0.101,
1706,0.357986,-77.42687,5.96,1.397,
8598,1.849198,51.93342,5.96,0.419,
9631,2.063381,-0.34025,5.96,0.851,
10296,2.210427,24.16778,5.96,1.366,
15968,3.426737,-69.33644,5.96,0.415,
22361,4.813968,75.94122,5.96,0.283,
24786,5.314017,-18.13005,5.96,0.572,
26535,5.643881,-6.57396,5.96,-0.216,
27560,5.836962,4.42341,5.96,1.361,
27747,5.873168,19.86785,5.96,0.549,
33603,6.982507,3.60236,5.96,1.056,
33929,7.040426,17.75552,5.96,1.518,
34002,7.054977,9.13836,5.96,0.126,
34349,7.120359,-51.96828,5.96,0.996,
35084,7.255901,-52.49923,5.96,1.099,
39527,8.078445,-50.59040,5.96,1.213,
39659,8.105110,22.63549,5.96,1.652,
40932,8.353361,-57.97322,5.96,-0.092,
41328,8.432108,-14.92966,5.96,0.167,
42365,8.638607,32.80202,5.96,1.111,
43553,8.869936,45.31282,5.96,1.233,
43587,8.876625,28.33082,5.96,0.869,Copernicus
45590,9.291993,46.81723,5.96,0.063,
47224,9.624557,-36.09599,5.96,1.118,
47401,9.657750,67.27223,5.96,1.528,
52127,10.649906,-58.81685,5.96,1.692,
56452,11.574878,-32.83134,5.96,0.811,
61158,12.532260,-63.50584,5.96,0.263,
66427,13.618339,-44.14320,5.96,0.936,
66924,13.715287,-41.40104,5.96,1.019,
66984,13.727802,-42.06752,5.96,-0.075,
68455,14.014596,-66.26891,5.96,0.352,
69174,14.159734,-51.50467,5.96,-0.053,
70894,14.497366,0.82893,5.96,0.159,
74696,15.264907,-48.07366,5.96,0.21,
81966,16.744374,-53.15231,5.96,1.23,
89440,18.253603,-20.38797,5.96,-0.023,
89448,18.254739,68.75581,5.96,1.055,
93537,19.051057,-19.24569,5.96,1.158,
100256,20.333386,13.54809,5.96,0.299,
101082,20.490931,81.09128,5.96,0.942,
103371,20.942994,44.92472,5.96,0.02,
106642,21.600689,45.37459,5.96,1.341,
107302,21.733602,-14.74937,5.96,0.219,
107350,21.742035,14.77194,5.96,0.587,
108505,21.981532,62.69799,5.96,1.64,
110179,22.316872,-13.30499,5.96,1.075,
115144,23.323363,-18.07538,5.96,1.534,
4572,0.975285,66.35179,5.97,-0.008,
5510,1.175987,2.44567,5.97,1.491,
5778,1.235453,16.13348,5.97,-0.082,
6492,1.390264,20.46897,5.97,1.677,
7906,1.694233,30.04712,5.97,1.015,
9533,2.043077,13.47672,5.97,1.584,
13679,2.937158,8.38156,5.97,0.478,
14764,3.177443,11.87263,5.97,-0.061,
15334,3.296042,39.28337,5.97,0.056,
17027,3.650310,-5.62621,5.97,0.921,
18170,3.886123,17.32708,5.97,0.354,
20614,4.415868,19.04201,5.97,0.378,
21847,4.697283,38.28018,5.97,0.593,
22697,4.879754,27.89748,5.97,0.368,
23831,5.123600,-12.49127,5.97,0.606,
26386,5.617884,11.03500,5.97,1.592,
26926,5.714976,-6.79617,5.97,0.447,
27435,5.809706,-4.09465,5.97,0.639,
27588,5.841674,2.02470,5.97,0.953,
28110,5.941121,9.50940,5.97,-0.038,
29771,6.268803,-16.61801,5.97,-0.167,
41250,8.415891,-42.76983,5.97,-0.159,
48802,9.953776,57.41820,5.97,0.895,
50480,10.307847,-41.66849,5.97,-0.063,
52340,10.697657,-79.78329,5.97,-0.071,
63533,13.019337,17.12315,5.97,0.971,
65545,13.436504,-1.19247,5.97,0.183,
67239,13.778701,25.70224,5.97,0.523,
67485,13.829296,61.48931,5.97,0.974,
73937,15.109222,-30.91848,5.97,-0.076,
76311,15.587835,53.92214,5.97,1.184,
79938,16.316783,-14.87283,5.97,1.475,
84656,17.306465,38.81139,5.97,1.011,
86575,17.692312,6.31316,5.97,1.271,
86871,17.748848,-57.54554,5.97,0.912,
89047,18.175443,54.28655,5.97,0.943,
96760,19.668657,-23.42909,5.97,1.038,
99171,20.133840,-0.67819,5.97,1.023,
101986,20.667549,43.45888,5.97,1.186,
104752,21.221933,-36.42353,5.97,0.967,
105224,21.314452,11.20337,5.97,1.612,
105727,21.413729,80.52483,5.97,0.95,
106340,21.537381,-33.94462,5.97,0.051,
108975,22.076879,-26.82236,5.97,-0.167,
109602,22.202248,24.95064,5.97,1.5,
111515,22.593437,-23.99109,5.97,0.984,
113801,23.045626,-20.87071,5.97,0.946,
114189,23.124642,21.13425,5.97,0.259,
518,0.104356,58.43673,5.98,0.687,
3697,0.789898,6.74096,5.98,0.941,
6711,1.438517,43.45774,5.98,0.52,
7740,1.661338,16.40586,5.98,1.119,
12562,2.692814,-14.54928,5.98,0.429,
15241,3.276442,32.18402,5.98,0.988,
16339,3.510260,-47.37512,5.98,0.116,
16599,3.560855,54.97486,5.98,0.114,
21986,4.726318,-8.79432,5.98,0.645,
22840,4.914086,0.46717,5.98,-0.116,
24831,5.323246,-27.36888,5.98,-0.022,
26606,5.655087,29.21521,5.98,0.144,
28562,6.028627,48.95945,5.98,1.437,
36055,7.430889,-5.77496,5.98,0.901,
36236,7.461927,-22.85920,5.98,-0.088,
39014,7.983835,-45.21584,5.98,-0.143,
41674,8.496011,-46.33169,5.98,-0.127,
43550,8.869453,42.00274,5.98,1.251,
45412,9.253963,34.63352,5.98,0.839,
49844,10.177142,-41.71525,5.98,1.239,
51623,10.546615,-58.66674,5.98,0.29,
52827,10.801503,-59.91916,5.98,0.274,
57165,11.724219,-37.19015,5.98,1.449,
64033,13.123418,-59.86051,5.98,0.435,
66907,13.712063,34.98902,5.98,0.857,
68498,14.022341,8.89491,5.98,0.089,
74224,15.168702,-38.79251,5.98,0.867,
74561,15.235011,31.78785,5.98,1.552,
77412,15.803696,13.78908,5.98,1.272,
83216,17.007490,-48.64776,5.98,0.883,
83693,17.105608,-37.22759,5.98,0.076,
83854,17.137460,-17.60905,5.98,1.011,
84402,17.255635,-14.58414,5.98,1.096,
85442,17.460431,-29.72457,5.98,0.01,
85543,17.482247,-36.77828,5.98,1.112,
88550,18.080662,-35.90144,5.98,1.16,
89156,18.195866,33.44706,5.98,0.045,
93287,19.000987,-66.65362,5.98,0.977,
95999,19.519709,-68.43392,5.98,1.638,
96481,19.614570,11.27321,5.98,0.881,
96840,19.684869,13.81568,5.98,-0.078,
103652,21.001106,7.51620,5.98,0.283,
107129,21.700301,35.51020,5.98,2.5,
109466,22.176041,-4.26685,5.98,0.981,
111967,22.680247,-57.42232,5.98,1.45,
115065,23.306479,41.77368,5.98,0.215,
116728,23.655878,74.00263,5.98,0.889,
671,0.138204,-8.82411,5.99,1.034,
2159,0.454085,-25.54717,5.99,1.022,
3352,0.711609,-60.26281,5.99,1.318,
4552,0.970615,33.95088,5.99,1.0,
4998,1.067330,52.50216,5.99,1.447,
10729,2.301275,57.51632,5.99,1.039,
11095,2.381230,-73.64579,5.99,1.088,
12608,2.701834,-38.38369,5.99,0.917,
18339,3.921147,-12.09910,5.99,0.323,
22176,4.771341,18.73469,5.99,1.221,
22220,4.779021,40.31259,5.99,0.934,
24575,5.271708,34.31232,5.99,0.199,
25187,5.388475,-8.41559,5.99,-0.037,
25816,5.513514,41.46199,5.99,1.112,
26624,5.658653,-3.56470,5.99,0.294,
27939,5.912232,0.96862,5.99,1.328,
29692,6.254923,-18.47716,5.99,1.058,
29711,6.258243,-4.91472,5.99,0.097,
31876,6.663255,12.98277,5.99,0.063,
34914,7.223340,-22.67424,5.99,1.481,
35712,7.367633,0.17712,5.99,-0.069,
37345,7.666109,-37.57942,5.99,-0.04,
39236,8.025080,16.45531,5.99,-0.024,
46101,9.401526,-61.64890,5.99,1.06,
47559,9.696648,-55.21376,5.99,-0.119,
53272,10.895031,-70.72034,5.99,-0.02,
53726,10.992438,36.09310,5.99,1.595,
55280,11.321297,-64.58249,5.99,0.471,
62058,12.719221,-56.17622,5.99,-0.074,
62786,12.865815,-39.68043,5.99,-0.098,
63494,13.009985,-3.36849,5.99,1.119,
70363,14.396834,-53.17623,5.99,1.099,
70987,14.519678,-38.86971,5.99,1.06,
75256,15.377014,62.04708,5.99,-0.033,
81854,16.718380,77.51397,5.99,0.43,
81992,16.750053,-28.50966,5.99,0.103,
82611,16.888213,47.41672,5.99,1.325,
82806,16.923523,-63.26966,5.99,0.059,
84431,17.261520,23.74276,5.99,1.335,
85751,17.523134,-56.92096,5.99,-0.045,
88012,17.977514,-28.75909,5.99,-0.077,
89587,18.281417,-3.00740,5.99,0.89,
90052,18.376477,12.02968,5.99,0.056,
92391,18.828043,-5.91286,5.99,1.568,
92833,18.914588,33.96858,5.99,0.922,
96895,19.696945,50.52506,5.99,0.643,
98738,20.054555,18.50099,5.99,1.42,
101909,20.651380,15.83820,5.99,-0.145,
102162,20.700731,-76.18059,5.99,0.45,
102945,20.857152,-5.62663,5.99,0.464,
103219,20.912304,75.92557,5.99,0.946,
105574,21.382293,-9.31933,5.99,1.516,
112117,22.710245,-47.21081,5.99,0.584,
112862,22.855817,-29.53631,5.99,0.907,
115806,23.461218,25.16728,5.99,-0.066,
116653,23.639926,-76.86955,5.99,0.907,
116768,23.665289,9.67729,5.99,0.212,
3137,0.664428,-44.79629,6.00,1.142,
9564,2.047913,64.90147,6.00,0.029,
10215,2.189507,-10.05216,6.00,0.418,
11687,2.512556,0.25575,6.00,0.168,
11843,2.548372,15.03455,6.00,0.572,
20075,4.304466,-20.71526,6.00,1.597,
20493,4.392324,20.98204,6.00,0.029,
23766,5.108245,61.16976,6.00,1.38,
27265,5.779305,15.82250,6.00,-0.061,
29808,6.276553,-39.26439,6.00,0.163,
30318,6.376776,12.57024,6.00,0.319,
34182,7.088436,22.63746,6.00,-0.027,
34561,7.159268,-16.23451,6.00,0.04,
35611,7.348588,-26.96384,6.00,-0.172,
40183,8.208554,-46.26429,6.00,-0.113,
40889,8.344533,72.40723,6.00,1.537,
43392,8.839172,-42.08979,6.00,-0.114,
50546,10.324117,48.39676,6.00,1.022,
51194,10.457042,-65.70466,6.00,0.091,
51200,10.457792,41.60104,6.00,0.166,
59384,12.183354,81.70983,6.00,1.618,
60979,12.499413,-41.73590,6.00,1.515,
61688,12.645726,-18.25010,6.00,0.31,
62983,12.905184,-11.64857,6.00,0.068,
63340,12.979809,75.47251,6.00,1.03,
63948,13.105901,21.15340,6.00,0.393,
65129,13.346761,-55.80069,6.00,0.236,
66575,13.646933,-57.62272,6.00,1.138,
66925,13.715587,-56.76797,6.00,-0.096,
67545,13.840189,5.49722,6.00,0.899,
68101,13.942489,-54.70466,6.00,0.78,
71094,14.538953,26.67728,6.00,0.23,
72848,14.889939,19.15280,6.00,0.841,
76810,15.683083,16.02459,6.00,0.908,
77678,15.858736,-47.06080,6.00,1.152,
78665,16.059545,-32.00054,6.00,0.47,
83601,17.088005,0.70256,6.00,0.578,
84631,17.301372,17.31789,6.00,0.015,
86561,17.689386,51.81818,6.00,1.068,
87616,17.898548,-34.75272,6.00,-0.06,
91525,18.664670,52.19608,6.00,-0.067,
93855,19.114477,-16.22928,6.00,-0.025,
96198,19.561557,49.26232,6.00,1.545,
97402,19.796816,25.38406,6.00,0.993,
97499,19.817279,-10.87076,6.00,1.233,
105080,21.287289,55.79800,6.00,1.447,
107487,21.771186,-9.27594,6.00,1.629,
108612,22.002202,6.71744,6.00,-0.112,
110873,22.462847,31.84004,6.00,1.442,
760,0.155525,79.71455,6.01,0.203,
3436,0.730580,-12.01181,6.01,1.107,
6981,1.498017,18.35567,6.01,0.162,
8475,1.820986,47.89692,6.01,0.17,
8998,1.931620,1.84998,6.01,0.549,
9859,2.113676,25.70455,6.01,-0.03,
10203,2.186682,25.93694,6.01,1.365,
16266,3.494205,-6.80446,6.01,1.02,
17007,3.646575,-27.94305,6.01,-0.027,
21137,4.531043,15.85156,6.01,0.338,
21269,4.563382,9.41357,6.01,1.061,
21459,4.608092,23.34086,6.01,0.38,
28930,6.106235,29.51241,6.01,1.73,
31758,6.643174,-16.87355,6.01,0.042,
33800,7.018096,-58.93994,6.01,0.297,
34055,7.064333,12.59424,6.01,1.584,
37394,7.676534,-8.18543,6.01,0.153,
39122,8.004083,-48.98151,6.01,0.042,
41282,8.421945,-21.04596,6.01,0.402,
41597,8.480834,-9.74858,6.01,0.427,
43726,8.904986,-5.43446,6.01,0.661,
46288,9.439530,-1.46408,6.01,1.313,
48341,9.853898,-4.24335,6.01,0.171,
50536,10.321353,-12.52813,6.01,0.258,
50635,10.341990,54.21684,6.01,1.128,
51213,10.460831,9.76240,6.01,-0.043,
51905,10.604628,-16.34433,6.01,1.638,
54136,11.075344,38.24137,6.01,0.165,
59364,12.179471,27.28150,6.01,0.123,
63490,13.009074,-33.50527,6.01,0.386,
63584,13.029737,63.61022,6.01,0.427,
64212,13.160739,37.42315,6.01,1.169,
64979,13.317849,35.12798,6.01,0.277,
66015,13.534114,-18.72888,6.01,0.196,
68279,13.977752,14.64927,6.01,1.43,
70949,14.512608,4.77229,6.01,1.421,
75674,15.460798,25.10163,6.01,1.654,
77358,15.791435,-37.91631,6.01,0.715,
85333,17.438614,7.59565,6.01,0.592,
86527,17.682930,-32.21446,6.01,1.673,
87445,17.867978,39.98209,6.01,1.341,
88190,18.010104,33.21368,6.01,1.516,
89827,18.331131,29.66639,6.01,1.319,
98575,20.023291,-22.73731,6.01,0.981,
99579,20.208812,51.46357,6.01,1.139,
102080,20.687836,14.58288,6.01,1.235,
102805,20.827158,12.54513,6.01,0.42,
103734,21.020240,36.02601,6.01,0.994,
105891,21.445823,52.89854,6.01,-0.109,
111314,22.550770,69.91354,6.01,0.334,
112998,22.884383,60.10103,6.01,1.748,
117956,23.925966,47.35580,6.01,1.17,
118071,23.951009,42.65823,6.01,0.712,
1196,0.249677,8.82096,6.02,0.312,
9220,1.975896,61.69779,6.02,-0.042,
14748,3.174179,26.89623,6.02,1.278,
19261,4.128328,15.16279,6.02,0.397,
23377,5.026257,-39.71805,6.02,0.893,
24072,5.171891,37.30185,6.02,0.72,
25482,5.449948,-68.62254,6.02,0.346,
31852,6.659200,28.26313,6.02,-0.087,
33614,6.984126,38.05232,6.02,1.218,
34999,7.241181,-10.31625,6.02,-0.173,
35213,7.277322,-23.31094,6.02,0.317,
37823,7.755013,-43.75257,6.02,-0.069,
38732,7.929608,-43.84505,6.02,-0.111,
39261,8.028465,60.32435,6.02,0.158,
41224,8.411881,42.00524,6.02,1.591,
43620,8.884386,-56.64948,6.02,-0.023,
45418,9.254902,-58.38838,6.02,-0.101,
45481,9.267786,-44.89872,6.02,0.269,
48414,9.870045,2.45413,6.02,-0.04,
50174,10.241598,21.16806,6.02,0.573,
52366,10.703130,31.69700,6.02,1.617,
55564,11.380902,64.33051,6.02,0.085,
57240,11.736990,25.21833,6.02,1.533,
60771,12.456899,-63.78899,6.02,0.052,
61936,12.692759,62.71304,6.02,0.051,
61951,12.697056,-19.75909,6.02,0.397,
62757,12.860247,3.05679,6.02,1.288,
67005,13.731884,52.06441,6.02,0.017,
69090,14.140990,-74.85028,6.02,0.581,
71277,14.577362,36.62606,6.02,1.379,
74421,15.209444,-72.77060,6.02,-0.002,
76935,15.710341,-49.48955,6.02,1.315,
79601,16.242628,73.39489,6.02,0.063,
81873,16.722812,-67.43239,6.02,0.037,
81911,16.731027,34.03880,6.02,0.321,
82037,16.758243,1.02016,6.02,-0.012,
90651,18.496322,-14.58199,6.02,0.006,
90759,18.517486,-41.91383,6.02,0.138,
91373,18.635132,39.66833,6.02,1.444,
91915,18.738407,61.04814,6.02,0.967,
94382,19.210204,21.55457,6.02,0.069,
94755,19.280941,46.99910,6.02,0.479,
102011,20.671635,60.50526,6.02,0.443,
102033,20.676743,29.80555,6.02,0.163,
106171,21.505645,52.95800,6.02,0.08,
107423,21.758004,-71.00885,6.02,-0.099,
108626,22.006732,-55.88349,6.02,-0.061,
116097,23.524152,-44.84358,6.02,1.014,
3604,0.769669,44.86150,6.03,-0.063,
5074,1.081288,5.65626,6.03,1.525,
7387,1.587465,-58.13947,6.03,0.382,
13387,2.871940,-62.90958,6.03,1.249,
15353,3.299728,-66.92685,6.03,0.133,
15850,3.402814,12.62959,6.03,1.227,
16181,3.474046,22.80401,6.03,0.951,
23380,5.026676,61.07800,6.03,0.448,
24384,5.231482,-52.03075,6.03,1.392,
26427,5.624266,-5.93839,6.03,-0.21,
27421,5.806213,20.86948,6.03,-0.051,
28154,5.948922,24.24969,6.03,0.346,
30794,6.470690,70.53532,6.03,0.103,
31617,6.617191,-38.14651,6.03,1.03,
33044,6.884316,35.78800,6.03,1.455,
33243,6.916366,-2.80359,6.03,1.102,
33444,6.953648,57.56329,6.03,1.495,
34780,7.200550,-63.19006,6.03,-0.011,
38325,7.851591,54.12924,6.03,0.496,
38394,7.865771,19.32509,6.03,1.125,
38868,7.954411,8.64122,6.03,1.0,
40231,8.216592,16.51432,6.03,0.89,
41214,8.410121,-4.71700,6.03,0.46,
42895,8.741670,-65.82543,6.03,0.217,
53465,10.937365,42.00816,6.03,1.123,
53791,11.005750,42.91172,6.03,0.584,
60467,12.396397,42.54274,6.03,0.366,
60599,12.420863,23.92620,6.03,1.094,
70325,14.388960,-50.77225,6.03,1.36,
71530,14.629609,-67.93201,6.03,0.506,
74000,15.122324,18.44183,6.03,0.073,
79490,16.221381,-53.67117,6.03,1.965,
82259,16.807493,-14.90942,6.03,0.192,
84792,17.331486,-17.75654,6.03,0.04,
87532,17.882668,-35.62431,6.03,0.342,
88020,17.978422,36.28780,6.03,0.949,
89637,18.293402,-34.10726,6.03,-0.096,
94598,19.250747,20.20312,6.03,0.895,
95002,19.331407,11.53496,6.03,0.087,
95408,19.408383,-27.86594,6.03,-0.117,
96387,19.596751,36.94454,6.03,-0.08,
98143,19.945595,36.25060,6.03,-0.14,
101160,20.504990,10.89592,6.03,-0.019,
111869,22.659536,37.59282,6.03,0.854,
113044,22.893852,-48.59829,6.03,0.621,
117880,23.910710,-40.30006,6.03,0.572,
117957,23.926067,57.41217,6.03,0.155,
2789,0.592591,-54.82187,6.04,1.001,
3988,0.854551,61.80549,6.04,1.88,
5824,1.245109,6.99514,6.04,1.081,
5936,1.271922,33.11472,6.04,1.163,
9568,2.049177,77.91626,6.04,1.107,
12862,2.755807,4.71163,6.04,0.312,
22144,4.765406,-39.35662,6.04,1.065,
22354,4.812396,3.58853,6.04,1.2,
23643,5.081813,-3.03967,6.04,-0.117,
23777,5.110206,-13.12262,6.04,-0.03,
26264,5.593372,-78.82084,6.04,-0.018,
26712,5.676641,31.35820,6.04,0.037,
27341,5.790803,-10.53296,6.04,0.135,
27778,5.877803,33.91746,6.04,1.579,
28500,6.016793,27.57236,6.04,0.218,
28520,6.020305,-25.41776,6.04,0.027,
28637,6.046833,49.90568,6.04,-0.033,
29371,6.191086,13.63856,6.04,0.021,
29993,6.313553,-15.02495,6.04,1.663,
32368,6.756490,-23.46243,6.04,1.205,
36017,7.422215,-21.98259,6.04,0.227,
40818,8.330518,3.94803,6.04,0.964,
42049,8.570375,8.45234,6.04,0.332,
44213,9.006183,-43.17399,6.04,-0.154,
45033,9.172461,21.99641,6.04,0.89,
45058,9.177444,30.96314,6.04,1.373,
45814,9.341576,-37.58169,6.04,1.396,
51551,10.530190,-28.23710,6.04,0.501,
51560,10.532401,-45.06966,6.04,-0.096,
52113,10.647337,-12.44362,6.04,-0.007,
58453,11.986352,-51.69676,6.04,1.277,
64994,13.321942,-72.03560,6.04,1.341,
67271,13.787057,-9.70946,6.04,1.418,
71581,14.638711,-38.79418,6.04,1.422,
76372,15.598158,11.26566,6.04,1.125,
78046,15.935233,-39.86436,6.04,0.13,
78286,15.984552,49.88104,6.04,0.289,
80021,16.334521,21.13261,6.04,0.938,
83138,16.989316,56.68859,6.04,1.165,
85788,17.530305,-46.03678,6.04,0.805,
86178,17.610206,30.78518,6.04,0.158,
89279,18.218005,38.77349,6.04,-0.057,
91852,18.726696,36.55660,6.04,1.04,Xihe
92008,18.753198,-61.09520,6.04,1.484,
92394,18.828799,-72.99572,6.04,0.033,
93354,19.015334,33.80216,6.04,0.983,
97087,19.730959,34.16272,6.04,-0.071,
97515,19.819889,-28.78897,6.04,0.403,
97674,19.850320,-65.60509,6.04,0.317,
103301,20.927966,4.53272,6.04,0.824,
103777,21.029244,-26.88099,6.04,0.073,
109624,22.207155,-14.19396,6.04,0.386,
110498,22.383475,62.41936,6.04,0.035,
113137,22.910981,-70.07371,6.04,0.66,
115272,23.347267,-50.30656,6.04,0.423,
2224,0.470195,16.44506,6.05,1.58,
2235,0.472236,10.18985,6.05,0.447,
3356,0.711914,-38.46348,6.05,-0.024,
8366,1.796291,-80.17631,6.05,0.338,
10054,2.157062,81.29595,6.05,0.118,
10403,2.234022,47.48424,6.05,0.406,
10438,2.241417,66.52443,6.05,0.641,
13402,2.875590,-12.76971,6.05,0.862,
13713,2.942584,47.16401,6.05,1.305,
14315,3.077241,1.86360,6.05,1.045,
17921,3.831964,22.24415,6.05,-0.006,
18485,3.951058,23.17555,6.05,0.031,
18592,3.978580,-57.10236,6.05,0.439,
19730,4.229114,72.12615,6.05,1.019,
21611,4.639372,-77.65600,6.05,1.08,
23442,5.038832,74.26937,6.05,1.562,
25007,5.354684,-34.34505,6.05,-0.176,
26942,5.717130,56.58152,6.05,0.951,
29843,6.284331,-22.71523,6.05,0.576,
30272,6.367654,59.37210,6.05,0.153,
30570,6.425816,23.32717,6.05,0.02,
30711,6.453160,-25.85650,6.05,0.545,
31646,6.623345,6.13538,6.05,0.018,
31859,6.660062,-23.69566,6.05,-0.031,
33094,6.892756,-28.53979,6.05,0.708,
36395,7.489407,-14.99866,6.05,0.479,
37580,7.712100,34.00022,6.05,0.469,
38370,7.861211,-42.88820,6.05,-0.181,
38975,7.975409,16.51868,6.05,1.468,
39067,7.993071,13.24217,6.05,1.325,
41373,8.440339,-52.80750,6.05,0.062,
41574,8.476884,24.14493,6.05,0.246,
42794,8.720081,-79.07008,6.05,0.229,
45127,9.194704,-39.25885,6.05,-0.108,
46093,9.399816,-51.73708,6.05,0.528,
46114,9.404523,-39.42550,6.05,0.193,
46328,9.445596,-64.92970,6.05,0.147,
48119,9.811118,-56.41189,6.05,0.937,
48876,9.968786,8.31398,6.05,1.357,
50109,10.230474,27.13582,6.05,0.844,
51302,10.478878,-3.74239,6.05,0.059,
52959,10.831591,27.97395,6.05,0.399,
55595,11.388320,0.13205,6.05,1.464,
56364,11.554117,-16.28038,6.05,0.59,
57214,11.731978,-6.67716,6.05,0.96,
57646,11.820774,16.24288,6.05,0.278,
58041,11.903196,-57.41020,6.05,0.05,
58697,12.039068,-85.63176,6.05,1.29,
59551,12.213063,-70.15179,6.05,1.78,
59895,12.284259,-16.69374,6.05,0.113,
60851,12.472025,-64.34099,6.05,0.022,
61103,12.522616,7.60431,6.05,1.523,
64320,13.182901,-52.56690,6.05,-0.079,
67890,13.904626,-28.56959,6.05,1.129,
72310,14.787125,-21.32487,6.05,1.649,
74716,15.269573,-43.48500,6.05,-0.128,
76608,15.645049,-39.12773,6.05,0.204,
77454,15.814005,-52.43826,6.05,1.385,
81440,16.633765,-6.53801,6.05,0.165,
81904,16.729888,-38.15635,6.05,-0.054,
83100,16.981183,-37.62051,6.05,0.179,
83255,17.016235,-86.36430,6.05,0.043,
85783,17.528993,-26.26971,6.05,-0.065,
86462,17.665978,31.20247,6.05,1.599,
87516,17.880340,-34.11483,6.05,1.241,
87722,17.918897,-36.47565,6.05,0.074,
89470,18.258546,-18.66158,6.05,0.165,
93925,19.125234,-28.63680,6.05,1.579,
100232,20.328685,-1.07851,6.05,1.093,
104217,21.115163,38.74206,6.05,1.309,
104914,21.251839,-17.34514,6.05,0.978,
105432,21.356094,32.61273,6.05,0.062,
2852,0.601906,-22.84233,6.06,0.297,
3269,0.693343,24.62901,6.06,0.298,
3489,0.742107,-62.49759,6.06,0.446,
4979,1.063619,1.36685,6.06,0.271,
13832,2.967314,38.61493,6.06,1.403,
14365,3.089171,40.58218,6.06,1.011,
17437,3.735119,48.52366,6.06,1.552,
19823,4.250499,57.46036,6.06,0.6,
20715,4.439195,8.59027,6.06,-0.01,
21239,4.556135,-10.78533,6.06,1.379,
22488,4.837828,-41.32085,6.06,0.408,
22842,4.914233,44.06086,6.06,-0.032,
35442,7.317200,-19.28030,6.06,0.612,
37248,7.650090,-53.27336,6.06,-0.118,
37843,7.758092,-14.69054,6.06,0.11,
38319,7.850655,33.23365,6.06,0.15,
48835,9.961833,-48.41407,6.06,-0.127,
50851,10.383458,6.54264,6.06,1.119,
53818,11.011331,-31.83937,6.06,0.527,
55140,11.288619,-67.82352,6.06,1.753,
59898,12.285095,-65.69296,6.06,0.021,
62026,12.713827,-55.94700,6.06,-0.023,
64790,13.279163,-65.13826,6.06,0.431,
65289,13.381281,-72.14671,6.06,0.049,
70874,14.493627,-76.72908,6.06,1.18,
70892,14.497131,31.79119,6.06,-0.013,
71639,14.653027,-46.58448,6.06,0.508,
72122,14.753252,-1.41753,6.06,1.608,
73107,14.941907,-32.63678,6.06,1.413,
79622,16.248175,-25.47698,6.06,0.027,
80558,16.447243,2.34794,6.06,0.919,
82780,16.917267,25.73068,6.06,0.921,
83504,17.066123,13.56742,6.06,1.05,
83853,17.137125,-1.07948,6.06,0.074,
89597,18.283589,-51.06827,6.06,-0.046,
92098,18.770280,41.44181,6.06,-0.12,
92243,18.799270,31.75683,6.06,-0.139,
95167,19.361182,79.60283,6.06,0.072,
95978,19.516746,70.98934,6.06,1.416,
97892,19.893168,59.70866,6.06,0.033,
102989,20.866322,-33.17797,6.06,0.029,
103414,20.952938,0.46378,6.06,1.217,
107173,21.709155,10.82431,6.06,-0.115,
108494,21.978831,-21.18295,6.06,1.621,
112127,22.711965,-44.24804,6.06,0.956,
117105,23.740318,-70.49023,6.06,0.91,
544,0.110209,29.02150,6.07,0.752,
1465,0.304791,11.20621,6.07,1.036,
4185,0.891173,37.41821,6.07,1.139,
5483,1.169845,15.67391,6.07,1.535,
6522,1.396337,78.72606,6.07,0.389,
8983,1.929576,-60.86098,6.07,0.356,
9999,2.146017,-17.77915,6.07,1.661,
12160,2.611954,31.60767,6.07,1.052,
12584,2.696757,-3.21381,6.07,1.175,
15118,3.249049,42.50364,6.07,1.093,
15870,3.407255,20.80349,6.07,-0.028,
19302,4.137612,37.72749,6.07,0.943,
29569,6.229262,51.17247,6.07,1.051,
29728,6.261160,6.06617,6.07,-0.124,
32504,6.783745,-21.01540,6.07,-0.159,
34768,7.197606,5.65470,6.07,-0.016,
38147,7.817177,13.37187,6.07,1.367,
40341,8.236399,-32.14071,6.07,-0.159,
41361,8.438259,-39.05896,6.07,-0.009,
43002,8.763690,-25.38809,6.07,0.084,
43822,8.924891,-7.97115,6.07,0.22,
44342,9.030234,27.90259,6.07,0.243,
49926,10.193187,-58.82776,6.07,1.647,
50044,10.216988,-59.91809,6.07,-0.072,
51448,10.507396,64.25769,6.07,0.178,
54294,11.108137,-58.67502,6.07,1.21,
54540,11.161074,67.21021,6.07,0.225,
59353,12.176058,-37.87035,6.07,0.19,
60992,12.501178,58.76777,6.07,0.988,
65951,13.521052,42.10615,6.07,1.075,
69241,14.175252,-70.30546,6.07,1.718,
69298,14.183865,-69.71932,6.07,0.19,
71154,14.552680,-30.71507,6.07,1.03,
72308,14.786830,-52.20526,6.07,0.084,
74493,15.221997,-19.64757,6.07,0.124,
75369,15.401422,45.27103,6.07,1.212,
77801,15.886694,13.19662,6.07,0.598,
78575,16.044283,-29.13580,6.07,1.304,
78685,16.062692,4.98683,6.07,0.96,
80910,16.523015,-26.53764,6.07,1.085,
81670,16.683496,24.85871,6.07,1.316,
81728,16.693384,-24.46796,6.07,0.214,
82012,16.753277,43.21717,6.07,1.415,
82162,16.786043,2.06453,6.07,0.14,
82691,16.902795,-41.82504,6.07,0.126,
83481,17.061579,-47.16057,6.07,0.072,
89096,18.184557,-47.51312,6.07,1.193,
90487,18.463978,3.74857,6.07,1.61,
91196,18.603683,65.48872,6.07,0.279,
93720,19.082857,30.73340,6.07,1.575,
98959,20.092216,-67.32090,6.07,0.648,
101949,20.659254,40.57966,6.07,-0.134,
103703,21.014379,-17.53090,6.07,1.267,
104538,21.175365,10.04892,6.07,0.022,
104765,21.224007,36.63326,6.07,0.223,
105558,21.378348,30.30988,6.07,1.079,
106938,21.657808,-10.57690,6.07,1.034,
107097,21.692850,40.80522,6.07,0.068,
112635,22.812291,62.93841,6.07,1.194,
116030,23.510988,38.66225,6.07,0.992,
116737,23.657761,-46.63780,6.07,0.24,
1939,0.408236,-2.21906,6.08,1.216,
4366,0.932920,27.20938,6.08,0.133,
14819,3.188549,-3.81160,6.08,1.67,
20109,4.311113,-52.86010,6.08,0.489,
20347,4.358698,-25.72858,6.08,0.371,
23743,5.103372,59.02134,6.08,1.112,
24349,5.225432,1.96768,6.08,0.421,
25532,5.460139,-21.37571,6.08,1.032,
26363,5.614560,40.18238,6.08,1.032,
28677,6.054982,42.91156,6.08,0.979,
29347,6.187127,-26.48210,6.08,-0.021,
31168,6.539798,11.67352,6.08,1.069,
40085,8.187944,9.82123,6.08,-0.104,
41262,8.418024,35.01141,6.08,1.261,
44315,9.025385,5.64099,6.08,1.111,
48396,9.866537,-16.53477,6.08,1.035,
50292,10.269166,-11.20342,6.08,1.096,
52150,10.654424,-74.49338,6.08,1.683,
53379,10.916948,-42.25110,6.08,-0.061,
59396,12.184772,-61.27743,6.08,0.398,
68673,14.057632,-41.42334,6.08,-0.112,
73309,14.981329,-4.98926,6.08,0.509,
81659,16.680928,12.39504,6.08,0.046,
83494,17.064885,34.79022,6.08,0.2,
84311,17.237058,-56.88853,6.08,1.728,
84524,17.278541,-6.24498,6.08,1.1,
86476,17.669984,-2.15230,6.08,1.608,
87926,17.961579,-76.17795,6.08,1.205,
92524,18.856155,-3.31786,6.08,0.299,
93966,19.132589,16.85338,6.08,0.705,
95898,19.502926,2.90407,6.08,1.82,
96882,19.693681,-65.85441,6.08,1.556,
97028,19.719332,30.67789,6.08,0.003,
100764,20.429985,-40.79618,6.08,1.364,
101919,20.652958,21.81744,6.08,-0.043,
105860,21.440739,19.37564,6.08,0.235,
109276,22.138122,25.54352,6.08,0.311,
115433,23.382424,-60.05584,6.08,1.603,
117075,23.733678,-45.08312,6.08,0.978,
117340,23.792514,46.83256,6.08,-0.135,
394,0.081573,34.65980,6.09,0.632,
5121,1.093579,-9.97932,6.09,1.012,
8820,1.889764,-38.59463,6.09,1.125,
9295,1.990524,12.29488,6.09,0.186,
9318,1.994750,-66.06656,6.09,1.176,
10176,2.181342,39.03953,6.09,-0.054,
11603,2.493155,9.56563,6.09,1.022,
12611,2.702345,-46.52444,6.09,0.876,
15988,3.432604,49.12076,6.09,-0.073,
17453,3.741167,20.92874,6.09,0.028,
17707,3.792260,55.92196,6.09,-0.02,
18481,3.950477,6.03997,6.09,0.058,
19641,4.208709,17.27746,6.09,1.081,
20106,4.310414,-22.96972,6.09,0.302,
21242,4.556917,43.06389,6.09,0.37,
21298,4.570609,-6.83781,6.09,1.384,
22034,4.736949,40.78645,6.09,0.04,
22441,4.828912,15.90422,6.09,1.551,
23216,4.996204,53.15545,6.09,1.462,
25216,5.393807,16.69930,6.09,0.141,
25317,5.415438,-44.22568,6.09,1.195,
27118,5.750498,4.00811,6.09,0.32,
28686,6.056880,11.68107,6.09,-0.035,
29705,6.257263,-9.03576,6.09,-0.081,
29789,6.271957,23.97003,6.09,0.897,
31813,6.651472,22.03088,6.09,1.027,
34142,7.079736,-22.03169,6.09,1.225,
34253,7.100629,-38.38285,6.09,0.702,
34318,7.114577,-24.96057,6.09,1.341,
37406,7.680429,57.08286,6.09,1.44,
38845,7.949396,-42.40648,6.09,1.361,
39340,8.041893,63.09031,6.09,0.58,
43204,8.801355,-6.55884,6.09,1.282,
48017,9.788366,79.13668,6.09,0.303,
49293,10.061385,-9.57379,6.09,1.671,
51676,10.557054,-58.19015,6.09,0.325,
51816,10.586229,-43.66459,6.09,0.94,
54214,11.092776,-11.08890,6.09,0.301,
55979,11.471791,-72.47398,6.09,0.101,
56789,11.642645,46.83421,6.09,0.401,
60603,12.421781,-27.74900,6.09,1.272,
65783,13.485541,-64.67579,6.09,0.117,
68431,14.009124,-78.58998,6.09,0.007,
69491,14.227731,-54.62563,6.09,0.051,
72965,14.911830,-65.99110,6.09,-0.061,
74479,15.218796,-36.09143,6.09,-0.081,
79332,16.191316,16.66569,6.09,0.02,
79692,16.264304,-14.84911,6.09,0.098,
80788,16.495895,-57.75632,6.09,1.459,
84489,17.272671,-35.75030,6.09,0.479,
85302,17.431768,16.91758,6.09,1.528,
86064,17.588863,-53.35293,6.09,0.025,
86311,17.635678,-42.88027,6.09,-0.057,
87174,17.810575,-55.40174,6.09,0.283,
87379,17.853067,-53.13027,6.09,0.01,
87404,17.862377,-45.60071,6.09,0.949,
87744,17.923233,55.97139,6.09,0.316,
89023,18.169091,16.47659,6.09,0.574,
93134,18.972579,-31.03598,6.09,1.347,
94929,19.316694,-15.53657,6.09,1.42,
95235,19.375931,33.51816,6.09,1.052,
95929,19.509201,3.44440,6.09,-0.019,
99762,20.240815,-63.41579,6.09,0.308,
100325,20.346263,-14.78489,6.09,-0.016,
100486,20.377030,31.26497,6.09,1.363,
101017,20.479649,-35.59586,6.09,-0.094,
101626,20.597691,-69.61059,6.09,1.293,
105768,21.421673,-71.79906,6.09,1.265,
113234,22.930982,-31.63323,6.09,1.358,
117420,23.809022,-6.38043,6.09,1.452,
117931,23.921274,-31.92147,6.09,-0.093,
1501,0.311712,43.79114,6.10,-0.074,
4501,0.961012,45.83938,6.10,1.028,
9085,1.949961,-51.76624,6.10,0.487,
14392,3.094489,56.06896,6.10,1.049,
17475,3.744697,46.09981,6.10,0.291,
20781,4.451654,-46.94750,6.10,0.47,
22955,4.938913,36.16854,6.10,0.352,
23617,5.077683,74.06695,6.10,0.018,
23680,5.089921,1.17763,6.10,3.332,
25098,5.372819,-56.13440,6.10,-0.091,
26300,5.600791,-47.31375,6.10,1.159,
26315,5.604432,47.71529,6.10,0.295,
26395,5.619103,-11.77552,6.10,0.051,
32332,6.748796,-70.43376,6.10,1.335,
33041,6.883725,38.86916,6.10,0.406,
34338,7.118464,4.91058,6.10,-0.129,
34782,7.201137,-30.82137,6.10,0.273,
37854,7.759866,-56.72257,6.10,0.397,
42928,8.748653,-21.16783,6.10,0.195,
43351,8.830593,-72.55124,6.10,0.185,
44708,9.109454,-55.80241,6.10,-0.132,
45184,9.207234,-7.10983,6.10,0.232,
48218,9.830582,21.17942,6.10,0.257,
51245,10.467247,-49.40580,6.10,1.506,
51795,10.582696,-23.17625,6.10,0.496,
52112,10.647310,-42.75344,6.10,0.661,
55528,11.373089,-44.64592,6.10,0.926,
57211,11.731342,-62.87828,6.10,0.063,
60591,12.419041,-42.51431,6.10,0.652,
64496,13.220114,18.72701,6.10,1.201,
65376,13.398313,37.03392,6.10,1.637,
65892,13.507146,-6.47027,6.10,0.341,
67714,13.871779,12.16513,6.10,0.042,
69623,14.250349,-29.28190,6.10,0.04,
70270,14.377421,-48.31986,6.10,-0.13,
70952,14.512832,63.18579,6.10,0.428,
72097,14.748755,-58.47749,6.10,1.013,
72121,14.753045,-55.60164,6.10,-0.066,
73354,14.990888,-43.15983,6.10,0.597,
75742,15.474225,-51.59793,6.10,1.067,
76337,15.592565,17.65555,6.10,0.975,
78355,15.998374,-54.02091,6.10,-0.016,
78726,16.071617,-33.21372,6.10,0.338,
82453,16.850010,-37.51451,6.10,0.124,
87671,17.907534,-34.46672,6.10,0.055,
89527,18.268214,2.37752,6.10,1.55,
91119,18.587085,34.45802,6.10,-0.115,
91606,18.682334,62.74947,6.10,0.978,
92551,18.860144,36.53909,6.10,-0.1,
96724,19.662478,33.97894,6.10,0.094,
98044,19.922793,58.25019,6.10,1.021,
100758,20.428479,-2.80038,6.10,1.193,
101221,20.517863,-15.05617,6.10,0.797,
103646,20.999911,-36.12964,6.10,0.4,
103894,21.051343,38.65742,6.10,1.011,
105841,21.437622,-54.66046,6.10,0.366,
106243,21.519341,12.13748,6.10,-0.047,
106703,21.613553,-33.04790,6.10,0.226,
107186,21.710780,49.60026,6.10,0.993,
107197,21.712603,59.27084,6.10,1.349,
107664,21.808154,38.64858,6.10,-0.072,
109509,22.183993,-21.23279,6.10,0.503,
109902,22.259732,-44.45150,6.10,0.988,
116307,23.565414,20.84093,6.10,1.654,
365,0.076830,42.09253,6.11,0.159,
696,0.142638,-17.57815,6.11,1.664,
1415,0.295295,51.43309,6.11,-0.151,
2629,0.556463,-71.26625,6.11,0.265,
3685,0.787118,19.57870,6.11,0.27,
4363,0.932093,-27.77584,6.11,1.674,
5993,1.284739,44.90199,6.11,1.59,
7271,1.560901,-78.50482,6.11,0.97,
7361,1.580775,-31.89232,6.11,1.109,
11524,2.476510,-31.10244,6.11,1.106,
13997,3.003303,38.13174,6.11,-0.057,
14040,3.014133,-2.87862,6.11,1.751,
14749,3.174235,-48.73416,6.11,1.118,
14821,3.189422,13.04785,6.11,1.038,
17181,3.679530,25.32949,6.11,0.097,
20255,4.340307,18.74261,6.11,0.404,
20765,4.449147,-24.08132,6.11,0.143,
21718,4.663117,-1.05246,6.11,0.943,
22597,4.862051,9.97508,6.11,0.06,
22844,4.914717,-58.54765,6.11,0.442,
22847,4.915226,-39.62861,6.11,1.423,
23511,5.055177,41.44165,6.11,0.188,
24041,5.167573,-0.56532,6.11,1.098,
26414,5.622031,8.95187,6.11,-0.17,
27937,5.911422,-49.62701,6.11,-0.148,
30407,6.393311,-9.87473,6.11,1.841,
31674,6.627998,-12.98512,6.11,0.994,
32775,6.833614,-60.24915,6.11,0.457,
36807,7.570231,-33.46343,6.11,0.297,
38246,7.834908,-19.52355,6.11,1.265,
40324,8.232972,-36.34078,6.11,-0.185,
40926,8.352123,-64.10600,6.11,0.93,
41163,8.398670,10.63206,6.11,1.507,
41319,8.430523,17.04627,6.11,0.448,
41907,8.544957,-73.35679,6.11,0.946,
46840,9.544832,1.86415,6.11,0.614,
48943,9.985085,-23.95077,6.11,-0.101,
49259,10.055719,-46.63619,6.11,0.041,
54185,11.084478,-49.39230,6.11,-0.019,
54742,11.208437,-18.49986,6.11,-0.004,
55106,11.282827,-7.13469,6.11,0.211,
59750,12.252933,-10.31240,6.11,0.47,
61404,12.581794,-67.75689,6.11,1.514,
62394,12.787123,11.95809,6.11,0.122,
62875,12.886433,-3.55310,6.11,0.493,
63211,12.952166,46.17679,6.11,1.012,
66086,13.546725,24.34674,6.11,0.969,
66574,13.646054,-70.44483,6.11,1.415,
67696,13.866939,-31.61921,6.11,0.478,
75342,15.395475,-1.02238,6.11,0.264,
77574,15.837862,-45.40171,6.11,0.299,
78078,15.942604,-14.82944,6.11,0.243,
80066,16.342394,-39.43034,6.11,-0.079,
80514,16.436496,11.40749,6.11,1.065,
83359,17.037712,64.60074,6.11,0.96,
83575,17.080489,48.80396,6.11,1.091,
86118,17.599880,20.99624,6.11,0.184,
88127,18.000944,80.00084,6.11,0.521,
93523,19.047950,19.66101,6.11,1.317,
94144,19.163374,-19.80366,6.11,1.156,
95965,19.515013,-21.31224,6.11,0.121,
97423,19.800840,-13.70362,6.11,0.193,
98485,20.007356,-43.04330,6.11,1.634,
99913,20.272163,21.59870,6.11,1.039,
101507,20.569916,-13.72109,6.11,0.543,
105370,21.342632,60.75641,6.11,1.005,
105949,21.457025,59.75008,6.11,1.72,
107140,21.702321,45.76570,6.11,1.415,
109303,22.144675,45.74225,6.11,0.763,
109659,22.214649,73.30719,6.11,1.006,
111567,22.602195,35.57750,6.11,0.997,
113167,22.916524,1.06490,6.11,0.192,
114258,23.139888,-79.48069,6.11,0.145,
1302,0.272645,43.59505,6.12,0.068,
1319,0.276122,8.24015,6.12,0.919,
4829,1.033838,-57.00239,6.12,0.935,
5170,1.102141,-23.99245,6.12,1.076,
9586,2.052914,73.85057,6.12,0.162,
10138,2.173673,-50.82373,6.12,0.812,
14547,3.130271,-69.26492,6.12,1.011,
16310,3.503773,-41.36994,6.12,0.489,
17120,3.666547,-1.12123,6.12,0.994,
19037,4.078028,-20.38186,6.12,1.157,
21363,4.583530,-19.92138,6.12,1.174,
24820,5.320748,20.13460,6.12,1.02,
28908,6.102375,35.38774,6.12,0.6,
29931,6.301558,14.38286,6.12,0.035,
30468,6.405716,-12.96194,6.12,-0.076,
34924,7.226792,-27.35636,6.12,-0.234,
39225,8.023068,-54.51553,6.12,-0.044,
39524,8.078172,-19.72815,6.12,-0.154,
40859,8.338061,-5.32993,6.12,1.329,
40876,8.340930,-22.92468,6.12,1.039,
42455,8.656144,-36.60668,6.12,0.426,
42954,8.755951,30.69775,6.12,0.935,
43580,8.875212,-13.23294,6.12,1.142,
45858,9.349828,38.18826,6.12,0.38,
46329,9.445806,-28.78770,6.12,-0.089,
46768,9.532142,-10.37034,6.12,1.183,
46869,9.550548,-8.50537,6.12,0.974,
47631,9.711873,35.09337,6.12,0.386,
50790,10.370261,-19.86657,6.12,0.035,
53240,10.890267,-2.25521,6.12,0.913,
54027,11.054039,-0.75234,6.12,0.269,
54783,11.215757,-49.73609,6.12,1.055,
56253,11.530832,81.12726,6.12,0.264,
66992,13.729212,22.70042,6.12,1.447,
68493,14.021962,-40.22194,6.12,1.265,
73068,14.932944,32.30006,6.12,0.109,
74571,15.236196,42.17141,6.12,1.635,
76617,15.646904,34.67504,6.12,1.039,
78469,16.018468,-54.57790,6.12,0.264,
82517,16.864968,-65.37546,6.12,-0.028,
84108,17.194519,49.74636,6.12,0.185,
84175,17.206962,-27.76212,6.12,-0.048,
86373,17.649404,13.32926,6.12,0.567,
89604,18.285235,40.93673,6.12,0.977,
92269,18.804467,48.76756,6.12,0.225,
92643,18.876957,-29.37968,6.12,1.344,
94398,19.212812,-50.48642,6.12,0.954,
97538,19.824306,38.71015,6.12,0.906,
97687,19.853083,-2.46099,6.12,1.573,
99145,20.128178,34.42291,6.12,0.117,
100977,20.473585,-3.35779,6.12,-0.049,
104756,21.222665,81.23097,6.12,0.092,
105064,21.283899,53.99769,6.12,0.049,
105864,21.441126,1.10336,6.12,0.481,
110712,22.430850,-75.01569,6.12,0.599,
112102,22.706135,-29.36105,6.12,1.522,
113531,22.993243,-13.07090,6.12,1.459,
114162,23.119459,52.81660,6.12,1.06,
114699,23.235072,-62.70000,6.12,0.787,
115496,23.395950,-43.12443,6.12,1.464,
3919,0.838403,45.00226,6.13,0.043,
5650,1.209465,45.33753,6.13,1.652,
6822,1.462928,-10.90158,6.13,1.32,
14514,3.123798,17.88000,6.13,-0.123,
17408,3.729780,19.66503,6.13,0.994,
20934,4.488909,-46.51527,6.13,1.062,
24836,5.324404,58.11736,6.13,-0.031,
25240,5.397592,-0.86662,6.13,0.483,
27900,5.903708,10.58640,6.13,1.404,
33079,6.889400,-18.93284,6.13,0.156,
39153,8.008045,-48.87177,6.13,-0.085,
41067,8.379680,-13.05479,6.13,0.997,
42931,8.750356,5.68059,6.13,0.2,
43902,8.943622,4.23658,6.13,1.001,
45166,9.203414,-76.66303,6.13,1.09,
46744,9.527497,-10.55201,6.13,0.261,
48799,9.953040,-52.63878,6.13,-0.115,
51077,10.436070,-42.73849,6.13,1.129,
55667,11.406127,-42.66910,6.13,-0.175,
57732,11.838779,-15.86367,6.13,0.947,
58177,11.931878,-39.68952,6.13,1.01,
71429,14.606698,-39.59741,6.13,1.048,
71729,14.672743,21.97587,6.13,0.434,
73927,15.107539,-22.03183,6.13,1.04,
79102,16.146286,17.20564,6.13,-0.003,
86096,17.595102,37.30159,6.13,0.978,
87192,17.813298,19.25502,6.13,0.024,
88859,18.141697,-45.76702,6.13,-0.082,
89086,18.182041,-33.80007,6.13,-0.137,
90304,18.425453,-63.02153,6.13,0.202,
91751,18.710033,-7.07365,6.13,1.006,
95396,19.405964,-43.72206,6.13,1.603,
96440,19.607243,-18.85292,6.13,0.273,
97651,19.846353,37.82632,6.13,1.626,
97789,19.871226,36.43230,6.13,1.434,
99685,20.228559,43.37901,6.13,1.489,
100184,20.321610,-47.58029,6.13,0.469,
101090,20.492039,-22.39157,6.13,1.543,
104172,21.106521,26.92436,6.13,1.026,
104980,21.262995,-36.21071,6.13,1.38,
108478,21.975021,-59.01214,6.13,0.469,
109584,22.198637,-76.11602,6.13,1.001,
109746,22.230475,63.16234,6.13,-0.089,
114187,23.124368,32.82534,6.13,0.137,
114750,23.244492,-10.68872,6.13,1.504,
115510,23.398470,-53.80874,6.13,0.258,
117710,23.873165,21.67110,6.13,1.616,
1099,0.228994,-26.28496,6.14,1.49,
3185,0.675771,-23.80488,6.14,0.718,
4655,0.997135,6.48323,6.14,1.654,
5204,1.109341,12.95604,6.14,0.962,
8552,1.838930,-47.81639,6.14,0.998,
11415,2.452011,27.01240,6.14,1.461,
11678,2.510671,19.85530,6.14,0.247,
13197,2.830824,-24.56031,6.14,0.998,
13883,2.979806,-9.77651,6.14,0.221,
13907,2.985137,-28.90721,6.14,1.044,
15244,3.276602,-9.15468,6.14,0.407,
15557,3.340437,25.66274,6.14,1.241,
15840,3.400636,-69.62461,6.14,0.482,
16303,3.503039,59.36595,6.14,0.095,
16641,3.568993,17.83283,6.14,0.891,
18401,3.934428,-63.46372,6.14,1.094,
19177,4.110785,65.52080,6.14,0.145,
19672,4.214235,22.41346,6.14,0.171,
20848,4.467677,1.85861,6.14,1.018,
23161,4.983170,14.54324,6.14,0.156,
23583,5.070712,30.49459,6.14,1.208,
27731,5.871460,58.96409,6.14,-0.036,
28390,5.996652,54.54701,6.14,1.197,
31697,6.631307,4.95667,6.14,0.091,
31733,6.639016,-2.54390,6.14,1.47,
35960,7.413155,-37.29119,6.14,0.261,
38074,7.802374,-40.65238,6.14,1.591,
38635,7.911088,-34.84671,6.14,1.54,
38863,7.953544,-63.29684,6.14,-0.103,
41036,8.375046,-6.17916,6.14,0.227,
43685,8.898801,35.53829,6.14,0.059,
45167,9.203578,3.86698,6.14,-0.01,
45615,9.297684,-67.05087,6.14,1.254,
45836,9.345493,51.26607,6.14,0.436,
46529,9.490123,-2.20517,6.14,0.222,
49281,10.059480,-61.88404,6.14,-0.032,
49769,10.158841,-35.85677,6.14,0.615,
56731,11.631395,50.61821,6.14,1.068,
58989,12.094371,62.93312,6.14,1.178,
62788,12.866084,-26.73828,6.14,0.232,
66019,13.534836,-38.39884,6.14,1.031,
68080,13.938882,-54.13242,6.14,0.071,
68177,13.957702,-23.02263,6.14,1.426,
69316,14.187534,32.29589,6.14,1.258,
75093,15.344909,44.43438,6.14,0.369,
75118,15.350382,-15.54834,6.14,0.393,
77927,15.914621,-60.74365,6.14,0.121,
79661,16.256656,-42.89942,6.14,1.114,
79686,16.263146,27.42208,6.14,1.334,
80455,16.422817,-63.12522,6.14,0.029,
81914,16.731689,-41.11334,6.14,-0.078,
85237,17.417408,-34.69606,6.14,0.046,
87341,17.846773,22.31633,6.14,0.242,
87567,17.888772,-34.73081,6.14,-0.041,
88522,18.077044,1.91899,6.14,-0.056,
89298,18.221268,21.88033,6.14,1.472,
89977,18.357889,5.43573,6.14,-0.048,
90290,18.422688,-35.99202,6.14,1.006,
92968,18.940446,2.47119,6.14,0.961,
93140,18.973564,-22.52949,6.14,0.087,
95866,19.497944,-55.44175,6.14,0.974,
97067,19.727116,-37.53876,6.14,0.019,
97242,19.764265,35.01275,6.14,1.07,
97372,19.790787,47.90756,6.14,1.64,
97970,19.911167,7.14035,6.14,0.043,
98379,19.987595,52.05569,6.14,-0.183,
98915,20.085207,51.83940,6.14,1.601,
100664,20.410416,1.06841,6.14,-0.036,
101285,20.529586,56.77986,6.14,1.431,
104357,21.141150,6.98936,6.14,1.669,
106052,21.481314,55.41870,6.14,0.1,
108090,21.899380,6.86480,6.14,0.786,
109990,22.277073,-25.89816,6.14,1.11,
112098,22.705781,53.90875,6.14,1.634,
112641,22.813303,54.41489,6.14,-0.083,
112924,22.869443,-63.18867,6.14,1.025,
2337,0.497748,-14.86411,6.15,0.388,
3527,0.749959,-53.71489,6.15,0.524,
3552,0.756702,-4.62916,6.15,1.652,
3559,0.757969,-12.88081,6.15,0.603,
4257,0.904887,-8.74066,6.15,0.911,
7050,1.514460,66.09809,6.15,0.07,
8991,1.930642,-78.34855,6.15,0.448,
12775,2.736273,-52.57060,6.15,0.088,
13756,2.951271,4.50103,6.15,1.623,
14887,3.202654,42.37591,6.15,-0.099,
15209,3.267903,45.34613,6.15,1.674,
20263,4.344067,-6.24599,6.15,0.901,
20284,4.347977,13.86443,6.15,0.456,
23060,4.962412,-14.23192,6.15,-0.202,
23852,5.127309,9.47178,6.15,0.625,
24479,5.253164,59.40569,6.15,1.179,
24493,5.255139,-1.40904,6.15,0.401,
24740,5.305249,33.76735,6.15,-0.043,
25976,5.543883,0.01193,6.15,1.553,
26408,5.620852,64.15469,6.15,0.006,
26412,5.621251,-27.87136,6.15,0.322,
26866,5.704021,-17.53038,6.15,1.376,
28321,5.983633,-9.38222,6.15,0.333,
28957,6.111402,-42.29880,6.15,0.246,
29025,6.124099,41.85428,6.15,1.202,
29323,6.183671,-6.75422,6.15,0.01,
31068,6.519624,-61.87955,6.15,-0.147,
31711,6.633443,-61.53339,6.15,0.624,
34200,7.092229,-34.77770,6.15,0.353,
34789,7.202081,5.47435,6.15,1.142,
39617,8.095801,-33.56943,6.15,1.098,
40485,8.266340,-35.90319,6.15,1.549,
40947,8.356718,-39.62071,6.15,0.172,
44887,9.145426,-26.76760,6.15,0.17,
46517,9.487831,-38.40354,6.15,0.216,
47694,9.724331,-51.22814,6.15,-0.098,
51161,10.450135,19.36454,6.15,1.141,
52882,10.815899,29.41606,6.15,1.144,
53771,11.002306,-51.81780,6.15,0.188,
56293,11.539802,-26.74680,6.15,1.67,
57629,11.817023,-0.31867,6.15,0.518,
59950,12.296464,-36.09398,6.15,0.008,
60870,12.476029,-56.40782,6.15,0.92,
63952,13.106353,62.04187,6.15,0.997,
69747,14.275046,-3.19631,6.15,-0.007,
72139,14.755717,18.88496,6.15,0.841,
72412,14.806486,24.36688,6.15,0.506,
72449,14.815026,-0.84766,6.15,-0.025,
72469,14.818551,37.81118,6.15,0.389,
75770,15.478999,47.20151,6.15,0.1,
77111,15.745037,17.26423,6.15,0.002,
77900,15.908364,-27.33864,6.15,-0.069,
78985,16.122827,21.82261,6.15,1.365,
82979,16.957222,-10.96337,6.15,1.0,
83706,17.107880,-35.45105,6.15,0.438,
85923,17.558779,57.55872,6.15,0.602,
90012,18.366705,-28.42996,6.15,0.264,
90253,18.415891,-1.57941,6.15,0.381,
93858,19.114582,-37.81066,6.15,0.705,
98308,19.974649,63.53413,6.15,0.035,
100697,20.415226,-83.31062,6.15,0.203,
105229,21.315369,41.04052,6.15,0.257,
105334,21.335968,-45.02189,6.15,2.387,
111170,22.521753,-6.55515,6.15,0.565,
111171,22.521783,-2.91128,6.15,1.083,
111504,22.590665,-78.77159,6.15,1.368,
113447,22.976391,-35.52323,6.15,0.582,
113998,23.086904,-17.07925,6.15,1.37,
115062,23.305557,-67.47118,6.15,1.356,
2100,0.443726,-0.04953,6.16,0.893,
6272,1.341058,-11.23900,6.16,1.102,
11465,2.464380,50.56997,6.16,0.435,
20231,4.336097,31.95317,6.16,1.679,
24451,5.245631,53.21395,6.16,0.084,
26477,5.631496,-4.81403,6.16,-0.029,
27670,5.857948,-22.92695,6.16,1.02,
29210,6.160070,-5.71143,6.16,0.352,
30660,6.442901,-4.59740,6.16,-0.151,
30804,6.471893,10.30389,6.16,1.15,
31024,6.509690,-13.14817,6.16,-0.137,
32007,6.687270,-40.34985,6.16,-0.146,
32682,6.817682,1.00206,6.16,-0.134,
33269,6.920738,43.91003,6.16,0.314,
37339,7.665025,32.00973,6.16,0.374,
37465,7.689869,-22.33672,6.16,1.644,
37720,7.736964,-69.82159,6.16,-0.032,
38307,7.848677,-11.12860,6.16,1.128,
38794,7.939974,4.48557,6.16,0.957,
42484,8.661841,73.62968,6.16,1.017,
44738,9.116650,1.46269,6.16,1.648,
45896,9.357550,32.90215,6.16,1.097,
49994,10.206373,-52.16324,6.16,1.168,
50232,10.254624,-54.97421,6.16,-0.155,
50755,10.363973,14.97577,6.16,0.018,
53546,10.954389,-75.09976,6.16,1.531,
53701,10.987230,-61.32074,6.16,-0.064,
54082,11.066733,-57.95533,6.16,-0.167,
57497,11.785290,-35.90686,6.16,0.952,
58642,12.024784,-57.50378,6.16,-0.004,
59307,12.167376,-34.70474,6.16,0.03,
60168,12.338267,26.00187,6.16,0.306,
62212,12.750573,-68.83075,6.16,0.688,
64557,13.232698,-43.13911,6.16,1.366,
66860,13.703545,8.38839,6.16,0.418,
68030,13.930555,14.05650,6.16,0.518,
68637,14.049935,50.97181,6.16,0.026,
74026,15.127868,5.49803,6.16,0.921,
74121,15.148198,13.23524,6.16,0.967,
75110,15.348244,-18.15866,6.16,1.024,
78989,16.123357,-56.19096,6.16,0.565,
81507,16.647974,-60.99040,6.16,-0.073,
82426,16.845319,32.55367,6.16,1.014,
83289,17.021375,60.64875,6.16,1.006,
85839,17.540175,-34.27940,6.16,0.36,
86831,17.742804,2.57944,6.16,0.131,
90182,18.402553,83.17540,6.16,0.051,
97767,19.867623,11.62833,6.16,0.642,
98111,19.938622,56.68702,6.16,0.09,
98858,20.074665,48.22966,6.16,0.037,
100511,20.381213,14.55110,6.16,0.498,
106771,21.627447,54.04219,6.16,0.991,
107041,21.678696,54.87215,6.16,1.116,
109033,22.087919,46.74484,6.16,1.611,
109984,22.276015,-1.59639,6.16,0.194,
110849,22.457361,39.81003,6.16,-0.136,
114081,23.105037,18.51777,6.16,0.482,
1195,0.249515,-34.90422,6.17,1.344,
6589,1.411092,-15.66047,6.17,0.924,
6605,1.413522,-2.84859,6.17,0.959,
7115,1.527502,-45.57571,6.17,0.066,
10924,2.344864,47.31080,6.17,-0.094,
11231,2.409400,-40.84046,6.17,0.653,
11671,2.509109,-22.54532,6.17,1.581,
12022,2.584482,7.47099,6.17,1.053,
13700,2.940181,64.33244,6.17,1.994,
15024,3.227207,-29.80413,6.17,1.041,
15203,3.266904,-5.91871,6.17,-0.018,
17900,3.828758,23.71185,6.17,-0.046,
24313,5.217451,61.85004,6.17,0.032,
25476,5.448422,35.45727,6.17,1.453,
27046,5.735682,61.47654,6.17,0.902,
28532,6.022272,85.18211,6.17,1.564,
30906,6.487448,2.64619,6.17,1.539,
31066,6.519323,11.25137,6.17,-0.116,
31672,6.627868,2.70416,6.17,1.08,
34217,7.094391,52.75856,6.17,0.102,
35842,7.391150,22.94535,6.17,0.006,
37614,7.718172,0.18933,6.17,1.047,
38300,7.846499,3.27725,6.17,1.106,
43394,8.839344,-28.61762,6.17,-0.055,
43957,8.952300,17.14375,6.17,1.001,
50234,10.255799,-36.51772,6.17,1.058,
53472,10.938015,22.35168,6.17,1.549,
56899,11.663982,-16.62023,6.17,1.579,
57971,11.890783,-35.06665,6.17,0.089,
64651,13.252629,-36.37141,6.17,0.968,
65311,13.385731,-33.18988,6.17,1.653,
65755,13.479670,-69.62715,6.17,-0.014,
67851,13.897806,-35.31436,6.17,1.009,
73279,14.976817,-39.90717,6.17,1.216,
81358,16.615275,63.07282,6.17,1.527,
81657,16.680680,-60.44644,6.17,0.488,
83317,17.027802,75.29750,6.17,0.306,
84479,17.270628,2.18620,6.17,0.235,
85242,17.418400,-24.24368,6.17,1.103,
85393,17.448987,-51.94882,6.17,-0.039,
87540,17.884316,-10.89956,6.17,1.11,
89805,18.327806,-63.88656,6.17,0.584,
92669,18.883305,-46.58633,6.17,0.051,
92676,18.883987,-48.36091,6.17,0.124,
96805,19.678097,43.07782,6.17,1.561,
98385,19.989623,1.37770,6.17,1.129,
100274,20.339034,14.56926,6.17,0.926,
102216,20.711025,60.60132,6.17,0.034,
103532,20.975264,41.93993,6.17,-0.079,
105101,21.289773,42.68357,6.17,-0.094,
106267,21.524295,52.61986,6.17,0.9,
106518,21.574295,51.69846,6.17,-0.015,
106881,21.648943,-79.44258,6.17,0.46,
107596,21.793955,-5.91680,6.17,0.23,
108209,21.922388,61.54181,6.17,1.599,
108281,21.937235,-57.89959,6.17,0.215,
109205,22.123774,53.30744,6.17,0.389,
110018,22.283287,-23.14025,6.17,1.051,
113371,22.961316,39.30878,6.17,-0.148,
113421,22.970984,-2.39539,6.17,0.744,
115257,23.344691,-5.90798,6.17,1.089,
43,0.008593,59.55968,6.18,1.032,
664,0.136693,-2.44771,6.18,1.366,
967,0.199741,48.15240,6.18,1.467,
2388,0.507729,-40.93959,6.18,0.315,
2422,0.515110,77.01940,6.18,0.883,
2474,0.523670,66.51962,6.18,-0.1,
2926,0.618664,24.01414,6.18,1.17,
3334,0.708618,58.75341,6.18,-0.004,
6669,1.426577,23.51152,6.18,0.447,
7506,1.612440,-58.27097,6.18,1.607,
8115,1.738317,57.53662,6.18,0.131,
8320,1.787972,-41.75993,6.18,1.544,
14551,3.130790,-27.83115,6.18,0.166,
17058,3.657153,16.53668,6.18,1.0,
17772,3.805021,50.73677,6.18,0.028,
18455,3.943870,-9.75084,6.18,0.269,
20456,4.382758,59.61618,6.18,0.108,
21038,4.510669,32.45777,6.18,-0.026,
21961,4.720488,24.08892,6.18,0.544,
22192,4.773819,-28.08744,6.18,0.189,
25378,5.429727,0.52024,6.18,-0.178,
25475,5.447578,33.26226,6.18,1.152,
25502,5.453860,15.25763,6.18,0.083,
25776,5.503869,-84.78510,6.18,-0.003,
26862,5.703217,-30.53544,6.18,0.023,
27308,5.785501,-16.23808,6.18,0.892,
27472,5.817963,62.80819,6.18,0.128,
28517,6.019457,31.03452,6.18,0.095,
29401,6.195477,-4.66544,6.18,-0.079,
31265,6.557304,-52.32923,6.18,1.088,
32177,6.718504,3.03380,6.18,1.366,
37269,7.653335,24.22253,6.18,0.028,
38106,7.809344,23.14098,6.18,0.571,
39584,8.088974,-46.97841,6.18,-0.138,
40858,8.336944,-0.90931,6.18,0.607,
41798,8.522213,37.26494,6.18,-0.039,
42299,8.624215,-4.93400,6.18,1.054,
47145,9.607058,-48.75118,6.18,0.277,
47172,9.612872,-52.94367,6.18,1.051,
47791,9.743498,64.98411,6.18,0.419,
48782,9.949952,-69.10180,6.18,-0.1,
49233,10.049985,-60.17867,6.18,0.175,
50222,10.252127,59.98554,6.18,1.621,
50976,10.412375,-73.97173,6.18,0.071,
51014,10.421449,-42.46740,6.18,1.006,
53761,10.999160,77.77017,6.18,0.966,
56756,11.636064,8.88379,6.18,1.081,
58445,11.984260,0.53068,6.18,1.257,
59708,12.245394,53.43463,6.18,1.061,
63109,12.931457,-15.32703,6.18,-0.001,
64478,13.215475,-59.81661,6.18,0.592,
64933,13.309688,-51.28578,6.18,-0.001,
65288,13.381252,-47.94322,6.18,0.181,
65862,13.500022,7.17885,6.18,1.471,
67139,13.759741,-15.76747,6.18,0.046,
68594,14.042180,9.68610,6.18,0.853,
68641,14.050478,-31.68404,6.18,0.48,
68872,14.103030,-43.09170,6.18,0.986,
70022,14.328042,0.38433,6.18,0.201,
70680,14.456774,-6.12033,6.18,0.093,
72629,14.850026,-0.25749,6.18,1.397,
74047,15.132432,-65.27545,6.18,1.47,
74272,15.179002,67.78104,6.18,0.143,
74600,15.242711,-17.76857,6.18,-0.015,
74929,15.311473,-31.20935,6.18,1.205,
79173,16.158818,-32.64901,6.18,0.79,
79781,16.282028,-3.95335,6.18,0.326,
81840,16.716232,55.69012,6.18,0.088,
82339,16.824353,-15.66797,6.18,0.234,
82355,16.827936,43.43044,6.18,1.257,
82911,16.943327,-40.82345,6.18,0.228,
83650,17.096798,-44.10504,6.18,0.281,
86809,17.738124,14.41007,6.18,0.211,
87099,17.796000,-22.47779,6.18,1.446,
87495,17.877418,-6.14358,6.18,1.25,
87706,17.915012,-24.88709,6.18,0.001,
88277,18.026639,33.31127,6.18,1.549,
88604,18.091705,21.64662,6.18,1.241,
89622,18.290024,-28.65207,6.18,0.184,
91843,18.724725,53.87177,6.18,0.094,
92131,18.778156,18.70591,6.18,1.594,
94685,19.266525,27.92630,6.18,0.634,
97307,19.776393,32.88859,6.18,1.172,
98482,20.007042,-49.35095,6.18,1.056,
98921,20.086039,38.47846,6.18,0.654,
99221,20.142020,-10.06259,6.18,0.031,
103828,21.040056,44.79098,6.18,1.687,
104297,21.129082,-17.45590,6.18,-0.035,
104597,21.189135,-72.54435,6.18,1.087,
104822,21.236190,29.90096,6.18,1.105,
106872,21.645878,25.49883,6.18,1.026,
107558,21.784655,17.19404,6.18,0.35,
107723,21.821948,61.27276,6.18,1.685,
108347,21.950597,-37.74684,6.18,0.321,
109439,22.171949,19.61634,6.18,0.688,
110341,22.348833,8.18674,6.18,0.451,
110497,22.383383,57.28461,6.18,-0.112,
110566,22.398392,38.57361,6.18,0.485,
113781,23.042377,-6.57401,6.18,1.59,
114268,23.143212,-73.58612,6.18,1.419,
115528,23.402182,-18.68801,6.18,1.02,
116365,23.579650,38.02400,6.18,1.586,
118048,23.944862,22.64809,6.18,1.635,
560,0.113911,-23.10754,6.19,0.386,
1421,0.296583,1.68873,6.19,0.937,
4317,0.920742,24.55706,6.19,1.546,
11907,2.561173,-20.00192,6.19,1.1,
12287,2.638288,37.72671,6.19,0.49,
17057,3.657057,-10.43728,6.19,1.031,
18508,3.957328,24.46194,6.19,1.372,
25781,5.504408,-63.92769,6.19,0.225,
26072,5.560788,20.47422,6.19,-0.034,
26638,5.662144,75.04387,6.19,1.606,
27317,5.787036,-54.36073,6.19,1.406,
31056,6.516638,-40.91625,6.19,1.398,
32012,6.688117,11.00320,6.19,1.675,
32434,6.770042,-37.77533,6.19,-0.123,
34462,7.143401,37.44510,6.19,1.212,
35345,7.301136,30.95587,6.19,-0.024,
41949,8.551346,-24.60696,6.19,0.27,
44010,8.961673,9.38776,6.19,0.984,
44162,8.994421,-19.20804,6.19,0.461,
45002,9.165861,-52.08286,6.19,1.023,
46297,9.441238,-40.50171,6.19,0.251,
46904,9.558433,36.48695,6.19,1.264,
51425,10.502445,-66.98465,6.19,-0.004,
53355,10.911714,25.49072,6.19,0.291,
53702,10.987258,-84.59389,6.19,0.1,
61134,12.527423,-5.05259,6.19,1.041,
64472,13.214123,-42.69972,6.19,1.057,
67523,13.835142,-29.08132,6.19,-0.009,
67953,13.916167,-8.05885,6.19,0.53,
69113,14.147748,-43.47078,6.19,-0.056,
69818,14.289208,51.30737,6.19,0.07,
70414,14.405075,8.08460,6.19,1.208,
74514,15.226551,38.26470,6.19,1.218,
75003,15.325481,-37.09716,6.19,0.959,
76503,15.624583,-26.27986,6.19,-0.013,
76664,15.655159,-77.91800,6.19,1.207,
78632,16.052599,59.41074,6.19,1.576,
83462,17.058392,35.41405,6.19,1.467,
83565,17.078152,19.59911,6.19,0.01,
86352,17.645792,-21.91266,6.19,0.827,
87335,17.845446,11.94655,6.19,1.247,
87523,17.881265,-41.99652,6.19,0.523,
89980,18.358713,-24.91528,6.19,1.823,
90494,18.465689,-17.80036,6.19,0.003,
92270,18.804556,23.51475,6.19,0.492,
92593,18.867201,13.96565,6.19,-0.008,
94833,19.296718,2.03173,6.19,0.019,
95492,19.423824,24.91277,6.19,0.528,
96607,19.640538,-57.98334,6.19,0.973,
98946,20.089306,56.34142,6.19,0.437,
101044,20.484120,83.62542,6.19,0.163,
101556,20.580668,51.85422,6.19,0.318,
101608,20.592293,-16.52588,6.19,0.218,
106752,21.624410,44.69655,6.19,0.218,
106783,21.628790,6.61839,6.19,0.046,
107901,21.861595,-18.62294,6.19,0.374,
109121,22.103405,45.24869,6.19,0.078,
109667,22.215968,-26.32779,6.19,0.169,
110171,22.315611,37.76929,6.19,0.27,
112615,22.808391,-10.55548,6.19,0.274,
112670,22.816875,68.57023,6.19,0.44,
114526,23.197001,26.84731,6.19,0.937,
115996,23.502057,49.13314,6.19,1.464,
602,0.121741,-17.38699,6.20,0.133,
4383,0.936931,57.99656,6.20,1.376,
5034,1.074339,29.65881,6.20,0.443,
5928,1.270176,87.14550,6.20,1.114,
7493,1.607557,48.72278,6.20,1.237,
7874,1.688435,25.74571,6.20,0.459,
7886,1.690920,-38.13283,6.20,0.404,
8094,1.731888,-4.76551,6.20,1.537,
11578,2.487133,23.46903,6.20,0.155,
14124,3.035910,-6.49454,6.20,0.598,
15776,3.388250,-7.79410,6.20,0.702,
16628,3.565776,-31.08011,6.20,0.482,
23484,5.047327,66.82297,6.20,0.509,
23589,5.072663,21.27793,6.20,1.324,
23799,5.113766,43.17471,6.20,0.444,
24977,5.349060,19.81435,6.20,1.229,
25730,5.494626,29.18646,6.20,0.476,
28622,6.042726,-14.49716,6.20,0.947,
33210,6.911679,-1.75649,6.20,0.487,
33595,6.979839,26.08108,6.20,0.52,
33873,7.031366,-1.34588,6.20,1.286,
35920,7.404787,-22.91276,6.20,-0.088,
37202,7.642371,-38.78149,6.20,1.015,
37599,7.714818,-58.23006,6.20,1.049,
41975,8.556042,36.43643,6.20,0.402,
42936,8.751541,-58.72432,6.20,-0.083,
43266,8.813686,66.70808,6.20,-0.106,
44290,9.019838,-26.66372,6.20,1.137,
46410,9.464338,75.09834,6.20,0.115,
49137,10.027977,-53.36411,6.20,-0.137,
49160,10.032797,-57.34979,6.20,1.108,
49530,10.113174,5.61149,6.20,0.939,
50332,10.277819,-51.20464,6.20,1.435,
51490,10.516323,-7.63755,6.20,1.377,
55412,11.348259,67.10073,6.20,1.018,
58272,11.951042,-33.31546,6.20,-0.044,
59678,12.238036,-64.40852,6.20,0.075,
60183,12.341183,-65.84266,6.20,-0.041,
61053,12.513925,53.07661,6.20,0.568,
61496,12.599665,-20.52748,6.20,0.34,
63497,13.010755,18.37301,6.20,0.466,
64077,13.131566,27.55596,6.20,1.363,
64774,13.274624,68.40800,6.20,-0.052,
65108,13.343068,-59.77278,6.20,0.41,
68270,13.975352,-65.80066,6.20,1.043,
68842,14.096250,-54.66936,6.20,0.225,
71469,14.616608,-12.30535,6.20,0.464,
73394,14.998825,-75.03267,6.20,-0.038,
75939,15.510070,-20.72855,6.20,0.192,
77689,15.860666,-14.13358,6.20,1.01,
84054,17.184212,24.23769,6.20,0.227,
84445,17.264264,-30.21073,6.20,-0.027,
85397,17.450597,-12.51249,6.20,0.517,
92254,18.800740,4.24142,6.20,1.509,
92963,18.939628,-1.79986,6.20,-0.046,
93177,18.979608,40.67919,6.20,-0.146,
94280,19.189767,40.42909,6.20,0.093,
98401,19.993522,76.48139,6.20,1.61,
99570,20.206624,-42.78006,6.20,1.228,
100208,20.324805,13.21677,6.20,1.648,
100515,20.382089,42.98354,6.20,0.957,
100969,20.471331,2.93716,6.20,0.899,
101245,20.522538,52.30953,6.20,1.018,
102780,20.822373,-18.03586,6.20,1.402,
102833,20.833082,5.54456,6.20,0.986,
104925,21.253991,-40.50606,6.20,1.138,
105660,21.402069,25.31242,6.20,0.026,
106978,21.666590,-52.35901,6.20,0.584,
107856,21.851383,39.53666,6.20,-0.068,
110548,22.394320,20.84823,6.20,0.518,
113127,22.909478,-7.20463,6.20,1.284,
115906,23.483518,-9.26610,6.20,1.438,
699,0.144710,36.62712,6.21,0.504,
6432,1.376931,1.72633,6.21,1.482,
6539,1.400705,-8.00742,6.21,0.235,
10814,2.319675,46.47226,6.21,0.164,
11698,2.515110,17.70386,6.21,0.908,
12318,2.643557,3.44320,6.21,0.999,
12786,2.739037,-32.52472,6.21,0.04,
16252,3.490633,46.93787,6.21,0.131,
17734,3.797114,-36.10578,6.21,-0.102,
18173,3.886925,-18.43445,6.21,0.866,
21689,4.656430,25.21827,6.21,0.176,
23582,5.070216,73.76389,6.21,1.609,
25785,5.505534,4.20479,6.21,1.28,
26779,5.688982,53.48106,6.21,0.84,
28252,5.969920,-0.99402,6.21,1.14,
28434,6.004905,-12.90003,6.21,0.358,
28438,6.005252,44.59201,6.21,1.128,
32190,6.720483,37.14737,6.21,1.026,
36736,7.556163,-14.33831,6.21,-0.061,
38879,7.955575,-47.89070,6.21,-0.099,
39535,8.079251,18.84202,6.21,-0.042,
39607,8.093627,27.52974,6.21,0.01,
39920,8.152830,-35.45502,6.21,0.892,
42538,8.671748,31.94190,6.21,0.401,
42777,8.716713,46.90084,6.21,0.981,
43073,8.773267,-41.12539,6.21,-0.05,
44231,9.008556,37.60435,6.21,1.572,
46067,9.394378,-46.90875,6.21,-0.093,
53963,11.040125,-26.83150,6.21,0.307,
56901,11.664201,-14.46853,6.21,-0.007,
57079,11.700980,-20.29417,6.21,0.949,
58545,12.005224,80.85319,6.21,1.61,
59851,12.273293,-72.61450,6.21,-0.006,
60327,12.369675,24.77387,6.21,-0.012,
60861,12.473805,-61.79484,6.21,1.253,
60988,12.500815,51.53563,6.21,0.536,
65183,13.358270,-19.48929,6.21,0.098,
66690,13.670996,31.01204,6.21,0.963,
67071,13.746019,-25.50093,6.21,1.374,
71861,14.698877,-58.61583,6.21,0.454,
72471,14.818641,-56.66783,6.21,1.107,
73559,15.032801,-34.35887,6.21,0.242,
75164,15.359807,-40.74948,6.21,0.068,
76809,15.682844,-47.73609,6.21,1.621,
77835,15.893019,16.07493,6.21,0.413,
77985,15.925148,-31.08364,6.21,1.371,
78445,16.014919,-40.43548,6.21,0.01,
79414,16.207047,67.14418,6.21,0.993,
81903,16.729357,-41.11920,6.21,0.143,
84158,17.205521,-70.72108,6.21,1.062,
91062,18.575312,-52.89152,6.21,1.254,
91159,18.598117,16.97570,6.21,0.542,
91250,18.612651,43.22181,6.21,0.251,
93470,19.035698,-41.91051,6.21,0.001,
97611,19.839376,-61.06112,6.21,-0.135,
97971,19.911235,-61.17079,6.21,0.163,
101213,20.516153,20.60615,6.21,0.138,
101214,20.516453,36.93584,6.21,0.969,
101746,20.621773,0.09698,6.21,-0.076,
101756,20.623217,38.32867,6.21,1.011,
103682,21.009400,-4.73026,6.21,0.635,
109939,22.266619,8.54957,6.21,0.019,
114227,23.132556,64.22253,6.21,1.084,
117494,23.825447,-15.86128,6.21,1.212,
106,0.022013,49.98156,6.22,0.97,
1123,0.233967,33.20604,6.22,0.009,
4023,0.859386,51.57143,6.22,0.032,
6868,1.473032,7.96135,6.22,1.114,
11108,2.382673,-18.35498,6.22,0.942,
13518,2.901797,-50.87140,6.22,1.571,
13732,2.947405,51.26128,6.22,1.567,
17086,3.660652,-3.39301,6.22,1.041,
18094,3.867902,31.16858,6.22,0.206,
20063,4.302252,42.14116,6.22,-0.072,
20997,4.502779,-13.59237,6.22,1.001,
23311,5.013611,-5.75368,6.22,1.049,
24394,5.233319,-14.60687,6.22,0.377,
24771,5.311201,40.46512,6.22,1.386,
26713,5.677027,-2.82524,6.22,-0.194,
26821,5.694864,-16.72583,6.22,-0.136,
27303,5.784605,-28.63891,6.22,-0.132,
27795,5.882080,68.47154,6.22,0.955,
28232,5.965137,1.22431,6.22,1.461,
30028,6.318870,-8.58601,6.22,-0.043,
30769,6.465742,20.49632,6.22,0.041,
33492,6.961842,-27.53750,6.22,-0.147,
39271,8.030758,8.91399,6.22,0.57,
40058,8.183024,14.62947,6.22,0.01,
40476,8.264596,-30.92594,6.22,0.777,
43035,8.768576,-11.00677,6.22,1.608,
43410,8.842286,33.28505,6.22,0.549,
47913,9.765490,-58.79383,6.22,0.461,
50287,10.267565,-59.90341,6.22,0.194,
53706,10.988300,51.88236,6.22,1.352,
54929,11.248368,-43.73370,6.22,1.606,
56775,11.640019,-2.43590,6.22,1.119,
58259,11.948126,61.54921,6.22,0.955,
59200,12.140204,-60.84713,6.22,1.733,
61443,12.591563,-61.84158,6.22,0.731,
61703,12.647879,-67.19305,6.22,0.007,
61937,12.692887,10.42627,6.22,0.192,
66725,13.677523,28.06517,6.22,1.311,
69792,14.284386,-18.58570,6.22,0.985,
70310,14.385231,25.33817,6.22,0.411,
70336,14.390452,-11.71404,6.22,0.99,
70762,14.471234,36.19703,6.22,1.174,
73706,15.066041,65.91971,6.22,0.055,
76069,15.536021,16.05617,6.22,-0.038,
76733,15.669541,12.05293,6.22,0.968,
77817,15.889704,-62.60658,6.22,1.467,
78699,16.065195,-24.72631,6.22,1.386,
81847,16.717657,-46.07029,6.22,0.821,
85480,17.468853,-63.03624,6.22,-0.073,
85692,17.512102,57.87682,6.22,1.397,
86732,17.722784,14.29517,6.22,0.426,
86925,17.761176,31.50468,6.22,0.008,
87150,17.805623,3.80422,6.22,0.135,
87850,17.946812,45.35085,6.22,1.453,
88125,18.000023,-20.33955,6.22,1.405,
88346,18.041709,22.92323,6.22,-0.092,
88760,18.119820,-21.44394,6.22,0.102,
90086,18.384147,16.68800,6.22,1.216,
90936,18.550250,-39.89202,6.22,0.429,
91689,18.697674,-23.83342,6.22,0.231,
92021,18.756639,-56.88197,6.22,1.385,
92550,18.859970,28.78367,6.22,1.183,
93138,18.973251,6.23993,6.22,0.478,
93975,19.134311,21.69893,6.22,0.434,
95154,19.359870,76.55960,6.22,2.673,
96907,19.699338,40.25414,6.22,0.182,
97700,19.855382,47.37724,6.22,0.398,
97944,19.904931,-23.94107,6.22,1.017,
100268,20.337561,39.40323,6.22,0.06,
101810,20.631869,18.26858,6.22,1.162,
101965,20.664371,-62.90780,6.22,1.099,
106605,21.590843,24.45216,6.22,0.141,
106758,21.626044,-0.39056,6.22,0.056,
106818,21.634118,-64.82417,6.22,0.021,
111548,22.598024,-57.88375,6.22,0.212,
113610,23.010530,0.18587,6.22,0.892,
115759,23.452527,-50.15724,6.22,-0.08,
117927,23.918831,7.07097,6.22,-0.066,
4563,0.972834,-60.69624,6.23,0.096,
5319,1.133701,32.01213,6.23,0.398,
5992,1.284364,-66.39785,6.23,0.052,
7436,1.596234,14.66142,6.23,-0.036,
12200,2.618489,32.89109,6.23,0.515,
12717,2.724034,-66.71425,6.23,0.542,
13462,2.889186,48.56996,6.23,1.18,
20771,4.450194,2.07941,6.23,1.087,
25410,5.434923,16.70016,6.23,-0.084,
25869,5.522470,-6.70838,6.23,-0.178,
26718,5.678347,31.92061,6.23,2.088,
26964,5.722084,23.20437,6.23,-0.071,
28644,6.048657,32.63570,6.23,0.456,
28861,6.092750,33.59905,6.23,-0.079,
31766,6.643941,1.61352,6.23,0.086,
33126,6.898737,-24.53876,6.23,0.016,
33451,6.954886,-35.50715,6.23,0.465,
33590,6.978259,-45.76759,6.23,-0.006,
34536,7.155625,-10.34657,6.23,-0.018,
34617,7.169268,-18.68564,6.23,0.419,
35737,7.371831,-2.97918,6.23,0.686,
36340,7.479793,15.10982,6.23,-0.04,
37404,7.679773,13.77125,6.23,1.393,
38184,7.824669,-13.35295,6.23,-0.078,
38723,7.928010,35.41268,6.23,0.277,
41894,8.542623,53.11485,6.23,1.008,
48584,9.908838,-22.48746,6.23,0.052,
49394,10.083846,-51.31362,6.23,-0.054,
49658,10.137749,31.60405,6.23,0.469,
49900,10.188268,-7.31663,6.23,0.026,
50066,10.222069,-27.02889,6.23,0.316,
55941,11.464919,-1.69995,6.23,1.037,
56550,11.595094,-61.28787,6.23,0.131,
59008,12.099075,-35.69393,6.23,-0.073,
59046,12.105536,-68.65140,6.23,1.237,
59439,12.192098,-51.35933,6.23,0.816,
60018,12.308781,30.24905,6.23,0.31,
60813,12.464319,-4.61528,6.23,0.43,
68478,14.019580,27.38659,6.23,0.193,
69458,14.220349,-26.61231,6.23,1.071,
69569,14.239876,41.51876,6.23,1.071,
75915,15.505915,-41.91903,6.23,-0.005,
76063,15.534498,-38.62254,6.23,0.212,
81823,16.713450,-62.55393,6.23,1.524,
94974,19.326786,54.37599,6.23,0.03,
98563,20.020917,37.09900,6.23,1.314,
100295,20.341844,53.59569,6.23,1.547,
100807,20.439765,17.31556,6.23,1.005,
100953,20.468761,8.43745,6.23,1.074,
101134,20.500200,72.53170,6.23,1.353,
101921,20.653681,-2.41297,6.23,-0.09,
103206,20.909751,-50.72734,6.23,-0.098,
103346,20.938058,56.88752,6.23,-0.172,
105034,21.274894,42.25179,6.23,1.251,
107238,21.720425,-19.62096,6.23,0.269,
109821,22.244039,-41.38167,6.23,0.648,
111761,22.639484,-7.89756,6.23,0.783,
112761,22.836137,50.67692,6.23,1.129,
113674,23.023234,-7.06115,6.23,1.418,
117107,23.741407,-26.24663,6.23,0.495,
117797,23.889123,-24.22926,6.23,0.188,
274,0.057143,63.64052,6.24,0.332,
716,0.147814,25.46298,6.24,0.976,
1076,0.223312,26.98755,6.24,0.68,
2086,0.439375,-18.69363,6.24,1.622,
5412,1.153410,80.01158,6.24,0.922,
5679,1.216520,30.06423,6.24,0.98,
7580,1.627140,-9.40378,6.24,0.528,
9627,2.061836,18.25324,6.24,1.424,
10220,2.190283,31.52640,6.24,0.112,
11925,2.565170,-51.09355,6.24,0.509,
14104,3.031195,5.33615,6.24,1.041,
14586,3.139197,18.79505,6.24,1.56,
19720,4.226269,10.21246,6.24,0.021,
21251,4.559180,18.01672,6.24,0.077,
21998,4.728964,-41.06479,6.24,1.468,
24130,5.182785,-2.25411,6.24,0.984,
25401,5.433990,-5.51850,6.24,-0.047,
26106,5.567747,-1.03573,6.24,-0.16,
26234,5.589532,-4.42432,6.24,-0.148,
27212,5.767463,-4.26848,6.24,1.05,
28205,5.959716,66.09610,6.24,1.369,
29840,6.282974,23.74091,6.24,0.446,
29982,6.311209,9.04718,6.24,0.87,
30448,6.400634,8.88501,6.24,-0.06,
30566,6.425001,-35.06415,6.24,1.353,
30815,6.474460,16.23839,6.24,0.894,
33056,6.885438,44.83994,6.24,0.239,
33139,6.900633,-50.61160,6.24,0.988,
35975,7.414134,-19.01228,6.24,0.291,
36526,7.514204,-5.22649,6.24,1.185,
44130,8.987729,-28.80602,6.24,0.997,
46247,9.428939,63.94094,6.24,1.465,
48273,9.841689,4.34365,6.24,0.479,
49802,10.165691,-12.09530,6.24,0.184,
50903,10.394624,-41.95319,6.24,0.884,
52391,10.708715,-13.97451,6.24,1.54,
54708,11.200991,-58.42336,6.24,1.495,
55130,11.286672,-38.01437,6.24,0.105,
56245,11.529877,-20.77647,6.24,0.537,
57587,11.806524,-10.31311,6.24,0.585,
58741,12.047684,-7.68362,6.24,1.492,
59785,12.258477,-41.91328,6.24,1.002,
60549,12.412425,-41.38429,6.24,1.169,
61320,12.563170,33.38467,6.24,1.051,
63820,13.080066,-41.19632,6.24,1.649,
68707,14.065488,4.90097,6.24,0.406,
71876,14.700889,61.26192,6.24,0.409,
77287,15.779285,-6.12035,6.24,1.169,
80227,16.377474,-2.07987,6.24,0.058,
84510,17.276579,-74.53301,6.24,-0.004,
87655,17.903936,11.13056,6.24,0.474,
89684,18.302143,18.13169,6.24,-0.004,
92072,18.765554,-50.87271,6.24,-0.08,
92386,18.826998,0.83620,6.24,0.041,
92731,18.896194,57.48656,6.24,1.243,
96721,19.661606,-45.27855,6.24,0.293,
96781,19.671858,-54.41779,6.24,1.001,
97796,19.872712,18.67188,6.24,-0.031,
98872,20.079032,63.89021,6.24,0.1,
99445,20.184317,21.13458,6.24,0.894,
99479,20.189171,21.87494,6.24,-0.048,
100018,20.292092,29.14756,6.24,1.01,
100852,20.448052,-37.40290,6.24,0.961,
102158,20.699490,17.52149,6.24,0.942,
102770,20.821455,-0.56334,6.24,1.401,
103892,21.050840,1.53206,6.24,0.479,
108144,21.909976,-3.30127,6.24,0.466,
108506,21.981940,-4.37311,6.24,0.971,
113684,23.025199,57.10546,6.24,1.499,
114969,23.285765,-28.43827,6.24,1.556,
116118,23.528345,-21.36946,6.24,0.319,
116824,23.677945,36.72077,6.24,0.424,
116912,23.698489,57.25995,6.24,1.025,
137,0.028847,42.36714,6.25,-0.042,
238,0.049301,-20.04588,6.25,0.526,
399,0.082220,26.64876,6.25,1.368,
1193,0.248860,22.28422,6.25,-0.004,
1772,0.373745,13.48249,6.25,1.225,
4879,1.045250,-65.45610,6.25,1.634,
6952,1.491816,-46.75642,6.25,1.658,
8148,1.746156,57.08923,6.25,0.062,
8922,1.914938,40.70203,6.25,1.262,
10350,2.222520,74.02772,6.25,0.915,
11279,2.421119,56.60982,6.25,0.249,
13178,2.825205,57.08432,6.25,0.786,
14814,3.187980,-16.02497,6.25,1.167,
15125,3.250075,-26.10046,6.25,0.038,
15204,3.267182,34.68851,6.25,0.29,
16677,3.577075,-9.86826,6.25,0.019,
17056,3.656970,75.73962,6.25,0.973,
19400,4.156168,54.82886,6.25,0.448,
19736,4.230510,12.75370,6.25,1.143,
20498,4.393281,42.42791,6.25,0.023,
21108,4.523361,40.01019,6.25,0.009,
21110,4.523848,-13.64422,6.25,0.086,
23041,4.954775,-1.06726,6.25,0.423,
26149,5.574802,-0.01235,6.25,0.997,
26981,5.725049,-39.40691,6.25,0.377,
33584,6.977476,7.62230,6.25,0.105,
37636,7.722828,22.39947,6.25,0.93,
38623,7.908130,47.38598,6.25,1.133,
39530,8.078593,-62.83635,6.25,-0.093,
39675,8.107615,-9.24446,6.25,-0.006,
39874,8.145124,13.64092,6.25,0.48,
41986,8.558410,-46.97066,6.25,1.56,
43575,8.874608,28.25916,6.25,1.552,
44031,8.966295,30.23383,6.25,0.474,
44367,9.035110,-39.40216,6.25,1.0,
45413,9.254066,-45.55550,6.25,-0.07,
46543,9.492338,-4.24664,6.25,0.838,
46893,9.555529,-7.19020,6.25,1.17,
47884,9.758601,78.13471,6.25,1.353,
49689,10.143174,-15.61194,6.25,-0.007,
50868,10.386983,-30.16226,6.25,0.304,
51732,10.570199,-60.98763,6.25,1.399,
52316,10.690052,-1.74149,6.25,0.88,
52520,10.738910,-70.85972,6.25,0.208,
57805,11.852642,33.37501,6.25,0.345,
60729,12.446760,-48.91319,6.25,0.674,
62516,12.811617,48.46684,6.25,0.195,
62933,12.897142,12.41842,6.25,0.282,
62972,12.903638,33.53448,6.25,0.207,
64217,13.161676,38.53388,6.25,-0.098,
64437,13.207070,80.47131,6.25,0.955,
68687,14.060213,7.54617,6.25,0.927,
69751,14.275791,20.12185,6.25,0.504,
70319,14.387579,1.24157,6.25,0.639,
74181,15.157091,-63.64293,6.25,0.059,
78603,16.047920,-62.54159,6.25,-0.015,
79045,16.134710,17.05438,6.25,1.14,Marsic B
80888,16.517440,35.22507,6.25,1.64,
81632,16.676255,-20.40865,6.25,1.077,
81687,16.686540,-1.00031,6.25,0.313,
82693,16.902946,-1.61230,6.25,0.283,
84599,17.293293,23.09063,6.25,1.544,
85181,17.407533,36.95193,6.25,0.884,
86391,17.652362,2.02805,6.25,1.021,
87293,17.836140,78.30654,6.25,1.452,
91491,18.659176,40.93506,6.25,-0.052,
93423,19.027150,-22.69536,6.25,1.647,
93488,19.039324,8.37354,6.25,1.648,
94645,19.259228,-24.17935,6.25,0.548,Gumala
94724,19.274612,-69.19083,6.25,0.193,
94932,19.316987,37.44535,6.25,0.012,
95159,19.360309,-19.23445,6.25,-0.091,
95812,19.488341,0.24608,6.25,1.317,
96706,19.659593,45.95744,6.25,0.931,
96901,19.697783,50.51752,6.25,0.661,
97139,19.742831,13.30278,6.25,-0.041,
97697,19.854925,9.62989,6.25,0.102,
99585,20.209757,0.86705,6.25,0.042,
102057,20.682117,-42.39669,6.25,0.934,
103902,21.052830,-27.73159,6.25,0.945,
104452,21.159165,-20.55666,6.25,0.385,
106595,21.588640,28.19761,6.25,0.357,
107637,21.802333,36.58039,6.25,1.545,
114212,23.129928,63.63347,6.25,-0.025,
115261,23.345583,44.11617,6.25,0.152,
116292,23.561942,45.05810,6.25,0.986,
2256,0.478632,-50.53286,6.26,1.09,
2583,0.546969,28.28024,6.26,0.965,
6283,1.342937,-3.24699,6.26,1.013,
6595,1.411644,-44.52857,6.26,1.122,
11651,2.504611,33.83371,6.26,1.079,
12447,2.671026,6.11194,6.26,0.397,
13133,2.815419,69.63429,6.26,0.151,
17543,3.756586,-71.65813,6.26,-0.123,
17732,3.796951,32.19541,6.26,0.474,
23653,5.083502,-54.40740,6.26,1.554,
23737,5.102575,-73.03767,6.26,0.01,
24512,5.257682,22.28486,6.26,0.075,
25303,5.412858,-52.31625,6.26,0.067,
26309,5.602859,-28.70801,6.26,0.151,
26410,5.621122,66.69669,6.26,0.231,
29129,6.142953,-44.35621,6.26,-0.135,
30524,6.415501,-63.82814,6.26,-0.119,
30541,6.420278,7.08571,6.26,0.85,
31099,6.526374,-36.94003,6.26,1.599,
31158,6.538485,17.78435,6.26,0.541,
31703,6.631984,73.69564,6.26,0.396,
32144,6.712791,-22.44859,6.26,0.321,
33465,6.957108,11.90755,6.26,0.349,
33588,6.977715,-55.72912,6.26,1.16,
33666,6.994237,-21.60288,6.26,-0.164,
36264,7.467202,-26.83897,6.26,1.513,
39938,8.156404,42.43061,6.26,1.263,
40677,8.304388,54.14370,6.26,1.558,
42010,8.562513,13.25731,6.26,1.179,
42717,8.705793,-55.77456,6.26,1.178,
43807,8.922002,-45.04167,6.26,-0.152,
46569,9.497187,-23.34534,6.26,1.559,
46938,9.566429,23.45392,6.26,1.453,
47550,9.694024,25.91288,6.26,1.251,
52535,10.740880,-72.44350,6.26,0.51,
52679,10.771414,-60.60287,6.26,0.038,
53231,10.889215,-58.89345,6.26,-0.104,
55308,11.326824,-75.14245,6.26,-0.016,
57322,11.753512,-49.06984,6.26,1.174,
58242,11.945542,-47.07238,6.26,0.407,
60087,12.321998,23.03467,6.26,0.177,
61270,12.556181,-19.79255,6.26,0.304,
61796,12.665523,-66.51114,6.26,-0.05,
62655,12.838750,-48.45954,6.26,0.046,
62821,12.873499,-53.82993,6.26,1.106,
64520,13.224121,-18.82641,6.26,0.088,
65119,13.344880,2.94229,6.26,0.102,
71040,14.528567,60.22564,6.26,0.243,
75535,15.431464,19.48071,6.26,0.618,
76143,15.552644,-24.49043,6.26,0.33,
76395,15.603157,-33.09281,6.26,-0.07,
77995,15.927737,18.62074,6.26,-0.089,
79463,16.215718,-4.22081,6.26,0.133,
83323,17.029830,-58.95824,6.26,-0.124,
83740,17.114785,-26.51302,6.26,-0.038,
86088,17.593055,-59.84611,6.26,-0.081,
86246,17.624144,-38.06636,6.26,1.244,
87928,17.961871,-56.89625,6.26,-0.066,
88415,18.052468,48.46427,6.26,0.037,
91523,18.664333,7.35860,6.26,0.962,
91985,18.748721,54.89718,6.26,0.839,
94140,19.162723,65.97851,6.26,0.008,
95953,19.513009,36.22850,6.26,-0.015,
99137,20.126412,-55.01601,6.26,0.53,
100412,20.361431,-49.99942,6.26,0.549,
102712,20.811872,51.91033,6.26,-0.071,
103616,20.993372,-19.03528,6.26,-0.11,
103693,21.012061,-53.73907,6.26,1.563,
109082,22.097561,48.23149,6.26,-0.088,
110696,22.427972,18.44432,6.26,1.201,
111325,22.554662,70.37371,6.26,0.018,
115768,23.454109,1.12261,6.26,1.013,
115953,23.492245,-4.53275,6.26,1.123,
116592,23.627705,16.82550,6.26,0.025,
116876,23.690775,49.51241,6.26,0.182,
118076,23.952265,-26.62345,6.26,1.452,
3858,0.825953,-23.36214,6.27,0.132,
4212,0.896547,52.68929,6.27,0.191,
5947,1.275281,79.91001,6.27,0.44,
6776,1.451752,34.37755,6.27,0.453,
7189,1.543438,-49.72771,6.27,0.462,
8159,1.748841,20.08315,6.27,0.72,
9809,2.103406,8.24811,6.27,1.636,
12982,2.782865,35.98352,6.27,0.935,
19121,4.099030,-8.85610,6.27,0.063,
22439,4.828402,-13.76967,6.27,0.456,
26071,5.560616,34.72557,6.27,0.17,
26291,5.598750,27.66235,6.27,1.529,
29233,6.163096,-26.70109,6.27,1.01,
30019,6.317178,17.32526,6.27,-0.094,
30420,6.396151,-15.07126,6.27,1.534,
33394,6.946028,-35.34133,6.27,1.278,
36728,7.553656,-40.05852,6.27,-0.129,
37000,7.604638,-8.31130,6.27,1.541,
39974,8.163249,-42.64080,6.27,-0.036,
45242,9.221852,-42.27329,6.27,1.25,
46045,9.390381,-48.28694,6.27,-0.144,
46504,9.483972,-1.25691,6.27,0.274,
46737,9.525844,-66.71903,6.27,1.348,
48266,9.839898,65.59323,6.27,0.29,
48763,9.946347,-26.54967,6.27,0.219,
49418,10.087578,-36.38438,6.27,1.112,
52513,10.737375,19.75883,6.27,0.196,
52584,10.752627,2.48797,6.27,1.212,
54718,11.202837,-46.26676,6.27,0.155,
56242,11.529153,14.36450,6.27,0.57,
58874,12.074583,85.58713,6.27,0.56,
59767,12.255737,87.70011,6.27,0.346,
62421,12.792618,-6.30175,6.27,0.538,
65630,13.455738,-49.38129,6.27,-0.123,
68682,14.058986,10.78678,6.27,0.733,
71196,14.560711,79.66043,6.27,1.315,
72124,14.753808,32.78835,6.27,1.61,
72702,14.864252,-18.35533,6.27,1.094,
73901,15.103871,-36.26460,6.27,1.658,
74470,15.216951,-61.74378,6.27,1.901,
75091,15.344599,-67.48153,6.27,-0.09,
78840,16.093872,8.09625,6.27,0.084,
80920,16.524522,72.61234,6.27,1.291,
82951,16.951106,-19.53986,6.27,0.084,
82987,16.958624,25.35284,6.27,0.909,
83308,17.025848,14.94972,6.27,0.031,
84759,17.325143,-50.06376,6.27,0.413,
88258,18.023089,-17.15687,6.27,1.763,
90256,18.416239,27.39478,6.27,0.053,
90692,18.503971,-5.72417,6.27,0.953,
91723,18.703992,-81.80811,6.27,-0.104,
92674,18.883836,-9.57552,6.27,0.2,
93049,18.953975,-43.91701,6.27,-0.073,
94623,19.255327,50.07113,6.27,0.93,
95398,19.406131,16.93772,6.27,0.075,
96365,19.592628,-12.25311,6.27,1.089,
97091,19.732215,27.13540,6.27,1.015,
97491,19.815301,-52.88811,6.27,1.131,
98351,19.982338,-30.53838,6.27,1.051,
98658,20.038940,64.63442,6.27,0.927,
100165,20.317501,-63.23074,6.27,1.045,
100300,20.342309,-55.05088,6.27,1.617,
104281,21.126012,15.65866,6.27,1.008,
104557,21.179705,-9.35407,6.27,1.161,
104771,21.224663,15.98240,6.27,0.238,
106420,21.554968,45.85401,6.27,1.805,
107734,21.824130,20.46245,6.27,-0.097,
107956,21.871717,21.27316,6.27,1.601,
112358,22.757827,19.36656,6.27,1.057,
113673,23.023068,-22.79089,6.27,0.126,
25,0.005300,-44.29056,6.28,0.763,
2270,0.482406,36.89969,6.28,0.916,
3807,0.815758,-46.69765,6.28,0.897,
4298,0.918114,48.67852,6.28,1.681,
4932,1.054918,-29.52585,6.28,0.932,
5175,1.103111,32.18149,6.28,1.308,
6512,1.393735,34.24589,6.28,0.829,
8771,1.880758,51.47484,6.28,0.05,
8930,1.916015,37.12829,6.28,1.169,
11802,2.537432,-36.42731,6.28,1.027,
12990,2.784328,35.55468,6.28,0.385,
14607,3.144109,8.47107,6.28,1.026,
20552,4.403405,-57.07134,6.28,0.659,
20772,4.450241,57.58529,6.28,0.063,
21082,4.518664,15.10504,6.28,1.725,
21486,4.614148,-30.71678,6.28,-0.095,
22717,4.884919,-72.40768,6.28,0.521,
26368,5.615273,-66.56029,6.28,-0.052,
27661,5.857153,32.12469,6.28,1.752,
28019,5.926491,-4.78859,6.28,0.056,
28831,6.085924,75.58592,6.28,1.512,
29304,6.177758,-45.28199,6.28,-0.012,
29404,6.196087,52.64719,6.28,0.141,
30973,6.500836,-65.56824,6.28,0.329,
32020,6.689428,16.39765,6.28,-0.016,
32091,6.704551,-38.39879,6.28,0.346,
32261,6.736527,53.29594,6.28,1.089,
33297,6.926282,8.32428,6.28,0.037,
33760,7.011809,-28.48957,6.28,0.449,
36796,7.568046,10.56808,6.28,0.022,
38792,7.939645,-30.28457,6.28,1.476,
39238,8.025438,-55.45466,6.28,-0.146,
39420,8.058225,-42.94833,6.28,1.008,
40617,8.292125,8.86631,6.28,0.98,
41107,8.388037,-38.28608,6.28,1.613,
41208,8.409193,82.43076,6.28,0.035,
42070,8.574793,-37.61117,6.28,1.562,
43811,8.923022,17.23128,6.28,2.975,
45742,9.325689,-55.18647,6.28,-0.099,
48468,9.882791,-27.33217,6.28,0.622,
49967,10.200793,-28.60596,6.28,0.019,
54264,11.101595,-51.21292,6.28,0.943,
56201,11.520847,-61.27846,6.28,0.473,
57045,11.695418,55.17201,6.28,1.491,
58574,12.011729,-21.83750,6.28,1.22,
61295,12.559506,24.28298,6.28,0.114,
66700,13.672614,57.20761,6.28,0.111,
68567,14.036717,45.75346,6.28,1.353,
68776,14.077063,2.29753,6.28,1.022,
70517,14.424764,38.39305,6.28,1.225,
73171,14.953808,-29.15768,6.28,-0.011,
74623,15.247388,-5.50256,6.28,1.473,
76033,15.528725,-20.16492,6.28,0.22,
77910,15.911188,8.58034,6.28,0.171,
82669,16.899682,-41.99433,6.28,0.462,
83331,17.030904,-18.88554,6.28,1.351,
83594,17.084826,-45.50213,6.28,0.074,
84649,17.305353,-16.31188,6.28,1.691,
85042,17.380913,-2.38818,6.28,0.68,
86628,17.701005,-50.51070,6.28,1.661,
87866,17.948882,6.48773,6.28,-0.015,
87948,17.966053,-39.13652,6.28,0.007,
88217,18.015909,15.09355,6.28,0.747,
90238,18.411702,-7.07594,6.28,1.161,
90510,18.468380,-26.75725,6.28,0.157,
91811,18.719541,70.79285,6.28,1.234,
92599,18.868681,41.38324,6.28,-0.083,
92635,18.874532,-26.65077,6.28,0.941,
93270,18.999475,22.81452,6.28,1.672,
93887,19.118979,-18.73817,6.28,-0.044,
94272,19.188559,-29.50229,6.28,-0.031,
97070,19.727637,57.04271,6.28,0.887,
99893,20.267619,38.89801,6.28,0.006,
100151,20.315548,-47.71077,6.28,1.657,
102096,20.690182,-42.13378,6.28,1.584,
102561,20.784323,-2.48691,6.28,1.558,
105678,21.404650,-69.73388,6.28,2.607,
106907,21.651697,-33.67886,6.28,0.949,
107344,21.741516,-38.55253,6.28,1.129,
107502,21.773316,25.56350,6.28,1.212,
108784,22.036625,-17.90347,6.28,1.002,
109442,22.172530,-3.89409,6.28,-0.006,
111594,22.608139,-40.58269,6.28,0.119,
111627,22.613523,35.65242,6.28,1.392,
112078,22.701674,-5.10197,6.28,1.569,
112501,22.788658,-34.16172,6.28,1.145,
113360,22.959112,3.81024,6.28,1.122,
115407,23.377920,20.82872,6.28,-0.033,
118178,23.972562,-15.84748,6.28,1.079,
6087,1.302818,47.41971,6.29,1.357,
9827,2.108141,0.03538,6.29,0.897,
11174,2.397707,55.36486,6.29,0.845,
12305,2.641098,38.08914,6.29,-0.029,
13768,2.953584,-29.85529,6.29,0.472,
14972,3.217080,-35.94369,6.29,-0.076,
16095,3.455188,12.73529,6.29,-0.025,
16424,3.524818,49.20977,6.29,0.067,
16827,3.608382,-78.32307,6.29,1.15,
16974,3.638811,56.93271,6.29,-0.099,
17464,3.742744,-54.27403,6.29,1.035,
19412,4.157659,59.90807,6.29,1.112,
23251,5.003688,-78.30001,6.29,1.517,
25806,5.512040,22.46225,6.29,1.18,
27325,5.788524,-35.67408,6.29,1.191,
27625,5.848976,51.51458,6.29,1.047,
30062,6.327270,-22.10312,6.29,1.473,
33719,7.005010,-5.36716,6.29,0.572,Citalá
35301,7.292129,-6.68000,6.29,1.624,
36856,7.577662,-51.47452,6.29,0.073,
42556,8.674170,19.54481,6.29,0.17,Meleph
43195,8.800064,-52.85015,6.29,-0.097,
48638,9.917598,61.11612,6.29,1.036,
51835,10.590220,-76.30899,6.29,1.205,
51885,10.601252,-26.67548,6.29,0.475,
51914,10.605949,36.32693,6.29,0.436,
52709,10.776984,-43.19267,6.29,0.202,
52797,10.794001,-57.46741,6.29,1.673,
53100,10.863028,-57.27231,6.29,0.226,
56083,11.495446,56.73757,6.29,0.157,
56784,11.642312,33.62583,6.29,1.325,
56809,11.645846,45.10842,6.29,0.566,
59796,12.261529,72.55120,6.29,1.145,
60601,12.421551,-65.76985,6.29,0.965,
61246,12.550800,10.29567,6.29,0.953,
62523,12.813075,24.84023,6.29,0.703,
62825,12.874305,16.12250,6.29,0.173,
66645,13.661346,-39.74759,6.29,1.597,
73464,15.014521,22.04559,6.29,1.179,
73764,15.078583,-40.86133,6.29,1.389,
74273,15.179128,-61.42232,6.29,0.623,
75230,15.373122,12.56752,6.29,-0.008,
77782,15.882255,17.40315,6.29,1.238,
78058,15.937229,-31.78588,6.29,0.462,
79945,16.318811,-20.21807,6.29,1.066,
82419,16.843363,41.89650,6.29,1.086,
82855,16.932708,-33.50687,6.29,1.747,
82880,16.937982,73.12787,6.29,0.259,
83567,17.079257,-20.49470,6.29,-0.035,
83684,17.103278,-21.56458,6.29,0.128,
89623,18.290045,-9.75858,6.29,0.382,
89677,18.300817,13.77704,6.29,-0.04,
92480,18.847359,-22.16219,6.29,0.39,
93074,18.959554,-39.82319,6.29,0.21,
93860,19.115226,-50.32314,6.29,-0.057,
94981,19.327502,37.33054,6.29,0.676,
95932,19.509610,-55.11005,6.29,0.45,
97033,19.720653,58.01662,6.29,0.59,
100524,20.383553,-9.65471,6.29,0.913,
102094,20.690073,-25.99991,6.29,1.224,
102642,20.798038,52.40717,6.29,0.883,
105344,21.337242,22.02619,6.29,-0.106,
109585,22.199116,59.08458,6.29,1.123,
110746,22.436306,-23.68245,6.29,-0.021,
111550,22.598161,50.07079,6.29,-0.071,
112259,22.737910,-60.49962,6.29,0.568,
115171,23.328193,48.38094,6.29,1.123,
117774,23.884655,2.09063,6.29,-0.003,
4520,0.965142,13.69586,6.30,0.895,
9562,2.047705,-23.88663,6.30,1.34,
11043,2.369927,-43.19981,6.30,0.991,
12690,2.717182,48.26525,6.30,1.14,
13448,2.886582,16.48346,6.30,0.457,
14355,3.086471,-8.27425,6.30,1.02,
15191,3.263095,32.85671,6.30,0.366,
15230,3.272701,-5.73046,6.30,1.648,
18033,3.854408,13.04608,6.30,-0.058,
22607,4.863885,13.65516,6.30,0.502,
23555,5.064986,-41.74495,6.30,0.528,
25290,5.410674,31.22391,6.30,1.251,
25486,5.451323,-11.90096,6.30,0.553,
27319,5.787412,42.52675,6.30,1.354,
27902,5.904377,3.22564,6.30,1.283,
30217,6.357158,2.26852,6.30,0.251,
30352,6.383741,-63.68314,6.30,1.612,
30505,6.412360,-40.28398,6.30,-0.049,
30564,6.424493,14.72199,6.30,2.349,
31205,6.546354,-11.16638,6.30,1.096,
32208,6.723154,-39.19312,6.30,0.258,
32990,6.873017,-5.31628,6.30,0.977,
33082,6.889556,10.99665,6.30,0.962,
35241,7.282560,-30.89701,6.30,0.2,
36019,7.422769,81.25746,6.30,-0.031,
38087,7.805417,-56.47107,6.30,1.01,
38406,7.868664,3.27734,6.30,1.464,
39073,7.994469,-60.20735,6.30,-0.05,
39180,8.013362,19.81622,6.30,1.109,
41404,8.446408,26.93549,6.30,0.187,
41737,8.510898,-44.73732,6.30,-0.007,
44126,8.986314,18.13487,6.30,1.511,
45421,9.255905,84.18101,6.30,0.339,
45854,9.348749,-15.61783,6.30,0.468,
46049,9.390924,-60.30231,6.30,1.477,
46168,9.415463,51.57390,6.30,0.774,
48715,9.936042,-71.38930,6.30,-0.056,
49321,10.067448,-18.10141,6.30,-0.06,
54688,11.195488,14.40015,6.30,0.209,
55068,11.274405,-45.88001,6.30,0.403,
56135,11.506896,46.65753,6.30,1.265,
56632,11.611313,-37.23719,6.30,0.062,
58901,12.079242,-59.25329,6.30,-0.034,
59003,12.098229,-65.54688,6.30,0.152,
60809,12.463735,-16.63184,6.30,0.868,
66892,13.708006,41.67428,6.30,0.879,
68705,14.064747,-22.42160,6.30,0.452,
71746,14.675768,-56.44076,6.30,1.173,
72338,14.792250,-43.55681,6.30,1.068,
72772,14.875870,-30.57725,6.30,0.605,
74875,15.302614,-41.06116,6.30,0.176,
76366,15.596998,38.37393,6.30,1.306,
77007,15.723572,-15.04323,6.30,1.124,
78153,15.958288,39.69509,6.30,1.11,
79350,16.194333,33.34276,6.30,1.228,
79581,16.237113,5.90185,6.30,1.148,
79812,16.289150,-53.08638,6.30,0.273,
81425,16.630003,13.68703,6.30,0.433,
81650,16.678999,-51.47826,6.30,0.321,
82783,16.917592,-42.09083,6.30,0.396,
82868,16.935790,-50.67479,6.30,-0.016,
84021,17.175177,52.40877,6.30,-0.025,
84151,17.204601,-38.82254,6.30,1.05,
85549,17.483573,-43.97392,6.30,-0.01,
86506,17.678109,31.28748,6.30,1.075,
86768,17.729728,-7.07961,6.30,0.324,
88294,18.030083,-36.37786,6.30,-0.016,
89474,18.259023,45.20932,6.30,0.641,
89726,18.311155,-42.28840,6.30,-0.144,
89835,18.332243,51.34782,6.30,1.112,
90336,18.431835,-33.94572,6.30,-0.075,
91880,18.730898,-6.81812,6.30,0.479,
91958,18.744526,23.58988,6.30,0.437,
92687,18.886667,-51.93144,6.30,-0.092,
93629,19.066947,-57.95996,6.30,0.857,
93993,19.137378,-24.65737,6.30,0.011,
95067,19.342515,35.18596,6.30,-0.092,
95673,19.460110,37.94120,6.30,-0.12,
96164,19.552796,60.15869,6.30,1.58,
97845,19.883680,47.80772,6.30,-0.126,
99878,20.264057,-30.00528,6.30,1.513,
99918,20.273001,-12.33712,6.30,0.005,
99920,20.273225,-36.45358,6.30,1.467,
102230,20.714710,-39.55883,6.30,1.073,
102530,20.777388,46.53169,6.30,0.064,
105685,21.405786,-46.61471,6.30,0.235,
109493,22.181029,30.55300,6.30,0.227,
110919,22.472078,64.08516,6.30,1.113,
111649,22.618013,12.57682,6.30,1.431,
111879,22.662271,-28.32566,6.30,1.006,
113593,23.006843,-25.62685,6.30,1.124,
116972,23.712183,16.33572,6.30,0.97,
302,0.064342,66.71218,6.31,1.629,
5251,1.119292,53.49818,6.31,1.499,
6261,1.338733,77.57068,6.31,0.912,
7243,1.555077,8.20874,6.31,0.8,
10115,2.168817,53.84309,6.31,0.948,
13421,2.880761,-9.44124,6.31,0.196,
18067,3.861600,68.50749,6.31,-0.057,
18438,3.941751,71.82161,6.31,0.333,
18717,4.010247,17.29666,6.31,0.056,
19172,4.110171,54.00866,6.31,0.983,
19810,4.247797,37.54267,6.31,0.958,
19877,4.262856,15.40070,6.31,0.4,
20188,4.327060,10.12144,6.31,1.428,
23296,5.011058,-2.06603,6.31,0.293,
26953,5.719255,-1.61325,6.31,1.467,
30376,6.387355,-31.79031,6.31,0.893,
31086,6.523333,-32.86855,6.31,1.665,
32744,6.828889,-24.07607,6.31,0.054,
32838,6.845084,-8.04100,6.31,0.011,
33271,6.920888,45.82641,6.31,0.945,
33420,6.950026,-8.17929,6.31,0.641,
34428,7.137020,33.83239,6.31,1.356,
35463,7.320469,-33.72717,6.31,1.302,
37939,7.775950,-37.77257,6.31,1.348,
38031,7.794035,-15.99069,6.31,1.791,
39299,8.035037,-37.05004,6.31,1.599,
39898,8.149124,-11.33965,6.31,0.011,
40766,8.320856,-10.16575,6.31,0.329,
41806,8.523527,-39.06411,6.31,-0.133,
41927,8.548135,69.31990,6.31,1.36,
42249,8.613547,74.72368,6.31,0.308,
45259,9.223839,-38.61647,6.31,0.018,
46194,9.418852,-43.97660,6.31,1.526,
46232,9.425695,16.58559,6.31,0.968,
47427,9.663170,-10.57027,6.31,-0.029,
49408,10.086219,52.37130,6.31,0.135,
49688,10.142888,83.91837,6.31,1.549,
50492,10.310516,-36.80457,6.31,1.282,
50584,10.333189,-9.05900,6.31,0.338,
53167,10.876692,-0.20166,6.31,1.503,
54291,11.107648,-50.95672,6.31,1.156,
58002,11.897299,0.55211,6.31,0.207,
60589,12.418437,63.80278,6.31,0.919,
61981,12.701398,-69.40755,6.31,0.75,
62376,12.783974,5.95037,6.31,-0.013,
62799,12.868179,-48.09429,6.31,0.04,
63243,12.959203,-22.75350,6.31,1.069,
64417,13.202336,24.25803,6.31,1.006,
65606,13.451775,-49.14371,6.31,0.003,
66704,13.673132,50.51941,6.31,0.537,
68065,13.936242,32.03260,6.31,0.401,
69671,14.260737,-45.00076,6.31,0.596,
74505,15.225519,22.98340,6.31,0.064,
78017,15.930455,58.91177,6.31,-0.028,
78117,15.951080,-48.16219,6.31,0.381,
78236,15.975222,-37.50388,6.31,1.006,
80710,16.478731,51.40774,6.31,1.052,
84535,17.282569,89.03771,6.31,1.575,
84801,17.333209,-5.91751,6.31,0.85,
87163,17.807732,-26.97495,6.31,0.094,
88732,18.114854,50.82282,6.31,1.051,
90478,18.462154,-26.63484,6.31,0.263,
90969,18.556413,-38.72003,6.31,0.02,
91279,18.619183,16.19830,6.31,0.896,
91901,18.735540,-36.71834,6.31,0.98,
93418,19.025977,-15.28262,6.31,0.963,
94916,19.314654,9.61807,6.31,1.065,
95281,19.384569,-7.40062,6.31,1.455,
95487,19.422887,20.27173,6.31,-0.014,
95664,19.459419,14.28248,6.31,-0.068,
96917,19.700812,-9.19365,6.31,1.341,
98579,20.024104,-40.81434,6.31,0.113,
107750,21.828061,-12.72287,6.31,0.223,
109212,22.124990,18.00071,6.31,1.605,
110988,22.485900,58.40410,6.31,-0.033,
112567,22.798943,-25.91203,6.31,0.913,
113345,22.954777,-4.81009,6.31,0.948,
113501,22.986209,52.65453,6.31,1.414,
118029,23.941652,-24.73722,6.31,0.921,
417,0.084395,-0.50304,6.32,1.099,
730,0.150660,-54.00193,6.32,0.738,
2832,0.598557,13.20707,6.32,0.517,
8086,1.730596,32.19201,6.32,0.879,
8127,1.740702,46.13969,6.32,1.419,
10111,2.168000,-43.81557,6.32,0.899,
12647,2.708038,10.74173,6.32,0.064,
13947,2.993973,-32.50720,6.32,0.002,
14914,3.207333,47.72588,6.32,1.425,
18565,3.974766,38.84025,6.32,1.081,
19859,4.258000,6.18686,6.32,0.57,
22300,4.801942,55.60261,6.32,0.32,
23596,5.073931,-35.70511,6.32,0.311,
26190,5.582621,-61.17605,6.32,0.845,
27583,5.841340,-52.76788,6.32,0.746,
28820,6.084051,37.96427,6.32,0.825,
28829,6.085619,59.39321,6.32,1.116,
30190,6.351509,-11.81732,6.32,1.676,
30218,6.357201,17.76350,6.32,1.1,
30669,6.445183,-14.60343,6.32,1.242,
30849,6.478450,-41.07488,6.32,0.39,
31469,6.591894,-22.10905,6.32,1.03,
32827,6.843600,-25.77839,6.32,-0.183,
33064,6.887054,38.43801,6.32,0.516,
33189,6.907412,-42.36557,6.32,2.287,
33703,7.002301,-20.15843,6.32,-0.134,
34954,7.232594,-30.33979,6.32,-0.183,
35893,7.399538,-35.83782,6.32,-0.136,
36045,7.428606,-31.73872,6.32,-0.176,
38183,7.824525,-44.75116,6.32,0.962,
39263,8.028822,25.08947,6.32,0.023,
39843,8.140179,-63.80082,6.32,-0.058,
40604,8.289759,-16.28511,6.32,0.057,
41484,8.460219,45.65299,6.32,0.624,
42394,8.644526,-19.73690,6.32,1.592,
45424,9.256930,-15.02491,6.32,0.013,
45437,9.259645,-57.57774,6.32,1.037,
47096,9.598024,14.37959,6.32,0.027,
48776,9.948360,-27.47515,6.32,0.173,
51401,10.498453,65.62623,6.32,1.141,
52526,10.739699,-59.99332,6.32,-0.31,
56657,11.617005,-32.98818,6.32,0.439,
56961,11.676946,-62.56810,6.32,0.029,
56996,11.683767,-83.09994,6.32,1.08,
58603,12.017149,-1.76817,6.32,1.204,
60197,12.344827,27.05455,6.32,0.394,
60638,12.427299,-86.15061,6.32,1.065,
62807,12.870071,17.07394,6.32,1.622,
64181,13.153955,-9.53810,6.32,1.017,
64395,13.198076,-63.30299,6.32,0.426,
66236,13.574714,-48.27216,6.32,-0.052,
66607,13.653341,-75.68379,6.32,-0.003,
68643,14.051132,-17.36701,6.32,1.38,
69862,14.297001,48.00200,6.32,0.466,
71243,14.569915,32.53448,6.32,0.45,
74418,15.208670,-48.21899,6.32,1.115,
75822,15.489198,62.09953,6.32,1.369,
76567,15.637725,-28.20667,6.32,1.176,
77186,15.760974,0.89104,6.32,1.195,
78059,15.937342,-14.39940,6.32,0.485,
78955,16.117604,-14.07129,6.32,0.66,
79031,16.131080,-24.46235,6.32,-0.038,
79605,16.244235,-18.53565,6.32,1.085,
80421,16.415042,-45.34950,6.32,0.187,
82405,16.839514,-2.65436,6.32,0.401,
84496,17.274840,60.67061,6.32,1.09,
85975,17.571353,-48.52679,6.32,0.953,
87895,17.953980,23.99589,6.32,0.642,
88671,18.102063,-0.44613,6.32,1.014,
88754,18.118415,49.71044,6.32,-0.02,
89674,18.300266,-68.22926,6.32,-0.026,
90083,18.383919,-10.21898,6.32,0.13,
91781,18.715305,-19.28421,6.32,1.591,
93197,18.983166,50.80914,6.32,0.979,
93770,19.096425,29.92167,6.32,1.668,
94890,19.310518,49.56946,6.32,1.123,
96356,19.591613,-7.46028,6.32,1.124,
98333,19.978280,70.36695,6.32,0.868,
98890,20.081502,68.02716,6.32,1.649,
100016,20.291405,42.72206,6.32,1.632,
100762,20.428921,10.05600,6.32,1.571,
101765,20.625494,31.57254,6.32,-0.089,
102819,20.830072,7.86418,6.32,0.019,
103071,20.883653,-23.78320,6.32,0.876,
103949,21.062077,46.86315,6.32,0.259,
105148,21.300132,-64.68158,6.32,-0.064,
106500,21.571434,-42.92468,6.32,1.093,
108420,21.964184,74.99671,6.32,1.56,
111965,22.679987,-3.55424,6.32,0.52,
114714,23.237325,50.61789,6.32,-0.005,
115148,23.324281,34.79318,6.32,-0.053,
117219,23.767011,-40.18256,6.32,0.21,
186,0.040046,8.95682,6.33,0.182,
1502,0.311820,-43.23557,6.33,1.21,
5772,1.234695,28.52958,6.33,1.684,
6312,1.351450,64.65813,6.33,0.113,
7879,1.689256,-79.14820,6.33,0.947,
8020,1.716200,61.42107,6.33,0.013,
8044,1.721242,45.32265,6.33,1.02,
8369,1.796602,-37.15948,6.33,1.016,
8370,1.796670,46.22975,6.33,0.461,
10798,2.316255,-25.94569,6.33,0.724,
14566,3.134401,52.21351,6.33,-0.019,
16015,3.436606,-41.63694,6.33,0.054,
19673,4.214404,68.50115,6.33,1.169,
21408,4.595156,19.88179,6.33,0.754,
22189,4.773379,-2.95453,6.33,0.041,
22949,4.937661,24.59222,6.33,0.351,
23874,5.130502,-12.59266,6.33,1.617,
24377,5.229793,0.56042,6.33,1.463,
24847,5.326468,-1.41189,6.33,-0.105,
25288,5.410028,2.35317,6.33,-0.145,
25786,5.505765,-7.43481,6.33,-0.194,
29949,6.304684,46.36044,6.33,1.113,
30595,6.429760,-3.88903,6.33,1.018,
33040,6.883417,-26.95763,6.33,1.408,
35623,7.350862,42.65591,6.33,1.404,
36914,7.589350,-74.27496,6.33,0.016,
37982,7.784934,-39.33100,6.33,-0.142,
39041,7.987715,-73.24417,6.33,0.128,
41449,8.454561,-31.67273,6.33,0.897,
42187,8.602142,15.31363,6.33,0.338,
42850,8.731758,-68.21158,6.33,1.501,
43114,8.780345,-34.62295,6.33,-0.127,
45603,9.295082,-54.49483,6.33,1.403,
46407,9.463651,-71.78110,6.33,0.413,
47070,9.592723,-19.58339,6.33,0.069,
47591,9.703605,-66.91482,6.33,0.075,
50122,10.232379,-40.31077,6.33,0.94,
50939,10.403660,2.36802,6.33,0.991,
51117,10.443587,-0.98806,6.33,1.443,
52160,10.656346,-64.11179,6.33,-0.072,
54842,11.227804,41.08884,6.33,1.15,
55821,11.440434,33.45061,6.33,0.454,
59879,12.280409,86.43582,6.33,0.437,
60305,12.365629,47.18220,6.33,1.115,
60699,12.440107,71.92983,6.33,1.028,
61637,12.634560,3.28244,6.33,0.0,
62170,12.740533,80.62102,6.33,0.16,
63220,12.953520,-12.06695,6.33,1.491,
67246,13.782534,6.35037,6.33,0.63,
70029,14.329926,38.79405,6.33,0.053,
70580,14.437074,-42.31860,6.33,1.215,
72194,14.766044,-15.45954,6.33,1.194,
74083,15.138761,50.05495,6.33,1.05,
75000,15.325014,32.51490,6.33,0.234,
76666,15.655937,-23.15022,6.33,0.023,
78486,16.022098,-31.88914,6.33,1.454,
79125,16.150806,57.93788,6.33,0.032,
81428,16.631332,78.91867,6.33,1.141,
81580,16.660869,-9.55459,6.33,0.492,
82539,16.871598,-67.68163,6.33,1.289,
82861,16.933845,-16.80626,6.33,0.952,
83342,17.033049,8.45067,6.33,0.091,
84478,17.270388,-26.54615,6.33,1.144,
85020,17.377560,-37.80464,6.33,0.682,
86184,17.611111,69.57073,6.33,0.596,
87428,17.866513,-1.23681,6.33,1.126,
87910,17.957496,11.04454,6.33,0.13,
89114,18.187440,-19.84196,6.33,0.158,
92717,18.892556,75.78737,6.33,0.021,
95211,19.369316,-42.01603,6.33,1.129,
95369,19.401528,-68.37108,6.33,1.238,
96417,19.602320,22.58576,6.33,-0.059,
96729,19.663739,-23.42770,6.33,0.034,
96931,19.703559,12.19326,6.33,-0.077,
98320,19.976210,38.10569,6.33,-0.09,
102827,20.831846,46.66134,6.33,-0.066,
103891,21.050498,14.73003,6.33,1.68,
105695,21.406823,10.17425,6.33,0.474,
107030,21.676029,-55.73798,6.33,1.06,
108453,21.970363,-5.42492,6.33,0.378,
111191,22.526209,29.54276,6.33,0.209,
111884,22.663059,19.68113,6.33,0.035,
112508,22.789787,58.48303,6.33,0.017,
113009,22.886493,40.16736,6.33,-0.074,
114159,23.119288,-49.60614,6.33,1.452,
115015,23.294467,-11.71294,6.33,0.058,
115476,23.392207,0.29133,6.33,1.583,
117450,23.814983,59.97897,6.33,-0.007,
798,0.164474,-62.29679,6.34,0.164,
1208,0.251930,31.53572,6.34,1.555,
6685,1.429530,70.97989,6.34,-0.011,
6702,1.435765,34.57970,6.34,0.5,
7819,1.676368,8.76077,6.34,0.401,
11261,2.416219,-2.78003,6.34,-0.011,
19111,4.096309,-20.51256,6.34,0.918,
19917,4.272486,-60.94848,6.34,0.097,
20533,4.399934,24.30099,6.34,0.173,
21428,4.600465,-3.61164,6.34,-0.1,
22128,4.761796,23.62800,6.34,0.058,
23092,4.969698,-2.21274,6.34,0.11,
24909,5.339086,-34.69886,6.34,0.318,
25205,5.391963,5.32309,6.34,0.123,
27075,5.741221,-20.12657,6.34,0.58,
27901,5.903896,-29.14721,6.34,0.37,
29114,6.139760,41.05573,6.34,1.044,
33644,6.988937,7.31697,6.34,-0.106,
34248,7.100135,-30.65571,6.34,-0.131,
34940,7.230107,-22.90578,6.34,-0.184,
35132,7.263138,-23.74028,6.34,-0.018,
37089,7.621369,-23.77540,6.34,0.54,
37091,7.621610,40.02538,6.34,1.6,
38206,7.827771,-14.08536,6.34,1.66,
38355,7.855650,-43.09523,6.34,-0.173,
39194,8.016884,23.58309,6.34,1.16,
39279,8.031996,35.41307,6.34,1.564,
39326,8.040547,-6.33713,6.34,0.615,
39691,8.111558,-48.49739,6.34,-0.172,
41813,8.524883,-54.39401,6.34,1.298,
42415,8.649972,52.92508,6.34,1.319,
42579,8.678761,-57.54549,6.34,0.208,
43570,8.873384,5.34031,6.34,0.122,
45150,9.198787,5.46863,6.34,0.328,
48413,9.869996,0.07561,6.34,0.934,
48861,9.965790,45.41430,6.34,1.096,
49645,10.133793,-37.33344,6.34,0.98,
49870,10.183047,40.66161,6.34,1.277,
50785,10.369569,-58.26557,6.34,0.884,
50916,10.397401,-57.95393,6.34,1.517,
52685,10.772919,57.36591,6.34,1.568,
52730,10.780024,-69.20979,6.34,0.18,
53259,10.892473,-15.44582,6.34,1.176,
54048,11.060149,-13.43492,6.34,0.86,
54673,11.191545,-71.43619,6.34,1.373,
57819,11.856084,-12.18781,6.34,0.41,
58469,11.990451,-62.83095,6.34,0.317,
59291,12.163078,74.66137,6.34,0.511,
59458,12.195806,57.05441,6.34,1.505,
59588,12.220263,-34.12527,6.34,1.449,
59622,12.226890,-33.79292,6.34,0.071,
59647,12.232354,-78.57393,6.34,1.234,
62172,12.740863,44.10300,6.34,0.469,
64117,13.141065,-67.79676,6.34,1.71,
64951,13.313424,-79.97602,6.34,-0.027,
65230,13.367760,43.90338,6.34,0.255,
65678,13.466575,52.74559,6.34,0.259,
67648,13.860142,-36.43328,6.34,0.484,
68537,14.030746,68.67867,6.34,1.412,
69122,14.148961,-59.27671,6.34,0.031,
71870,14.699930,-77.01145,6.34,-0.027,
72373,14.798597,-12.84001,6.34,1.097,
73241,14.969112,-48.86301,6.34,0.708,
75101,15.346394,-2.41333,6.34,1.062,
82731,16.909988,-30.58734,6.34,0.214,
83738,17.114711,-1.65619,6.34,0.209,
83816,17.129635,40.51605,6.34,0.032,
84113,17.195900,7.89476,6.34,1.04,
85187,17.409389,15.60605,6.34,-0.017,
85195,17.410289,-18.44576,6.34,0.046,
86546,17.686387,15.17838,6.34,0.04,
88528,18.077836,23.94200,6.34,0.306,
88862,18.142704,14.28472,6.34,0.181,
92079,18.766985,-19.60636,6.34,1.578,
94149,19.164332,-0.42811,6.34,-0.042,
94243,19.183863,-39.00471,6.34,0.006,
95253,19.380097,9.91315,6.34,0.458,
95818,19.489138,20.27974,6.34,-0.097,
97326,19.779073,68.43800,6.34,0.309,
99234,20.143966,10.72587,6.34,-0.136,
99529,20.199416,-12.39240,6.34,1.209,
101684,20.610648,-63.12096,6.34,0.413,
102258,20.720468,57.11400,6.34,0.282,
102499,20.772566,52.99530,6.34,1.131,
103963,21.064482,41.62817,6.34,0.39,
104048,21.079271,2.26977,6.34,0.965,
109190,22.119345,58.84072,6.34,0.877,
112746,22.833118,-32.80546,6.34,0.317,
114607,23.217775,29.44152,6.34,0.924,
115129,23.319045,-79.47241,6.34,0.913,
115833,23.466858,-35.54449,6.34,1.201,
117860,23.905946,-27.04291,6.34,0.197,
1215,0.252934,27.28344,6.35,-0.002,
1296,0.270527,76.95076,6.35,-0.044,
1575,0.328212,40.72946,6.35,1.179,
5141,1.097008,4.90837,6.35,0.383,
6427,1.375134,-19.08121,6.35,0.493,
7786,1.670308,53.86828,6.35,1.608,
7963,1.704915,58.62774,6.35,-0.027,
8480,1.822059,-31.07246,6.35,1.222,
10446,2.243880,28.69119,6.35,0.957,
11479,2.467878,-64.29977,6.35,-0.025,
12708,2.722287,-40.52790,6.35,-0.022,
12744,2.730901,25.63834,6.35,0.089,
13424,2.881118,52.99735,6.35,0.093,
17136,3.669844,-15.22653,6.35,0.881,
18201,3.892910,25.68288,6.35,0.11,
18658,3.994581,10.33040,6.35,0.417,
21144,4.532485,36.74269,6.35,1.089,
22280,4.797104,-30.02037,6.35,1.071,
24984,5.349815,27.95726,6.35,0.039,
25638,5.476326,13.67898,6.35,0.168,
26796,5.690812,-33.40074,6.35,-0.04,
26853,5.701107,22.66033,6.35,1.194,
27660,5.856416,-64.03357,6.35,0.866,
28117,5.942713,28.94227,6.35,0.275,
28764,6.074572,-45.03660,6.35,0.517,
30501,6.412152,25.04871,6.35,1.21,
30517,6.414658,16.05713,6.35,1.063,
30675,6.445792,-7.51194,6.35,-0.061,
31593,6.611407,-22.61473,6.35,-0.117,
31889,6.666078,44.01411,6.35,1.222,
32539,6.789849,18.19345,6.35,0.066,
36657,7.539520,-35.96119,6.35,-0.096,
38870,7.954526,1.12703,6.35,0.507,
39035,7.986752,-49.97685,6.35,-0.151,
39514,8.075733,-25.69974,6.35,1.461,
39722,8.119429,43.26037,6.35,-0.02,
41940,8.550030,24.08479,6.35,1.032,
42142,8.590266,2.74345,6.35,1.023,
42440,8.653672,-60.31729,6.35,-0.002,
43177,8.794554,-41.73679,6.35,0.578,
43624,8.884983,59.05614,6.35,0.414,
50562,10.328344,-65.13724,6.35,1.556,
52308,10.688200,-59.67692,6.35,0.088,
52785,10.791836,-69.43773,6.35,-0.085,
53849,11.015941,-15.79268,6.35,1.172,
54725,11.204108,-32.43379,6.35,1.683,
55225,11.309511,-79.66865,6.35,0.266,
55791,11.430571,3.86011,6.35,0.345,
56944,11.674287,57.97040,6.35,-0.092,
60780,12.458010,-58.31645,6.35,1.612,
61692,12.646189,40.87466,6.35,0.204,
68763,14.074161,-14.97171,6.35,1.081,
69398,14.206824,-24.36335,6.35,1.351,
69977,14.318655,-27.14115,6.35,1.591,
73454,15.010756,47.27744,6.35,-0.099,
73941,15.109765,36.45606,6.35,0.537,
76739,15.670981,-31.21377,6.35,1.418,
78849,16.095710,-6.29113,6.35,0.413,
80610,16.458964,2.87063,6.35,1.638,
80850,16.510839,77.44651,6.35,0.995,
82554,16.874283,-40.72315,6.35,-0.141,
82798,16.921108,13.61991,6.35,0.339,
83007,16.961752,24.38126,6.35,1.089,
83493,17.064628,19.69051,6.35,1.518,
83906,17.148478,-3.88299,6.35,0.697,
84938,17.359290,16.73123,6.35,1.608,
89512,18.266092,-3.61799,6.35,0.201,
90146,18.396658,53.30084,6.35,0.168,
91733,18.706285,-64.64304,6.35,0.153,
92016,18.755182,-21.00162,6.35,0.458,
93117,18.969455,-83.42220,6.35,-0.033,
93315,19.006892,-24.94217,6.35,1.253,
93466,19.035288,52.26106,6.35,0.983,
94290,19.191939,26.73587,6.35,0.444,
96204,19.562786,5.46571,6.35,1.471,
100155,20.315983,39.00418,6.35,1.871,
100781,20.433777,13.91161,6.35,1.453,
101211,20.515778,-29.11267,6.35,0.227,
101384,20.547877,-24.94383,6.35,0.001,
103103,20.890266,-30.71895,6.35,1.1,
105689,21.406426,24.52839,6.35,1.057,
106474,21.565135,-82.68308,6.35,0.089,
111296,22.546363,15.86326,6.35,1.19,
112694,22.821516,-70.34798,6.35,0.071,
113465,22.978507,7.34007,6.35,0.052,
114984,23.288574,75.29903,6.35,0.049,
115178,23.328651,-33.70805,6.35,1.308,
115945,23.490830,-1.79121,6.35,1.125,
116505,23.608476,32.90422,6.35,0.459,
63,0.012119,45.25333,6.36,-0.047,
5259,1.120255,-23.99633,6.36,0.238,
6025,1.290033,31.74462,6.36,1.132,
6486,1.389264,58.14299,6.36,0.457,
9149,1.964821,-65.42470,6.36,0.906,
10832,2.323546,-41.84837,6.36,1.162,
12057,2.591083,39.66438,6.36,-0.095,
13271,2.846611,-39.93222,6.36,0.04,
14797,3.184801,-13.26428,6.36,0.614,
15700,3.371190,-25.58780,6.36,0.01,
18990,4.069085,-16.58873,6.36,1.266,
19721,4.226589,-40.35776,6.36,1.468,
20138,4.317469,-33.90462,6.36,0.132,
22508,4.843441,70.94153,6.36,-0.069,
22850,4.916211,19.48539,6.36,0.292,
24440,5.243205,76.47276,6.36,-0.011,
25505,5.454278,2.34120,6.36,0.965,
26463,5.629390,33.55917,6.36,1.306,
28561,6.028230,22.40100,6.36,-0.071,
29178,6.155610,-18.12638,6.36,-0.04,
31509,6.598344,-36.08863,6.36,0.486,
31603,6.614243,-41.55714,6.36,1.147,
32067,6.699786,6.34542,6.36,-0.084,
32222,6.726872,-73.11821,6.36,0.96,
33330,6.931881,-31.79018,6.36,-0.155,
33532,6.968765,-27.16438,6.36,-0.186,
34956,7.232779,71.81658,6.36,1.119,
35735,7.371440,59.90200,6.36,0.282,
36325,7.477750,27.55294,6.36,1.223,
38449,7.876789,55.20944,6.36,-0.003,
38667,7.916786,-52.58333,6.36,-0.007,
38959,7.971265,43.97737,6.36,1.043,
39866,8.143790,-37.68122,6.36,-0.054,
41653,8.493442,-55.19094,6.36,0.799,
41939,8.549584,-34.63404,6.36,0.951,
41941,8.550517,-45.75291,6.36,-0.119,
43454,8.850407,15.35065,6.36,0.669,
43763,8.915011,-58.23966,6.36,-0.086,
45214,9.214061,-60.91677,6.36,-0.044,
47633,9.711973,48.43100,6.36,0.01,
48219,9.830931,-36.26846,6.36,1.008,
49445,10.094700,15.75751,6.36,0.387,
50142,10.235823,-23.81395,6.36,1.639,
50904,10.394933,29.61586,6.36,1.09,
52273,10.680984,-35.74172,6.36,0.917,
53151,10.874628,-79.55944,6.36,1.46,
53492,10.942897,25.50024,6.36,1.036,
53589,10.963386,-59.73219,6.36,0.84,
58452,11.986302,-45.83222,6.36,-0.081,
59941,12.295628,15.14470,6.36,1.384,
60417,12.387389,-67.63155,6.36,0.887,
60804,12.461689,8.61034,6.36,0.935,
64838,13.291626,-0.67607,6.36,0.26,
66152,13.559972,-65.63269,6.36,-0.014,
68380,13.997022,-3.54979,6.36,0.486,
68516,14.026892,17.66839,6.36,1.215,
69564,14.239253,-5.94772,6.36,0.593,
70528,14.427716,-66.17292,6.36,0.128,
70626,14.447188,-39.87399,6.36,-0.088,
70873,14.493549,41.79591,6.36,0.702,
73116,14.943265,-39.41602,6.36,0.061,
74552,15.233108,-61.34298,6.36,-0.041,
75125,15.351911,24.95802,6.36,1.257,
76234,15.572460,-39.34921,6.36,-0.017,
79420,16.208936,75.21068,6.36,1.283,
81337,16.611928,15.49746,6.36,-0.055,
82543,16.872013,-41.85451,6.36,0.264,
83013,16.963939,42.51245,6.36,1.28,
84650,17.305697,-32.55311,6.36,0.109,
84855,17.342699,48.18879,6.36,0.427,
84947,17.361545,-24.90610,6.36,1.399,
85622,17.496485,-5.91948,6.36,0.93,
85934,17.561883,14.84160,6.36,1.595,
86501,17.677097,43.47067,6.36,1.199,
86769,17.730114,-13.50870,6.36,0.384,
87822,17.940063,-65.72174,6.36,0.451,
88148,18.004354,0.62948,6.36,0.16,
88213,18.014683,6.26829,6.36,-0.104,
88929,18.152840,30.46953,6.36,1.194,
89246,18.211838,41.14684,6.36,1.038,
89620,18.289928,-28.28898,6.36,0.536,
90174,18.400997,-3.58316,6.36,0.351,
90597,18.486909,-43.84594,6.36,0.904,
90884,18.539071,-14.64427,6.36,0.217,
90967,18.556308,-5.91172,6.36,0.034,
91172,18.599901,-29.69910,6.36,1.272,
91499,18.660244,5.26429,6.36,0.8,
94858,19.302714,-53.38709,6.36,0.505,
96630,19.646942,3.38152,6.36,0.001,
97151,19.746959,40.71680,6.36,1.561,
99453,20.185395,-57.52424,6.36,0.057,
99870,20.262013,50.23290,6.36,0.096,
101623,20.596614,-44.33761,6.36,0.958,
101997,20.669925,-23.77387,6.36,0.719,
103079,20.885380,29.64910,6.36,1.085,
103752,21.024450,-68.20959,6.36,0.101,
105017,21.271424,44.23822,6.36,0.979,
106661,21.603885,30.05542,6.36,1.24,
108119,21.904839,19.71812,6.36,0.938,
108766,22.033715,10.97381,6.36,-0.104,
108969,22.076255,32.94174,6.36,1.121,
109375,22.158044,-23.65911,6.36,0.921,
109434,22.170920,72.11127,6.36,-0.053,
109445,22.172788,14.62986,6.36,1.08,
111086,22.504819,-14.58573,6.36,-0.047,
112032,22.692029,30.96586,6.36,1.579,
112603,22.805927,-61.68436,6.36,1.059,
113204,22.925165,-20.13940,6.36,1.429,
114742,23.243468,24.10290,6.36,1.167,
117472,23.819974,58.96320,6.36,0.408,
117712,23.873533,75.54459,6.36,0.977,
6378,1.366383,76.23880,6.37,0.283,
6971,1.495226,-25.61775,6.37,1.141,
8514,1.830240,-38.40280,6.37,0.523,
9022,1.935945,-49.83645,6.37,-0.081,
9207,1.974078,-33.06679,6.37,1.006,
10562,2.266033,47.81194,6.37,1.029,
14318,3.077957,15.85602,6.37,1.4,
14757,3.176496,-23.73855,6.37,0.912,
15807,3.394164,4.88211,6.37,0.851,
16319,3.505387,71.86390,6.37,1.772,
16602,3.561455,57.86872,6.37,0.523,
18428,3.941017,-13.59753,6.37,1.585,
19233,4.122611,-64.22229,6.37,0.636,
20698,4.433708,4.37345,6.37,1.078,
21152,4.534669,5.41003,6.37,0.42,
21324,4.577261,-24.04050,6.37,1.137,
24017,5.162367,64.91949,6.37,0.448,
24825,5.321510,-18.51992,6.37,-0.134,
28118,5.942899,-23.21531,6.37,1.068,
29326,6.183825,18.13047,6.37,1.35,
29568,6.229250,-23.86194,6.37,0.713,
29746,6.264992,1.16908,6.37,0.443,
30503,6.412193,-28.78011,6.37,0.626,
32268,6.736812,36.10926,6.37,0.065,
32931,6.860938,3.04199,6.37,0.052,
34168,7.085830,47.77504,6.37,-0.048,
36965,7.598884,43.03096,6.37,0.364,
37165,7.637325,24.36044,6.37,0.337,
37773,7.745519,-66.07193,6.37,0.949,
38372,7.861358,-12.81940,6.37,0.384,
39038,7.987100,-49.97377,6.37,-0.089,
39876,8.145439,-20.36317,6.37,0.141,
42854,8.733272,4.33456,6.37,-0.04,
44665,9.102117,-64.49985,6.37,1.361,
45097,9.186865,80.82891,6.37,0.385,
47454,9.672241,-10.76919,6.37,0.083,
51290,10.476812,45.21221,6.37,1.33,
53141,10.870470,1.02497,6.37,0.087,
57779,11.848706,12.27904,6.37,0.294,
59010,12.099948,-3.13159,6.37,0.997,
60994,12.501327,-13.39318,6.37,0.591,
64682,13.257141,-69.67928,6.37,1.21,
65303,13.384056,-48.56279,6.37,-0.077,
66223,13.572740,38.78927,6.37,0.241,
71658,14.656814,-49.05532,6.37,0.44,
83984,17.168410,-61.67546,6.37,-0.049,
84934,17.358677,28.75810,6.37,0.724,
85474,17.467316,-8.20837,6.37,0.57,
86153,17.605950,27.56664,6.37,1.586,
86537,17.684857,24.51325,6.37,1.204,
87434,17.866917,46.64357,6.37,1.06,
88599,18.090767,-81.48657,6.37,1.528,
90337,18.432008,14.96623,6.37,-0.037,
92475,18.845986,10.97639,6.37,1.443,
93234,18.990772,-18.56643,6.37,0.962,
93543,19.051944,-19.10302,6.37,0.48,
95319,19.392779,33.22197,6.37,0.804,
95820,19.489267,-7.04409,6.37,0.87,
96003,19.520432,55.73184,6.37,1.123,
96351,19.590314,2.91361,6.37,0.414,
96428,19.604357,14.39107,6.37,1.045,
96688,19.657038,16.57112,6.37,1.918,
96734,19.664486,-66.68551,6.37,0.037,
97029,19.719657,38.67171,6.37,1.22,
98954,20.090707,15.50041,6.37,1.615,
101300,20.532836,25.80498,6.37,0.281,
103929,21.057241,50.35191,6.37,0.986,
107893,21.860347,65.75271,6.37,0.281,
109306,22.145178,-33.12569,6.37,0.205,
111543,22.597774,56.07057,6.37,0.107,
112368,22.759581,30.44256,6.37,0.933,
113080,22.901568,-19.17515,6.37,1.515,
113802,23.045875,44.05875,6.37,-0.02,
115530,23.402464,41.61287,6.37,1.702,
115839,23.468109,-11.44975,6.37,0.902,
345,0.072310,-29.26882,6.38,0.006,
3132,0.663247,82.49376,6.38,0.551,
3965,0.849263,51.50803,6.38,0.307,
7651,1.642174,45.39971,6.38,-0.021,
8233,1.766959,-27.34883,6.38,0.366,
9983,2.142655,44.45943,6.38,0.965,
10227,2.191443,57.64554,6.38,0.298,
13363,2.865621,-30.81452,6.38,0.484,
14232,3.058376,28.26991,6.38,0.306,
14544,3.129817,47.30871,6.38,0.122,
16449,3.531568,-25.61415,6.38,0.12,
20467,4.385488,-35.54481,6.38,1.242,
20630,4.421976,-44.16090,6.38,0.457,
20904,4.481108,30.36149,6.38,0.547,
23908,5.137016,-15.09535,6.38,0.889,
25810,5.512522,39.82592,6.38,0.986,
27001,5.728092,-45.83286,6.38,0.295,
27512,5.826146,-44.87539,6.38,1.262,
28642,6.048193,43.37833,6.38,1.205,
31105,6.527065,15.90350,6.38,0.275,
35253,7.284277,26.68949,6.38,0.883,
36123,7.441052,10.60807,6.38,0.078,
36346,7.480946,-64.50980,6.38,1.554,
36553,7.519107,11.20298,6.38,1.278,
37128,7.629173,-38.01042,6.38,1.472,
38037,7.795891,-16.01448,6.38,1.697,
38306,7.848175,0.07956,6.38,1.237,
40291,8.228075,-33.56953,6.38,1.141,
41893,8.542600,-15.03014,6.38,0.275,
41926,8.547669,-31.50085,6.38,0.78,
43354,8.831212,-39.14160,6.38,0.249,
43520,8.863899,-44.15093,6.38,-0.15,
45249,9.222652,-29.66437,6.38,1.6,
50075,10.223548,-33.03172,6.38,0.592,
50552,10.325651,-5.10615,6.38,0.894,
52660,10.768245,6.37318,6.38,1.121,
53860,11.018249,63.42111,6.38,0.169,
56410,11.565639,36.81561,6.38,1.057,
57137,11.715169,-79.30639,6.38,0.894,
58085,11.912396,-66.37620,6.38,0.406,
60098,12.324873,28.15692,6.38,0.523,
61328,12.566433,-49.90981,6.38,0.428,
62128,12.732963,-36.34915,6.38,-0.06,
69592,14.244711,21.87339,6.38,0.194,
69735,14.273416,39.74471,6.38,0.376,
71853,14.697566,-30.93316,6.38,-0.083,
72983,14.915013,-69.86096,6.38,-0.059,
73571,15.035715,-7.57530,6.38,0.18,
75810,15.486699,16.39562,6.38,0.955,
78540,16.034578,-51.12077,6.38,-0.003,
82241,16.802467,13.59030,6.38,0.877,
82989,16.958900,13.88411,6.38,0.93,
83677,17.102679,9.73387,6.38,1.458,
83688,17.103625,10.45388,6.38,0.896,
85313,17.433574,26.87873,6.38,0.124,
85589,17.490447,-38.51692,6.38,0.091,
86713,17.718210,44.08432,6.38,1.521,
88565,18.083556,41.94629,6.38,0.287,
88972,18.160408,38.45778,6.38,0.876,
88981,18.162050,-13.93444,6.38,1.428,
89006,18.165993,-59.04018,6.38,1.553,
95576,19.440688,62.55714,6.38,1.413,
97228,19.761015,36.09102,6.38,-0.049,
98346,19.981374,-68.76258,6.38,0.164,
98910,20.084837,-11.59941,6.38,0.543,
100434,20.367516,41.13214,6.38,1.016,
100808,20.439853,56.63870,6.38,0.018,
101808,20.631173,-25.10922,6.38,0.328,
102631,20.796633,3.30647,6.38,-0.013,
103077,20.884888,-11.57366,6.38,0.661,
104788,21.228464,64.40395,6.38,0.625,
104872,21.243625,0.09226,6.38,1.574,
105662,21.402202,-22.74710,6.38,1.026,
105729,21.414354,-3.39836,6.38,0.334,
107797,21.836939,-16.84491,6.38,1.42,
109009,22.084295,14.81592,6.38,1.523,
109124,22.103766,56.34340,6.38,-0.091,
109977,22.274902,27.80403,6.38,0.982,
110408,22.364130,42.07816,6.38,-0.086,
111753,22.638167,45.18294,6.38,0.771,
113433,22.973239,-1.41021,6.38,0.366,
114152,23.118062,35.63649,6.38,1.158,
115389,23.374605,25.91848,6.38,1.54,
116624,23.634175,-15.09511,6.38,1.078,
1803,0.381051,-12.20944,6.39,0.659,
2734,0.582046,13.37114,6.39,1.136,
3641,0.777313,69.32541,6.39,0.424,
3992,0.855090,3.38502,6.39,1.069,
4446,0.948624,68.77566,6.39,0.375,
6093,1.303858,57.80317,6.39,1.589,
7147,1.535438,34.79996,6.39,-0.103,
7444,1.597930,41.07642,6.39,1.122,
7505,1.612091,7.83153,6.39,1.605,
9862,2.114458,-19.13887,6.39,1.143,
11293,2.424020,-66.49403,6.39,1.511,
15987,3.432177,-35.92088,6.39,0.082,
16672,3.575996,-31.87480,6.39,1.404,
18769,4.020787,36.98948,6.39,-0.005,
20039,4.297733,80.53578,6.39,0.947,
24955,5.344635,66.74688,6.39,0.921,
25667,5.482475,-3.30743,6.39,-0.007,
28765,6.074752,51.57339,6.39,0.196,
29798,6.273276,17.18161,6.39,1.565,
30602,6.431202,11.12588,6.39,0.077,
31266,6.557409,-20.92396,6.39,0.817,
31662,6.626915,10.85329,6.39,1.351,
33154,6.902386,-5.85219,6.39,0.174,
33774,7.013818,-33.46553,6.39,1.052,
36141,7.444782,11.00883,6.39,-0.126,
36977,7.600447,-55.88771,6.39,1.182,
37951,7.779087,-12.67531,6.39,-0.004,
40354,8.239165,13.04830,6.39,1.034,
41781,8.519620,-47.86662,6.39,-0.147,
42516,8.668450,20.00779,6.39,0.98,
43593,8.878005,-52.12891,6.39,0.003,
43853,8.932196,-23.81830,6.39,0.157,
44331,9.027991,39.71352,6.39,0.314,
44423,9.051483,-53.55037,6.39,-0.074,
44768,9.124143,22.98087,6.39,0.453,
47260,9.632295,73.08039,6.39,0.352,
47627,9.711487,-35.50171,6.39,-0.053,
48706,9.934816,-40.82455,6.39,1.612,
48730,9.939416,-51.33616,6.39,-0.162,
50893,10.392405,-3.64285,6.39,1.601,
54289,11.106747,-64.83997,6.39,0.114,
54749,11.209667,-21.74934,6.39,1.381,
58809,12.062345,5.55775,6.39,0.476,
60454,12.393541,-39.30236,6.39,0.285,
60468,12.396619,-30.33542,6.39,1.572,
61719,12.650606,22.65950,6.39,1.096,
61748,12.654683,35.95196,6.39,0.095,
62046,12.717822,61.15542,6.39,1.268,
67589,13.849804,68.31530,6.39,1.179,
68739,14.070711,-5.38142,6.39,1.321,
68902,14.106989,-59.71590,6.39,0.079,
69065,14.137301,-63.20795,6.39,1.013,
70385,14.400550,27.41318,6.39,1.609,
70966,14.515728,-40.84512,6.39,1.441,
71168,14.555630,36.95902,6.39,0.521,
71333,14.588072,-60.01564,6.39,1.256,
71406,14.601909,23.25036,6.39,1.063,
72000,14.724484,-62.96667,6.39,-0.086,
73118,14.943984,-62.36442,6.39,-0.055,
75959,15.513664,-71.65414,6.39,-0.112,
76006,15.522863,36.61660,6.39,0.529,
77729,15.870225,-29.88655,6.39,0.991,
78870,16.099948,-6.13975,6.39,1.034,
79385,16.201818,39.05552,6.39,1.262,
79867,16.302721,68.55455,6.39,1.343,
87670,17.907427,75.17131,6.39,0.972,
89010,18.166656,-32.71963,6.39,1.025,
89943,18.351985,49.72547,6.39,1.086,
92233,18.796997,-77.86825,6.39,0.593,
93437,19.030103,33.62126,6.39,-0.117,
94372,19.207788,-21.65838,6.39,1.129,
96316,19.583676,52.50202,6.39,1.122,
97142,19.743937,34.41416,6.39,1.521,
98086,19.933787,-81.34984,6.39,1.402,
98701,20.046892,31.95883,6.39,1.205,
99176,20.135140,16.66439,6.39,1.72,
99457,20.186133,-8.84234,6.39,-0.135,
100866,20.452159,34.32907,6.39,0.48,
101966,20.664410,11.24965,6.39,0.559,
105406,21.350396,40.34507,6.39,0.533,
106021,21.473566,8.19565,6.39,1.64,
106065,21.483366,-53.70591,6.39,1.14,
106590,21.587765,-23.45431,6.39,1.098,
108296,21.939996,21.23986,6.39,1.698,
108759,22.031289,-77.66254,6.39,0.231,
108797,22.040625,-16.96484,6.39,0.447,
109647,22.212186,-4.72068,6.39,0.498,
110091,22.301187,-0.23766,6.39,0.441,
111200,22.528144,-10.90556,6.39,0.29,
111539,22.596890,-17.46042,6.39,1.42,
112170,22.717866,47.16875,6.39,0.45,
113131,22.909896,16.94183,6.39,1.729,
114005,23.088231,1.30713,6.39,0.928,
115218,23.337326,61.97013,6.39,1.678,
116060,23.516984,-6.28808,6.39,1.259,
116146,23.532657,-1.08588,6.39,1.177,
2213,0.466241,19.51404,6.40,0.99,
2937,0.621727,-54.39382,6.40,0.995,
4709,1.008587,70.98299,6.40,0.135,
5485,1.169985,-8.90614,6.40,1.029,
5688,1.219398,61.70619,6.40,0.018,
9521,2.041185,-29.66564,6.40,0.135,
10050,2.156419,17.22420,6.40,0.471,
11020,2.365399,57.24292,6.40,0.569,
12272,2.633542,7.69528,6.40,0.431,
12784,2.738642,17.76393,6.40,1.143,
15323,3.294460,31.12705,6.40,0.574,
15585,3.345889,-26.60651,6.40,0.542,
15655,3.359286,-47.77666,6.40,0.989,
16924,3.629953,15.43055,6.40,0.167,
17328,3.709084,-85.26196,6.40,-0.005,
21525,4.622017,-41.87294,6.40,0.167,
22720,4.886052,52.84116,6.40,0.068,
24114,5.179053,-25.91046,6.40,1.246,
24925,5.340669,-5.36753,6.40,-0.047,
26263,5.593307,-3.25284,6.40,-0.122,
26602,5.654507,-17.84941,6.40,-0.095,
26781,5.689160,29.48742,6.40,-0.081,
27777,5.877685,39.57471,6.40,0.098,
29913,6.297706,-52.73303,6.40,1.456,
30608,6.433008,-7.89498,6.40,0.145,
33650,6.991092,25.91417,6.40,-0.111,
34250,7.100340,59.80185,6.40,1.19,
35725,7.370392,38.99594,6.40,1.217,
36740,7.556897,37.18790,6.40,1.231,
36986,7.602059,-22.16051,6.40,0.968,
37289,7.656721,-16.84729,6.40,1.47,
37530,7.702839,-58.63092,6.40,-0.094,
37723,7.737238,12.86007,6.40,1.392,
39625,8.097120,-0.57332,6.40,1.058,
40220,8.214321,-37.92447,6.40,0.108,
41011,8.369314,74.82036,6.40,1.022,
42071,8.574918,-27.09816,6.40,1.429,
45614,9.297599,11.50115,6.40,0.095,
45754,9.329982,-34.10334,6.40,-0.087,
45888,9.356557,45.37010,6.40,1.305,
47249,9.630974,-9.42445,6.40,-0.04,
47422,9.662538,-62.94292,6.40,-0.084,
49619,10.126589,-48.26082,6.40,-0.15,
52877,10.813852,65.13249,6.40,-0.022,
53411,10.924228,-43.02053,6.40,0.068,
54319,11.112230,17.73736,6.40,1.555,
54721,11.203031,68.27187,6.40,0.127,
56170,11.514726,47.92892,6.40,0.879,
56830,11.650122,-24.72109,6.40,0.821,
59352,12.175453,16.80927,6.40,0.07,
61557,12.612950,-50.33539,6.40,0.026,
65621,13.454073,-40.16266,6.40,0.974,
65835,13.495218,-23.28133,6.40,1.317,
67261,13.786352,-62.58971,6.40,,
69655,14.255921,-53.50994,6.40,1.576,
70809,14.481087,-47.99209,6.40,-0.112,
71857,14.698398,21.12355,6.40,0.928,
73966,15.115548,-52.02978,6.40,-0.109,
76165,15.556755,-40.49085,6.40,1.016,
78360,15.998649,-78.02728,6.40,0.387,
78710,16.068389,-59.17618,6.40,1.366,
79530,16.229305,-24.42209,6.40,0.043,
79787,16.283042,-53.69623,6.40,0.793,
79788,16.283111,-20.10409,6.40,1.27,
81691,16.687982,1.24544,6.40,1.019,
82898,16.940360,65.03912,6.40,0.383,
83269,17.018618,-56.55508,6.40,0.1,
86130,17.602250,28.18509,6.40,1.367,
86725,17.721586,-27.88398,6.40,0.438,
88815,18.130103,-64.55018,6.40,1.266,
90981,18.558183,-58.70878,6.40,0.688,
91677,18.695128,-14.56424,6.40,0.757,
92040,18.760574,79.94267,6.40,0.296,
94913,19.314151,0.33902,6.40,1.05,
95340,19.396369,20.26436,6.40,0.013,
101641,20.602316,25.88265,6.40,0.158,
105228,21.315055,-28.76582,6.40,0.966,
105425,21.354611,-49.93825,6.40,1.327,
107398,21.753444,52.26758,6.40,1.901,
110316,22.344311,50.98081,6.40,1.195,
112179,22.720629,-6.96294,6.40,-0.039,
113189,22.920805,-36.38858,6.40,1.313,
116428,23.592242,-7.46443,6.40,0.874,
116962,23.708730,61.67936,6.40,1.25,
695,0.142462,63.20404,6.41,0.998,
2628,0.555340,70.98184,6.41,-0.007,
2663,0.562170,-35.00208,6.41,0.617,
3649,0.778462,59.57454,6.41,1.081,
5240,1.116702,56.93497,6.41,1.188,
5477,1.168715,-57.69442,6.41,0.888,
7363,1.580992,-23.69968,6.41,1.306,
13789,2.959063,-38.19093,6.41,-0.018,
14649,3.155592,20.76112,6.41,1.241,
15309,3.292093,65.65837,6.41,0.079,
16226,3.484390,3.24870,6.41,0.79,
16447,3.530288,49.40109,6.41,0.075,
16938,3.633383,42.58284,6.41,-0.064,
19601,4.200076,-17.27473,6.41,0.968,
20856,4.469296,-41.95983,6.41,1.614,
25453,5.444119,6.86866,6.41,-0.023,
25580,5.466926,33.76370,6.41,0.51,
25582,5.467075,1.29825,6.41,-0.173,
26820,5.694538,-2.89646,6.41,0.32,
28596,6.035924,-60.09683,6.41,1.508,
30200,6.353310,29.54082,6.41,0.048,
30382,6.388470,3.76449,6.41,-0.149,
33012,6.879287,-59.34119,6.41,0.181,
33591,6.978805,-30.99804,6.41,-0.137,
37461,7.689368,-44.63217,6.41,-0.003,
39172,8.012260,-2.88192,6.41,-0.087,
42075,8.575540,-32.59874,6.41,0.752,
42951,8.755769,-2.60106,6.41,0.521,
43427,8.845868,18.83218,6.41,0.009,
43590,8.877416,-36.54534,6.41,0.549,
46058,9.392162,25.18284,6.41,0.856,
47231,9.627088,60.21368,6.41,0.921,
49223,10.047060,-62.15667,6.41,1.688,
51461,10.510901,-61.35647,6.41,1.65,
53798,11.007101,51.50210,6.41,1.007,
54745,11.208996,35.81408,6.41,0.6,
55350,11.334486,-71.99434,6.41,0.019,
58706,12.041264,-71.48898,6.41,1.163,
60525,12.407446,25.58240,6.41,0.276,
61208,12.542448,-21.21212,6.41,1.11,
62084,12.724544,-58.90274,6.41,1.092,
66521,13.635452,-58.41465,6.41,1.113,
69614,14.248061,3.33588,6.41,1.6,
70320,14.387599,-47.41696,6.41,1.257,
72846,14.889819,15.70517,6.41,0.569,
73953,15.113628,-16.48436,6.41,0.162,
77138,15.749884,-50.78546,6.41,0.163,
77350,15.790430,-40.19421,6.41,0.88,
77397,15.800498,31.73561,6.41,1.517,
79599,16.241357,-21.10764,6.41,0.002,
80247,16.382360,32.33301,6.41,0.083,
83114,16.984048,69.18625,6.41,0.725,
83365,17.038085,31.88412,6.41,1.134,
87042,17.785359,-38.11216,6.41,-0.02,
87264,17.831392,-61.71470,6.41,-0.049,
87624,17.899482,-34.83105,6.41,0.0,
88429,18.054045,19.61316,6.41,0.017,
90163,18.399244,38.73921,6.41,1.429,
90858,18.535247,3.65960,6.41,-0.025,
91675,18.694808,31.61761,6.41,-0.047,
100672,20.411599,1.36856,6.41,1.605,
101011,20.478775,-15.74150,6.41,0.999,
101570,20.585088,-71.18878,6.41,1.305,
102585,20.789102,45.57993,6.41,1.606,
103168,20.901825,-27.92524,6.41,1.634,
104041,21.078233,2.94227,6.41,1.051,
105079,21.287094,-13.27899,6.41,0.035,
106103,21.492916,6.58138,6.41,1.179,
106544,21.578547,1.82916,6.41,1.398,
108259,21.932121,-30.60592,6.41,0.927,
108364,21.953082,66.15615,6.41,-0.056,
109272,22.137857,49.79699,6.41,1.579,
110311,22.343406,-57.50978,6.41,1.404,
111066,22.500411,-12.91512,6.41,0.356,
111072,22.501809,49.35641,6.41,1.166,
111247,22.538529,54.03703,6.41,1.043,
114163,23.119569,59.72739,6.41,-0.03,
114725,23.239366,29.77183,6.41,0.448,
115245,23.342927,62.21326,6.41,1.605,
116119,23.528620,28.40349,6.41,0.035,
116187,23.541397,23.84361,6.41,1.492,
117430,23.810845,64.87645,6.41,0.062,
6717,1.440930,-0.39903,6.42,1.241,
6794,1.457409,41.10116,6.42,0.311,
8664,1.860500,-6.87414,6.42,1.233,
9094,1.952669,-10.24243,6.42,0.817,
14719,3.169122,27.81977,6.42,0.014,
16516,3.544160,44.85576,6.42,-0.007,
16531,3.547642,-61.01687,6.42,1.037,
20558,4.404023,12.15799,6.42,1.408,
22534,4.849036,-53.45970,6.42,0.483,
22938,4.935825,7.90470,6.42,0.415,
23551,5.064479,-14.37023,6.42,-0.187,
24193,5.193976,29.90358,6.42,1.752,
24607,5.278067,1.94733,6.42,-0.015,
26079,5.562315,-54.90229,6.42,0.55,
26616,5.657530,21.76293,6.42,0.066,
28385,5.996063,55.32086,6.42,0.318,
28951,6.110883,63.45384,6.42,1.011,
30627,6.435986,-3.51569,6.42,1.039,
32918,6.859048,-48.29275,6.42,1.207,
35080,7.255391,-0.16128,6.42,0.901,
35707,7.367237,-8.97938,6.42,-0.189,
36351,7.481288,46.31462,6.42,1.202,
37666,7.728589,-38.20188,6.42,-0.119,
38196,7.825643,12.81425,6.42,0.984,
38945,7.968304,7.21353,6.42,-0.031,
40063,8.183801,-37.29237,6.42,-0.045,
40639,8.296153,-36.06759,6.42,1.446,
40675,8.304006,15.67792,6.42,1.018,
41060,8.378907,60.63124,6.42,0.969,
41564,8.474765,-2.51713,6.42,0.332,
42549,8.672802,19.66994,6.42,1.02,
42775,8.715833,-35.94330,6.42,0.019,
43215,8.804063,-28.63880,6.42,1.364,
43246,8.810403,-1.04484,6.42,1.142,
43673,8.897433,-40.44754,6.42,0.96,
45764,9.332156,74.01660,6.42,1.05,
48351,9.856005,-6.18193,6.42,0.577,
49092,10.020000,-56.09656,6.42,-0.013,
49343,10.073158,-39.97586,6.42,1.311,
50067,10.222553,-61.65883,6.42,-0.111,
50509,10.316317,46.76078,6.42,1.19,
50516,10.316864,24.71214,6.42,1.388,
51248,10.467738,48.78490,6.42,0.61,
51265,10.471742,-63.16457,6.42,-0.039,
51327,10.484362,-65.17624,6.42,1.675,
52032,10.631185,34.07862,6.42,1.364,
52929,10.824669,63.81003,6.42,1.287,
55003,11.261877,-57.35588,6.42,0.098,
57939,11.882820,37.71868,6.42,0.754,Groombridge 1830
58369,11.968663,32.27391,6.42,0.331,
58436,11.981771,-25.90886,6.42,0.038,
62443,12.797614,3.57272,6.42,1.596,
62904,12.892254,19.48106,6.42,0.805,
65754,13.479394,50.71857,6.42,0.404,
65796,13.487477,-1.36443,6.42,1.122,
67104,13.753732,10.32531,6.42,1.226,
67199,13.770701,-54.68337,6.42,0.116,
68224,13.966354,-25.99808,6.42,1.274,
69340,14.192001,1.36240,6.42,0.479,
70038,14.331445,-6.74617,6.42,0.915,
70418,14.406157,-82.84825,6.42,-0.001,
78476,16.019644,-63.77654,6.42,0.567,
81231,16.590636,17.05734,6.42,0.062,
84332,17.241015,-39.76665,6.42,2.282,
85019,17.377210,-35.91070,6.42,0.541,
85391,17.448694,-25.94346,6.42,-0.055,
85450,17.462244,8.44204,6.42,1.66,
85826,17.537467,11.93005,6.42,-0.013,
88172,18.007683,19.50579,6.42,-0.054,
88876,18.144052,-21.44956,6.42,0.755,
90971,18.556473,8.26825,6.42,-0.044,
94770,19.283479,-65.22770,6.42,-0.046,
95239,19.377147,-51.23128,6.42,0.328,
96919,19.701151,55.46322,6.42,1.453,
97485,19.814055,33.43728,6.42,0.129,
101489,20.566646,4.89866,6.42,1.016,
101552,20.579830,-30.47347,6.42,-0.075,
102901,20.846430,-32.05460,6.42,1.513,
102993,20.866775,32.84889,6.42,-0.138,
105091,21.288553,58.61149,6.42,0.194,
106064,21.483310,17.90591,6.42,1.393,
106320,21.534134,-84.81007,6.42,1.405,
106564,21.581389,-29.69612,6.42,-0.097,
110478,22.378944,-45.94794,6.42,2.231,
111601,22.610092,11.69664,6.42,0.027,
113904,23.066883,6.61634,6.42,0.417,
34,0.006638,26.91811,6.43,0.514,
635,0.128920,-2.54868,6.43,-0.146,
1269,0.265239,61.00017,6.43,0.838,
1821,0.384554,-15.94256,6.43,1.595,
2889,0.610449,-65.12444,6.43,1.26,
2954,0.625136,3.13535,6.43,1.339,
3056,0.646883,-25.10782,6.43,1.482,
6789,1.456475,-22.33823,6.43,1.122,
7443,1.597382,-39.94713,6.43,0.415,
7597,1.631130,-3.44068,6.43,1.568,
8957,1.922130,-60.31248,6.43,0.409,
9655,2.070130,-11.85977,6.43,1.498,
10379,2.228225,58.56059,6.43,0.554,
10396,2.231543,-9.06463,6.43,1.415,
16712,3.583617,60.04143,6.43,0.433,
17588,3.767472,24.52790,6.43,-0.02,
19509,4.179409,-35.27379,6.43,1.07,
22737,4.891803,-66.67541,6.43,1.64,
24003,5.160181,69.63940,6.43,1.101,Mago
24960,5.345489,2.54478,6.43,1.041,
26515,5.638172,-50.64099,6.43,-0.047,
29525,6.220139,10.62714,6.43,0.663,
30741,6.459867,32.56295,6.43,1.264,
31850,6.658745,24.60016,6.43,0.523,
32322,6.747765,-27.34167,6.43,0.55,
34608,7.168524,21.24698,6.43,0.88,
35751,7.374533,0.70083,6.43,0.995,
37375,7.672504,-11.75255,6.43,1.245,
38316,7.850022,-24.52856,6.43,-0.003,
40474,8.264031,60.38060,6.43,0.21,
40656,8.299522,-30.00370,6.43,1.04,
41547,8.472163,-8.81628,6.43,1.197,
43209,8.802438,-42.46345,6.43,-0.178,
43623,8.884810,-16.95247,6.43,1.082,
44565,9.079995,-57.85257,6.43,0.288,
46810,9.538443,-28.62777,6.43,0.358,
46874,9.552135,-39.12907,6.43,0.337,
48839,9.962195,-1.94175,6.43,0.7,
49329,10.069009,3.20106,6.43,0.398,
49929,10.193947,13.35511,6.43,0.468,
51984,10.621144,-53.85526,6.43,-0.15,
52537,10.742331,-70.85525,6.43,0.227,
54703,11.199401,-26.80611,6.43,0.924,
55485,11.363699,57.07486,6.43,0.161,
55497,11.365851,-77.60837,6.43,0.202,
56500,11.583029,-4.36129,6.43,1.167,
62081,12.723961,-40.17785,6.43,0.242,
62448,12.798236,-24.85166,6.43,-0.058,
62653,12.838136,22.86341,6.43,1.002,
63822,13.080492,73.02498,6.43,0.218,
63883,13.091888,-52.11566,6.43,1.69,
64108,13.139027,-78.44603,6.43,0.008,
64779,13.275629,19.78529,6.43,0.274,
66923,13.715177,-50.79024,6.43,1.671,
67483,13.829149,36.63282,6.43,0.256,
67537,13.838721,-39.90085,6.43,0.992,
67620,13.855656,-24.39037,6.43,0.703,
68956,14.115681,74.59378,6.43,0.16,
69011,14.128005,-48.70403,6.43,0.001,
70451,14.411339,-44.31113,6.43,1.047,
72217,14.769690,-21.17597,6.43,0.603,
75790,15.482962,-28.86689,6.43,0.608,
79164,16.157219,55.82897,6.43,1.076,
79203,16.165354,-18.34062,6.43,0.447,
81198,16.585487,-45.24437,6.43,1.346,
83321,17.029543,-51.13103,6.43,0.279,
84780,17.329584,2.13954,6.43,1.487,
85688,17.511169,38.88220,6.43,0.51,
85786,17.529822,-33.70316,6.43,1.191,
87427,17.866239,15.32637,6.43,0.997,
89347,18.231172,2.39346,6.43,1.545,
90476,18.461700,59.54911,6.43,0.979,
91533,18.667202,30.84947,6.43,0.9,
93210,18.986748,39.21732,6.43,-0.168,
96503,19.619338,29.33370,6.43,-0.087,
96856,19.687403,22.45277,6.43,1.481,
97144,19.744805,8.72654,6.43,0.94,
99158,20.130658,9.39983,6.43,0.463,
101133,20.499978,45.92856,6.43,1.137,
102040,20.679205,19.93554,6.43,0.611,
105193,21.309008,61.18439,6.43,1.543,
106306,21.530598,23.84518,6.43,1.064,
106363,21.542572,-24.59042,6.43,0.2,
106419,21.554893,-52.73777,6.43,1.481,
107297,21.732808,22.81529,6.43,1.295,
108133,21.907374,80.30856,6.43,1.453,
109408,22.166072,-48.10766,6.43,1.38,
111138,22.514936,-26.07375,6.43,1.083,
111278,22.543187,20.23002,6.43,0.35,
112144,22.715402,37.80273,6.43,-0.119,
112300,22.746978,52.51721,6.43,1.541,
113445,22.976411,9.35686,6.43,0.64,
113750,23.036478,44.57286,6.43,0.959,
113852,23.055933,58.56385,6.43,0.898,
113994,23.085080,16.56284,6.43,0.886,
114371,23.163764,-14.51055,6.43,0.01,
114550,23.203457,-80.91270,6.43,1.498,
115709,23.443187,-21.74084,6.43,1.036,
115907,23.483560,-44.49807,6.43,1.177,
116941,23.704075,44.99171,6.43,1.5,
2178,0.458630,16.02548,6.44,0.23,
2237,0.472528,-20.33505,6.44,0.594,
4164,0.886793,-24.77688,6.44,0.439,
4475,0.955435,61.42189,6.44,0.94,
5042,1.075717,-33.53285,6.44,1.071,
5315,1.133240,1.99304,6.44,0.847,
5743,1.229240,7.57826,6.44,0.492,Revati B
6140,1.313058,37.38627,6.44,0.233,
6714,1.439887,20.07080,6.44,0.947,
7362,1.580922,-3.52389,6.44,1.341,
8641,1.857321,-39.83593,6.44,1.094,
8688,1.862805,-15.64748,6.44,1.608,
8847,1.896803,55.59764,6.44,0.185,
9706,2.080836,7.73566,6.44,1.114,
10830,2.322974,48.95546,6.44,0.427,
13257,2.843137,36.94833,6.44,0.617,
15282,3.286515,40.48298,6.44,-0.027,
17759,3.801817,24.98842,6.44,1.701,
20661,4.427032,15.94101,6.44,0.509,
25368,5.426805,-1.49129,6.44,-0.162,
25973,5.542707,57.22107,6.44,0.587,
26592,5.652417,41.35856,6.44,1.0,
28138,5.946946,-31.97625,6.44,1.07,
29788,6.271892,-59.21350,6.44,0.593,
30988,6.503283,-19.21489,6.44,1.683,
31241,6.552844,-38.62519,6.44,0.999,
31385,6.579533,7.57248,6.44,-0.01,
31650,6.624247,24.59085,6.44,0.101,
33909,7.037633,-43.40387,6.44,-0.039,
34066,7.065960,-10.12377,6.44,-0.067,
36779,7.564311,51.31415,6.44,1.348,
38963,7.972624,-51.44847,6.44,0.26,
40007,8.170308,25.84448,6.44,1.42,
40433,8.256461,-50.44922,6.44,1.52,
40787,8.324865,-34.59014,6.44,-0.079,
41306,8.427601,-17.43941,6.44,1.234,
41644,8.491613,-54.21176,6.44,-0.108,
42123,8.586812,-39.97045,6.44,0.578,
44717,9.111986,59.34452,6.44,0.045,
48029,9.790546,11.56817,6.44,0.255,
53157,10.875578,52.50361,6.44,1.114,
53811,11.010078,-53.11183,6.44,1.28,
54030,11.054461,-31.96085,6.44,1.616,
54038,11.057604,70.03074,6.44,1.28,
54380,11.126149,-48.63998,6.44,1.486,
55164,11.294130,-34.73735,6.44,0.408,
55953,11.466297,-35.32885,6.44,1.614,
57001,11.685674,-29.19627,6.44,0.651,
58810,12.062369,-74.21410,6.44,1.198,
60066,12.317229,26.00835,6.44,0.18,
63297,12.971907,64.92553,6.44,1.15,
63849,13.085186,-47.11691,6.44,0.414,
65381,13.399190,-20.92459,6.44,1.101,
65417,13.408481,12.43183,6.44,1.062,
67036,13.737781,-51.01245,6.44,-0.106,
69727,14.272606,-6.62154,6.44,0.275,
72135,14.755232,-51.31493,6.44,1.591,
72670,14.858351,-77.17597,6.44,-0.024,
74336,15.193002,-45.27746,6.44,1.039,
74775,15.281945,-46.20235,6.44,0.514,
75587,15.442273,54.02029,6.44,0.079,
75818,15.488688,-38.63500,6.44,0.351,
80809,16.501681,48.96109,6.44,0.026,
81499,16.646591,-8.61861,6.44,1.806,
83834,17.133526,31.20619,6.44,1.285,
85235,17.416831,67.30670,6.44,0.759,
85307,17.432743,-1.65178,6.44,0.457,
86716,17.718573,-33.05129,6.44,1.813,
87224,17.821956,1.96141,6.44,1.236,
93371,19.017861,-37.06155,6.44,0.02,
93443,19.030397,22.26441,6.44,0.13,
94054,19.147861,-55.72042,6.44,1.101,
94130,19.161043,-39.82724,6.44,1.064,
95370,19.401682,36.45209,6.44,1.074,
96546,19.628005,35.02254,6.44,1.559,
97454,19.808476,10.69410,6.44,0.932,
97569,19.831505,-66.81307,6.44,1.482,
98253,19.965588,42.26077,6.44,0.095,
98785,20.062309,-22.59559,6.44,0.503,
99894,20.268335,4.58080,6.44,0.867,Chechia
100714,20.418057,59.60010,6.44,0.094,
100876,20.453942,20.47649,6.44,1.03,
103154,20.899552,-6.88946,6.44,0.361,
104481,21.166185,2.94368,6.44,0.375,
107445,21.762361,35.85731,6.44,0.997,
109412,22.166708,-28.29244,6.44,0.147,
110504,22.385283,55.96323,6.44,2.215,
113705,23.028772,3.53091,6.44,0.97,
114096,23.108854,19.91085,6.44,0.544,
114981,23.287958,45.16417,6.44,1.077,
116465,23.598873,24.56101,6.44,1.703,
116991,23.718068,51.93933,6.44,1.034,
117510,23.830443,-25.33134,6.44,0.097,
2846,0.600877,-14.97303,6.45,1.063,
8143,1.745466,-6.76616,6.45,0.864,
9685,2.076413,-54.88169,6.45,0.386,
10623,2.279251,83.56141,6.45,0.951,
10795,2.316097,23.16782,6.45,0.376,
11212,2.405588,-25.84746,6.45,1.321,
11427,2.456498,10.19833,6.45,0.45,
11474,2.466647,1.96085,6.45,0.971,
13036,2.791987,44.27220,6.45,0.637,
13176,2.824143,37.32641,6.45,0.422,
16587,3.558944,58.76524,6.45,0.168,
17436,3.735104,-40.66029,6.45,1.059,
17558,3.760304,38.67626,6.45,1.195,
19590,4.198927,-8.83748,6.45,0.95,
19725,4.227264,-1.14974,6.45,-0.125,
20360,4.360421,-6.28417,6.45,0.056,
21666,4.651194,-51.67275,6.45,1.321,
23419,5.033340,1.60886,6.45,-0.05,
24560,5.269600,-11.35255,6.45,0.67,
25192,5.389686,28.93676,6.45,-0.04,
26104,5.567353,-7.02375,6.45,1.116,
26571,5.649270,26.61807,6.45,0.98,
29509,6.216548,6.01626,6.45,1.621,
30480,6.407384,-63.42893,6.45,0.66,
31359,6.575777,55.35304,6.45,1.554,
32019,6.689138,28.19664,6.45,1.09,
32477,6.778242,-54.69503,6.45,0.858,
35326,7.296670,-26.79756,6.45,-0.153,
35548,7.335234,15.14293,6.45,0.009,
38292,7.845142,-44.57995,6.45,0.899,
38686,7.920514,-30.91764,6.45,1.474,
39198,8.017612,-6.41920,6.45,0.838,
40397,8.247567,-46.48589,6.45,-0.149,
40559,8.281654,84.05764,6.45,0.052,
40749,8.318219,-48.19785,6.45,-0.131,
42400,8.645782,-53.09038,6.45,-0.1,
42981,8.759685,4.66438,6.45,1.228,
45543,9.282514,-11.10311,6.45,1.172,
46143,9.410315,-70.07578,6.45,1.275,
47242,9.629427,-3.17064,6.45,0.986,
47868,9.756113,-30.20275,6.45,-0.137,
48324,9.850551,13.06624,6.45,1.624,
49642,10.132398,-62.22142,6.45,-0.095,
50013,10.210547,-19.15304,6.45,0.494,
50606,10.337452,53.77939,6.45,0.58,
50887,10.391214,-0.90224,6.45,0.918,
52488,10.731184,-60.11778,6.45,-0.017,
53260,10.892615,-56.42050,6.45,1.392,
53387,10.919881,-20.66496,6.45,1.098,
56050,11.487539,-63.55394,6.45,0.32,
56508,11.584377,20.44155,6.45,1.01,Formosa
62915,12.893923,-4.22466,6.45,1.094,
66060,13.542909,-29.56526,6.45,0.438,
67548,13.841043,58.53946,6.45,0.094,
69012,14.128205,-49.86761,6.45,0.66,
69127,14.150165,-10.33455,6.45,1.003,
69585,14.243224,13.97545,6.45,1.348,
70051,14.335741,30.42913,6.45,0.156,
71510,14.624574,2.27724,6.45,0.56,
73341,14.987202,-37.88123,6.45,-0.08,
75788,15.482451,55.19494,6.45,0.079,
75919,15.506325,31.28593,6.45,0.205,
76603,15.644467,-8.79149,6.45,0.505,
76651,15.652645,57.92443,6.45,1.102,
76736,15.669889,-70.22788,6.45,0.077,
79522,16.227388,-1.47513,6.45,0.997,
80324,16.399089,-33.19940,6.45,0.013,
80682,16.472543,67.04400,6.45,1.517,
82418,16.843356,-50.04495,6.45,0.325,
83593,17.084706,43.81224,6.45,0.099,
88274,18.026168,-85.21483,6.45,0.437,
89683,18.302147,23.29691,6.45,1.698,
90223,18.409202,-49.65288,6.45,0.593,
91552,18.670055,38.36720,6.45,0.22,
91820,18.721270,39.30007,6.45,1.59,
92972,18.940899,-31.68903,6.45,1.223,
93733,19.086067,49.92317,6.45,1.348,
97572,19.831867,28.43967,6.45,-0.104,
98772,20.060777,22.94106,6.45,1.028,
99200,20.139021,-66.35469,6.45,1.587,
100779,20.433657,19.86549,6.45,1.037,
101558,20.582076,-38.08989,6.45,0.264,
101900,20.650051,56.00485,6.45,0.403,
102771,20.821498,64.04226,6.45,0.025,
104296,21.129033,-45.37947,6.45,0.245,
104962,21.260327,47.97400,6.45,-0.129,
105019,21.271604,-9.21466,6.45,1.612,
105390,21.347235,32.45222,6.45,0.802,
105819,21.430996,0.53434,6.45,0.162,
106527,21.576104,22.75452,6.45,0.513,
107555,21.783573,70.15088,6.45,-0.007,
108952,22.073288,-29.91653,6.45,1.603,
109458,22.175051,20.97798,6.45,0.099,
110487,22.380634,36.65905,6.45,1.052,
112168,22.717615,-8.31144,6.45,0.166,
112324,22.751018,58.14705,6.45,0.43,
115915,23.484911,23.04808,6.45,1.088,
117986,23.931855,15.23029,6.45,1.56,
118081,23.952810,-20.83364,6.45,0.979,
253,0.052181,-24.14514,6.46,1.176,
1402,0.292417,-19.05109,6.46,0.386,
1639,0.341924,48.96863,6.46,0.564,
4382,0.935867,13.95196,6.46,0.962,
4911,1.050423,47.37616,6.46,0.248,
7283,1.563487,89.01564,6.46,0.107,
9237,1.979444,-11.30096,6.46,1.128,
10309,2.213880,79.69154,6.46,0.24,
13347,2.862749,58.31429,6.46,0.104,
15193,3.263519,50.95589,6.46,0.1,
17858,3.822151,57.11827,6.46,0.061,
18275,3.909431,-52.69043,6.46,0.158,
22081,4.749419,-63.22971,6.46,1.077,
22152,4.766786,76.61104,6.46,0.512,
23268,5.006449,39.65465,6.46,1.677,
26728,5.679498,-10.40866,6.46,-0.127,
29140,6.146584,-6.82137,6.46,0.876,
32500,6.782923,-87.02496,6.46,0.429,
33133,6.899187,38.50502,6.46,-0.044,
33577,6.976772,-56.39485,6.46,0.389,
34350,7.121189,-59.71642,6.46,-0.113,
34860,7.213635,27.22482,6.46,0.502,
37705,7.735454,2.40542,6.46,0.211,
37996,7.787389,-36.07360,6.46,1.083,
38925,7.965223,-40.78435,6.46,0.979,
40016,8.172380,-49.23735,6.46,-0.14,
42462,8.656821,8.01760,6.46,1.08,
42701,8.702726,-11.96601,6.46,0.16,
44509,9.068273,-47.44145,6.46,-0.155,
44574,9.081968,32.37683,6.46,0.241,
45305,9.234192,-14.69484,6.46,0.958,
47119,9.601884,74.31880,6.46,-0.083,
50316,10.274469,28.68248,6.46,0.635,
52815,10.798206,-64.26284,6.46,0.008,
55133,11.287315,-41.93433,6.46,0.015,
55332,11.330781,-72.95829,6.46,0.004,
56769,11.638991,-63.37275,6.46,0.043,
58057,11.907185,-37.74894,6.46,0.528,
60353,12.375566,5.30544,6.46,0.567,
61172,12.534553,-32.53376,6.46,0.172,
61738,12.654061,-75.37059,6.46,0.098,
64751,13.270636,19.05173,6.46,0.972,
66251,13.578555,76.54671,6.46,1.573,
66254,13.578773,-33.31085,6.46,1.25,
66594,13.650635,18.26532,6.46,1.217,
70798,14.478750,-59.19755,6.46,0.111,
71251,14.571063,57.06526,6.46,0.526,
74769,15.281058,-47.86454,6.46,0.927,
75294,15.383829,-15.13404,6.46,1.603,
76456,15.614839,29.99118,6.46,0.433,
77042,15.732022,-60.28722,6.46,1.02,
78731,16.072590,-53.71037,6.46,0.006,
80708,16.478421,0.05486,6.46,1.378,
80840,16.508338,-7.51445,6.46,0.371,
81891,16.727423,-32.10594,6.46,-0.076,
82944,16.950294,-71.11164,6.46,0.26,
83857,17.138077,50.84227,6.46,-0.017,
84556,17.284872,-44.77860,6.46,0.187,
84883,17.347953,-10.69641,6.46,0.326,
85268,17.423358,52.79068,6.46,0.619,
87865,17.948861,-40.30564,6.46,1.411,
88675,18.102560,-51.74390,6.46,0.172,
89920,18.348663,-37.48765,6.46,1.315,
92301,18.812614,-18.60115,6.46,0.902,
94646,19.259268,18.51635,6.46,1.743,
97573,19.832170,27.08518,6.46,0.937,
98146,19.945880,50.90252,6.46,0.003,
99270,20.151066,-47.06793,6.46,1.463,
100142,20.313797,46.32219,6.46,-0.123,
100332,20.347748,-35.67368,6.46,1.311,
101911,20.651628,-4.92949,6.46,1.016,
104537,21.175266,47.69222,6.46,0.007,
105637,21.396775,37.35148,6.46,1.472,
107409,21.755198,-49.49876,6.46,1.148,
108632,22.007417,33.00593,6.46,0.463,
110055,22.291200,49.12696,6.46,1.046,
110314,22.344103,58.40990,6.46,0.99,
110346,22.350016,26.93516,6.46,1.526,
110790,22.445988,37.44371,6.46,-0.132,
111801,22.645743,-28.74821,6.46,1.034,
112986,22.881179,50.41228,6.46,-0.047,
113498,22.985834,59.81466,6.46,0.012,
113784,23.042804,-36.42088,6.46,0.938,
115522,23.401106,-21.77441,6.46,0.433,
117133,23.746773,55.79969,6.46,0.992,
410,0.083662,27.67478,6.47,0.946,
728,0.150045,28.24754,6.47,0.242,
1499,0.311629,-8.05300,6.47,0.674,
2707,0.573583,66.75035,6.47,-0.049,
3576,0.761585,-16.42422,6.47,0.314,
4558,0.971915,21.40450,6.47,0.089,
4801,1.027401,-16.26557,6.47,1.184,
10826,2.322442,-2.97764,6.47,0.966,Mira
11121,2.385166,-37.57614,6.47,1.592,
13008,2.786425,-22.48575,6.47,0.398,
13429,2.881846,-65.45529,6.47,1.008,
14626,3.148384,62.38460,6.47,0.231,
15800,3.393418,0.91009,6.47,1.154,
16042,3.443163,28.71509,6.47,0.882,
17832,3.815816,23.85713,6.47,0.377,
17950,3.837823,-1.52257,6.47,0.435,
18926,4.056874,-20.14380,6.47,-0.178,
19746,4.233250,37.96715,6.47,1.029,
20985,4.500636,10.26221,6.47,1.038,
23818,5.119376,-19.39187,6.47,0.648,
25059,5.365364,-17.60363,6.47,1.206,
27116,5.750358,12.88833,6.47,0.234,
27293,5.783346,51.52087,6.47,0.898,
27705,5.866552,-29.44943,6.47,1.473,
30357,6.385103,56.97635,6.47,1.075,
30423,6.396367,-58.54387,6.47,0.12,
32269,6.736888,-54.69551,6.47,-0.119,
32404,6.765055,12.69356,6.47,0.344,
33015,6.879761,-43.97559,6.47,-0.101,
34177,7.087883,-50.36004,6.47,1.424,
34270,7.103974,-68.83758,6.47,1.039,
34367,7.123577,28.17669,6.47,-0.081,
35933,7.407680,15.51719,6.47,-0.19,
36211,7.457178,66.33157,6.47,-0.064,
39958,8.159773,29.09308,6.47,0.804,
40342,8.236428,17.67595,6.47,0.331,
40655,8.298823,-59.16683,6.47,0.397,
42434,8.652802,59.93913,6.47,0.035,
43850,8.931802,-15.43954,6.47,1.393,
44825,9.134490,32.54040,6.47,0.375,
46075,9.395799,-37.75690,6.47,0.193,
47893,9.761286,-57.18604,6.47,-0.108,
48320,9.850222,-80.06106,6.47,0.074,
50218,10.251762,31.46807,6.47,0.858,
50728,10.357963,-23.71083,6.47,0.193,
52806,10.795646,-59.87526,6.47,-0.121,
54430,11.137715,-29.97249,6.47,0.029,
58119,11.920574,36.75638,6.47,1.581,
59489,12.200281,28.53631,6.47,0.428,
60210,12.346866,15.54099,6.47,1.025,
60418,12.387602,-4.97450,6.47,1.189,
62478,12.803982,13.55302,6.47,0.015,
67103,13.753657,55.87935,6.47,0.486,
69107,14.146143,59.33765,6.47,1.023,
69773,14.280204,-8.88447,6.47,1.212,
69881,14.300201,-7.54239,6.47,0.723,
69958,14.315532,54.86375,6.47,0.183,
74490,15.221503,-24.00832,6.47,-0.026,
74500,15.224637,-25.30935,6.47,0.691,
74690,15.264083,50.93846,6.47,0.854,
74695,15.264879,6.46484,6.47,1.308,
79086,16.143476,8.61318,6.47,1.418,
81663,16.682336,-8.30963,6.47,1.147,
81803,16.708082,-37.07935,6.47,0.776,
82091,16.768437,-46.53200,6.47,0.087,
83556,17.076028,-68.27869,6.47,1.57,
85666,17.506293,11.92402,6.47,0.056,
86060,17.588472,-22.04382,6.47,0.011,
87045,17.785566,47.61224,6.47,0.095,
89370,18.237872,-63.68968,6.47,1.414,
91142,18.593470,4.93599,6.47,0.075,
91662,18.691857,-48.09469,6.47,1.22,
92608,18.869983,-41.70920,6.47,1.426,
93012,18.948528,-62.80190,6.47,1.535,
93068,18.957909,58.22503,6.47,0.072,
93374,19.018176,19.30961,6.47,1.114,
94478,19.228896,5.51560,6.47,0.1,
96297,19.579540,63.43417,6.47,1.326,
96396,19.598874,50.23862,6.47,1.034,
96572,19.632417,49.28442,6.47,0.99,
97244,19.764509,-2.88345,6.47,0.016,
97484,19.813937,-12.31942,6.47,1.676,
97709,19.857455,4.08863,6.47,1.345,
97849,19.885107,-14.60320,6.47,0.149,
98012,19.918085,-33.04625,6.47,1.487,
99024,20.103396,-4.07821,6.47,1.156,
99188,20.135988,-52.57780,6.47,0.682,
99624,20.217894,-0.33080,6.47,1.532,
99666,20.225660,-47.71323,6.47,1.249,
99719,20.234688,36.60488,6.47,-0.014,
99929,20.274487,37.05640,6.47,-0.097,
101268,20.526740,34.33037,6.47,0.422,
101339,20.539004,2.13281,6.47,1.514,
102670,20.805115,-44.19683,6.47,1.161,
103596,20.990171,42.32447,6.47,-0.077,
104441,21.156203,-36.70594,6.47,0.52,
104634,21.194816,-14.47238,6.47,0.316,
105646,21.398859,-25.20248,6.47,1.123,
106424,21.555856,-80.03936,6.47,0.044,
106550,21.579420,18.32893,6.47,1.254,
106604,21.590533,68.21929,6.47,-0.083,
107271,21.727714,7.52866,6.47,1.114,
112305,22.748049,39.20103,6.47,1.498,
112895,22.862493,-59.88136,6.47,1.132,
114367,23.162426,-67.87628,6.47,0.394,
114408,23.170034,-66.85764,6.47,0.956,
114686,23.233155,19.63390,6.47,1.151,
115756,23.452070,-66.58089,6.47,1.455,
116422,23.591272,1.31314,6.47,1.151,
117445,23.813713,2.21441,6.47,0.461,
117551,23.839497,51.62166,6.47,0.403,
118116,23.959313,60.02360,6.47,0.029,
1948,0.410599,14.31551,6.48,1.161,
4786,1.024179,49.54422,6.48,1.099,
4844,1.038463,51.03494,6.48,0.122,
9163,1.966454,47.09552,6.48,1.203,
10069,2.159668,-24.34578,6.48,0.289,
10633,2.281032,57.05525,6.48,0.281,
12189,2.616810,24.64722,6.48,0.51,
12300,2.640227,-37.99054,6.48,0.521,
12720,2.724698,-2.53145,6.48,0.981,
12964,2.779195,-21.63952,6.48,0.387,
14264,3.065763,47.84848,6.48,0.301,
16697,3.581223,-25.58282,6.48,0.985,
23695,5.092250,19.80672,6.48,0.219,
24332,5.221519,37.33731,6.48,0.542,
24520,5.260780,-52.18218,6.48,1.213,
25322,5.416508,73.70720,6.48,1.738,
27353,5.792963,25.56862,6.48,1.193,
28180,5.953992,-53.42569,6.48,1.48,
28988,6.117187,-45.09151,6.48,1.162,
29185,6.156508,-49.56283,6.48,0.502,
29348,6.187117,60.45349,6.48,1.698,
30706,6.452107,-37.89551,6.48,0.394,
30798,6.471324,1.91268,6.48,-0.064,
31736,6.639697,-23.58032,6.48,0.664,
32040,6.693822,35.93193,6.48,0.509,
33453,6.955140,37.39472,6.48,1.673,
34297,7.109990,-12.39395,6.48,-0.124,
35317,7.295180,38.87626,6.48,0.995,
39348,8.043278,57.27363,6.48,0.649,
40086,8.188350,54.54024,6.48,0.94,
40160,8.201683,-43.40044,6.48,1.704,
40263,8.222715,-1.16589,6.48,0.918,
41904,8.544409,10.06601,6.48,-0.007,
41970,8.555517,-38.37068,6.48,-0.153,
43152,8.789297,-17.05288,6.48,0.679,
43338,8.829151,-21.04844,6.48,0.256,
44888,9.145701,-16.27732,6.48,1.1,
44979,9.162499,-49.42438,6.48,0.17,
44984,9.162896,11.56438,6.48,0.355,
45272,9.227017,21.28321,6.48,0.046,
47039,9.586620,-35.82375,6.48,0.417,
48375,9.861449,-11.34051,6.48,1.61,
48895,9.973902,27.75900,6.48,0.362,
50069,10.222861,-56.58670,6.48,1.45,
50391,10.288941,-46.83494,6.48,0.329,
50485,10.309123,43.04845,6.48,0.925,
51883,10.600558,80.49463,6.48,0.963,
53556,10.955613,-69.03805,6.48,0.0,
53940,11.037180,-41.11415,6.48,1.474,
54388,11.127696,23.32376,6.48,0.164,
57092,11.704124,-75.22732,6.48,0.528,
57507,11.787731,-30.28651,6.48,0.681,
57749,11.843663,-27.27794,6.48,0.98,
58859,12.071310,-51.47252,6.48,-0.046,
59389,12.183672,-68.26097,6.48,1.352,
60421,12.388574,-11.81212,6.48,1.64,
62743,12.856369,-10.33822,6.48,1.03,
63204,12.949510,-54.58735,6.48,-0.042,
65372,13.397817,-49.82281,6.48,0.959,
65969,13.525882,-28.11274,6.48,0.09,
66326,13.592618,10.20496,6.48,1.043,
66385,13.611082,49.48665,6.48,1.175,
66405,13.614048,-34.46784,6.48,1.026,
67778,13.885677,40.33798,6.48,1.55,
69778,14.281989,-77.66422,6.48,1.375,
70538,14.429936,-26.85224,6.48,0.941,
73850,15.092751,-30.55086,6.48,0.489,
73881,15.100671,-48.88339,6.48,-0.137,
76985,15.719592,13.66767,6.48,0.873,
79441,16.212629,26.67058,6.48,0.391,
81404,16.626044,5.27753,6.48,1.15,
81800,16.707714,49.93644,6.48,0.541,
83090,16.978211,-14.86967,6.48,0.391,
83499,17.065770,-37.84414,6.48,0.263,
85149,17.400627,38.58278,6.48,0.716,
85405,17.452745,-15.85336,6.48,1.146,
86098,17.595297,-37.43988,6.48,0.006,
86510,17.679040,-67.85417,6.48,0.999,
87564,17.888390,-65.48860,6.48,1.086,
87782,17.931936,-18.80215,6.48,0.056,
88030,17.981196,45.47622,6.48,-0.064,
91090,18.579859,10.89201,6.48,0.032,
92456,18.841992,-13.57226,6.48,1.662,
92866,18.923210,-37.38660,6.48,1.122,
93666,19.073376,-5.68484,6.48,2.3,
95149,19.358263,-34.98349,6.48,0.628,
96095,19.537231,-44.54639,6.48,0.526,
102276,20.723387,35.58780,6.48,1.251,
104202,21.111067,3.80312,6.48,0.88,
105046,21.277631,-1.60776,6.48,0.981,
107749,21.827804,41.14879,6.48,0.381,
110907,22.469758,27.01881,6.48,0.986,
113283,22.940005,-31.56557,6.48,1.094,
115036,23.298890,45.48892,6.48,-0.037,
50,0.009533,-53.09771,6.49,0.616,
1268,0.265257,-75.91161,6.49,0.983,
3175,0.674606,-16.51668,6.49,0.91,
3903,0.834379,-43.39492,6.49,0.286,
5575,1.191381,10.29191,6.49,0.891,
7593,1.629778,64.73936,6.49,0.776,
10096,2.163461,-40.86650,6.49,0.43,
10273,2.204380,2.74555,6.49,1.039,
16156,3.469867,-35.85343,6.49,0.126,
16177,3.473216,60.25567,6.49,0.014,
16695,3.580300,6.41769,6.49,0.642,
16779,3.599235,-5.12495,6.49,1.091,
17214,3.687166,-11.80242,6.49,0.377,
17493,3.747355,-48.06130,6.49,1.011,
19222,4.119649,74.00036,6.49,0.977,
19434,4.161946,3.32270,6.49,0.443,
21517,4.620772,18.54303,6.49,0.81,
22003,4.730068,32.86546,6.49,0.311,
23724,5.100256,35.93639,6.49,0.184,
24348,5.225353,62.69113,6.49,0.204,
24507,5.256908,-73.58848,6.49,0.15,
24832,5.323261,33.98542,6.49,0.256,
24881,5.333977,44.42538,6.49,1.331,
25011,5.355363,4.01195,6.49,-0.089,
25180,5.386665,-26.70543,6.49,0.505,
25301,5.412445,36.19994,6.49,1.645,
25732,5.494895,-0.80251,6.49,0.251,
26623,5.658567,-9.70663,6.49,-0.107,
27346,5.792291,63.59885,6.49,1.01,
28634,6.045870,47.80953,6.49,0.567,
30141,6.343100,-23.63796,6.49,1.132,
32746,6.828968,37.51275,6.49,1.553,
33754,7.010927,-9.20297,6.49,0.142,
34238,7.097676,70.73192,6.49,1.568,
35946,7.410311,-71.47066,6.49,0.12,
38209,7.827990,-19.50552,6.49,1.234,
38303,7.847527,4.45951,6.49,0.944,
38349,7.854262,37.08208,6.49,1.51,
40299,8.229348,-46.57868,6.49,-0.159,
41426,8.449383,-52.70495,6.49,0.419,
41905,8.544585,-47.04211,6.49,1.293,
43528,8.865443,-40.98658,6.49,-0.106,
43573,8.873927,-32.50932,6.49,1.451,
44148,8.990801,13.07439,6.49,1.462,
45170,9.204878,14.99604,6.49,0.731,
46879,9.553126,45.51376,6.49,1.141,
47779,9.741668,18.86349,6.49,1.158,
48023,9.789499,23.64769,6.49,1.093,
51047,10.429149,35.42543,6.49,1.089,
51852,10.594129,-18.56898,6.49,0.199,
55846,11.445923,3.01310,6.49,0.778,
56388,11.560096,2.49903,6.49,1.601,
56716,11.628420,77.59570,6.49,1.61,
56816,11.646980,64.34696,6.49,0.154,
58450,11.985936,-10.47590,6.49,1.45,
58512,11.999273,34.03475,6.49,0.243,
59021,12.101446,-32.96123,6.49,0.623,
64375,13.194223,-26.55172,6.49,0.193,
64797,13.280843,17.01718,6.49,0.926,
65682,13.467189,-26.40224,6.49,1.608,
65723,13.473955,40.72965,6.49,0.927,
66522,13.635524,14.30193,6.49,0.274,
66613,13.654143,51.80421,6.49,1.378,
68184,13.958911,61.49286,6.49,1.04,
68413,14.004842,-61.48103,6.49,0.333,
70452,14.411348,-11.66970,6.49,0.417,
70501,14.421554,-13.35316,6.49,1.223,
71295,14.580758,-20.43938,6.49,0.139,
71494,14.620117,-53.06079,6.49,1.447,
72508,14.825660,51.37450,6.49,0.401,
74044,15.132264,-61.12867,6.49,0.432,
74391,15.203337,-19.10648,6.49,1.507,
75324,15.390274,-46.14041,6.49,0.945,
75736,15.472398,-88.13301,6.49,0.303,
76048,15.530620,-32.88111,6.49,0.065,
76198,15.564641,17.13736,6.49,0.341,
77235,15.770238,-28.06148,6.49,0.332,
80719,16.480265,-8.12884,6.49,0.41,
82723,16.908765,-49.71080,6.49,1.466,
85317,17.434678,58.65190,6.49,0.139,
90509,18.468432,-84.38726,6.49,-0.035,
90729,18.511570,20.81505,6.49,0.795,
91132,18.589258,-20.84044,6.49,0.28,
91369,18.634578,-14.00478,6.49,0.189,
91394,18.639944,-3.19364,6.49,0.553,
91707,18.702246,34.74631,6.49,-0.116,
92296,18.810970,-6.00431,6.49,0.242,
93209,18.986379,-39.53471,6.49,-0.04,
93238,18.991465,-70.46865,6.49,0.305,
96771,19.670332,60.50711,6.49,0.212,
97607,19.838189,7.90242,6.49,-0.086,
97967,19.910573,-8.23705,6.49,-0.04,
98038,19.922083,-6.73478,6.49,0.391,
98458,20.004266,26.18789,6.49,1.132,
99294,20.156212,56.02683,6.49,0.938,
100250,20.332234,46.83732,6.49,-0.084,
100379,20.357883,-66.74969,6.49,0.505,
100651,20.408989,53.55193,6.49,-0.025,
101505,20.569440,20.98519,6.49,-0.138,
102496,20.771834,-36.12015,6.49,0.433,
107299,21.733080,-57.32525,6.49,0.484,
107710,21.818920,66.79203,6.49,0.391,
112432,22.774518,-49.68579,6.49,1.162,
112533,22.793247,-65.56025,6.49,1.208,
114937,23.280510,-41.19440,6.49,1.07,
115121,23.317582,-28.38785,6.49,1.535,
116781,23.667450,37.65264,6.49,0.355,
117571,23.843232,-47.37694,6.49,1.025,
128,0.027597,73.61185,6.50,0.182,
1009,0.209484,44.70719,6.50,1.112,
1331,0.278429,-20.21006,6.50,-0.108,
6429,1.376342,-0.44967,6.50,1.079,
6687,1.431212,-3.92739,6.50,1.348,
9951,2.134913,-41.88042,6.50,0.205,
10361,2.225975,53.05859,6.50,1.661,
10854,2.327994,-4.34557,6.50,0.082,
11644,2.503811,-25.18644,6.50,0.294,
14791,3.183549,64.89627,6.50,0.163,
15884,3.410057,-51.06266,6.50,0.003,
16425,3.525081,40.75993,6.50,0.243,
17026,3.650017,20.91577,6.50,0.151,
17298,3.702743,-45.95789,6.50,0.522,
21053,4.512998,16.14870,6.50,0.428,
22923,4.932875,5.39902,6.50,0.025,
25911,5.530002,85.93853,6.50,0.36,
26054,5.557612,32.80118,6.50,0.094,
27164,5.758221,31.32483,6.50,1.1,
28656,6.051198,57.01831,6.50,0.953,
30700,6.450243,-4.35566,6.50,-0.155,
31977,6.682660,-71.77519,6.50,1.11,
34234,7.097122,-10.66008,6.50,-0.062,
34763,7.196347,16.97634,6.50,1.423,
37293,7.657495,-26.86310,6.50,-0.094,
37634,7.722553,4.94576,6.50,1.356,
37934,7.774289,62.83052,6.50,0.262,
38403,7.867743,45.93299,6.50,0.213,
39094,7.997605,36.08208,6.50,1.561,
39730,8.121113,-17.36874,6.50,1.246,
40878,8.341423,53.57409,6.50,0.3,
41572,8.476678,-23.07098,6.50,0.06,
41833,8.528138,18.98773,6.50,1.496,
46566,9.496609,55.74523,6.50,0.394,
46891,9.555082,28.36794,6.50,0.128,
47521,9.687985,55.86649,6.50,1.15,
47664,9.718605,54.36370,6.50,0.121,
48469,9.883360,-55.37321,6.50,-0.145,
49052,10.009597,-56.94611,6.50,0.979,
49477,10.102009,-52.18794,6.50,0.997,
50693,10.352211,-17.98496,6.50,0.402,
52103,10.645941,-59.26242,6.50,-0.098,
55645,11.399042,-57.88044,6.50,1.504,
59742,12.251778,-29.23726,6.50,1.086,
62600,12.827234,48.74003,6.50,1.135,
63647,13.044566,59.71631,6.50,0.055,
64530,13.226651,36.88758,6.50,1.616,
65530,13.433372,63.26127,6.50,0.739,
69704,14.267333,45.56627,6.50,1.041,
70236,14.370557,29.36992,6.50,1.44,
72518,14.826960,-68.93619,6.50,-0.101,
73156,14.950999,21.55542,6.50,0.015,
74441,15.213103,10.70231,6.50,1.274,
74895,15.306288,0.93941,6.50,1.6,
75272,15.379224,-29.34193,6.50,1.011,
79208,16.166441,-62.96715,6.50,0.231,
79834,16.295377,1.49671,6.50,1.128,
83202,17.003958,-44.98855,6.50,0.403,
84700,17.314375,-62.87458,6.50,1.087,
84856,17.342865,-19.33375,6.50,0.578,
89104,18.185322,60.40953,6.50,-0.002,
90398,18.444702,26.44922,6.50,-0.107,
90437,18.452463,-8.04041,6.50,1.054,
92487,18.849625,-41.06269,6.50,-0.075,
93053,18.954816,62.39677,6.50,0.927,
94604,19.252199,83.46275,6.50,0.108,
94910,19.313447,19.61048,6.50,-0.006,
95453,19.417092,-4.88454,6.50,0.34,
96601,19.638275,20.78339,6.50,1.037,
97819,19.877532,-54.97644,6.50,0.1,
98661,20.039473,22.15146,6.50,0.127,
101467,20.563487,41.77266,6.50,0.994,
102370,20.742518,69.75181,6.50,0.973,
102414,20.753645,-27.24728,6.50,0.946,
102804,20.827134,50.12708,6.50,1.624,
103822,21.039155,39.50903,6.50,1.51,
103871,21.046838,45.84889,6.50,-0.124,
103889,21.049896,-0.92474,6.50,-0.094,
106643,21.601400,15.08199,6.50,0.94,
108268,21.934288,-52.46376,6.50,0.925,
108513,21.983247,19.02030,6.50,1.013,
109079,22.097346,45.11250,6.50,-0.025,
109691,22.219449,18.27981,6.50,1.374,
109788,22.238445,17.18934,6.50,1.288,
116106,23.525417,-4.08741,6.50,0.531,
