folder,name,category,base_texture
terrain,sdesert_cold_rock2,sdesert,../textures/soil/rock_dry.dds
terrain,hiland_crphill_sq4,hiland,../textures/human/hiland_crphill.dds
terrain,des_crptwnhill_irr4,des,../textures/human/des_crphill.dds
terrain,wet_temp_hill_n,wet,../textures/hiveg/broadleaf_hill.dds
terrain,rock_hill_dry_n1,rock,../textures/soil/rock_hill_dry.png
terrain,rock_flat_sdry_ew1,rock,../textures/soil/rock_flat_sdry.dds
terrain,temp_crphill_sq3,temp,../textures/human/temp_crphill.dds
terrain,l_glacier_ssteep2,l,../textures/soil/glacier_hill.dds
terrain,polar_ice_steep_s_av,polar,../textures/soil/ice_steep.png
terrain,l_polar_ice_lo_flat2,l,../textures/soil/rock_ice_flat.png
terrain,rainf_crptwnhill_sq_av,rainf,../textures/human/rainf_crp.dds
terrain,sdesert_temp_rock3,sdesert,../textures/soil/rock_red_dry.dds
terrain,polar_rock_ice_flat_ew1,polar,../textures/soil/rock_ice_flat.png
terrain,rock_flat_dry_top1,rock,../textures/soil/desert_cold_hill.dds
terrain,rock_flat_s1,rock,../textures/soil/rock_flat.dds
terrain,sdesert_temp_rock_av,sdesert,../textures/soil/rock_red_dry.png
terrain,north_crptwnhill_irr2,north,../textures/human/north_crptwnhill.dds
terrain,sdesert_cool_hill_n3,sdesert,../textures/loveg/shrub_cool_hill_dry.png
terrain,cliff_hot_wet_ew,cliff,../textures/soil/cliff_hot_wet.dds
terrain,rock_hill_wet_s4,rock,../textures/soil/rock_hill.dds
terrain,barren_tundra_rock3,barren,../textures/soil/rock_dark_tan_dry.dds
terrain,des_cityhill_irr3,des,../textures/human/des_crphill.dds
terrain,dry_cold_bor_hill,dry,../textures/hiveg/conifer_hill_sdry.dds
terrain,rock_flat_sdry_n3,rock,../textures/soil/rock_flat_sdry.dds
terrain,rock_ice_flat_sdry_s_av,rock,../textures/soil/rock_ice_flat_sdry.dds
terrain,rock_ice_flat_wet_ew_av,rock,../textures/soil/rock_ice_flat.dds
terrain,rock_ice_hill_sdry_ew1,rock,../textures/soil/rock_ice_hill_sdry.dds
terrain,desert_cold_rock_av,desert,../textures/soil/rock_sdry.png
terrain,polar_rock_ice_hill_n_av,polar,../textures/soil/rock_ice_hill.png
terrain,rock_ice_flat_dry_s3,rock,../textures/soil/rock_ice_flat_dry.png
terrain,semidry_crptwnhill_sq2,semidry,../textures/human/dry_crptwnhill.dds
terrain,sdesert_vhot_hill_n2,sdesert,../textures/loveg/savanna_woody_hill.png
terrain,rock_ice_flat_wet_ew1,rock,../textures/soil/rock_ice_flat.dds
terrain,glacier_steep_n3,glacier,../textures/soil/glacier_steep.dds
terrain,l_tundra_hill1,l,../textures/loveg/tundra_hill.png
terrain,polar_ice_steep_s2,polar,../textures/soil/ice_steep.dds
terrain,des_crphill_sq_av,des,../textures/human/des_crphill.dds
terrain,rock_flat_dry_ew1,rock,../textures/soil/rock_flat_dry.png
terrain,polar_ice_flat_ew_av,polar,../textures/soil/ice_flat.png
terrain,barren_tundra_hill,barren,../textures/loveg/upland_tundra_hill.dds
terrain,polar_ice_steep_s3,polar,../textures/soil/ice_steep.dds
terrain,rock_ice_hill_wet_s_av,rock,../textures/soil/rock_ice_hill.png
terrain,glacier_steep_n2,glacier,../textures/soil/glacier_steep.dds
terrain,rock_ice_hill_sdry_n4,rock,../textures/soil/rock_ice_hill_sdry.dds
terrain,sdesert_vhot_hill_n3,sdesert,../textures/loveg/savanna_woody_hill.png
terrain,rock_ice_hill_n1,rock,../textures/soil/rock_ice_hill.dds
terrain,sdesert_cool_rock1,sdesert,../textures/soil/rock_red_dry.dds
terrain,polar_rock_flat_n1,polar,../textures/soil/rock_flat.png
terrain,rock_ice_hill_sdry_ew_av,rock,../textures/soil/rock_ice_hill_sdry.png
terrain,semidry_crptwnhill_sq3,semidry,../textures/human/dry_crptwnhill.dds
terrain,rock_ice_flat_dry_s2,rock,../textures/soil/rock_ice_flat_dry.png
terrain,sdesert_warm_rock1,sdesert,../textures/soil/rock_red_dry.dds
terrain,glacier_steep_sdry_s1,glacier,../textures/soil/glacier_steep_sdry.dds
terrain,glacier_hill_wet_ew4,glacier,../textures/soil/glacier_hill.dds
terrain,rock_flat_sdry_n2,rock,../textures/soil/rock_flat_sdry.dds
terrain,l_tundra_rock4,l,../textures/soil/rock_dark_tan_dry.dds
terrain,polar_tundra_steep,polar,../textures/loveg/upland_tundra_steep.dds
terrain,des_cityhill_irr2,des,../textures/human/des_crphill.dds
terrain,barren_tundra_rock2,barren,../textures/soil/rock_dark_tan_dry.dds
terrain,l_polar_ice_flat1,l,../textures/soil/ice_flat.png
terrain,sdesert_cool_hill_n2,sdesert,../textures/loveg/shrub_cool_hill_dry.png
terrain,dry_temp_steep_n,dry,../textures/hiveg/broadleaf_temp_hill_dry.dds
terrain,cliff_cold_lo_sdry1,cliff,../textures/soil/cliff_sdry.dds
terrain,rock_flat_wet_s_av,rock,../textures/soil/rock_flat.dds
terrain,north_crptwnhill_irr3,north,../textures/human/north_crptwnhill.dds
terrain,glacier_steep_dry_n4,glacier,../textures/soil/glacier_steep_dry.dds
terrain,sdesert_temp_rock2,sdesert,../textures/soil/rock_red_dry.dds
terrain,glacier_steep_wet_s1,glacier,../textures/soil/glacier_steep.dds
terrain,l_polar_ice_lo_flat3,l,../textures/soil/rock_ice_flat.png
terrain,temp_crphill_sq2,temp,../textures/human/temp_crphill.dds
terrain,l_glacier_ssteep3,l,../textures/soil/glacier_hill.dds
terrain,sdesert_cold_rock3,sdesert,../textures/soil/rock_dry.dds
terrain,polar_rock_ice_hill_s4,polar,../textures/soil/rock_ice_hill.dds
terrain,sdesert_cold_rock1,sdesert,../textures/soil/rock_dry.dds
terrain,l_glacier_ssteep1,l,../textures/soil/glacier_hill.dds
terrain,dry_hot_hill_n,dry,../textures/loveg/savanna_woody_hill.dds
terrain,rock_flat_sdry_ew2,rock,../textures/soil/rock_flat_sdry.dds
terrain,barren_tundra_hill4,barren,../textures/loveg/upland_tundra_hill.png
terrain,rock_hill_dry_n2,rock,../textures/soil/rock_hill_dry.png
terrain,glacier_steep_wet_s3,glacier,../textures/soil/glacier_steep.dds
terrain,l_polar_ice_lo_flat1,l,../textures/soil/rock_ice_flat.png
terrain,glacier_steep_sdry_n_av,glacier,../textures/soil/glacier_steep_sdry.png
terrain,rock_ice_flat_dry_n,rock,../textures/soil/rock_ice_flat_dry.dds
terrain,hiland_polar_rock4,hiland,../textures/soil/rock_dark_tan_dry.dds
terrain,sdry_hot_hill_n,sdry,../textures/hiveg/tropical_hill.dds
terrain,rock_flat_s2,rock,../textures/soil/rock_flat.dds
terrain,rock_flat_dry_top2,rock,../textures/soil/desert_cold_hill.dds
terrain,polar_rock_ice_flat_ew2,polar,../textures/soil/rock_ice_flat.png
terrain,dry_vhot_hill_esw,dry,../textures/loveg/savanna_hill.dds
terrain,north_crptwnhill_irr1,north,../textures/human/north_crptwnhill.dds
terrain,rock_hill_ew4,rock,../textures/soil/rock.dds
terrain,cliff_cold_lo_sdry3,cliff,../textures/soil/cliff_sdry.dds
terrain,rock_flat_dry4,rock,../textures/soil/rock_flat_dry.dds
terrain,l_polar_ice_flat3,l,../textures/soil/ice_flat.png
terrain,sdesert2_cold_hill_n,sdesert2,../textures/hiveg/conifer_hill_dry.dds
terrain,rock_hill_wet_ew4,rock,../textures/soil/rock_hill.dds
terrain,rock_ice_hill_s_av,rock,../textures/soil/rock_ice_hill.png
terrain,rock_ice_hill_dry_ew_av,rock,../textures/soil/rock_ice_hill_dry.png
terrain,wet_warm_hill_n,wet,../textures/hiveg/broadleaf_hill.dds
terrain,sdesert_warm_rock3,sdesert,../textures/soil/rock_red_dry.dds
terrain,sdesert_cool_hill_esw,sdesert,../textures/loveg/sdesert_cool_hill.dds
terrain,glacier_steep_sdry_s3,glacier,../textures/soil/glacier_steep_sdry.dds
terrain,rock_ice_hill_sdry_ew2,rock,../textures/soil/rock_ice_hill_sdry.dds
terrain,polar_rock_flat_n3,polar,../textures/soil/rock_flat.png
terrain,sdesert_cool_rock3,sdesert,../textures/soil/rock_red_dry.dds
terrain,rock_ice_hill_dry_ew4,rock,../textures/soil/rock_ice_hill_dry.dds
terrain,semidry_crptwnhill_sq1,semidry,../textures/human/dry_crptwnhill.dds
terrain,sdry_hot_hill_esw,sdry,../textures/hiveg/tropical_hill_sdry.dds
terrain,sdesert_vhot_hill_n1,sdesert,../textures/loveg/savanna_woody_hill.png
terrain,dry_cool_steep_ews,dry,../textures/loveg/shrub_cool_steep_dry.dds
terrain,l_polar_ice_lo_flat,l,../textures/soil/rock_ice_flat.dds
terrain,temp_crptwnhill_irr4,temp,../textures/human/temp_cityhill_irr.dds
terrain,rock_ice_hill_n3,rock,../textures/soil/rock_ice_hill.dds
terrain,rock_ice_flat_wet_ew2,rock,../textures/soil/rock_ice_flat.dds
terrain,l_tundra_hill2,l,../textures/loveg/tundra_hill.png
terrain,polar_ice_steep_s1,polar,../textures/soil/ice_steep.dds
terrain,rock_flat_dry_ew2,rock,../textures/soil/rock_flat_dry.png
terrain,rock_flat_dry_ew3,rock,../textures/soil/rock_flat_dry.png
terrain,rock_ice_hill_ew_av,rock,../textures/soil/rock_ice_hill.png
terrain,l_glacier_hill_sdry4,l,../textures/soil/glacier_hill_sdry.dds
terrain,l_tundra_hill3,l,../textures/loveg/tundra_hill.png
terrain,rock_ice_flat_wet_ew3,rock,../textures/soil/rock_ice_flat.dds
terrain,rock_ice_flat_wet_n4,rock,../textures/soil/rock_ice_flat.dds
terrain,glacier_steep_n1,glacier,../textures/soil/glacier_steep.dds
terrain,l_polar_ice_hill,l,../textures/soil/ice_hill.dds
terrain,rock_ice_hill_n2,rock,../textures/soil/rock_ice_hill.dds
terrain,rock_ice_flat_dry_s1,rock,../textures/soil/rock_ice_flat_dry.png
terrain,sdesert_hot_hill_n4,sdesert,../textures/loveg/savanna_hill.png
terrain,desert_hot_rock_av,desert,../textures/soil/rock_dry.png
terrain,sdry_vhot_hill_n,sdry,../textures/hiveg/tropical_hill.dds
terrain,sdesert_cool_rock2,sdesert,../textures/soil/rock_red_dry.dds
terrain,polar_rock_flat_n2,polar,../textures/soil/rock_flat.png
terrain,rock_ice_hill_sdry_ew3,rock,../textures/soil/rock_ice_hill_sdry.dds
terrain,polar_ice_hill_n4,polar,../textures/soil/ice_hill.dds
terrain,glacier_steep_sdry_s2,glacier,../textures/soil/glacier_steep_sdry.dds
terrain,sdesert_cold_hill_ews,sdesert,../textures/loveg/sdesert_cold_hill.dds
terrain,semidry_crphill_irr_av,semidry,../textures/human/dry_crphill.dds
terrain,sdesert_warm_rock2,sdesert,../textures/soil/rock_red_dry.dds
terrain,rock_flat_sdry_s_av,rock,../textures/soil/rock_flat_sdry.dds
terrain,rock_flat_wet_ew_av,rock,../textures/soil/rock_flat.dds
terrain,sdesert_hot_hill_esw,sdesert,../textures/loveg/sdesert_warm_hill.dds
terrain,rock_flat_sdry_n1,rock,../textures/soil/rock_flat_sdry.dds
terrain,des_cityhill_irr1,des,../textures/human/des_crphill.dds
terrain,dry_cool_hill_esw,dry,../textures/loveg/shrub_cool_hill_dry.dds
terrain,sdesert_cool_hill_n1,sdesert,../textures/loveg/shrub_cool_hill_dry.png
terrain,north_crphill_sq_av,north,../textures/human/north_crphill.dds
terrain,l_polar_ice_flat2,l,../textures/soil/ice_flat.png
terrain,barren_tundra_rock1,barren,../textures/soil/rock_dark_tan_dry.dds
terrain,sdesert_vhot_hill_esw,sdesert,../textures/loveg/savanna_hill.dds
terrain,cliff_cold_lo_sdry2,cliff,../textures/soil/cliff_sdry.dds
terrain,cliff_cold_dry_ns,cliff,../textures/soil/cliff_cold_dry.dds
terrain,wet_hot_hill,wet,../textures/hiveg/tropical_hill.dds
terrain,north_crphill_irr4,north,../textures/human/north_crphill.dds
terrain,rock_flat_dry_top3,rock,../textures/soil/desert_cold_hill.dds
terrain,cliff_cold_sdry_ew,cliff,../textures/soil/cliff_cold_sdry.dds
terrain,polar_rock_ice_flat_ew3,polar,../textures/soil/rock_ice_flat.png
terrain,rock_flat_s3,rock,../textures/soil/rock_flat.dds
terrain,polar_ice_flat_s_av,polar,../textures/soil/ice_flat.png
terrain,sdesert_temp_rock1,sdesert,../textures/soil/rock_red_dry.dds
terrain,rock_flat_dry_av,rock,../textures/soil/rock_flat_dry.png
terrain,glacier_steep_wet_s2,glacier,../textures/soil/glacier_steep.dds
terrain,hiland_hill_dry_av,hiland,../textures/soil/desert_cold_hill.png
terrain,rock_hill_dry_n3,rock,../textures/soil/rock_hill_dry.png
terrain,wet_cold_hill,wet,../textures/hiveg/conifer_hill.dds
terrain,temp_crphill_sq1,temp,../textures/human/temp_crphill.dds
terrain,rock_flat_sdry_ew3,rock,../textures/soil/rock_flat_sdry.dds
terrain,sdesert2_cold_rock4,sdesert2,../textures/soil/rock_dry.dds
terrain,cliff_ice_wet_ns,cliff,../textures/soil/cliff_cold.dds
terrain,rainf_crptwnhill_irr_av,rainf,../textures/human/rainf_crp.dds
terrain,rock_ice_hill_dry_n_av,rock,../textures/soil/rock_ice_hill_dry.png
terrain,barren_tundra_hill1,barren,../textures/loveg/upland_tundra_hill.png
terrain,cliff_hot_ns,cliff,../textures/soil/cliff_hot.dds
terrain,l_glacier_ssteep4,l,../textures/soil/glacier_hill.dds
terrain,polar_rock_ice_hill_s1,polar,../textures/soil/rock_ice_hill.dds
terrain,hiland_crphill_sq2,hiland,../textures/human/hiland_crphill.dds
terrain,sdesert_cold_rock4,sdesert,../textures/soil/rock_dry.dds
terrain,des_crptwnhill_irr2,des,../textures/human/des_crphill.dds
terrain,hiland_polar_rock1,hiland,../textures/soil/rock_dark_tan_dry.dds
terrain,l_polar_ice_lo_flat4,l,../textures/soil/rock_ice_flat.png
terrain,desert_temp_steep_av,desert,../textures/soil/desert_temp_steep.png
terrain,rock_hill_ew1,rock,../textures/soil/rock.dds
terrain,north_crptwnhill_irr4,north,../textures/human/north_crptwnhill.dds
terrain,rock_flat_dry_low_av,rock,../textures/soil/desert_cold_flat.png
terrain,glacier_steep_dry_n3,glacier,../textures/soil/glacier_steep_dry.dds
terrain,cliff_cold_lo_dry_av,cliff,../textures/soil/cliff_dry.png
terrain,rock_flat_dry1,rock,../textures/soil/rock_flat_dry.dds
terrain,rock_hill_wet_s2,rock,../textures/soil/rock_hill.dds
terrain,rock_hill_wet_ew1,rock,../textures/soil/rock_hill.dds
terrain,glacier_hill_wet_ew3,glacier,../textures/soil/glacier_hill.dds
terrain,hiland_crphill_sq_av,hiland,../textures/human/hiland_crphill.dds
terrain,l_tundra_rock3,l,../textures/soil/rock_dark_tan_dry.dds
terrain,rock_ice_hill_dry_ew1,rock,../textures/soil/rock_ice_hill_dry.dds
terrain,semidry_crptwnhill_sq4,semidry,../textures/human/dry_crptwnhill.dds
terrain,rock_ice_hill_sdry_n3,rock,../textures/soil/rock_ice_hill_sdry.dds
terrain,sdesert_vhot_hill_n4,sdesert,../textures/loveg/savanna_woody_hill.png
terrain,temp_crptwnhill_irr1,temp,../textures/human/temp_cityhill_irr.dds
terrain,hiland_steep_dry_n,hiland,../textures/soil/desert_cold_steep.png
terrain,polar_ice_steep_s4,polar,../textures/soil/ice_steep.dds
terrain,l_glacier_hill_sdry1,l,../textures/soil/glacier_hill_sdry.dds
terrain,sdry_cold_bor_hill_n,sdry,../textures/hiveg/conifer_hill.dds
terrain,polar_tundra_hill,polar,../textures/loveg/upland_tundra_hill.dds
terrain,glacier_hill_dry_s_av,glacier,../textures/soil/glacier_hill_dry.png
terrain,rock_ice_hill_sdry_n2,rock,../textures/soil/rock_ice_hill_sdry.dds
terrain,glacier_steep_n4,glacier,../textures/soil/glacier_steep.dds
terrain,rock_ice_flat_wet_n1,rock,../textures/soil/rock_ice_flat.dds
terrain,polar_ice_hill_n1,polar,../textures/soil/ice_hill.dds
terrain,sdry_warm_hill_esw,sdry,../textures/hiveg/broadleaf_hill_sdry.dds
terrain,rock_ice_flat_dry_s4,rock,../textures/soil/rock_ice_flat_dry.png
terrain,sdesert_hot_hill_n1,sdesert,../textures/loveg/savanna_hill.png
terrain,cliff_warm_dry_ew,cliff,../textures/soil/cliff_hot_dry.dds
terrain,des_cityhill_irr4,des,../textures/human/des_crphill.dds
terrain,l_tundra_rock2,l,../textures/soil/rock_dark_tan_dry.dds
terrain,glacier_hill_wet_ew2,glacier,../textures/soil/glacier_hill.dds
terrain,rock_flat_sdry_n4,rock,../textures/soil/rock_flat_sdry.dds
terrain,cliff_temp_sdry_ew,cliff,../textures/soil/cliff_sdry.dds
terrain,wet_cold_bor_steep,wet,../textures/hiveg/conifer_steep.dds
terrain,sdesert_cool_hill_n4,sdesert,../textures/loveg/shrub_cool_hill_dry.png
terrain,barren_tundra_rock4,barren,../textures/soil/rock_dark_tan_dry.dds
terrain,rock_hill_wet_s3,rock,../textures/soil/rock_hill.dds
terrain,glacier_steep_dry_n2,glacier,../textures/soil/glacier_steep_dry.dds
terrain,north_crphill_irr1,north,../textures/human/north_crphill.dds
terrain,dry_hot_rock_av,dry,../textures/soil/rock_dry.png
terrain,polar_rock_ice_flat_ew,polar,../textures/soil/rock_ice_flat.dds
terrain,polar_tundra_rock_av,polar,../textures/soil/rock_dark_tan_dry.png
terrain,sdesert_temp_rock4,sdesert,../textures/soil/rock_red_dry.dds
terrain,hiland_crphill_sq3,hiland,../textures/human/hiland_crphill.dds
terrain,des_crptwnhill_irr3,des,../textures/human/des_crphill.dds
terrain,glacier_hill_sdry_ew_av,glacier,../textures/soil/glacier_hill_sdry.png
terrain,temp_crphill_sq4,temp,../textures/human/temp_crphill.dds
terrain,sdesert2_cold_rock1,sdesert2,../textures/soil/rock_dry.dds
terrain,rock_hill_dry_n4,rock,../textures/soil/rock_hill_dry.png
terrain,sdesert2_cold_rock3,sdesert2,../textures/soil/rock_dry.dds
terrain,rock_flat_sdry_ew4,rock,../textures/soil/rock_flat_sdry.dds
terrain,barren_tundra_hill2,barren,../textures/loveg/upland_tundra_hill.png
terrain,cliff_ice_ns,cliff,../textures/soil/cliff_cold.dds
terrain,des_crptwnhill_irr1,des,../textures/human/des_crphill.dds
terrain,hiland_crphill_sq1,hiland,../textures/human/hiland_crphill.dds
terrain,polar_rock_ice_hill_s2,polar,../textures/soil/rock_ice_hill.dds
terrain,sdesert2_cold_steep_n,sdesert2,../textures/hiveg/conifer_steep_dry.dds
terrain,hiland_polar_rock2,hiland,../textures/soil/rock_dark_tan_dry.dds
terrain,north_crphill_irr3,north,../textures/human/north_crphill.dds
terrain,sdesert_hot_steep_esw,sdesert,../textures/loveg/sdesert_warm_steep.dds
terrain,rock_hill_ew2,rock,../textures/soil/rock.dds
terrain,rock_flat_s_av,rock,../textures/soil/rock_flat.dds
terrain,rock_flat_dry_top4,rock,../textures/soil/desert_cold_hill.dds
terrain,polar_rock_ice_flat_ew4,polar,../textures/soil/rock_ice_flat.png
terrain,rock_flat_s4,rock,../textures/soil/rock_flat.dds
terrain,polar_rock_ice_flat_s,polar,../textures/soil/rock_ice_flat.dds
terrain,rock_flat_dry2,rock,../textures/soil/rock_flat_dry.dds
terrain,rock_hill_wet_s1,rock,../textures/soil/rock_hill.dds
terrain,sdesert_cold_rock_av,sdesert,../textures/soil/rock_dry.png
terrain,rock_hill_wet_ew2,rock,../textures/soil/rock_hill.dds
terrain,desert_temp_rock_av,desert,../textures/soil/rock_dry.png
terrain,sdesert_hot_hill_n3,sdesert,../textures/loveg/savanna_hill.png
terrain,rock_ice_hill_dry_ew2,rock,../textures/soil/rock_ice_hill_dry.dds
terrain,desert_cold_steep_av,desert,../textures/soil/desert_cold_steep.png
terrain,polar_ice_hill_n3,polar,../textures/soil/ice_hill.dds
terrain,wet_vhot_hill,wet,../textures/hiveg/tropical_hill.dds
terrain,rock_ice_hill_sdry_ew4,rock,../textures/soil/rock_ice_hill_sdry.dds
terrain,rock_ice_flat_wet_ew4,rock,../textures/soil/rock_ice_flat.dds
terrain,rock_ice_flat_wet_n3,rock,../textures/soil/rock_ice_flat.dds
terrain,temp_crptwnhill_irr2,temp,../textures/human/temp_cityhill_irr.dds
terrain,rock_flat_dry_ew4,rock,../textures/soil/rock_flat_dry.png
terrain,l_glacier_hill_sdry3,l,../textures/soil/glacier_hill_sdry.dds
terrain,dry_rock_av,dry,../textures/soil/rock_brown_dry.png
terrain,sdry_vhot_steep,sdry,../textures/hiveg/tropical_steep_sdry.dds
terrain,l_tundra_hill4,l,../textures/loveg/tundra_hill.png
terrain,semidry_crptwnhill_irr_av,semidry,../textures/human/dry_crptwnhill.dds
terrain,l_glacier_hill_sdry2,l,../textures/soil/glacier_hill_sdry.dds
terrain,sdry_hot_steep,sdry,../textures/hiveg/tropical_steep_sdry.dds
terrain,rock_ice_hill_n4,rock,../textures/soil/rock_ice_hill.dds
terrain,temp_crptwnhill_irr3,temp,../textures/human/temp_cityhill_irr.dds
terrain,rock_ice_flat_wet_n2,rock,../textures/soil/rock_ice_flat.dds
terrain,rock_ice_hill_sdry_n1,rock,../textures/soil/rock_ice_hill_sdry.dds
terrain,hiland_steep_sdry,hiland,../textures/loveg/hiland_hill_sdry.dds
terrain,sdesert_warm_rock4,sdesert,../textures/soil/rock_red_dry.dds
terrain,polar_ice_hill_n2,polar,../textures/soil/ice_hill.dds
terrain,glacier_steep_sdry_s4,glacier,../textures/soil/glacier_steep_sdry.dds
terrain,sdesert_cool_rock4,sdesert,../textures/soil/rock_red_dry.dds
terrain,polar_rock_flat_n4,polar,../textures/soil/rock_flat.png
terrain,rock_ice_hill_dry_ew3,rock,../textures/soil/rock_ice_hill_dry.dds
terrain,sdesert_hot_hill_n2,sdesert,../textures/loveg/savanna_hill.png
terrain,l_tundra_rock1,l,../textures/soil/rock_dark_tan_dry.dds
terrain,glacier_hill_wet_ew1,glacier,../textures/soil/glacier_hill.dds
terrain,rock_hill_wet_ew3,rock,../textures/soil/rock_hill.dds
terrain,cliff_cold_lo_sdry4,cliff,../textures/soil/cliff_sdry.dds
terrain,rock_flat_dry3,rock,../textures/soil/rock_flat_dry.dds
terrain,l_polar_ice_flat4,l,../textures/soil/ice_flat.png
terrain,dry_hot_steep_esw,dry,../textures/loveg/savanna_steep.dds
terrain,rock_hill_ew_av,rock,../textures/soil/rock.png
terrain,dry_cold_steep_n,dry,../textures/hiveg/conifer_steep_dry.dds
terrain,polar_tundra_lo_hill,polar,../textures/loveg/sdesert_cold_hill.dds
terrain,cliff_temp_ns,cliff,../textures/soil/cliff.dds
terrain,glacier_steep_dry_n1,glacier,../textures/soil/glacier_steep_dry.dds
terrain,dry_vhot_hill_n,dry,../textures/loveg/savanna_woody_hill.dds
terrain,north_crphill_irr2,north,../textures/human/north_crphill.dds
terrain,rock_hill_ew3,rock,../textures/soil/rock.dds
terrain,glacier_steep_wet_s4,glacier,../textures/soil/glacier_steep.dds
terrain,cliff_temp_dry_ew,cliff,../textures/soil/cliff_dry.dds
terrain,glacier_hill_wet_n_av,glacier,../textures/soil/glacier_hill.png
terrain,hiland_polar_rock3,hiland,../textures/soil/rock_dark_tan_dry.dds
terrain,polar_rock_ice_hill_s3,polar,../textures/soil/rock_ice_hill.dds
terrain,barren_tundra_hill3,barren,../textures/loveg/upland_tundra_hill.png
terrain,sdesert2_cold_rock2,sdesert2,../textures/soil/rock_dry.dds
terrain,glacier_hill_dry_s3,glacier,../textures/soil/glacier_hill_dry.dds
terrain,sdesert_hot_hill_esw3,sdesert,../textures/loveg/sdesert_warm_hill.png
terrain,rock_hill_wet_s_av,rock,../textures/soil/rock_hill.png
terrain,temp_cityhill_sq3,temp,../textures/human/temp_cityhill_sq.dds
terrain,temp_cityhill_irr4,temp,../textures/human/temp_cityhill_irr.dds
terrain,rock_flat_dry_s3,rock,../textures/soil/rock_flat_dry.png
terrain,cliff_hot_wet_ns,cliff,../textures/soil/cliff_hot_wet.dds
terrain,semidry_crptwnhill_irr3,semidry,../textures/human/dry_crptwnhill.dds
terrain,rock_hill_n3,rock,../textures/soil/rock.dds
terrain,cliff_cold_lo_av,cliff,../textures/soil/rock.png
terrain,polar_ice_steep_ew3,polar,../textures/soil/ice_steep.dds
terrain,desert_warm_steep_av,desert,../textures/soil/desert_warm_steep.png
terrain,hiland_polar_shill2,hiland,../textures/loveg/tundra_sflat.dds
terrain,dry_vhot_rock3,dry,../textures/soil/rock_dry.dds
terrain,des_crptwnhill_irr_av,des,../textures/human/des_crphill.dds
terrain,rock_ice_hill_wet_s4,rock,../textures/soil/rock_ice_hill.dds
terrain,rock_hill_dry_ew1,rock,../textures/soil/rock_hill_dry.png
terrain,glacier_hill_dry_ew3,glacier,../textures/soil/glacier_hill_dry.dds
terrain,rock_ice_flat_wet_s_av,rock,../textures/soil/rock_ice_flat.dds
terrain,desert_vhot_hill,desert,../textures/soil/desert_vhot_hill.dds
terrain,polar_rock_hill_s2,polar,../textures/soil/rock_hill.png
terrain,cliff_cold_lo3,cliff,../textures/soil/rock.dds
terrain,polar_ice_flat_s4,polar,../textures/soil/ice_flat.dds
terrain,rock_ice_hill_wet_ew1,rock,../textures/soil/rock_ice_hill.dds
terrain,rock_ice_flat_ew4,rock,../textures/soil/rock_ice_flat.dds
terrain,rock_ice_flat_s2,rock,../textures/soil/rock_ice_flat.dds
terrain,rock_hill_sdry_n_av,rock,../textures/soil/rock_hill_sdry.png
terrain,rock_ice_hill_dry_n1,rock,../textures/soil/rock_ice_hill_dry.dds
terrain,dry_hot_rock2,dry,../textures/soil/rock_dry.dds
terrain,rock_flat_dry_mid_av,rock,../textures/soil/desert_cold_sflat.png
terrain,glacier_hill_sdry_n1,glacier,../textures/soil/glacier_hill_sdry.dds
terrain,rock_hill_sdry_n3,rock,../textures/soil/rock_hill_sdry.dds
terrain,hiland_polar_shill_av,hiland,../textures/loveg/tundra_sflat.dds
terrain,rock_hill_sdry_n2,rock,../textures/soil/rock_hill_sdry.dds
terrain,dry_hot_rock3,dry,../textures/soil/rock_dry.dds
terrain,sdesert_cold_hill_n4,sdesert,../textures/loveg/shrub_cool_hill_dry.png
terrain,rock_ice_flat_sdry_ew1,rock,../textures/soil/rock_ice_flat_sdry.dds
terrain,desert_hot_steep1,desert,../textures/soil/desert_hot_steep.dds
terrain,sdesert_temp_hill_n1,sdesert,../textures/loveg/shrub_flat_dry.png
terrain,rock_ice_flat_s3,rock,../textures/soil/rock_ice_flat.dds
terrain,glacier_hill_s4,glacier,../textures/soil/glacier_hill.dds
terrain,rock_ice_flat_sdry_n4,rock,../textures/soil/rock_ice_flat_sdry.dds
terrain,trop_crphill_sq4,trop,../textures/human/trop_crp.dds
terrain,cliff_cold_lo2,cliff,../textures/soil/rock.dds
terrain,polar_rock_hill_s3,polar,../textures/soil/rock_hill.png
terrain,glacier_hill_sdry_s_av,glacier,../textures/soil/glacier_hill_sdry.png
terrain,glacier_hill_wet_ew_av,glacier,../textures/soil/glacier_hill.png
terrain,glacier_hill_dry_ew2,glacier,../textures/soil/glacier_hill_dry.dds
terrain,dry_crphill_irr4,dry,../textures/human/des_crphill.dds
terrain,sdry_temp_hill_esw,sdry,../textures/hiveg/broadleaf_flat_sdry.dds
terrain,temp_cityhill_irr_av,temp,../textures/human/temp_cityhill_irr.dds
terrain,hiland_polar_steep,hiland,../textures/loveg/upland_tundra_steep.dds
terrain,dry_vhot_rock2,dry,../textures/soil/rock_dry.dds
terrain,hiland_polar_shill3,hiland,../textures/loveg/tundra_sflat.dds
terrain,polar_ice_steep_ew2,polar,../textures/soil/ice_steep.dds
terrain,rainforest_steep,rainforest,../textures/hiveg/rainforest_steep.dds
terrain,rock_hill_sdry_ew1,rock,../textures/soil/rock_hill_sdry.dds
terrain,rock_hill_n2,rock,../textures/soil/rock.dds
terrain,polar_rock_ice_hill_ew_av,polar,../textures/soil/rock_ice_hill.png
terrain,semidry_crptwnhill_irr2,semidry,../textures/human/dry_crptwnhill.dds
terrain,rock_flat_dry_s2,rock,../textures/soil/rock_flat_dry.png
terrain,temp_cityhill_sq2,temp,../textures/human/temp_cityhill_sq.dds
terrain,polar_rock_ice_flat_n4,polar,../textures/soil/rock_ice_flat.png
terrain,l_glacier_steep_ew4,l,../textures/soil/glacier_steep.dds
terrain,sdesert_hot_hill_esw2,sdesert,../textures/loveg/sdesert_warm_hill.png
terrain,glacier_hill_dry_s2,glacier,../textures/soil/glacier_hill_dry.dds
terrain,rock_flat_dry_low4,rock,../textures/soil/desert_cold_flat.dds
terrain,sdry_steep,sdry,../textures/hiveg/broadleaf_steep_sdry.dds
terrain,polar_tundra_rock4,polar,../textures/soil/rock_dark_tan_dry.dds
terrain,l_tundra_steep,l,../textures/loveg/tundra_steep.dds
terrain,semidry_crphill_sq4,semidry,../textures/human/dry_crphill.dds
terrain,des_cityhill_sq4,des,../textures/human/dry_cityhill_sq.dds
terrain,polar_ice_hill_ew4,polar,../textures/soil/ice_hill.dds
terrain,dry_vhot_steep_n,dry,../textures/loveg/savanna_woody_steep.dds
terrain,rock_hill_sdry_ew3,rock,../textures/soil/rock_hill_sdry.dds
terrain,hiland_polar_shill1,hiland,../textures/loveg/tundra_sflat.dds
terrain,temp_crptwnhill_sq4,temp,../textures/human/temp_cityhill_irr.dds
terrain,rock_hill_n_av,rock,../textures/soil/rock.png
terrain,rock_hill_dry_ew2,rock,../textures/soil/rock_hill_dry.png
terrain,desert_vhot_rock4,desert,../textures/soil/rock_dry.dds
terrain,polar_rock_hill_s1,polar,../textures/soil/rock_hill.png
terrain,rock_ice_hill_wet_ew2,rock,../textures/soil/rock_ice_hill.dds
terrain,rainf_crptwnhill_sq4,rainf,../textures/human/rainf_crp.dds
terrain,rock_ice_flat_dry_ew4,rock,../textures/soil/rock_ice_flat_dry.png
terrain,desert_hot_steep3,desert,../textures/soil/desert_hot_steep.dds
terrain,rock_ice_flat_sdry_ew3,rock,../textures/soil/rock_ice_flat_sdry.dds
terrain,rock_ice_flat_s1,rock,../textures/soil/rock_ice_flat.dds
terrain,sdesert_temp_hill_n3,sdesert,../textures/loveg/shrub_flat_dry.png
terrain,dry_hot_rock1,dry,../textures/soil/rock_dry.dds
terrain,rock_ice_hill_dry_n2,rock,../textures/soil/rock_ice_hill_dry.dds
terrain,glacier_hill_s_av,glacier,../textures/soil/glacier_hill.png
terrain,sdesert_cool_rock_av,sdesert,../textures/soil/rock_red_dry.png
terrain,desert_hot_hill,desert,../textures/soil/desert_hot_hill.dds
terrain,glacier_hill_sdry_n2,glacier,../textures/soil/glacier_hill_sdry.dds
terrain,rock_flat_wet_ew4,rock,../textures/soil/rock_flat.dds
terrain,semidry_crphill_sq_av,semidry,../textures/human/dry_crphill.dds
terrain,rock_hill_sdry_n1,rock,../textures/soil/rock_hill_sdry.dds
terrain,glacier_hill_sdry_n3,glacier,../textures/soil/glacier_hill_sdry.dds
terrain,ice_city_av,ice,../textures/human/ice_city.dds
terrain,l_tundra_rock_av,l,../textures/soil/rock_dark_tan_dry.png
terrain,rock_ice_hill_dry_n3,rock,../textures/soil/rock_ice_hill_dry.dds
terrain,rock_ice_hill_sdry_n_av,rock,../textures/soil/rock_ice_hill_sdry.png
terrain,rainf_crphill_irr4,rainf,../textures/human/rainf_crp.dds
terrain,sdesert_temp_hill_n2,sdesert,../textures/loveg/shrub_flat_dry.png
terrain,dry_cool_steep_n,dry,../textures/hiveg/conifer_steep_dry.dds
terrain,rock_ice_flat_sdry_ew2,rock,../textures/soil/rock_ice_flat_sdry.dds
terrain,desert_hot_steep2,desert,../textures/soil/desert_hot_steep.dds
terrain,desert_vhot_steep4,desert,../textures/soil/desert_vhot_steep.dds
terrain,dry_crptwnhill_sq4,dry,../textures/human/des_crphill.dds
terrain,cliff_cold_lo1,cliff,../textures/soil/rock.dds
terrain,rock_ice_hill_wet_ew3,rock,../textures/soil/rock_ice_hill.dds
terrain,glacier_hill_dry_ew1,glacier,../textures/soil/glacier_hill_dry.dds
terrain,rock_hill_dry_ew3,rock,../textures/soil/rock_hill_dry.png
terrain,glacier_steep_sdry_ew4,glacier,../textures/soil/glacier_steep_sdry.dds
terrain,sdesert_steep_n,sdesert,../textures/loveg/shrub_hill_dry.dds
terrain,rainforest_hill,rainforest,../textures/hiveg/rainforest_hill.dds
terrain,sdry_cold_hill_esw,sdry,../textures/hiveg/conifer_hill_sdry.dds
terrain,polar_ice_steep_ew1,polar,../textures/soil/ice_steep.dds
terrain,dry_vhot_rock1,dry,../textures/soil/rock_dry.dds
terrain,rock_hill_sdry_ew2,rock,../textures/soil/rock_hill_sdry.dds
terrain,glacier_hill_wet_n4,glacier,../textures/soil/glacier_hill.dds
terrain,cliff_cold_sdry_ns,cliff,../textures/soil/cliff_cold_sdry.dds
terrain,semidry_crptwnhill_irr1,semidry,../textures/human/dry_crptwnhill.dds
terrain,rock_hill_n1,rock,../textures/soil/rock.dds
terrain,glacier_steep_dry_ew_av,glacier,../textures/soil/glacier_steep_dry.png
terrain,rock_flat_dry_s1,rock,../textures/soil/rock_flat_dry.png
terrain,cliff_cold_dry_ew,cliff,../textures/soil/cliff_cold_dry.dds
terrain,des_cityhill_irr_av,des,../textures/human/des_crphill.dds
terrain,sdesert_vhot_rock_av,sdesert,../textures/soil/rock_red_dry.png
terrain,polar_rock_hill_ew4,polar,../textures/soil/rock_hill.png
terrain,cliff_ice_wet_ew,cliff,../textures/soil/cliff_cold.dds
terrain,temp_cityhill_sq1,temp,../textures/human/temp_cityhill_sq.dds
terrain,rock_flat_wet_n4,rock,../textures/soil/rock_flat.dds
terrain,cliff_ice_hi_wet_n,cliff,../textures/soil/ice_steep.dds
terrain,sdesert_hot_rock4,sdesert,../textures/soil/rock_red_dry.dds
terrain,glacier_hill_dry_s1,glacier,../textures/soil/glacier_hill_dry.dds
terrain,sdesert_hot_hill_esw1,sdesert,../textures/loveg/sdesert_warm_hill.png
terrain,des_cityhill_sq_av,des,../textures/human/dry_cityhill_sq.dds
terrain,polar_rock_ice_flat_n3,polar,../textures/soil/rock_ice_flat.png
terrain,l_glacier_steep_ew3,l,../textures/soil/glacier_steep.dds
terrain,hiland_crptwnhill_irr_av,hiland,../textures/human/hiland_crptwnhill.dds
terrain,rock_flat_dry_low1,rock,../textures/soil/desert_cold_flat.dds
terrain,polar_tundra_rock1,polar,../textures/soil/rock_dark_tan_dry.dds
terrain,glacier_steep_wet_s_av,glacier,../textures/soil/glacier_steep.png
terrain,semidry_crphill_sq1,semidry,../textures/human/dry_crphill.dds
terrain,temp_cityhill_irr2,temp,../textures/human/temp_cityhill_irr.dds
terrain,sdesert_hot_rock_av,sdesert,../textures/soil/rock_red_dry.png
terrain,cliff_hot_ew,cliff,../textures/soil/cliff_hot.dds
terrain,des_cityhill_sq1,des,../textures/human/dry_cityhill_sq.dds
terrain,hiland_crptwnhill_sq_av,hiland,../textures/human/hiland_crptwnhill.dds
terrain,temp_crptwnhill_sq1,temp,../textures/human/temp_cityhill_irr.dds
terrain,hiland_polar_shill4,hiland,../textures/loveg/tundra_sflat.dds
terrain,cliff_cold_lo_sdry_av,cliff,../textures/soil/cliff_sdry.png
terrain,polar_ice_hill_ew1,polar,../textures/soil/ice_hill.dds
terrain,l_glacier_steep_ew_av,l,../textures/soil/glacier_steep.png
terrain,dry_crphill_irr3,dry,../textures/human/des_crphill.dds
terrain,wet_hot_shill,wet,../textures/hiveg/tropical_sflat.dds
terrain,rock_ice_hill_wet_s2,rock,../textures/soil/rock_ice_hill.dds
terrain,rock_ice_flat_sdry_n3,rock,../textures/soil/rock_ice_flat_sdry.dds
terrain,trop_crphill_sq3,trop,../textures/human/trop_crp.dds
terrain,polar_ice_flat_s2,polar,../textures/soil/ice_flat.dds
terrain,polar_rock_hill_s4,polar,../textures/soil/rock_hill.png
terrain,desert_vhot_rock1,desert,../textures/soil/rock_dry.dds
terrain,dry_crphill_irr_av,dry,../textures/human/des_crphill.dds
terrain,rock_ice_flat_dry_ew1,rock,../textures/soil/rock_ice_flat_dry.png
terrain,rock_ice_flat_s4,rock,../textures/soil/rock_ice_flat.dds
terrain,rainf_crptwnhill_sq1,rainf,../textures/human/rainf_crp.dds
terrain,trop_crptwnhill_irr_av,trop,../textures/human/trop_crp.dds
terrain,rock_ice_flat_ew2,rock,../textures/soil/rock_ice_flat.dds
terrain,glacier_hill_s3,glacier,../textures/soil/glacier_hill.dds
terrain,rock_flat_wet_ew1,rock,../textures/soil/rock_flat.dds
terrain,dry_hot_rock4,dry,../textures/soil/rock_dry.dds
terrain,sdesert_cold_hill_n3,sdesert,../textures/loveg/shrub_cool_hill_dry.png
terrain,rock_hill_sdry_ew_av,rock,../textures/soil/rock_hill_sdry.png
terrain,sdesert_cold_hill_n2,sdesert,../textures/loveg/shrub_cool_hill_dry.png
terrain,rock_hill_sdry_n4,rock,../textures/soil/rock_hill_sdry.dds
terrain,desert_vhot_steep1,desert,../textures/soil/desert_vhot_steep.dds
terrain,glacier_hill_s2,glacier,../textures/soil/glacier_hill.dds
terrain,rock_ice_flat_ew3,rock,../textures/soil/rock_ice_flat.dds
terrain,dry_crptwnhill_sq1,dry,../textures/human/des_crphill.dds
terrain,rainf_crphill_irr1,rainf,../textures/human/rainf_crp.dds
terrain,rainf_crphill_irr_av,rainf,../textures/human/rainf_crp.dds
terrain,temp_crptwnhill_sq_av,temp,../textures/human/temp_cityhill_irr.dds
terrain,cliff_cold_lo4,cliff,../textures/soil/rock.dds
terrain,polar_ice_flat_s3,polar,../textures/soil/ice_flat.dds
terrain,rock_ice_flat_sdry_n2,rock,../textures/soil/rock_ice_flat_sdry.dds
terrain,trop_crphill_sq2,trop,../textures/human/trop_crp.dds
terrain,desert_vhot_rock_av,desert,../textures/soil/rock_dry.png
terrain,rock_ice_hill_wet_s3,rock,../textures/soil/rock_ice_hill.dds
terrain,glacier_hill_dry_ew4,glacier,../textures/soil/glacier_hill_dry.dds
terrain,dry_crphill_irr2,dry,../textures/human/des_crphill.dds
terrain,cliff_warm_dry_ns,cliff,../textures/soil/cliff_hot_dry.dds
terrain,glacier_hill_wet_n1,glacier,../textures/soil/glacier_hill.dds
terrain,temp_crphill_irr_av,temp,../textures/human/temp_crphill.dds
terrain,polar_ice_steep_ew4,polar,../textures/soil/ice_steep.dds
terrain,glacier_steep_sdry_ew1,glacier,../textures/soil/glacier_steep_sdry.dds
terrain,dry_vhot_rock4,dry,../textures/soil/rock_dry.dds
terrain,rock_flat_dry_s4,rock,../textures/soil/rock_flat_dry.png
terrain,semidry_crptwnhill_irr4,semidry,../textures/human/dry_crptwnhill.dds
terrain,rock_hill_n4,rock,../textures/soil/rock.dds
terrain,temp_crphill_sq_av,temp,../textures/human/temp_crphill.dds
terrain,cliff_temp_sdry_ns,cliff,../textures/soil/cliff_sdry.dds
terrain,rock_flat_wet_n1,rock,../textures/soil/rock_flat.dds
terrain,temp_cityhill_sq4,temp,../textures/human/temp_cityhill_sq.dds
terrain,polar_rock_hill_ew1,polar,../textures/soil/rock_hill.png
terrain,temp_cityhill_irr3,temp,../textures/human/temp_cityhill_irr.dds
terrain,rainf_crphill_sq_av,rainf,../textures/human/rainf_crp.dds
terrain,glacier_hill_dry_s4,glacier,../textures/soil/glacier_hill_dry.dds
terrain,sdesert_hot_rock1,sdesert,../textures/soil/rock_red_dry.dds
terrain,sdesert_hot_hill_esw4,sdesert,../textures/loveg/sdesert_warm_hill.png
terrain,desert_cold_hill,desert,../textures/soil/desert_cold_hill.dds
terrain,polar_rock_ice_flat_n2,polar,../textures/soil/rock_ice_flat.png
terrain,l_glacier_steep_ew2,l,../textures/soil/glacier_steep.dds
terrain,sdesert_hot_rock3,sdesert,../textures/soil/rock_red_dry.dds
terrain,glacier_steep_s_av,glacier,../textures/soil/glacier_steep.png
terrain,rock_flat_dry_low2,rock,../textures/soil/desert_cold_flat.dds
terrain,semidry_crphill_sq2,semidry,../textures/human/dry_crphill.dds
terrain,temp_cityhill_irr1,temp,../textures/human/temp_cityhill_irr.dds
terrain,cliff_ice_ew,cliff,../textures/soil/cliff_cold.dds
terrain,polar_rock_hill_ew3,polar,../textures/soil/rock_hill.png
terrain,polar_tundra_rock2,polar,../textures/soil/rock_dark_tan_dry.dds
terrain,rock_flat_wet_n3,rock,../textures/soil/rock_flat.dds
terrain,wet_cool_bor_hill,wet,../textures/hiveg/broadleaf_hill.dds
terrain,dry_warm_rock_av,dry,../textures/soil/rock_white_dry.png
terrain,sdesert_vhot_hill_n,sdesert,../textures/loveg/savanna_woody_hill.dds
terrain,des_cityhill_sq2,des,../textures/human/dry_cityhill_sq.dds
terrain,rock_ice_flat_n_av,rock,../textures/soil/rock_ice_flat.dds
terrain,glacier_steep_sdry_ew3,glacier,../textures/soil/glacier_steep_sdry.dds
terrain,temp_crptwnhill_sq2,temp,../textures/human/temp_cityhill_irr.dds
terrain,polar_ice_hill_ew2,polar,../textures/soil/ice_hill.dds
terrain,glacier_hill_wet_n3,glacier,../textures/soil/glacier_hill.dds
terrain,rock_hill_dry_ew4,rock,../textures/soil/rock_hill_dry.png
terrain,l_glacier_hill_dry,l,../textures/soil/glacier_hill_dry.dds
terrain,rock_ice_hill_wet_s1,rock,../textures/soil/rock_ice_hill.dds
terrain,polar_ice_flat_s1,polar,../textures/soil/ice_flat.dds
terrain,rock_ice_hill_wet_ew4,rock,../textures/soil/rock_ice_hill.dds
terrain,desert_vhot_rock2,desert,../textures/soil/rock_dry.dds
terrain,rainf_crphill_irr3,rainf,../textures/human/rainf_crp.dds
terrain,glacier_steep_dry_n_av,glacier,../textures/soil/glacier_steep_dry.png
terrain,rock_ice_flat_dry_ew2,rock,../textures/soil/rock_ice_flat_dry.png
terrain,rock_ice_flat_ew1,rock,../textures/soil/rock_ice_flat.dds
terrain,desert_vhot_steep3,desert,../textures/soil/desert_vhot_steep.dds
terrain,dry_crptwnhill_sq3,dry,../textures/human/des_crphill.dds
terrain,barren_tundra_steep,barren,../textures/loveg/upland_tundra_steep.dds
terrain,rainf_crptwnhill_sq2,rainf,../textures/human/rainf_crp.dds
terrain,glacier_hill_sdry_n4,glacier,../textures/soil/glacier_hill_sdry.dds
terrain,rock_flat_wet_ew2,rock,../textures/soil/rock_flat.dds
terrain,wet_vhot_steep,wet,../textures/hiveg/tropical_steep.dds
terrain,rock_ice_hill_dry_n4,rock,../textures/soil/rock_ice_hill_dry.dds
terrain,sdesert_hill_n,sdesert,../textures/loveg/shrub_sflat_dry.dds
terrain,polar_ice_hill_n_av,polar,../textures/soil/ice_hill.png
terrain,sdesert_cold_hill_n1,sdesert,../textures/loveg/shrub_cool_hill_dry.png
terrain,rock_flat_wet_ew3,rock,../textures/soil/rock_flat.dds
terrain,dry_crptwnhill_sq2,dry,../textures/human/des_crphill.dds
terrain,rainf_crptwnhill_sq3,rainf,../textures/human/rainf_crp.dds
terrain,glacier_hill_s1,glacier,../textures/soil/glacier_hill.dds
terrain,desert_vhot_steep2,desert,../textures/soil/desert_vhot_steep.dds
terrain,rock_ice_flat_sdry_ew4,rock,../textures/soil/rock_ice_flat_sdry.dds
terrain,rock_ice_flat_dry_ew3,rock,../textures/soil/rock_ice_flat_dry.png
terrain,desert_hot_steep4,desert,../textures/soil/desert_hot_steep.dds
terrain,rainf_crphill_irr2,rainf,../textures/human/rainf_crp.dds
terrain,sdesert_temp_hill_n4,sdesert,../textures/loveg/shrub_flat_dry.png
terrain,desert_vhot_rock3,desert,../textures/soil/rock_dry.dds
terrain,trop_crphill_sq1,trop,../textures/human/trop_crp.dds
terrain,rock_ice_flat_sdry_n1,rock,../textures/soil/rock_ice_flat_sdry.dds
terrain,dry_crphill_irr1,dry,../textures/human/des_crphill.dds
terrain,polar_ice_hill_ew3,polar,../textures/soil/ice_hill.dds
terrain,cliff_temp_ew,cliff,../textures/soil/cliff.dds
terrain,glacier_hill_wet_n2,glacier,../textures/soil/glacier_hill.dds
terrain,rock_hill_sdry_ew4,rock,../textures/soil/rock_hill_sdry.dds
terrain,temp_crptwnhill_sq3,temp,../textures/human/temp_cityhill_irr.dds
terrain,glacier_steep_sdry_ew2,glacier,../textures/soil/glacier_steep_sdry.dds
terrain,des_cityhill_sq3,des,../textures/human/dry_cityhill_sq.dds
terrain,rock_flat_wet_n2,rock,../textures/soil/rock_flat.dds
terrain,polar_tundra_rock3,polar,../textures/soil/rock_dark_tan_dry.dds
terrain,semidry_crphill_sq3,semidry,../textures/human/dry_crphill.dds
terrain,polar_rock_hill_ew2,polar,../textures/soil/rock_hill.png
terrain,sdesert_warm_steep_n,sdesert,../textures/loveg/shrub_hill_dry.dds
terrain,rock_flat_dry_low3,rock,../textures/soil/desert_cold_flat.dds
terrain,sdesert_hot_rock2,sdesert,../textures/soil/rock_red_dry.dds
terrain,l_glacier_steep_ew1,l,../textures/soil/glacier_steep.dds
terrain,polar_rock_ice_flat_n1,polar,../textures/soil/rock_ice_flat.png
terrain,cliff_temp_dry_ns,cliff,../textures/soil/cliff_dry.dds
terrain,polar_rock_ice_hill_ew4,polar,../textures/soil/rock_ice_hill.dds
terrain,rock_flat_n1,rock,../textures/soil/rock_flat.dds
terrain,cliff_cold_lo_wet3,cliff,../textures/soil/rock_wet.dds
terrain,l_glacier_steep_sdry_ns3,l,../textures/soil/glacier_steep_sdry.dds
terrain,rock_flat_ew2,rock,../textures/soil/rock_flat.dds
terrain,sdesert_temp_hill_n,sdesert,../textures/loveg/shrub_flat_dry.dds
terrain,hiland_hill_dry3,hiland,../textures/soil/desert_cold_hill.dds
terrain,l_glacier_hill_dry4,l,../textures/soil/glacier_hill_dry.png
terrain,rock_hill_wet_n4,rock,../textures/soil/rock_hill.dds
terrain,rock_flat_dry_mid1,rock,../textures/soil/desert_cold_sflat.dds
terrain,sdesert_hot_steep_n,sdesert,../textures/loveg/savanna_steep.dds
terrain,hiland_polar_hill,hiland,../textures/loveg/tundra_hill.dds
terrain,rock_hill_dry_s1,rock,../textures/soil/rock_hill_dry.png
terrain,l_polar_ice_steep_ew3,l,../textures/soil/ice_steep.dds
terrain,l_utundra_rock_av,l,../textures/soil/rock_dark_tan_dry.png
terrain,polar_ice_hill_s_av,polar,../textures/soil/ice_hill.png
terrain,rainf_crphill_sq4,rainf,../textures/human/rainf_crp.dds
terrain,l_utundra_rock3,l,../textures/soil/rock_dark_tan_dry.dds
terrain,glacier_steep_dry_ew2,glacier,../textures/soil/glacier_steep_dry.dds
terrain,glacier_steep_s3,glacier,../textures/soil/glacier_steep.dds
terrain,cliff_cold_lo_dry1,cliff,../textures/soil/cliff_dry.dds
terrain,wet_vhot_shill,wet,../textures/hiveg/tropical_sflat.dds
terrain,polar_ice_steep_n2,polar,../textures/soil/ice_steep.dds
terrain,cliff_ice_hi_n,cliff,../textures/soil/cliff_ice.dds
terrain,desert_temp_steep3,desert,../textures/soil/desert_temp_steep.dds
terrain,north_crptwnhill_sq_av,north,../textures/human/north_crptwnhill.dds
terrain,sdesert2_cold_hill_n3,sdesert2,../textures/hiveg/conifer_hill_dry.png
terrain,rock_flat_sdry_s3,rock,../textures/soil/rock_flat_sdry.dds
terrain,polar_ice_hill_ew_av,polar,../textures/soil/ice_hill.png
terrain,sdesert2_cold_hill_ews3,sdesert2,../textures/loveg/shrub_cool_hill_dry.png
terrain,sdesert_cold_steep_ews,sdesert,../textures/loveg/sdesert_cold_steep.dds
terrain,rock_ice_flat_dry_n3,rock,../textures/soil/rock_ice_flat_dry.png
terrain,rock_ice_flat_dry_n2,rock,../textures/soil/rock_ice_flat_dry.png
terrain,glacier_steep_ew1,glacier,../textures/soil/glacier_steep.dds
terrain,dry_cityhill_irr1,dry,../textures/human/dry_crptwnhill.dds
terrain,sdesert2_cold_hill_ews2,sdesert2,../textures/loveg/shrub_cool_hill_dry.png
terrain,polar_rock_flat_s1,polar,../textures/soil/rock_flat.png
terrain,hiland_steep_dry1,hiland,../textures/soil/desert_cold_steep.dds
terrain,glacier_steep_sdry_n1,glacier,../textures/soil/glacier_steep_sdry.dds
terrain,rock_ice_flat_s_av,rock,../textures/soil/rock_ice_flat.dds
terrain,rock_flat_sdry_s2,rock,../textures/soil/rock_flat_sdry.dds
terrain,sdry_hill_n,sdry,../textures/hiveg/broadleaf_hill.dds
terrain,apt_ice1,apt,../textures/apt/apt_ice.dds
terrain,hiland_crphill_irr4,hiland,../textures/human/hiland_crphill.dds
terrain,sdesert2_cold_hill_n2,sdesert2,../textures/hiveg/conifer_hill_dry.png
terrain,trop_crphill_sq_av,trop,../textures/human/trop_crp.dds
terrain,l_polar_ice_flat,l,../textures/soil/ice_flat.dds
terrain,desert_temp_steep2,desert,../textures/soil/desert_temp_steep.dds
terrain,sdry_cold_hill_n,sdry,../textures/hiveg/conifer_sflat_sdry.dds
terrain,north_crptwnhill_irr_av,north,../textures/human/north_crptwnhill.dds
terrain,polar_ice_steep_n3,polar,../textures/soil/ice_steep.dds
terrain,rock_ice_hill_sdry_s4,rock,../textures/soil/rock_ice_hill_sdry.dds
terrain,glacier_steep_n_av,glacier,../textures/soil/glacier_steep.png
terrain,glacier_steep_s2,glacier,../textures/soil/glacier_steep.dds
terrain,glacier_steep_dry_ew3,glacier,../textures/soil/glacier_steep_dry.dds
terrain,rock_ice_hill_s1,rock,../textures/soil/rock_ice_hill.dds
terrain,north_crptwnhill_sq4,north,../textures/human/north_crptwnhill.dds
terrain,polar_ice_steep_ew_av,polar,../textures/soil/ice_steep.png
terrain,l_utundra_rock2,l,../textures/soil/rock_dark_tan_dry.dds
terrain,desert_hot_rock1,desert,../textures/soil/rock_dry.dds
terrain,l_glacier_steep_sdry_ew1,l,../textures/soil/glacier_steep_sdry.dds
terrain,hiland_hill_lo,hiland,../textures/loveg/grassland_cold_hill.dds
terrain,cliff_ice_sdry_ew,cliff,../textures/soil/cliff_cold_sdry.dds
terrain,glacier_steep_wet_n1,glacier,../textures/soil/glacier_steep.dds
terrain,sdesert_vhot_rock1,sdesert,../textures/soil/rock_red_dry.dds
terrain,l_polar_ice_steep_ew2,l,../textures/soil/ice_steep.dds
terrain,sdesert_temp_hill_esw4,sdesert,../textures/loveg/sdesert_temp_hill.png
terrain,l_tundra_hill,l,../textures/loveg/tundra_hill.dds
terrain,l_glacier_hill1,l,../textures/soil/glacier_flat.dds
terrain,glacier_steep_dry_s_av,glacier,../textures/soil/glacier_steep_dry.png
terrain,desert_warm_steep1,desert,../textures/soil/desert_warm_steep.dds
terrain,sdesert_steep_esw,sdesert,../textures/loveg/sdesert_temp_steep.dds
terrain,rock_hill_dry4,rock,../textures/soil/rock_hill_dry.dds
terrain,hiland_crptwnhill_sq4,hiland,../textures/human/hiland_crptwnhill.dds
terrain,l_polar_ice_steep_ns1,l,../textures/soil/ice_steep.dds
terrain,sdesert_vhot_hill_esw1,sdesert,../textures/loveg/savanna_hill.png
terrain,hiland_hill_dry2,hiland,../textures/soil/desert_cold_hill.dds
terrain,cliff_temp_wet_ew,cliff,../textures/soil/cliff_wet.dds
terrain,rock_flat_ew3,rock,../textures/soil/rock_flat.dds
terrain,cliff_cold_lo_wet2,cliff,../textures/soil/rock_wet.dds
terrain,l_glacier_steep_sdry_ns2,l,../textures/soil/glacier_steep_sdry.dds
terrain,glacier_steep_dry_s4,glacier,../textures/soil/glacier_steep_dry.dds
terrain,cliff_cold_ns,cliff,../textures/soil/cliff_cold.dds
terrain,apt_ice_any_av,apt,../textures/apt/apt_ice.dds
terrain,sdesert_cool_hill_esw4,sdesert,../textures/loveg/sdesert_cool_hill.png
terrain,rock_flat_n2,rock,../textures/soil/rock_flat.dds
terrain,rock_flat_ew1,rock,../textures/soil/rock_flat.dds
terrain,l_polar_ice_steep_ns3,l,../textures/soil/ice_steep.dds
terrain,hiland_crptwnhill_irr4,hiland,../textures/human/hiland_crptwnhill.dds
terrain,sdesert_vhot_hill_esw3,sdesert,../textures/loveg/savanna_hill.png
terrain,rock_flat_dry_mid2,rock,../textures/soil/desert_cold_sflat.dds
terrain,desert_warm_steep3,desert,../textures/soil/desert_warm_steep.dds
terrain,l_glacier_hill3,l,../textures/soil/glacier_flat.dds
terrain,polar_rock_ice_hill_n4,polar,../textures/soil/rock_ice_hill.dds
terrain,cliff_cold_lo_wet_av,cliff,../textures/soil/rock_wet.png
terrain,rock_hill_dry_s2,rock,../textures/soil/rock_hill_dry.png
terrain,sdesert_vhot_rock3,sdesert,../textures/soil/rock_red_dry.dds
terrain,dry_warm_steep_n,dry,../textures/hiveg/broadleaf_warm_steep_dry.dds
terrain,trop_crphill_irr4,trop,../textures/human/trop_crp.dds
terrain,desert_vhot_steep_av,desert,../textures/soil/desert_vhot_steep.png
terrain,glacier_steep_wet_n3,glacier,../textures/soil/glacier_steep.dds
terrain,trop_crptwnhill_sq4,trop,../textures/human/trop_crp.dds
terrain,dry_cold_bor_steep,dry,../textures/hiveg/conifer_steep_sdry.dds
terrain,l_glacier_steep_sdry_ew3,l,../textures/soil/glacier_steep_sdry.dds
terrain,desert_hot_rock3,desert,../textures/soil/rock_dry.dds
terrain,rock_ice_hill_s3,rock,../textures/soil/rock_ice_hill.dds
terrain,glacier_steep_dry_ew1,glacier,../textures/soil/glacier_steep_dry.dds
terrain,dry_crphill_sq_av,dry,../textures/human/des_crphill.dds
terrain,sdesert_warm_hill_n,sdesert,../textures/loveg/shrub_warm_sflat_dry.dds
terrain,cliff_cold_lo_dry2,cliff,../textures/soil/cliff_dry.dds
terrain,polar_ice_steep_n1,polar,../textures/soil/ice_steep.dds
terrain,wet_hot_steep,wet,../textures/hiveg/tropical_steep.dds
terrain,wet_cool_hill4,wet,../textures/hiveg/broadleaf_hill.dds
terrain,apt_ice3,apt,../textures/apt/apt_ice.dds
terrain,hiland_steep_dry_av,hiland,../textures/soil/desert_cold_steep.png
terrain,rock_ice_flat_ew_av,rock,../textures/soil/rock_ice_flat.dds
terrain,glacier_steep_sdry_n3,glacier,../textures/soil/glacier_steep_sdry.dds
terrain,hiland_steep_dry3,hiland,../textures/soil/desert_cold_steep.dds
terrain,glacier_steep_ew3,glacier,../textures/soil/glacier_steep.dds
terrain,l_glacier_steep.ns4,l,../textures/soil/glacier_steep.dds
terrain,polar_rock_flat_s3,polar,../textures/soil/rock_flat.png
terrain,dry_cityhill_irr3,dry,../textures/human/dry_crptwnhill.dds
terrain,dry_cityhill_irr2,dry,../textures/human/dry_crptwnhill.dds
terrain,sdesert2_cold_hill_ews1,sdesert2,../textures/loveg/shrub_cool_hill_dry.png
terrain,polar_rock_flat_s2,polar,../textures/soil/rock_flat.png
terrain,dry_rock4,dry,../textures/soil/rock_brown_dry.dds
terrain,glacier_steep_ew2,glacier,../textures/soil/glacier_steep.dds
terrain,rock_ice_flat_dry_n1,rock,../textures/soil/rock_ice_flat_dry.png
terrain,hiland_steep_dry2,hiland,../textures/soil/desert_cold_steep.dds
terrain,dry_vhot_steep_esw,dry,../textures/loveg/savanna_steep.dds
terrain,polar_ice_hill_s4,polar,../textures/soil/ice_hill.dds
terrain,glacier_steep_sdry_n2,glacier,../textures/soil/glacier_steep_sdry.dds
terrain,hiland_hill_dry_n,hiland,../textures/soil/desert_cold_hill.png
terrain,rock_flat_sdry_s1,rock,../textures/soil/rock_flat_sdry.dds
terrain,sdesert2_cold_hill_n1,sdesert2,../textures/hiveg/conifer_hill_dry.png
terrain,apt_ice2,apt,../textures/apt/apt_ice.dds
terrain,cliff_hot_sdry_ns,cliff,../textures/soil/cliff_hot_sdry.dds
terrain,desert_temp_steep1,desert,../textures/soil/desert_temp_steep.dds
terrain,glacier_steep_wet_n_av,glacier,../textures/soil/glacier_steep.png
terrain,semidry_crphill_irr4,semidry,../textures/human/dry_crphill.dds
terrain,cliff_cold_lo_dry3,cliff,../textures/soil/cliff_dry.dds
terrain,glacier_steep_s1,glacier,../textures/soil/glacier_steep.dds
terrain,rock_ice_flat_wet_s4,rock,../textures/soil/rock_ice_flat.dds
terrain,cliff_warm_wet_ew,cliff,../textures/soil/cliff_hot_wet.dds
terrain,dry_crptwnhill_irr4,dry,../textures/human/des_crphill.dds
terrain,l_utundra_rock1,l,../textures/soil/rock_dark_tan_dry.dds
terrain,rock_ice_hill_s2,rock,../textures/soil/rock_ice_hill.dds
terrain,sdesert_warm_rock_av,sdesert,../textures/soil/rock_red_dry.png
terrain,l_glacier_steep_sdry_ew2,l,../textures/soil/glacier_steep_sdry.dds
terrain,sdesert_warm_steep_esw,sdesert,../textures/loveg/sdesert_warm_steep.dds
terrain,desert_hot_rock2,desert,../textures/soil/rock_dry.dds
terrain,glacier_steep_wet_n2,glacier,../textures/soil/glacier_steep.dds
terrain,l_polar_ice_steep_ew1,l,../textures/soil/ice_steep.dds
terrain,sdesert_vhot_rock2,sdesert,../textures/soil/rock_red_dry.dds
terrain,rock_hill_dry_s3,rock,../textures/soil/rock_hill_dry.png
terrain,l_glacier_hill2,l,../textures/soil/glacier_flat.dds
terrain,desert_warm_steep2,desert,../textures/soil/desert_warm_steep.dds
terrain,rock_flat_dry_mid3,rock,../textures/soil/desert_cold_sflat.dds
terrain,cliff_warm_ns,cliff,../textures/soil/cliff_hot.dds
terrain,hiland_hill_dry1,hiland,../textures/soil/desert_cold_hill.dds
terrain,sdesert_vhot_hill_esw2,sdesert,../textures/loveg/savanna_hill.png
terrain,l_polar_ice_steep_ns2,l,../textures/soil/ice_steep.dds
terrain,rock_flat_n3,rock,../textures/soil/rock_flat.dds
terrain,l_glacier_steep_sdry_ns1,l,../textures/soil/glacier_steep_sdry.dds
terrain,cliff_cold_lo_wet1,cliff,../textures/soil/rock_wet.dds
terrain,rock_flat_ew4,rock,../textures/soil/rock_flat.dds
terrain,glacier_steep_dry_s3,glacier,../textures/soil/glacier_steep_dry.dds
terrain,polar_rock_ice_hill_ew2,polar,../textures/soil/rock_ice_hill.dds
terrain,sdesert_cool_hill_esw1,sdesert,../textures/loveg/sdesert_cool_hill.png
terrain,rock_hill_dry3,rock,../textures/soil/rock_hill_dry.dds
terrain,l_glacier_hill_dry2,l,../textures/soil/glacier_hill_dry.png
terrain,rock_hill_wet_n2,rock,../textures/soil/rock_hill.dds
terrain,hiland_crptwnhill_sq3,hiland,../textures/human/hiland_crptwnhill.dds
terrain,hiland_crptwnhill_irr1,hiland,../textures/human/hiland_crptwnhill.dds
terrain,l_glacier_steep_dry_ns_av,l,../textures/soil/glacier_steep_dry.png
terrain,sdesert_temp_hill_esw3,sdesert,../textures/loveg/sdesert_temp_hill.png
terrain,glacier_steep_ew_av,glacier,../textures/soil/glacier_steep.png
terrain,polar_rock_ice_hill_n1,polar,../textures/soil/rock_ice_hill.dds
terrain,rock_ice_hill_sdry_s_av,rock,../textures/soil/rock_ice_hill_sdry.png
terrain,rock_ice_hill_wet_ew_av,rock,../textures/soil/rock_ice_hill.png
terrain,trop_crphill_irr1,trop,../textures/human/trop_crp.dds
terrain,dry_temp_hill_esw,dry,../textures/loveg/shrub_hill_dry.dds
terrain,trop_crptwnhill_sq1,trop,../textures/human/trop_crp.dds
terrain,rock_ice_hill_sdry_s3,rock,../textures/soil/rock_ice_hill_sdry.dds
terrain,glacier_steep_dry_ew4,glacier,../textures/soil/glacier_steep_dry.dds
terrain,rainf_crphill_sq2,rainf,../textures/human/rainf_crp.dds
terrain,north_crptwnhill_sq3,north,../textures/human/north_crptwnhill.dds
terrain,sdry_temp_steep,sdry,../textures/hiveg/broadleaf_steep_sdry.dds
terrain,polar_ice_steep_n4,polar,../textures/soil/ice_steep.dds
terrain,hiland_crphill_irr3,hiland,../textures/human/hiland_crphill.dds
terrain,wet_cool_hill1,wet,../textures/hiveg/broadleaf_hill.dds
terrain,l_glacier_steep.ns1,l,../textures/soil/glacier_steep.dds
terrain,polar_ice_hill_s1,polar,../textures/soil/ice_hill.dds
terrain,dry_rock1,dry,../textures/soil/rock_brown_dry.dds
terrain,sdesert2_cold_hill_ews4,sdesert2,../textures/loveg/shrub_cool_hill_dry.png
terrain,rock_ice_flat_dry_n4,rock,../textures/soil/rock_ice_flat_dry.png
terrain,l_utundra_hill,l,../textures/loveg/upland_tundra_hill.dds
terrain,hiland_crphill_irr2,hiland,../textures/human/hiland_crphill.dds
terrain,sdesert2_cold_hill_n4,sdesert2,../textures/hiveg/conifer_hill_dry.png
terrain,rock_flat_sdry_s4,rock,../textures/soil/rock_flat_sdry.dds
terrain,semidry_crphill_irr1,semidry,../textures/human/dry_crphill.dds
terrain,des_crptwnhill_sq_av,des,../textures/human/des_crphill.dds
terrain,l_glacier_steep_sdry_ew_av,l,../textures/soil/glacier_steep_sdry.png
terrain,sdry_cold_steep,sdry,../textures/hiveg/conifer_steep_sdry.dds
terrain,rock_ice_flat_sdry_ew_av,rock,../textures/soil/rock_ice_flat_sdry.dds
terrain,desert_warm_rock_av,desert,../textures/soil/rock_dry.png
terrain,desert_hot_steep_av,desert,../textures/soil/desert_hot_steep.png
terrain,desert_temp_steep4,desert,../textures/soil/desert_temp_steep.dds
terrain,north_crptwnhill_sq2,north,../textures/human/north_crptwnhill.dds
terrain,rainf_crphill_sq3,rainf,../textures/human/rainf_crp.dds
terrain,dry_crptwnhill_irr1,dry,../textures/human/des_crphill.dds
terrain,l_utundra_rock4,l,../textures/soil/rock_dark_tan_dry.dds
terrain,rock_ice_flat_wet_s1,rock,../textures/soil/rock_ice_flat.dds
terrain,glacier_steep_s4,glacier,../textures/soil/glacier_steep.dds
terrain,rock_ice_hill_sdry_s2,rock,../textures/soil/rock_ice_hill_sdry.dds
terrain,dry_temp_steep_esw,dry,../textures/loveg/shrub_steep_dry.dds
terrain,glacier_hill_n_av,glacier,../textures/soil/glacier_hill.png
terrain,trop_crphill_irr_av,trop,../textures/human/trop_crp.dds
terrain,cliff_cold_wet_ns,cliff,../textures/soil/cliff_wet.dds
terrain,sdesert_temp_hill_esw,sdesert,../textures/loveg/sdesert_temp_hill.dds
terrain,dry_cold_hill_n,dry,../textures/hiveg/conifer_hill_dry.dds
terrain,sdesert_temp_hill_esw2,sdesert,../textures/loveg/sdesert_temp_hill.png
terrain,l_polar_ice_steep_ew4,l,../textures/soil/ice_steep.dds
terrain,hiland_hill_dry4,hiland,../textures/soil/desert_cold_hill.dds
terrain,hiland_crptwnhill_sq2,hiland,../textures/human/hiland_crptwnhill.dds
terrain,cliff_ice_dry_ns,cliff,../textures/soil/cliff_cold_dry.dds
terrain,rock_hill_wet_n3,rock,../textures/soil/rock_hill.dds
terrain,l_glacier_hill_dry3,l,../textures/soil/glacier_hill_dry.png
terrain,rock_hill_dry2,rock,../textures/soil/rock_hill_dry.dds
terrain,polar_rock_ice_hill_ew3,polar,../textures/soil/rock_ice_hill.dds
terrain,cliff_cold_lo_wet4,cliff,../textures/soil/rock_wet.dds
terrain,l_glacier_steep_sdry_ns4,l,../textures/soil/glacier_steep_sdry.dds
terrain,glacier_steep_dry_s2,glacier,../textures/soil/glacier_steep_dry.dds
terrain,rock_hill_s_av,rock,../textures/soil/rock.png
terrain,sdry_warm_steep,sdry,../textures/hiveg/broadleaf_steep_sdry.dds
terrain,dry_vhot_rock_av,dry,../textures/soil/rock_dry.png
terrain,sdesert_cool_hill_esw2,sdesert,../textures/loveg/sdesert_cool_hill.png
terrain,rock_flat_n4,rock,../textures/soil/rock_flat.dds
terrain,polar_rock_ice_hill_ew1,polar,../textures/soil/rock_ice_hill.dds
terrain,sdry_cool_steep,sdry,../textures/hiveg/conifer_steep_sdry.dds
terrain,semidry_crptwnhill_sq_av,semidry,../textures/human/dry_crptwnhill.dds
terrain,l_glacier_hill_dry1,l,../textures/soil/glacier_hill_dry.png
terrain,rock_hill_wet_n1,rock,../textures/soil/rock_hill.dds
terrain,glacier_hill_sdry_n_av,glacier,../textures/soil/glacier_hill_sdry.png
terrain,rock_flat_dry_mid4,rock,../textures/soil/desert_cold_sflat.dds
terrain,hiland_crphill_irr_av,hiland,../textures/human/hiland_crphill.dds
terrain,hiland_crptwnhill_irr2,hiland,../textures/human/hiland_crptwnhill.dds
terrain,cliff_warm_sdry_ew,cliff,../textures/soil/cliff_hot_sdry.dds
terrain,cliff_hot_dry_ew,cliff,../textures/soil/cliff_hot_dry.dds
terrain,rock_hill_dry_s4,rock,../textures/soil/rock_hill_dry.png
terrain,polar_rock_ice_hill_n2,polar,../textures/soil/rock_ice_hill.dds
terrain,rock_flat_ew_av,rock,../textures/soil/rock_flat.dds
terrain,trop_crptwnhill_sq2,trop,../textures/human/trop_crp.dds
terrain,trop_crphill_irr2,trop,../textures/human/trop_crp.dds
terrain,north_crphill_irr_av,north,../textures/human/north_crphill.dds
terrain,rock_ice_flat_wet_s3,rock,../textures/soil/rock_ice_flat.dds
terrain,dry_cold_hill_esw,dry,../textures/hiveg/conifer_hill_dry.dds
terrain,dry_crptwnhill_irr3,dry,../textures/human/des_crphill.dds
terrain,rainf_crphill_sq1,rainf,../textures/human/rainf_crp.dds
terrain,sdesert_cool_steep_n,sdesert,../textures/loveg/shrub_cool_steep_dry.dds
terrain,cliff_cold_lo_dry4,cliff,../textures/soil/cliff_dry.dds
terrain,semidry_crphill_irr3,semidry,../textures/human/dry_crphill2.dds
terrain,dry_steep_esw,dry,../textures/loveg/shrub_cool_steep_dry.dds
terrain,l_glacier_steep_sdry_ns_av,l,../textures/soil/glacier_steep_sdry.png
terrain,wet_cool_hill2,wet,../textures/hiveg/broadleaf_hill.dds
terrain,dry_rock3,dry,../textures/soil/rock_brown_dry.dds
terrain,l_glacier_steep.ns2,l,../textures/soil/glacier_steep.dds
terrain,l_barren_tundra_steep,l,../textures/loveg/upland_tundra_steep.png
terrain,polar_ice_hill_s3,polar,../textures/soil/ice_hill.dds
terrain,hiland_steep_dry4,hiland,../textures/soil/desert_cold_steep.dds
terrain,polar_ice_hill_s2,polar,../textures/soil/ice_hill.dds
terrain,glacier_steep_sdry_n4,glacier,../textures/soil/glacier_steep_sdry.dds
terrain,glacier_steep_ew4,glacier,../textures/soil/glacier_steep.dds
terrain,l_glacier_steep.ns3,l,../textures/soil/glacier_steep.dds
terrain,dry_cityhill_irr4,dry,../textures/human/dry_crptwnhill.dds
terrain,polar_rock_flat_s4,polar,../textures/soil/rock_flat.png
terrain,dry_rock2,dry,../textures/soil/rock_brown_dry.dds
terrain,wet_cool_hill3,wet,../textures/hiveg/broadleaf_hill.dds
terrain,hiland_crphill_irr1,hiland,../textures/human/hiland_crphill.dds
terrain,apt_ice4,apt,../textures/apt/apt_ice.dds
terrain,rock_flat_dry_top_av,rock,../textures/soil/desert_cold_hill.png
terrain,dry_cool_rock_av,dry,../textures/soil/rock_brown_dry.png
terrain,semidry_crphill_irr2,semidry,../textures/human/dry_crphill2.dds
terrain,rock_hill_wet_n_av,rock,../textures/soil/rock_hill.png
terrain,rock_ice_hill_s4,rock,../textures/soil/rock_ice_hill.dds
terrain,dry_crptwnhill_irr2,dry,../textures/human/des_crphill.dds
terrain,north_crptwnhill_sq1,north,../textures/human/north_crptwnhill.dds
terrain,rock_ice_hill_sdry_s1,rock,../textures/soil/rock_ice_hill_sdry.dds
terrain,rock_ice_flat_wet_s2,rock,../textures/soil/rock_ice_flat.dds
terrain,trop_crphill_irr3,trop,../textures/human/trop_crp.dds
terrain,glacier_steep_wet_n4,glacier,../textures/soil/glacier_steep.dds
terrain,trop_crptwnhill_sq3,trop,../textures/human/trop_crp.dds
terrain,sdesert_cool_hill_n,sdesert,../textures/loveg/shrub_cool_hill_dry.dds
terrain,l_glacier_steep_sdry_ew4,l,../textures/soil/glacier_steep_sdry.dds
terrain,desert_hot_rock4,desert,../textures/soil/rock_dry.dds
terrain,l_glacier_hill4,l,../textures/soil/glacier_flat.dds
terrain,rock_hill_sdry_s_av,rock,../textures/soil/rock_hill_sdry.png
terrain,rock_hill_wet_ew_av,rock,../textures/soil/rock_hill.png
terrain,polar_rock_ice_hill_n3,polar,../textures/soil/rock_ice_hill.dds
terrain,sdesert_vhot_rock4,sdesert,../textures/soil/rock_red_dry.dds
terrain,sdesert_temp_hill_esw1,sdesert,../textures/loveg/sdesert_temp_hill.png
terrain,hiland_crptwnhill_irr3,hiland,../textures/human/hiland_crptwnhill.dds
terrain,l_polar_ice_steep_ns4,l,../textures/soil/ice_steep.dds
terrain,hiland_crptwnhill_sq1,hiland,../textures/human/hiland_crptwnhill.dds
terrain,sdesert_vhot_hill_esw4,sdesert,../textures/loveg/savanna_hill.png
terrain,desert_warm_steep4,desert,../textures/soil/desert_warm_steep.dds
terrain,rock_hill_dry1,rock,../textures/soil/rock_hill_dry.dds
terrain,l_glacier_steep_dry_ew_av,l,../textures/soil/glacier_steep_dry.png
terrain,sdesert_vhot_steep_n,sdesert,../textures/loveg/savanna_woody_steep.dds
terrain,glacier_steep_dry_s1,glacier,../textures/soil/glacier_steep_dry.dds
terrain,sdesert_rock_av,sdesert,../textures/soil/rock_red_dry.png
terrain,rock_ice_flat_wet_n_av,rock,../textures/soil/rock_ice_flat.dds
terrain,sdesert_cool_hill_esw3,sdesert,../textures/loveg/sdesert_cool_hill.png
terrain,rainf_crptwnhill_irr2,rainf,../textures/human/rainf_crp.dds
terrain,rock_flat_dry_n3,rock,../textures/soil/rock_flat_dry.png
terrain,des_crptwnhill_sq1,des,../textures/human/des_crphill.dds
terrain,rock_hill_s3,rock,../textures/soil/rock.dds
terrain,dry_cityhill_sq1,dry,../textures/human/dry_cityhill_sq.dds
terrain,sdesert_warm_hill_esw4,sdesert,../textures/loveg/sdesert_warm_hill.png
terrain,dry_cold_rock1,dry,../textures/soil/rock_dark_tan_dry.dds
terrain,polar_ice_flat_ew2,polar,../textures/soil/ice_flat.dds
terrain,rock_ice_flat_dry_s,rock,../textures/soil/rock_ice_flat_dry.dds
terrain,rock_hill_dry_av,rock,../textures/soil/rock_hill_dry.png
terrain,sdesert_hot_hill_n,sdesert,../textures/loveg/savanna_hill.dds
terrain,dry_warm_hill_esw,dry,../textures/loveg/shrub_warm_hill_dry.dds
terrain,glacier_hill_dry_n3,glacier,../textures/soil/glacier_hill_dry.dds
terrain,l_barren_tundra_rock3,l,../textures/soil/rock_dark_tan_dry.png
terrain,polar_utundra_hill4,polar,../textures/loveg/upland_tundra_hill.dds
terrain,apt_ice_any3,apt,../textures/apt/apt_ice.dds
terrain,polar_rock_flat_ew3,polar,../textures/soil/rock_flat.png
terrain,rock_ice_hill_ew1,rock,../textures/soil/rock_ice_hill.dds
terrain,glacier_steep_wet_ew4,glacier,../textures/soil/glacier_steep.dds
terrain,dry_warm_rock3,dry,../textures/soil/rock_white_dry.dds
terrain,sdesert_hill_n4,sdesert,../textures/loveg/shrub_sflat_dry.png
terrain,ice_city2,ice,../textures/human/ice_city.dds
terrain,rock_ice_flat_n2,rock,../textures/soil/rock_ice_flat.dds
terrain,wet_warm_hill_s,wet,../textures/hiveg/broadleaf_hill2.dds
terrain,dry_cool_rock3,dry,../textures/soil/rock_brown_dry.dds
terrain,glacier_hill_wet_s_av,glacier,../textures/soil/glacier_hill.png
terrain,rock_ice_hill_dry_s1,rock,../textures/soil/rock_ice_hill_dry.dds
terrain,sdry_cold_bor_hill_esw,sdry,../textures/hiveg/conifer_hill_sdry.dds
terrain,dry_crphill_sq2,dry,../textures/human/des_crphill.dds
terrain,glacier_hill_sdry_s1,glacier,../textures/soil/glacier_hill_sdry.dds
terrain,rock_hill_sdry_s3,rock,../textures/soil/rock_hill_sdry.dds
terrain,des_crphill_irr3,des,../textures/human/des_crphill.dds
terrain,rock_ice_hill_wet_n4,rock,../textures/soil/rock_ice_hill.dds
terrain,desert_temp_rock4,desert,../textures/soil/rock_dry.dds
terrain,dry_cityhill_irr_av,dry,../textures/human/dry_crptwnhill.dds
terrain,wet_cool_bor_steep,wet,../textures/hiveg/broadleaf_steep.dds
terrain,barren_tundra_steep1,barren,../textures/loveg/upland_tundra_steep.png
terrain,polar_rock_hill_n2,polar,../textures/soil/rock_hill.png
terrain,sdesert_warm_hill_n2,sdesert,../textures/loveg/shrub_warm_sflat_dry.png
terrain,polar_ice_flat_n4,polar,../textures/soil/ice_flat.dds
terrain,l_glacier_steep_dry_ns4,l,../textures/soil/glacier_steep_dry.dds
terrain,desert_cold_rock4,desert,../textures/soil/rock_sdry.dds
terrain,sdesert_warm_hill_n3,sdesert,../textures/loveg/shrub_warm_sflat_dry.png
terrain,rock_ice_flat_sdry_s4,rock,../textures/soil/rock_ice_flat_sdry.dds
terrain,rock_flat_sdry_ew_av,rock,../textures/soil/rock_flat_sdry.dds
terrain,glacier_hill_sdry_ew1,glacier,../textures/soil/glacier_hill_sdry.dds
terrain,sdry_hill_esw,sdry,../textures/hiveg/broadleaf_flat_sdry.dds
terrain,polar_rock_hill_n3,polar,../textures/soil/rock_hill.png
terrain,north_crphill_sq4,north,../textures/human/north_crphill.dds
terrain,trop_crptwnhill_irr4,trop,../textures/human/trop_crp.dds
terrain,rock_ice_flat_dry_ew,rock,../textures/soil/rock_ice_flat_dry.dds
terrain,desert_cold_steep4,desert,../textures/soil/desert_cold_steep.dds
terrain,dry_cold_bor_rock4,dry,../textures/soil/rock_dark_tan_dry.dds
terrain,sdesert_hill_esw,sdesert,../textures/loveg/sdesert_temp_hill.dds
terrain,des_crphill_irr2,des,../textures/human/des_crphill.dds
terrain,rock_flat_n_av,rock,../textures/soil/rock_flat.dds
terrain,rock_hill_sdry_s2,rock,../textures/soil/rock_hill_sdry.dds
terrain,trop_crptwnhill_sq_av,trop,../textures/human/trop_crp.dds
terrain,dry_crphill_sq3,dry,../textures/human/des_crphill.dds
terrain,l_polar_ice_hill4,l,../textures/soil/ice_hill.png
terrain,dry_cool_rock2,dry,../textures/soil/rock_brown_dry.dds
terrain,rock_ice_flat_n3,rock,../textures/soil/rock_ice_flat.dds
terrain,ice_city3,ice,../textures/human/ice_city.dds
terrain,glacier_hill_n4,glacier,../textures/soil/glacier_hill.dds
terrain,dry_warm_rock2,dry,../textures/soil/rock_white_dry.dds
terrain,sdesert_rock1,sdesert,../textures/soil/rock_red_dry.dds
terrain,polar_rock_flat_ew2,polar,../textures/soil/rock_flat.png
terrain,apt_ice_any2,apt,../textures/apt/apt_ice.dds
terrain,dry_hill_n,dry,../textures/hiveg/broadleaf_warm_hill_dry.dds
terrain,sdesert_warm_hill_esw,sdesert,../textures/loveg/sdesert_warm_hill.dds
terrain,dry_crptwnhill_sq_av,dry,../textures/human/des_crphill.dds
terrain,sdesert_cool_steep_esw,sdesert,../textures/loveg/sdesert_cool_steep.dds
terrain,l_barren_tundra_rock2,l,../textures/soil/rock_dark_tan_dry.png
terrain,dry_hot_steep_n,dry,../textures/loveg/savanna_woody_steep.dds
terrain,polar_rock_ice_flat_s4,polar,../textures/soil/rock_ice_flat.png
terrain,cliff_ice_sdry_ns,cliff,../textures/soil/cliff_cold_sdry.dds
terrain,glacier_hill_dry_n2,glacier,../textures/soil/glacier_hill_dry.dds
terrain,dry_temp_hill_n,dry,../textures/hiveg/broadleaf_temp_flat_dry.dds
terrain,cliff_temp_wet_ns,cliff,../textures/soil/cliff_wet.dds
terrain,polar_ice_flat_ew3,polar,../textures/soil/ice_flat.dds
terrain,dry_temp_rock1,dry,../textures/soil/rock_brown_dry.dds
terrain,rock_hill_s2,rock,../textures/soil/rock.dds
terrain,desert_temp_hill,desert,../textures/soil/desert_temp_hill.dds
terrain,rock_flat_dry_n2,rock,../textures/soil/rock_flat_dry.png
terrain,rainf_crptwnhill_irr3,rainf,../textures/human/rainf_crp.dds
terrain,des_crphill_irr_av,des,../textures/human/des_crphill.dds
terrain,sdesert_temp_steep_esw,sdesert,../textures/loveg/sdesert_temp_steep.dds
terrain,rainf_crptwnhill_irr1,rainf,../textures/human/rainf_crp.dds
terrain,wet_temp_hill_s,wet,../textures/hiveg/broadleaf_hill2.dds
terrain,sdesert_cold_steep_n,sdesert,../textures/loveg/shrub_cool_steep_dry.dds
terrain,dry_cityhill_sq2,dry,../textures/human/dry_cityhill_sq.dds
terrain,dry_temp_rock3,dry,../textures/soil/rock_brown_dry.dds
terrain,des_crptwnhill_sq2,des,../textures/human/des_crphill.dds
terrain,polar_ice_flat_ew1,polar,../textures/soil/ice_flat.dds
terrain,dry_cold_rock2,dry,../textures/soil/rock_dark_tan_dry.dds
terrain,cliff_cold_ew,cliff,../textures/soil/cliff_cold.dds
terrain,sdesert2_cold_hill_ews,sdesert2,../textures/loveg/shrub_cool_hill_dry.dds
terrain,hiland_polar_rock_av,hiland,../textures/soil/rock_dark_tan_dry.png
terrain,l_barren_tundra_hill4,l,../textures/loveg/upland_tundra_hill.png
terrain,sdesert2_cold_rock_av,sdesert2,../textures/soil/rock_dry.png
terrain,glacier_hill_dry_n_av,glacier,../textures/soil/glacier_hill_dry.png
terrain,desert_warm_rock4,desert,../textures/soil/rock_dry.dds
terrain,sdesert_hill_esw4,sdesert,../textures/loveg/sdesert_temp_hill.png
terrain,rock_ice_hill_ew2,rock,../textures/soil/rock_ice_hill.dds
terrain,sdesert_rock3,sdesert,../textures/soil/rock_red_dry.dds
terrain,sdry_cool_hill_n,sdry,../textures/hiveg/conifer_hill_sdry.dds
terrain,rock_ice_flat_n1,rock,../textures/soil/rock_ice_flat.dds
terrain,dry_steep_n,dry,../textures/hiveg/broadleaf_warm_steep_dry.dds
terrain,ice_city1,ice,../textures/human/ice_city.dds
terrain,rock_ice_hill_dry_s2,rock,../textures/soil/rock_ice_hill_dry.dds
terrain,temp_crphill_irr4,temp,../textures/human/temp_crphill.dds
terrain,dry_crphill_sq1,dry,../textures/human/des_crphill.dds
terrain,glacier_hill_sdry_s2,glacier,../textures/soil/glacier_hill_sdry.dds
terrain,hiland_steep_lo,hiland,../textures/loveg/grassland_cold_steep.dds
terrain,barren_tundra_steep2,barren,../textures/loveg/upland_tundra_steep.png
terrain,glacier_hill_sdry_ew3,glacier,../textures/soil/glacier_hill_sdry.dds
terrain,polar_rock_hill_n1,polar,../textures/soil/rock_hill.png
terrain,sdesert_warm_hill_n1,sdesert,../textures/loveg/shrub_warm_sflat_dry.png
terrain,glacier_hill_sdry_ew2,glacier,../textures/soil/glacier_hill_sdry.dds
terrain,barren_tundra_steep3,barren,../textures/loveg/upland_tundra_steep.png
terrain,des_crphill_irr1,des,../textures/human/des_crphill.dds
terrain,cliff_warm_wet_ns,cliff,../textures/soil/cliff_hot_wet.dds
terrain,temp_crptwnhill_irr_av,temp,../textures/human/temp_cityhill_irr.dds
terrain,rock_hill_sdry_s1,rock,../textures/soil/rock_hill_sdry.dds
terrain,dry_warm_hill_n,dry,../textures/hiveg/broadleaf_warm_hill_dry.dds
terrain,glacier_hill_sdry_s3,glacier,../textures/soil/glacier_hill_sdry.dds
terrain,rock_ice_hill_dry_s3,rock,../textures/soil/rock_ice_hill_dry.dds
terrain,dry_cool_rock1,dry,../textures/soil/rock_brown_dry.dds
terrain,cliff_hot_sdry_ew,cliff,../textures/soil/cliff_hot_sdry.dds
terrain,sdesert_rock2,sdesert,../textures/soil/rock_red_dry.dds
terrain,rock_ice_hill_ew3,rock,../textures/soil/rock_ice_hill.dds
terrain,l_glacier_steep_dry_ew4,l,../textures/soil/glacier_steep_dry.dds
terrain,wet_cool_hill_av,wet,../textures/hiveg/broadleaf_hill.png
terrain,dry_warm_rock1,dry,../textures/soil/rock_white_dry.dds
terrain,polar_rock_flat_ew1,polar,../textures/soil/rock_flat.png
terrain,apt_ice_any1,apt,../textures/apt/apt_ice.dds
terrain,rock_flat_wet_s4,rock,../textures/soil/rock_flat.dds
terrain,l_barren_tundra_rock1,l,../textures/soil/rock_dark_tan_dry.png
terrain,glacier_hill_dry_n1,glacier,../textures/soil/glacier_hill_dry.dds
terrain,desert_warm_hill,desert,../textures/soil/desert_warm_hill.dds
terrain,des_crphill_sq4,des,../textures/human/des_crphill.dds
terrain,dry_cold_rock_av,dry,../textures/soil/rock_dark_tan_dry.png
terrain,dry_cold_rock3,dry,../textures/soil/rock_dark_tan_dry.dds
terrain,wet_cold_bor_hill,wet,../textures/hiveg/conifer_hill.dds
terrain,glacier_hill_wet_s4,glacier,../textures/soil/glacier_hill.dds
terrain,glacier_steep_sdry_ew_av,glacier,../textures/soil/glacier_steep_sdry.png
terrain,sdesert_cold_hill_ews4,sdesert,../textures/loveg/sdesert_cold_hill.png
terrain,polar_tundra_grass_hill,polar,../textures/loveg/sdesert_cold_hill.png
terrain,rock_hill_s1,rock,../textures/soil/rock.dds
terrain,glacier_hill_ew4,glacier,../textures/soil/glacier_hill.dds
terrain,des_crptwnhill_sq3,des,../textures/human/des_crphill.dds
terrain,dry_cityhill_sq3,dry,../textures/human/dry_cityhill_sq.dds
terrain,dry_temp_rock2,dry,../textures/soil/rock_brown_dry.dds
terrain,cliff_warm_ew,cliff,../textures/soil/cliff_hot.dds
terrain,rock_flat_dry_n1,rock,../textures/soil/rock_flat_dry.png
terrain,rainf_crptwnhill_irr4,rainf,../textures/human/rainf_crp.dds
terrain,rock_flat_sdry_n_av,rock,../textures/soil/rock_flat_sdry.dds
terrain,l_barren_tundra_hill1,l,../textures/loveg/upland_tundra_hill.png
terrain,sdesert_temp_steep_n,sdesert,../textures/loveg/sdesert_warm_steep.dds
terrain,polar_ice_flat_ew4,polar,../textures/soil/ice_flat.dds
terrain,sdesert_warm_hill_esw2,sdesert,../textures/loveg/sdesert_warm_hill.png
terrain,desert_warm_rock1,desert,../textures/soil/rock_dry.dds
terrain,polar_utundra_hill2,polar,../textures/loveg/upland_tundra_hill.dds
terrain,sdesert_cold_hill_n,sdesert,../textures/loveg/shrub_cool_hill_dry.dds
terrain,polar_rock_ice_flat_s3,polar,../textures/soil/rock_ice_flat.png
terrain,sdesert_vhot_steep_esw,sdesert,../textures/loveg/savanna_steep.dds
terrain,polar_rock_ice_flat_n,polar,../textures/soil/rock_ice_flat.dds
terrain,sdesert_hill_esw1,sdesert,../textures/loveg/sdesert_temp_hill.png
terrain,rock_ice_flat_n4,rock,../textures/soil/rock_ice_flat.dds
terrain,rock_ice_hill_dry_s_av,rock,../textures/soil/rock_ice_hill_dry.png
terrain,wet_temp_steep,wet,../textures/hiveg/broadleaf_steep.dds
terrain,ice_city4,ice,../textures/human/ice_city.dds
terrain,sdesert_hill_n2,sdesert,../textures/loveg/shrub_sflat_dry.png
terrain,glacier_hill_n3,glacier,../textures/soil/glacier_hill.dds
terrain,dry_cold_bor_rock_av,dry,../textures/soil/rock_dark_tan_dry.png
terrain,glacier_steep_wet_ew2,glacier,../textures/soil/glacier_steep.dds
terrain,dry_crphill_sq4,dry,../textures/human/des_crphill.dds
terrain,l_polar_ice_hill3,l,../textures/soil/ice_hill.png
terrain,polar_ice_flat_n_av,polar,../textures/soil/ice_flat.png
terrain,temp_crphill_irr1,temp,../textures/human/temp_crphill.dds
terrain,north_crphill_sq3,north,../textures/human/north_crphill.dds
terrain,trop_crptwnhill_irr3,trop,../textures/human/trop_crp.dds
terrain,desert_temp_rock2,desert,../textures/soil/rock_dry.dds
terrain,dry_cold_bor_rock3,dry,../textures/soil/rock_dark_tan_dry.dds
terrain,desert_cold_steep3,desert,../textures/soil/desert_cold_steep.dds
terrain,rock_ice_hill_wet_n2,rock,../textures/soil/rock_ice_hill.dds
terrain,polar_ice_flat_n2,polar,../textures/soil/ice_flat.dds
terrain,l_glacier_steep_dry_ns3,l,../textures/soil/glacier_steep_dry.dds
terrain,rock_ice_flat_sdry_s3,rock,../textures/soil/rock_ice_flat_sdry.dds
terrain,desert_cold_rock3,desert,../textures/soil/rock_sdry.dds
terrain,sdesert_warm_hill_n4,sdesert,../textures/loveg/shrub_warm_sflat_dry.png
terrain,dry_warm_steep_esw,dry,../textures/loveg/shrub_warm_steep_dry.dds
terrain,polar_rock_hill_n4,polar,../textures/soil/rock_hill.png
terrain,l_polar_ice_steep_ns_av,l,../textures/soil/ice_steep.png
terrain,sdry_cold_bor_steep,sdry,../textures/hiveg/conifer_steep_sdry.dds
terrain,desert_cold_rock2,desert,../textures/soil/rock_sdry.dds
terrain,rock_ice_flat_sdry_s2,rock,../textures/soil/rock_ice_flat_sdry.dds
terrain,polar_ice_flat_n3,polar,../textures/soil/ice_flat.dds
terrain,l_glacier_steep_dry_ns2,l,../textures/soil/glacier_steep_dry.dds
terrain,des_crphill_irr4,des,../textures/human/des_crphill.dds
terrain,sdry_temp_hill_n,sdry,../textures/hiveg/broadleaf_hill.dds
terrain,rock_ice_hill_wet_n3,rock,../textures/soil/rock_ice_hill.dds
terrain,desert_temp_rock3,desert,../textures/soil/rock_dry.dds
terrain,desert_cold_steep2,desert,../textures/soil/desert_cold_steep.dds
terrain,dry_cold_bor_rock2,dry,../textures/soil/rock_dark_tan_dry.dds
terrain,trop_crptwnhill_irr2,trop,../textures/human/trop_crp.dds
terrain,north_crphill_sq2,north,../textures/human/north_crphill.dds
terrain,wet_cold_steep,wet,../textures/hiveg/conifer_steep.dds
terrain,glacier_steep_wet_ew_av,glacier,../textures/soil/glacier_steep.png
terrain,l_polar_ice_hill2,l,../textures/soil/ice_hill.png
terrain,glacier_steep_sdry_s_av,glacier,../textures/soil/glacier_steep_sdry.png
terrain,apt_ice_av,apt,../textures/apt/apt_ice.dds
terrain,rock_hill_sdry_s4,rock,../textures/soil/rock_hill_sdry.dds
terrain,glacier_steep_wet_ew3,glacier,../textures/soil/glacier_steep.dds
terrain,glacier_hill_n2,glacier,../textures/soil/glacier_hill.dds
terrain,dry_warm_rock4,dry,../textures/soil/rock_white_dry.dds
terrain,sdesert_hill_n3,sdesert,../textures/loveg/shrub_sflat_dry.png
terrain,l_glacier_steep_dry_ew1,l,../textures/soil/glacier_steep_dry.dds
terrain,dry_cool_rock4,dry,../textures/soil/rock_brown_dry.dds
terrain,rock_flat_wet_s1,rock,../textures/soil/rock_flat.dds
terrain,cliff_cold_wet_ew,cliff,../textures/soil/cliff_wet.dds
terrain,polar_rock_flat_ew4,polar,../textures/soil/rock_flat.png
terrain,apt_ice_any4,apt,../textures/apt/apt_ice.dds
terrain,glacier_hill_dry_n4,glacier,../textures/soil/glacier_hill_dry.dds
terrain,l_barren_tundra_rock4,l,../textures/soil/rock_dark_tan_dry.png
terrain,polar_rock_ice_flat_s2,polar,../textures/soil/rock_ice_flat.png
terrain,polar_utundra_hill3,polar,../textures/loveg/upland_tundra_hill.dds
terrain,l_glacier_ssteep_av,l,../textures/soil/glacier_hill.png
terrain,sdesert_warm_hill_esw3,sdesert,../textures/loveg/sdesert_warm_hill.png
terrain,glacier_hill_wet_s1,glacier,../textures/soil/glacier_hill.dds
terrain,sdesert_cold_hill_ews1,sdesert,../textures/loveg/sdesert_cold_hill.png
terrain,des_crphill_sq1,des,../textures/human/des_crphill.dds
terrain,cliff_ice_dry_ew,cliff,../textures/soil/cliff_cold_dry.dds
terrain,l_glacier_steep.ns_av,l,../textures/soil/glacier_steep.png
terrain,dry_temp_rock_av,dry,../textures/soil/rock_brown_dry.png
terrain,rock_ice_hill_n_av,rock,../textures/soil/rock_ice_hill.png
terrain,rock_flat_dry_n4,rock,../textures/soil/rock_flat_dry.png
terrain,rock_hill_s4,rock,../textures/soil/rock.dds
terrain,glacier_hill_ew1,glacier,../textures/soil/glacier_hill.dds
terrain,glacier_hill_ew3,glacier,../textures/soil/glacier_hill.dds
terrain,des_crptwnhill_sq4,des,../textures/human/des_crphill.dds
terrain,wet_cool_steep,wet,../textures/hiveg/broadleaf_steep.dds
terrain,dry_cityhill_sq4,dry,../textures/human/dry_cityhill_sq.dds
terrain,dry_crptwnhill_irr_av,dry,../textures/human/des_crphill.dds
terrain,wet_warm_steep,wet,../textures/hiveg/broadleaf_steep.dds
terrain,l_utundra_steep,l,../textures/loveg/upland_tundra_steep.dds
terrain,l_barren_tundra_hill2,l,../textures/loveg/upland_tundra_hill.png
terrain,des_crphill_sq3,des,../textures/human/des_crphill.dds
terrain,glacier_hill_wet_s3,glacier,../textures/soil/glacier_hill.dds
terrain,dry_cold_rock4,dry,../textures/soil/rock_dark_tan_dry.dds
terrain,sdesert2_cold_steep_ews,sdesert2,../textures/loveg/shrub_cool_steep_dry.dds
terrain,sdesert_warm_hill_esw1,sdesert,../textures/loveg/sdesert_warm_hill.png
terrain,sdesert_cold_hill_ews3,sdesert,../textures/loveg/sdesert_cold_hill.png
terrain,desert_warm_rock2,desert,../textures/soil/rock_dry.dds
terrain,polar_utundra_hill1,polar,../textures/loveg/upland_tundra_hill.dds
terrain,cliff_hot_dry_ns,cliff,../textures/soil/cliff_hot_dry.dds
terrain,rock_ice_hill_wet_n_av,rock,../textures/soil/rock_ice_hill.png
terrain,cliff_warm_sdry_ns,cliff,../textures/soil/cliff_hot_sdry.dds
terrain,sdry_cool_hill_esw,sdry,../textures/hiveg/conifer_hill_dry.dds
terrain,dry_cool_hill_n,dry,../textures/hiveg/conifer_hill_dry.dds
terrain,rock_flat_wet_s3,rock,../textures/soil/rock_flat.dds
terrain,sdesert_hill_esw2,sdesert,../textures/loveg/sdesert_temp_hill.png
terrain,rock_ice_hill_ew4,rock,../textures/soil/rock_ice_hill.dds
terrain,l_polar_ice_steep_ew_av,l,../textures/soil/ice_steep.png
terrain,glacier_steep_wet_ew1,glacier,../textures/soil/glacier_steep.dds
terrain,l_glacier_steep_dry_ew3,l,../textures/soil/glacier_steep_dry.dds
terrain,sdesert_hill_n1,sdesert,../textures/loveg/shrub_sflat_dry.png
terrain,glacier_hill_sdry_s4,glacier,../textures/soil/glacier_hill_sdry.dds
terrain,temp_crphill_irr2,temp,../textures/human/temp_crphill2.dds
terrain,rock_ice_hill_dry_s4,rock,../textures/soil/rock_ice_hill_dry.dds
terrain,dry_cityhill_sq_av,dry,../textures/human/dry_cityhill_sq.dds
terrain,barren_tundra_steep4,barren,../textures/loveg/upland_tundra_steep.png
terrain,glacier_hill_ew_av,glacier,../textures/soil/glacier_hill.png
terrain,rock_ice_hill_wet_n1,rock,../textures/soil/rock_ice_hill.dds
terrain,dry_hot_hill_esw,dry,../textures/loveg/savanna_hill.dds
terrain,rock_flat_wet_n_av,rock,../textures/soil/rock_flat.dds
terrain,desert_temp_rock1,desert,../textures/soil/rock_dry.dds
terrain,polar_ice_flat_n1,polar,../textures/soil/ice_flat.dds
terrain,glacier_hill_sdry_ew4,glacier,../textures/soil/glacier_hill_sdry.dds
terrain,hiland_hill,hiland,../textures/loveg/hiland_hill.dds
terrain,l_glacier_hill_sdry_av,l,../textures/soil/glacier_hill_sdry.png
terrain,l_glacier_steep_dry_ns1,l,../textures/soil/glacier_steep_dry.dds
terrain,desert_cold_rock1,desert,../textures/soil/rock_sdry.dds
terrain,rock_ice_flat_sdry_s1,rock,../textures/soil/rock_ice_flat_sdry.dds
terrain,desert_cold_steep1,desert,../textures/soil/desert_cold_steep.dds
terrain,dry_cold_bor_rock1,dry,../textures/soil/rock_dark_tan_dry.dds
terrain,north_crphill_sq1,north,../textures/human/north_crphill.dds
terrain,trop_crptwnhill_irr1,trop,../textures/human/trop_crp.dds
terrain,sdry_vhot_hill_esw,sdry,../textures/hiveg/tropical_hill_sdry.dds
terrain,barren_tundra_rock_av,barren,../textures/soil/rock_dark_tan_dry.png
terrain,temp_crphill_irr3,temp,../textures/human/temp_crphill2.dds
terrain,dry_hill_esw,dry,../textures/loveg/shrub_cool_hill_dry.dds
terrain,l_polar_ice_hill1,l,../textures/soil/ice_hill.png
terrain,polar_ice_steep_n_av,polar,../textures/soil/ice_steep.png
terrain,polar_utundra_hill_av,polar,../textures/loveg/upland_tundra_hill.png
terrain,l_glacier_steep_dry_ew2,l,../textures/soil/glacier_steep_dry.dds
terrain,glacier_hill_n1,glacier,../textures/soil/glacier_hill.dds
terrain,sdesert_rock4,sdesert,../textures/soil/rock_red_dry.dds
terrain,dry_cold_steep_ews,dry,../textures/loveg/shrub_cool_steep_dry.dds
terrain,rock_flat_wet_s2,rock,../textures/soil/rock_flat.dds
terrain,sdesert_hill_esw3,sdesert,../textures/loveg/sdesert_temp_hill.png
terrain,temp_cityhill_sq_av,temp,../textures/human/temp_cityhill_sq.dds
terrain,glacier_hill_dry_ew_av,glacier,../textures/soil/glacier_hill_dry.png
terrain,sdry_warm_hill_n,sdry,../textures/loveg/shrub_hill_sdry.dds
terrain,desert_warm_rock3,desert,../textures/soil/rock_dry.dds
terrain,polar_rock_ice_flat_s1,polar,../textures/soil/rock_ice_flat.png
terrain,sdesert_cold_hill_ews2,sdesert,../textures/loveg/sdesert_cold_hill.png
terrain,glacier_hill_wet_s2,glacier,../textures/soil/glacier_hill.dds
terrain,polar_rock_ice_hill_s_av,polar,../textures/soil/rock_ice_hill.png
terrain,l_barren_tundra_hill3,l,../textures/loveg/upland_tundra_hill.png
terrain,rock_ice_flat_sdry_n_av,rock,../textures/soil/rock_ice_flat_sdry.dds
terrain,des_crphill_sq2,des,../textures/human/des_crphill.dds
terrain,dry_temp_rock4,dry,../textures/soil/rock_brown_dry.dds
terrain,glacier_hill_ew2,glacier,../textures/soil/glacier_hill.dds
terrain,l_glacier_hill_av,l,../textures/soil/glacier_flat.png
terrain10,snow_tmp_rain_sflat_lo,snow,../textures10/soil/rock_cld_wet_sflat_d.dds
terrain10,grass_pol_wet_steep,grass,../textures10/loveg/grass_cld_sdry_hill_d.dds
terrain10,sq_fruit_vhot_wet_hill,sq,../textures10/human/crp_hot_wet_sflat_d.dds
terrain10,crpm_tmp_rain_hill,crpm,../textures10/human/crpmo_tmp_wet_sflat_d.dds
terrain10,red_sq_orch_hot_sdry_hill,red,../textures10/human/crpmo_hot_wet_sflat_d.dds
terrain10,red_fruit_vhot_sdry_hill,red,../textures10/human/crpmo_hot_wet_sflat_d.dds
terrain10,any_vhot_rain_hill,any,../textures10/loveg/shrub_wrm_wet_hill_d.dds
terrain10,mine_vhot_dry_hill,mine,../textures10/human/mine_wrm_hill_d.dds
terrain10,red_sand_vhot_sdry_hill,red,../textures10/soil/sand_hot_sflat_c.dds
terrain10,red_sand_tmp_sdry_hill,red,../textures10/soil/sand_wrm_sflat_c.dds
terrain10,rivbd_vcld_wet_hill,rivbd,../textures10/soil/scree_dry_bare_d.dds
terrain10,north_crptwnhill_irr,north,../textures10/human/crp_tmp_dry_sflat_d.dds
terrain10,rock_vpol_sdry,rock,../textures10/soil/rock_pol_wet_sflat_d.dds
terrain10,snow_pol_wet_steep_tp,snow,../textures10/soil/ice_pol_tp_d.dds
terrain10,rock_hot_dry_steep,rock,../textures10/soil/rock_hot_dry_hill_d.dds
terrain10,crpirg_cld_sdry_hill,crpirg,../textures10/human/crp_cld_sdry_flat_c.dds
terrain10,sq_crpirg_hot_rain_hill,sq,../textures10/human/crpmo_hot_wet_flat_c.dds
terrain10,any_hot_rain_tr_hill,any,../textures10/loveg/shrub_wrm_wet_hill_d.dds
terrain10,red_sq_crp_wrm_sdry_hill,red,../textures10/human/crp_wrm_sdry_sflat_d.dds
terrain10,fruit_vhot_rain_hill,fruit,../textures10/human/crpmo_hot_rain_hill_d.dds
terrain10,snow_pol_sdry_hill,snow,../textures10/soil/rock_vpol_wet_hill_d.dds
terrain10,rock_tmp_wet_fl,rock,../textures10/soil/rock_cld_wet_sflat_d.dds
terrain10,hiland_crptwnhill_irr,hiland,../textures10/human/crpmo_tmp_wet_sflat_d.dds
terrain10,grass_vcld_dry_steep,grass,../textures10/loveg/sprs_cld_dry_hill_d.dds
terrain10,shrb_vcld_wet_hill,shrb,../textures10/loveg/tund_shrb_cld_wet_hill_d.dds
terrain10,sp_cld_dry_hill,sp,../textures10/loveg/sprs_cld_dry_hill_d.dds
terrain10,snow_cld_wet_steep_tp,snow,../textures10/soil/rock_vcld_wet_steep_d.dds
terrain10,red_sq_crpirg_hot_sdry_hill,red,../textures10/human/crp_wrm_sdry_sflat_d.dds
terrain10,snow_pol_rain_steep,snow,../textures10/soil/snow_vcld_rain_hill_d.dds
terrain10,ice_vpol_dry_flat_lo,ice,../textures10/soil/ice_pol_sflat.dds
terrain10,snow_tmp_wet_hill,snow,../textures10/loveg/sprs_vcld_wet_flat_c.dds
terrain10,tun_sp_vcld_rain_hill,tun,../textures10/loveg/tund_sp_cld_sdry_hill_d.dds
terrain10,morn_vcld_dry_hill,morn,../textures10/soil/morn_cld_sdry_hill_d.dds
terrain10,sq_crp_wrm_rain_hill,sq,../textures10/human/crpmo_hot_wet_flat_c.dds
terrain10,snow_vcld_wet_sflat,snow,../textures10/soil/snow_vcld_sdry_sflat_d.dds
terrain10,snow_vcld_rain_steep_tp,snow,../textures10/soil/rock_pol_rain_steep_d.dds
terrain10,red_olives_wrm_dry_hill,red,../textures10/human/olives_hill.dds
terrain10,rock_pol_sdry_sflat,rock,../textures10/soil/rock_pol_wet_sflat_d.dds
terrain10,sand_hot_wet_steep,sand,../textures10/soil/rock_hot_dry_hill_d.dds
terrain10,broad_wrm_wet_hill_sp,broad,../textures10/hiveg/broadl_sp_wrm_wet_sflat_d.dds
terrain10,red_sp_tmp_dry_hill,red,../textures10/loveg/red_sprs_tmp_sdry_sflat_d.dds
terrain10,crpm_wrm_dry_hill,crpm,../textures10/human/crp_wrm_dry_hill_d.dds
terrain10,crpirg_tmp_sdry_hill,crpirg,../textures10/human/crpmo_tmp_sdry_sflat_d.dds
terrain10,morn_pol_wet_hill,morn,../textures10/soil/scree_vcld_wet_d.dds
terrain10,salt_lake_md,salt,../textures10/soil/salthem_flat.dds
terrain10,snow_vpol_sdry_steep,snow,../textures10/soil/rock_vpol_steep_d.dds
terrain10,grass_cld_dry_steep,grass,../textures10/loveg/sprs_cld_sdry_steep_d.dds
terrain10,red_rock_vhot_dry_steep,red,../textures10/soil/red_rock_wrm_dry_steep_d.dds
terrain10,red_rock_vhot_dry_hill,red,../textures10/soil/red_rock_wrm_dry_steep_d.dds
terrain10,sq_semidry_crptwnhill,sq,../textures10/human/crp_tmp_sdry_sflat_sq_s.dds
terrain10,red_rock_wrm_dry_sflat,red,../textures10/soil/red_rock_wrm_dry_sflat_d.dds
terrain10,sq_olives_wrm_wet_hill,sq,../textures10/human/olives_hill.dds
terrain10,rock_vcld_dry_hill,rock,../textures10/soil/rock_cld_dry_hill_d.dds
terrain10,broad_wrm_rain_hill,broad,../textures10/hiveg/broadl_wrm_wet_hill_d.dds
terrain10,snow_tmp_rain_steep,snow,../textures10/soil/rock_vcld_wet_steep_d.dds
terrain10,grass_pol_rain_hill,grass,../textures10/loveg/grass_cld_sdry_hill_d.dds
terrain10,red_pastr_tmp_sdry_hill,red,../textures10/loveg/grass_tmp_sdry_hill_d.dds
terrain10,tun_sp_cld_rain_hill,tun,../textures10/loveg/tund_sp_cld_sdry_hill_d.dds
terrain10,ice_vcld_sdry_sflat,ice,../textures10/soil/ice_vcld_wet_sflat_d.dds
terrain10,ice_pol_wet_sflat_lo,ice,../textures10/soil/ice_pol_hill_d.dds
terrain10,rock_pol_wet,rock,../textures10/soil/rock_pol_wet_sflat_d.dds
terrain10,shrb_wrm_sdry_hill,shrb,../textures10/loveg/shrub_wrm_sdry_hill_d.dds
terrain10,crpm_cld_rain_hill,crpm,../textures10/human/crpmo_tmp_wet_sflat_d.dds
terrain10,rock_tmp_sdry_sflat,rock,../textures10/soil/rock_tmp_sdry_sflat_d.dds
terrain10,rivbd_tmp_wet_hill,rivbd,../textures10/soil/scree_cld_wet_sprs_d.dds
terrain10,red_crpm_hot_sdry_hill,red,../textures10/human/crpmo_wrm_dry_sflat_d.dds
terrain10,coni_vcld_rain_hill,coni,../textures10/hiveg/coni_tmp_wet_hill_d.dds
terrain10,ice_cld_sdry_steep,ice,../textures10/soil/snow_vcld_rain_steep_d.dds
terrain10,sand_cld_wet_hill,sand,../textures10/soil/scree_dry_bare_d.dds
terrain10,ice_cld_wet_sflat_lo,ice,../textures10/soil/ice_cld_wet_sflat_d.dds
terrain10,ice_tmp_sdry_sflat_lo,ice,../textures10/soil/ice_cld_wet_sflat_d.dds
terrain10,sand_hot_rain_hill,sand,../textures10/soil/sand_hot_sflat_c.dds
terrain10,fruit_wrm_wet_hill,fruit,../textures10/human/crpmo_hot_wet_hill_d.dds
terrain10,rivbd_hot_dry_hill,rivbd,../textures10/soil/scree_wrm_dry_bare_d.dds
terrain10,any_hot_wet_tr_hill,any,../textures10/loveg/shrub_wrm_wet_hill_d.dds
terrain10,rock_vpol_wet,rock,../textures10/soil/snow_vcld_wet_sflat_d.dds
terrain10,sq_crp_vhot_rain_hill,sq,../textures10/human/crpmo_hot_wet_flat_c.dds
terrain10,red_pastr_hot_dry_hill,red,../textures10/loveg/grass_hot_dry_sflat_d.dds
terrain10,sq_tmp_crptwnhill,sq,../textures10/human/crp_tmp_wet_flat_c2.dds
terrain10,red_fruit_vhot_dry_hill,red,../textures10/human/crpmo_wrm_dry_sflat_d.dds
terrain10,snow_vpol_dry_sflat,snow,../textures10/soil/snow_vcld_rain_hill_d.dds
terrain10,any_pol_rain_hill,any,../textures10/soil/rock_pol_wet_hill_d.dds
terrain10,rivbd_wrm_sdry_hill,rivbd,../textures10/soil/scree_wrm_dry_bare_d.dds
terrain10,pastr_cld_dry_hill,pastr,../textures10/loveg/grass_cld_sdry_hill_d.dds
terrain10,sq_orch_hot_rain_hill,sq,../textures10/human/crp_hot_wet_sflat_d.dds
terrain10,snow_cld_wet_hill,snow,../textures10/soil/rock_vcld_wet_hill_d.dds
terrain10,sp_tmp_dry_hill,sp,../textures10/loveg/sprs_tmp_dry_hill_d.dds
terrain10,rock_tmp_rain_fl_md,rock,../textures10/soil/rock_wrm_dry_hill_d.dds
terrain10,snow_cld_sdry_flat_lo,snow,../textures10/soil/rock_cld_sdry_flat_c.dds
terrain10,ice_pol_wet_steep,ice,../textures10/soil/ice_pol_steep_d.dds
terrain10,sp_hot_wet_hill,sp,../textures10/human/crpmo_hot_wet_hill_d.dds
terrain10,red_sp_hot_sdry_hill,red,../textures10/loveg/sprs_wrm_sdry_hill_d.dds
terrain10,snow_vpol_sdry_steep_tp,snow,../textures10/soil/ice_pol_tp_d.dds
terrain10,red_rock_wrm_sdry_hill,red,../textures10/soil/red_rock_wrm_dry_hill_d.dds
terrain10,tun_grass_cld_dry_hill,tun,../textures10/loveg/sprs_cld_sdry_hill_d.dds
terrain10,ice_tmp_dry_steep,ice,../textures10/soil/snow_vcld_rain_steep_d.dds
terrain10,coni_tmp_sdry_hill_sp,coni,../textures10/hiveg/coni_sp_tmp_sdry_hill_d.dds
terrain10,rock_vpol_sdry_sflat,rock,../textures10/soil/rock_pol_wet_sflat_d.dds
terrain10,snow_vpol_sdry_hill,snow,../textures10/soil/ice_pol_tp_d.dds
terrain10,tun_sp_pol_dry_hill,tun,../textures10/loveg/sprs_cld_dry_hill_d.dds
terrain10,rock_vcld_dry_steep,rock,../textures10/soil/rock_vcld_dry_steep_d.dds
terrain10,ice_tmp_rain_flat_lo,ice,../textures10/soil/ice_cld_wet_sflat_d.dds
terrain10,red_fruit_wrm_sdry_hill,red,../textures10/human/semidry_fruithill.dds
terrain10,red_rock_tmp_dry_fl_md,red,../textures10/soil/red_rock_tmp_dry_hill_d.dds
terrain10,sp_vcld_sdry_hill,sp,../textures10/loveg/sprs_cld_sdry_hill_d.dds
terrain10,mine_vcld_wet_hill,mine,../textures10/human/mine_cld_hill_d.dds
terrain10,pastr_vcld_rain_hill,pastr,../textures10/loveg/grass_cld_wet_hill_d.dds
terrain10,rivbd_vhot_dry_hill,rivbd,../textures10/soil/scree_wrm_dry_bare_d.dds
terrain10,sq_pastr_vhot_sdry_hill,sq,../textures10/human/pastr_wrm_sdry_sflat_d.dds
terrain10,sand_pol_sdry_steep,sand,../textures10/soil/scree_vcld_wet_d.dds
terrain10,rock_vpol_rain_hill,rock,../textures10/soil/rock_vpol_wet_hill_d.dds
terrain10,shrb_cld_rain_steep,shrb,../textures10/loveg/shrub_cld_rain_steep_d.dds
terrain10,snow_pol_sdry_flat_lo,snow,../textures10/soil/snow_vcld_rain_hill_d.dds
terrain10,snow_cld_wet_sflat,snow,../textures10/soil/rock_vcld_wet_sflat_d.dds
terrain10,salt_lake_sflat,salt,../textures10/soil/salthem_sflat_d.dds
terrain10,grass_rainforest_hill,grass,../textures10/loveg/grass_wrm_wet_hill_d.dds
terrain10,sp_hot_rain_hill,sp,../textures10/human/crpmo_hot_wet_hill_d.dds
terrain10,ice_cld_dry_steep,ice,../textures10/soil/snow_vcld_rain_steep_d.dds
terrain10,snow_vcld_dry_steep_tp,snow,../textures10/soil/rock_pol_wet_steep_d.dds
terrain10,sand_hot_dry_hill,sand,../textures10/soil/sand_hot_sflat_c.dds
terrain10,any_vhot_sdry_tr_hill,any,../textures10/soil/rock_wrm_sdry_steep_d.dds
terrain10,red_fruit_wrm_dry_hill,red,../textures10/human/crp_tmp_dry_hill_d.dds
terrain10,ice_vpol_wet_flat,ice,../textures10/soil/ice_pol_sflat.dds
terrain10,sand_tmp_wet_hill,sand,../textures10/soil/scree_dry_bare_d.dds
terrain10,trop_crptwnhill_irr,trop,../textures10/human/crpmo_hot_wet_sflat_d.dds
terrain10,ice_pol_dry_flat,ice,../textures10/soil/ice_pol_sflat.dds
terrain10,sand_tmp_sdry_steep,sand,../textures10/soil/scree_dry_bare_d.dds
terrain10,rivbd_cld_wet_hill,rivbd,../textures10/soil/scree_cld_wet_sprs_d.dds
terrain10,red_sq_crp_vhot_dry_hill,red,../textures10/human/crp_wrm_dry_hill_d.dds
terrain10,coni_hot_sdry_hill_sp,coni,../textures10/hiveg/coni_sp_tmp_dry_hill_d.dds
terrain10,red_rock_tmp_dry_fl_tp,red,../textures10/soil/red_rock_wrm_dry_sflat_d.dds
terrain10,crp_hot_rain_hill,crp,../textures10/human/crpmo_hot_rain_hill_d.dds
terrain10,pastr_tmp_dry_hill,pastr,../textures10/loveg/grass_tmp_dry_hill_d.dds
terrain10,ice_pol_rain_hill,ice,../textures10/soil/ice_pol_hill_d.dds
terrain10,any_wrm_rain_hill,any,../textures10/loveg/shrub_wrm_wet_hill_d.dds
terrain10,mine_wrm_sdry_hill,mine,../textures10/human/mine_wrm_hill_d.dds
terrain10,ice_vcld_rain_flat_lo,ice,../textures10/soil/ice_vcld_wet_sflat_d.dds
terrain10,coni_vcld_sdry_hill_sp,coni,../textures10/hiveg/coni_cld_dry_hill_d.dds
terrain10,sq_grass_tmp_wet_hill,sq,../textures10/loveg/grass_tmp_wet_hill_d.dds
terrain10,pastr_hot_wet_hill,pastr,../textures10/hiveg/broadl_sp_wrm_wet_hill_d.dds
terrain10,red_rock_hot_sdry_steep,red,../textures10/soil/red_rock_wrm_dry_hill_d.dds
terrain10,rock_vpol_wet_steep,rock,../textures10/soil/rock_pol_rain_steep_d.dds
terrain10,snow_tmp_wet_sflat,snow,../textures10/soil/rock_cld_wet_sflat_d.dds
terrain10,ice_vpol_rain_flat_lo,ice,../textures10/soil/ice_pol_sflat.dds
terrain10,sand_vcld_sdry_hill,sand,../textures10/soil/scree_vcld_wet_d.dds
terrain10,rock_wrm_wet_hill,rock,../textures10/soil/rock_wrm_wet_sflat_d.dds
terrain10,rock_tmp_rain_fl_tp,rock,../textures10/soil/rock_cld_wet_sflat_d.dds
terrain10,pastr_hot_sdry_hill,pastr,../textures10/human/pastr_wrm_sdry_sflat_d.dds
terrain10,rock_vhot_wet_hill,rock,../textures10/soil/rock_wrm_wet_sflat_d.dds
terrain10,coni_cld_wet_hill_sp,coni,../textures10/loveg/shrub_cld_rain_steep_d.dds
terrain10,broad_hot_wet_hill_sp,broad,../textures10/hiveg/broadl_sp_wrm_wet_hill_d.dds
terrain10,coni_hot_sdry_hill,coni,../textures10/hiveg/broadl_wrm_sdry_hill_d.dds
terrain10,orch_tmp_dry_hill,orch,../textures10/human/crp_tmp_dry_hill_d.dds
terrain10,grass_wrm_rain_hill,grass,../textures10/loveg/grass_wrm_wet_hill_d.dds
terrain10,snow_vcld_wet_hill,snow,../textures10/soil/snow_vcld_wet_hill_d.dds
terrain10,red_sq_crp_vhot_sdry_hill,red,../textures10/human/crp_wrm_sdry_sflat_d.dds
terrain10,orch_hot_wet_hill,orch,../textures10/human/crpmo_hot_wet_hill_d.dds
terrain10,snow_vpol_dry_steep_tp,snow,../textures10/soil/ice_pol_tp_d.dds
terrain10,ice_vcld_rain_flat,ice,../textures10/soil/ice_vcld_wet_sflat_d.dds
terrain10,snow_pol_dry_sflat,snow,../textures10/soil/snow_vcld_rain_hill_d.dds
terrain10,red_rock_hot_dry_fl,red,../textures10/soil/red_rock_wrm_dry_sflat_d.dds
terrain10,ice_vcld_wet_sflat_lo,ice,../textures10/soil/ice_vcld_wet_sflat_d.dds
terrain10,ice_cld_rain_steep_tp,ice,../textures10/soil/ice_cld_wet_hill_d.dds
terrain10,ice_vcld_sdry_steep_tp,ice,../textures10/soil/rock_pol_rain_steep_d.dds
terrain10,red_sq_grass_tmp_dry_hill,red,../textures10/loveg/grass_tmp_dry_sflat_d.dds
terrain10,red_sq_orch_vhot_sdry_hill,red,../textures10/human/crpmo_hot_wet_sflat_d.dds
terrain10,rock_wrm_wet_fl,rock,../textures10/soil/rock_wrm_sdry_flat_c.dds
terrain10,sand_wrm_dry_steep,sand,../textures10/soil/rock_hot_dry_hill_d.dds
terrain10,snow_pol_dry_flat,snow,../textures10/soil/snow_vcld_rain_hill_d.dds
terrain10,olives_wrm_dry_hill,olives,../textures10/human/olives_hill.dds
terrain10,ice_pol_sdry_sflat,ice,../textures10/soil/ice_pol_sflat.dds
terrain10,sq_orch_tmp_rain_hill,sq,../textures10/human/semidry_fruithill.dds
terrain10,rock_vpol_dry_tp,rock,../textures10/soil/rock_vcld_wet_sflat_d.dds
terrain10,morn_wrm_rain_hill,morn,../textures10/soil/morn_cld_sdry_hill_d.dds
terrain10,red_sp_tmp_sdry_hill,red,../textures10/loveg/sprs_wrm_sdry_hill_d.dds
terrain10,snow_tmp_sdry_flat,snow,../textures10/soil/rock_cld_sdry_flat_c.dds
terrain10,sp_wrm_wet_hill,sp,../textures10/human/crpmo_hot_wet_hill_d.dds
terrain10,crp_cld_rain_hill,crp,../textures10/human/crp_tmp_wet_hill_d.dds
terrain10,orch_vhot_rain_hill,orch,../textures10/human/crpmo_hot_rain_hill_d.dds
terrain10,pastr_cld_sdry_hill,pastr,../textures10/loveg/grass_cld_sdry_hill_d.dds
terrain10,rock_wrm_rain_fl,rock,../textures10/soil/rock_wrm_sdry_flat_c.dds
terrain10,ice_vpol_sdry_steep,ice,../textures10/soil/ice_vpol_steep_d.dds
terrain10,sq_orch_vhot_sdry_hill,sq,../textures10/human/crp_tmp_sdry_sflat_d.dds
terrain10,sand_vhot_sdry_hill,sand,../textures10/soil/sand_hot_sflat_c.dds
terrain10,sp_tmp_rain_hill,sp,../textures10/loveg/sprs_cld_wet_hill_d.dds
terrain10,rock_vpol_rain,rock,../textures10/soil/snow_vcld_wet_sflat_d.dds
terrain10,tun_shrb_cld_sdry_hill,tun,../textures10/loveg/tund_shrb_cld_wet_hill_d.dds
terrain10,red_rock_hot_dry_fl_md,red,../textures10/soil/red_rock_tmp_dry_hill_d.dds
terrain10,snow_vcld_sdry_sflat,snow,../textures10/soil/snow_vcld_sdry_sflat_d.dds
terrain10,rock_wrm_wet_steep,rock,../textures10/soil/rock_wrm_wet_steep_d.dds
terrain10,red_sand_vhot_sdry_steep,red,../textures10/soil/red_rock_wrm_dry_hill_d.dds
terrain10,sp_vhot_wet_tr_hill,sp,../textures10/human/crpmo_hot_wet_hill_d.dds
terrain10,snow_tmp_wet_steep_tp,snow,../textures10/soil/rock_vcld_wet_steep_d.dds
terrain10,coni_cld_sdry_hill,coni,../textures10/hiveg/coni_cld_sdry_hill_d.dds
terrain10,ice_vpol_wet_sflat_lo,ice,../textures10/soil/ice_pol_sflat.dds
terrain10,snow_cld_sdry_flat,snow,../textures10/soil/rock_cld_sdry_flat_c.dds
terrain10,crp_tmp_rain_hill,crp,../textures10/human/crp_tmp_wet_hill_d.dds
terrain10,pastr_wrm_wet_hill,pastr,../textures10/human/pastr_wrm_wet_sflat_d.dds
terrain10,red_pastr_vhot_sdry_hill,red,../textures10/human/pastr_wrm_sdry_sflat_d.dds
terrain10,rock_cld_sdry_steep,rock,../textures10/soil/rock_cld_dry_steep_d.dds
terrain10,sand_wrm_dry_hill,sand,../textures10/soil/sand_wrm_sflat_c.dds
terrain10,any_vhot_wet_hill,any,../textures10/loveg/shrub_wrm_wet_hill_d.dds
terrain10,red_fruit_hot_dry_hill,red,../textures10/human/crpmo_wrm_dry_sflat_d.dds
terrain10,ice_vcld_dry_hill,ice,../textures10/soil/ice_vcld_wet_hill_d.dds
terrain10,red_rock_hot_dry_fl_tp,red,../textures10/soil/red_rock_wrm_dry_sflat_d.dds
terrain10,fruit_vhot_dry_hill,fruit,../textures10/human/crpmo_tmp_sdry_sflat_d.dds
terrain10,orch_vhot_dry_hill,orch,../textures10/human/crpmo_tmp_sdry_sflat_d.dds
terrain10,ice_cld_wet_hill,ice,../textures10/soil/ice_cld_wet_hill_d.dds
terrain10,snow_cld_rain_sflat,snow,../textures10/soil/rock_vcld_wet_sflat_d.dds
terrain10,coni_tmp_sdry_hill,coni,../textures10/hiveg/coni_tmp_sdry_sflat_d.dds
terrain10,rock_wrm_rain_hill,rock,../textures10/soil/rock_wrm_wet_sflat_d.dds
terrain10,pastr_vhot_rain_hill,pastr,../textures10/hiveg/broadl_sp_wrm_wet_hill_d.dds
terrain10,snow_vpol_dry_flat,snow,../textures10/soil/snow_vcld_rain_hill_d.dds
terrain10,red_shrb_tmp_dry_hill,red,../textures10/loveg/red_shrub_tmp_dry_hill_d.dds
terrain10,broad_vcld_dry_hill,broad,../textures10/hiveg/broadl_cld_sdry_sflat_d.dds
terrain10,sp_vhot_sdry_hill,sp,../textures10/loveg/sprs_wrm_wet_hill_d.dds
terrain10,tun_grass_cld_sdry_hill,tun,../textures10/loveg/sprs_cld_sdry_hill_d.dds
terrain10,rock_vhot_dry_steep,rock,../textures10/soil/rock_hot_dry_hill_d.dds
terrain10,snow_cld_sdry_steep_tp,snow,../textures10/soil/rock_vcld_wet_steep_d.dds
terrain10,rock_vhot_sdry_steep,rock,../textures10/soil/rock_wrm_dry_steep_d.dds
terrain10,sq_hiland_crptwnhill,sq,../textures10/human/crpmo_tmp_wet_sflat_d.dds
terrain10,orch_wrm_wet_hill,orch,../textures10/human/crpmo_hot_wet_hill_d.dds
terrain10,rock_tmp_dry_hill,rock,../textures10/soil/rock_tmp_dry_hill_d.dds
terrain10,any_pol_wet_hill,any,../textures10/soil/rock_pol_wet_hill_d.dds
terrain10,red_rock_tmp_sdry_sflat,red,../textures10/soil/red_rock_wrm_dry_sflat_d.dds
terrain10,sp_cld_rain_hill,sp,../textures10/loveg/tund_grass_vcld_sdry_hill_d.dds
terrain10,tun_shrb_vcld_sdry_steep,tun,../textures10/loveg/tund_grass_vcld_sdry_hill_d.dds
terrain10,rock_vpol_dry_md,rock,../textures10/soil/rock_vcld_wet_hill_d.dds
terrain10,ice_tmp_sdry_sflat,ice,../textures10/soil/ice_cld_wet_sflat_d.dds
terrain10,crpm_cld_wet_hill,crpm,../textures10/human/crpmo_tmp_wet_sflat_d.dds
terrain10,coni_wrm_rain_hill_sp,coni,../textures10/hiveg/broadl_sp_wrm_wet_hill_d.dds
terrain10,pastr_tmp_sdry_hill,pastr,../textures10/loveg/grass_tmp_sdry_hill_d.dds
terrain10,grass_vhot_wet_hill,grass,../textures10/loveg/grass_wrm_wet_hill_d.dds
terrain10,ice_tmp_wet_sflat_lo,ice,../textures10/soil/ice_cld_wet_sflat_d.dds
terrain10,rock_hot_wet_hill,rock,../textures10/soil/rock_wrm_wet_sflat_d.dds
terrain10,sq_pastr_tmp_rain_hill,sq,../textures10/loveg/grass_cld_wet_hill_d.dds
terrain10,shrb_vcld_rain_hill,shrb,../textures10/loveg/tund_shrb_cld_wet_hill_d.dds
terrain10,fruit_wrm_sdry_hill,fruit,../textures10/human/fruit_tmp_dry_flat_c.dds
terrain10,coni_cld_sdry_hill_sp,coni,../textures10/hiveg/coni_tmp_wet_hill_d.dds
terrain10,sq_crpirg_tmp_rain_hill,sq,../textures10/human/crp_tmp_wet_hill_d.dds
terrain10,ice_vcld_dry_steep,ice,../textures10/soil/ice_vcld_wet_steep_d.dds
terrain10,sq_fruit_wrm_rain_hill,sq,../textures10/human/crp_hot_wet_sflat_d.dds
terrain10,ice_pol_rain_flat_lo,ice,../textures10/soil/ice_pol_sflat.dds
terrain10,rock_tmp_dry_steep,rock,../textures10/soil/rock_tmp_dry_hill_d.dds
terrain10,snow_tmp_sdry_flat_lo,snow,../textures10/soil/rock_cld_sdry_flat_c.dds
terrain10,crpm_hot_rain_hill,crpm,../textures10/human/crpmo_hot_rain_hill_d.dds
terrain10,rock_pol_wet_steep,rock,../textures10/soil/rock_pol_wet_steep_d.dds
terrain10,ice_vpol_rain_hill,ice,../textures10/soil/ice_vpol_hill_d.dds
terrain10,coni_vhot_sdry_hill_sp,coni,../textures10/hiveg/coni_wrm_sdry_sflat_d.dds
terrain10,red_sand_hot_sdry_hill,red,../textures10/soil/sand_hot_sflat_c.dds
terrain10,red_rock_vhot_sdry_fl_md,red,../textures10/soil/red_rock_tmp_dry_hill_d.dds
terrain10,red_sq_orch_tmp_sdry_hill,red,../textures10/human/crp_tmp_dry_hill_d.dds
terrain10,sand_cld_rain_hill,sand,../textures10/soil/scree_dry_bare_d.dds
terrain10,sand_tmp_wet_steep,sand,../textures10/soil/scree_dry_bare_d.dds
terrain10,crpm_vhot_rain_hill,crpm,../textures10/human/crpmo_hot_rain_hill_d.dds
terrain10,coni_vhot_rain_hill,coni,../textures10/hiveg/coni_wrm_wet_hill_d.dds
terrain10,ice_pol_sdry_steep_tp,ice,../textures10/soil/rock_vpol_steep_d.dds
terrain10,ice_cld_rain_flat_lo,ice,../textures10/soil/ice_cld_wet_sflat_d.dds
terrain10,ice_cld_rain_flat,ice,../textures10/soil/ice_cld_wet_sflat_d.dds
terrain10,sand_pol_dry_steep,sand,../textures10/soil/scree_vcld_wet_d.dds
terrain10,morn_pol_rain_hill,morn,../textures10/soil/scree_vcld_wet_d.dds
terrain10,red_sq_crpirg_tmp_sdry_hill,red,../textures10/human/crp_tmp_wet_hill_d.dds
terrain10,sq_crp_vhot_wet_hill,sq,../textures10/human/crpmo_hot_wet_flat_c.dds
terrain10,grass_pol_wet_hill,grass,../textures10/loveg/grass_cld_sdry_hill_d.dds
terrain10,ice_vpol_rain_steep_tp,ice,../textures10/soil/ice_vpol_tp_d.dds
terrain10,rock_pol_rain_hill,rock,../textures10/soil/rock_pol_wet_steep_d.dds
terrain10,ice_vcld_dry_flat_lo,ice,../textures10/soil/ice_vcld_wet_sflat_d.dds
terrain10,red_pastr_hot_sdry_hill,red,../textures10/human/pastr_wrm_sdry_sflat_d.dds
terrain10,broad_vhot_wet_hill,broad,../textures10/hiveg/broadl_wrm_wet_hill_d.dds
terrain10,rock_hot_dry_fl,rock,../textures10/soil/rock_wrm_dry_flat_c.dds
terrain10,any_vcld_rain_hill,any,../textures10/loveg/sprs_cld_rain_hill_d.dds
terrain10,snow_vcld_sdry_flat,snow,../textures10/soil/rock_vcld_rain_flat_c.dds
terrain10,ice_vpol_wet_steep,ice,../textures10/soil/ice_vpol_steep_d.dds
terrain10,rock_wrm_rain_steep,rock,../textures10/soil/rock_wrm_wet_steep_d.dds
terrain10,grass_cld_sdry_steep,grass,../textures10/loveg/sprs_cld_sdry_steep_d.dds
terrain10,salt_lake_hem_sflat,salt,../textures10/soil/salthem_sflat_d.dds
terrain10,rock_vcld_sdry_steep,rock,../textures10/soil/rock_vcld_sdry_steep_d.dds
terrain10,sq_crpirg_cld_rain_hill,sq,../textures10/human/crp_tmp_sdry_sflat_sq_s.dds
terrain10,broad_vcld_wet_hill_sp,broad,../textures10/hiveg/broadl_sp_tmp_wet_hill_d.dds
terrain10,shrb_vcld_wet_steep,shrb,../textures10/loveg/shrub_cld_rain_steep_d.dds
terrain10,crpirg_hot_sdry_hill,crpirg,../textures10/human/crpmo_wrm_sdry_hill_d.dds
terrain10,crpm_hot_dry_hill,crpm,../textures10/human/crp_wrm_dry_hill_d.dds
terrain10,rock_cld_dry_steep,rock,../textures10/soil/rock_cld_dry_steep_d.dds
terrain10,crpm_tmp_wet_hill,crpm,../textures10/human/crpmo_tmp_wet_sflat_d.dds
terrain10,snow_pol_rain_steep_tp,snow,../textures10/soil/snow_vcld_rain_steep_d.dds
terrain10,rock_cld_dry_hill,rock,../textures10/soil/rock_cld_dry_hill_d.dds
terrain10,grass_vcld_dry_hill,grass,../textures10/loveg/sprs_cld_dry_hill_d.dds
terrain10,red_pastr_wrm_dry_hill,red,../textures10/loveg/grass_wrm_dry_sflat_d.dds
terrain10,red_sand_tmp_sdry_steep,red,../textures10/soil/red_rock_tmp_dry_hill_d.dds
terrain10,sq_fruit_vhot_sdry_hill,sq,../textures10/human/crp_tmp_sdry_sflat_d.dds
terrain10,ice_tmp_rain_flat,ice,../textures10/soil/ice_cld_wet_sflat_d.dds
terrain10,ice_tmp_wet_hill,ice,../textures10/soil/ice_cld_wet_hill_d.dds
terrain10,rock_hot_sdry_steep,rock,../textures10/soil/rock_wrm_sdry_steep_d.dds
terrain10,any_vcld_dry_hill,any,../textures10/soil/rock_cld_dry_hill_d.dds
terrain10,sand_cld_wet_steep,sand,../textures10/soil/scree_dry_bare_d.dds
terrain10,fruit_tmp_dry_hill,fruit,../textures10/human/fruit_tmp_sdry_sflat.dds
terrain10,red_crpm_tmp_sdry_hill,red,../textures10/human/crpmo_tmp_sdry_sflat_d.dds
terrain10,red_rock_vhot_sdry_fl_tp,red,../textures10/soil/red_rock_wrm_dry_sflat_d.dds
terrain10,fruit_hot_wet_hill,fruit,../textures10/human/crpmo_hot_wet_hill_d.dds
terrain10,rivbd_wrm_dry_hill,rivbd,../textures10/soil/scree_wrm_dry_bare_d.dds
terrain10,sand_tmp_rain_hill,sand,../textures10/soil/scree_dry_bare_d.dds
terrain10,snow_vpol_rain_flat,snow,../textures10/soil/snow_pol_rain_hill_d.dds
terrain10,red_crpm_tmp_dry_hill,red,../textures10/human/crp_tmp_dry_hill_d.dds
terrain10,snow_vpol_wet_steep_tp,snow,../textures10/soil/ice_pol_tp_d.dds
terrain10,crpirg_vhot_rain_hill,crpirg,../textures10/human/crpmo_hot_rain_hill_d.dds
terrain10,rock_cld_sdry_hill,rock,../textures10/soil/rock_cld_dry_hill_d.dds
terrain10,rock_wrm_dry_fl_tp,rock,../textures10/soil/rock_wrm_dry_flat_c.dds
terrain10,ice_tmp_dry_flat,ice,../textures10/soil/ice_cld_wet_sflat_d.dds
terrain10,sand_pol_wet_hill,sand,../textures10/soil/scree_vcld_wet_d.dds
terrain10,mine_vhot_rain_hill,mine,../textures10/human/mine_wrm_hill_d.dds
terrain10,rock_cld_rain_tp,rock,../textures10/soil/rock_cld_wet_sflat_d.dds
terrain10,sp_wrm_sdry_hill,sp,../textures10/loveg/sprs_wrm_sdry_hill_d.dds
terrain10,sand_vhot_rain_steep,sand,../textures10/soil/rock_hot_dry_hill_d.dds
terrain10,snow_pol_wet_flat_lo,snow,../textures10/soil/snow_pol_rain_hill_d.dds
terrain10,sand_vhot_dry_hill,sand,../textures10/soil/sand_hot_sflat_c.dds
terrain10,pastr_pol_dry_hill,pastr,../textures10/loveg/sprs_cld_dry_hill_d.dds
terrain10,coni_vcld_wet_hill_sp,coni,../textures10/loveg/shrub_vcld_rain_steep_d.dds
terrain10,shrb_cld_wet_hill,shrb,../textures10/loveg/tund_shrb_cld_wet_hill_d.dds
terrain10,ice_pol_sdry_steep,ice,../textures10/soil/ice_pol_tp_d.dds
terrain10,red_sq_fruit_wrm_dry_hill,red,../textures10/human/crp_tmp_dry_hill_d.dds
terrain10,sq_north_crptwnhill,sq,../textures10/human/crpmo_tmp_wet_sflat_d.dds
terrain10,rock_wrm_sdry_fl_md,rock,../textures10/soil/rock_wrm_wet_sflat_d.dds
terrain10,red_crpirg_tmp_dry_hill,red,../textures10/human/crpmo_tmp_sdry_sflat_d.dds
terrain10,rock_vpol_sdry_tp,rock,../textures10/soil/rock_pol_wet_sflat_d.dds
terrain10,sq_crp_wrm_dry_hill,sq,../textures10/human/crp_wrm_dry_sflat_d.dds
terrain10,morn_tmp_sdry_hill,morn,../textures10/soil/morn_cld_sdry_hill_d.dds
terrain10,red_crp_vhot_sdry_hill,red,../textures10/human/crp_wrm_sdry_sflat_d.dds
terrain10,rock_vpol_dry_hill,rock,../textures10/soil/rock_vcld_sdry_steep_d.dds
terrain10,rock_hot_rain_fl_md,rock,../textures10/soil/rock_wrm_wet_sflat_d.dds
terrain10,ice_vpol_sdry_sflat,ice,../textures10/soil/ice_pol_sflat.dds
terrain10,morn_cld_wet_hill,morn,../textures10/soil/morn_cld_sdry_hill_d.dds
terrain10,rock_pol_dry_tp,rock,../textures10/soil/rock_cld_sdry_flat_c.dds
terrain10,any_wrm_dry_hill,any,../textures10/loveg/shrub_wrm_dry_hill_d.dds
terrain10,sp_hot_rain_tr_hill,sp,../textures10/human/crpmo_hot_wet_hill_d.dds
terrain10,rock_vhot_wet_fl_md,rock,../textures10/soil/rock_wrm_wet_sflat_d.dds
terrain10,snow_vcld_sdry_steep,snow,../textures10/soil/rock_pol_rain_steep_d.dds
terrain10,rock_wrm_wet_sflat,rock,../textures10/soil/rock_wrm_wet_sflat_d.dds
terrain10,grass_vhot_sdry_hill,grass,../textures10/loveg/grass_wrm_sdry_flat_c.dds
terrain10,snow_vcld_wet_steep_tp,snow,../textures10/soil/rock_pol_wet_hill_d.dds
terrain10,snow_cld_rain_sflat_lo,snow,../textures10/soil/rock_vcld_wet_sflat_d.dds
terrain10,pastr_wrm_rain_hill,pastr,../textures10/human/pastr_wrm_wet_sflat_d.dds
terrain10,rock_pol_dry_md,rock,../textures10/soil/rock_vcld_wet_hill_d.dds
terrain10,sp_pol_dry_hill,sp,../textures10/loveg/sprs_cld_sdry_hill_d.dds
terrain10,rock_cld_sdry_sflat,rock,../textures10/soil/rock_cld_wet_sflat_d.dds
terrain10,rock_hot_sdry_fl,rock,../textures10/soil/rock_wrm_wet_flat_c.dds
terrain10,tun_shrb_cld_rain_steep,tun,../textures10/loveg/shrub_cld_rain_steep_d.dds
terrain10,rock_vpol_sdry_md,rock,../textures10/soil/rock_pol_wet_hill_d.dds
terrain10,red_sand_hot_dry_steep,red,../textures10/soil/red_rock_wrm_dry_hill_d.dds
terrain10,rock_hot_rain_fl_tp,rock,../textures10/soil/rock_wrm_sdry_flat_c.dds
terrain10,tun_grass_vcld_rain_hill,tun,../textures10/loveg/tund_grass_vcld_wet_hill_d.dds
terrain10,snow_cld_rain_steep,snow,../textures10/soil/rock_vcld_wet_steep_d.dds
terrain10,sq_crpirg_tmp_wet_hill,sq,../textures10/human/crp_tmp_wet_hill_d.dds
terrain10,sq_fruit_tmp_dry_hill,sq,../textures10/human/fruit_tmp_sdry_sflat.dds
terrain10,red_crp_hot_sdry_hill,red,../textures10/human/crp_wrm_sdry_sflat_d.dds
terrain10,sand_wrm_rain_steep,sand,../textures10/soil/rock_hot_dry_hill_d.dds
terrain10,ice_cld_sdry_sflat_lo,ice,../textures10/soil/ice_cld_wet_sflat_d.dds
terrain10,grass_hot_sdry_hill,grass,../textures10/loveg/grass_tmp_dry_sflat_d.dds
terrain10,rock_vhot_wet_fl_tp,rock,../textures10/soil/rock_wrm_sdry_flat_c.dds
terrain10,coni_wrm_rain_hill,coni,../textures10/hiveg/coni_wrm_wet_hill_d.dds
terrain10,ice_vcld_rain_sflat_lo,ice,../textures10/soil/ice_vcld_wet_sflat_d.dds
terrain10,sq_crpirg_hot_dry_hill,sq,../textures10/human/crp_wrm_dry_sflat_d.dds
terrain10,coni_wrm_wet_hill,coni,../textures10/hiveg/coni_wrm_wet_hill_d.dds
terrain10,morn_vcld_sdry_hill,morn,../textures10/soil/morn_vcld_wet_hill_d.dds
terrain10,sq_fruit_hot_wet_hill,sq,../textures10/human/crp_hot_wet_sflat_d.dds
terrain10,rock_tmp_sdry_hill,rock,../textures10/soil/rock_tmp_sdry_steep_d.dds
terrain10,ice_vcld_sdry_hill,ice,../textures10/soil/ice_vcld_wet_hill_d.dds
terrain10,rock_vhot_sdry_sflat,rock,../textures10/soil/rock_wrm_wet_sflat_d.dds
terrain10,sp_vcld_wet_hill,sp,../textures10/loveg/sprs_cld_sdry_hill_d.dds
terrain10,sq_crpirg_vhot_dry_hill,sq,../textures10/human/crp_tmp_dry_hill_d.dds
terrain10,rock_cld_rain_md,rock,../textures10/soil/rock_cld_wet_hill_d.dds
terrain10,rock_vhot_dry_sflat,rock,../textures10/soil/rock_hot_dry_sflat_d.dds
terrain10,sand_pol_sdry_hill,sand,../textures10/soil/scree_vcld_wet_d.dds
terrain10,red_crp_tmp_dry_hill,red,../textures10/human/crpmo_wrm_dry_sflat_d.dds
terrain10,rock_wrm_dry_fl_md,rock,../textures10/soil/rock_wrm_dry_sflat_d.dds
terrain10,sand_hot_sdry_steep,sand,../textures10/soil/rock_hot_dry_hill_d.dds
terrain10,mine_wrm_dry_hill,mine,../textures10/human/mine_wrm_hill_d.dds
terrain10,rock_wrm_sdry_fl_tp,rock,../textures10/soil/rock_wrm_sdry_flat_c.dds
terrain10,red_sq_crpirg_hot_dry_hill,red,../textures10/human/crp_wrm_dry_hill_d.dds
terrain10,ice_pol_sdry_flat,ice,../textures10/soil/ice_pol_sflat.dds
terrain10,any_hot_sdry_hill,any,../textures10/loveg/sprs_wrm_dry_hill_d.dds
terrain10,mine_hot_rain_hill,mine,../textures10/human/mine_wrm_hill_d.dds
terrain10,ice_tmp_sdry_steep,ice,../textures10/soil/snow_vcld_rain_steep_d.dds
terrain10,morn_cld_sdry_hill,morn,../textures10/soil/morn_cld_sdry_hill_d.dds
terrain10,crp_wrm_sdry_hill,crp,../textures10/human/crpmo_wrm_sdry_hill_d.dds
terrain10,red_rock_tmp_sdry_steep,red,../textures10/soil/red_rock_tmp_dry_hill_d.dds
terrain10,sq_orch_wrm_dry_hill,sq,../textures10/human/crp_wrm_dry_hill_d.dds
terrain10,sq_crpirg_vhot_sdry_hill,sq,../textures10/human/crp_tmp_sdry_sflat_d.dds
terrain10,rock_tmp_dry_sflat,rock,../textures10/soil/rock_tmp_dry_sflat_d.dds
terrain10,snow_pol_rain_flat,snow,../textures10/soil/snow_pol_rain_hill_d.dds
terrain10,ice_vcld_dry_sflat,ice,../textures10/soil/ice_vcld_wet_sflat_d.dds
terrain10,morn_tmp_wet_hill,morn,../textures10/soil/morn_cld_sdry_hill_d.dds
terrain10,snow_pol_sdry_sflat_lo,snow,../textures10/soil/snow_vcld_rain_hill_d.dds
terrain10,red_crpirg_vhot_sdry_hill,red,../textures10/human/crp_wrm_sdry_sflat_d.dds
terrain10,red_shrb_tmp_sdry_hill,red,../textures10/loveg/red_shrub_tmp_sdry_hill_d.dds
terrain10,snow_vcld_sdry_flat_lo,snow,../textures10/soil/rock_vcld_rain_flat_c.dds
terrain10,red_sq_crpirg_vhot_sdry_hill,red,../textures10/human/crp_wrm_sdry_sflat_d.dds
terrain10,sp_hot_wet_tr_hill,sp,../textures10/human/crpmo_hot_wet_hill_d.dds
terrain10,red_sq_orch_tmp_dry_hill,red,../textures10/human/crp_tmp_dry_hill_d.dds
terrain10,sq_pastr_vhot_dry_hill,sq,../textures10/loveg/grass_wrm_dry_sflat_d.dds
terrain10,ice_cld_dry_sflat_lo,ice,../textures10/soil/ice_cld_wet_sflat_d.dds
terrain10,crpirg_wrm_wet_hill,crpirg,../textures10/human/crpmo_hot_wet_hill_d.dds
terrain10,red_sq_crp_hot_dry_hill,red,../textures10/human/crp_wrm_dry_hill_d.dds
terrain10,sq_crp_hot_sdry_hill,sq,../textures10/human/crp_tmp_dry_sflat_d.dds
terrain10,crp_wrm_dry_hill,crp,../textures10/human/crp_wrm_dry_hill_d.dds
terrain10,snow_vpol_wet_hill,snow,../textures10/soil/ice_pol_tp_d.dds
terrain10,rock_vcld_rain_tp,rock,../textures10/soil/rock_vcld_rain_flat_c.dds
terrain10,rock_pol_wet_sflat,rock,../textures10/soil/rock_pol_wet_sflat_d.dds
terrain10,red_sq_fruit_tmp_sdry_hill,red,../textures10/human/fruit_tmp_sdry_sflat.dds
terrain10,broad_wrm_dry_hill,broad,../textures10/hiveg/broadl_wrm_dry_hill_d.dds
terrain10,ice_cld_wet_flat_lo,ice,../textures10/soil/ice_cld_wet_sflat_d.dds
terrain10,red_rock_hot_dry_hill,red,../textures10/soil/red_rock_wrm_dry_hill_d.dds
terrain10,ice_vcld_wet_flat,ice,../textures10/soil/ice_vcld_wet_sflat_d.dds
terrain10,rock_vcld_rain,rock,../textures10/soil/rock_vcld_rain_flat_c.dds
terrain10,ice_cld_dry_flat,ice,../textures10/soil/ice_cld_wet_sflat_d.dds
terrain10,pastr_rainforest_hill,pastr,../textures10/hiveg/broadl_sp_wrm_wet_hill_d.dds
terrain10,ice_pol_dry_sflat_lo,ice,../textures10/soil/ice_pol_sflat.dds
terrain10,ice_tmp_dry_flat_lo,ice,../textures10/soil/ice_cld_wet_sflat_d.dds
terrain10,red_sq_pastr_hot_dry_hill,red,../textures10/loveg/grass_hot_dry_sflat_d.dds
terrain10,sand_vcld_rain_steep,sand,../textures10/soil/scree_vcld_wet_d.dds
terrain10,crp_vhot_dry_hill,crp,../textures10/human/crp_wrm_dry_hill_d.dds
terrain10,snow_vpol_sdry_flat_lo,snow,../textures10/soil/snow_vcld_rain_hill_d.dds
terrain10,rock_pol_sdry_tp,rock,../textures10/soil/rock_pol_wet_sflat_d.dds
terrain10,orch_tmp_rain_hill,orch,../textures10/human/crpmo_hot_wet_sflat_d.dds
terrain10,fruit_tmp_rain_hill,fruit,../textures10/human/fruit_tmp_sdry_sflat.dds
terrain10,sand_vcld_wet_hill,sand,../textures10/soil/scree_vcld_wet_d.dds
terrain10,sq_crpirg_wrm_sdry_hill,sq,../textures10/human/crp_tmp_sdry_sflat_d.dds
terrain10,red_orch_wrm_dry_hill,red,../textures10/human/crp_tmp_dry_hill_d.dds
terrain10,shrb_hot_dry_hill,shrb,../textures10/loveg/shrub_hot_dry_hill_d.dds
terrain10,sp_pol_sdry_hill,sp,../textures10/loveg/sprs_cld_sdry_hill_d.dds
terrain10,pastr_pol_wet_steep,pastr,../textures10/loveg/tund_grass_vcld_sdry_hill_d.dds
terrain10,sq_fruit_tmp_sdry_hill,sq,../textures10/human/fruit_tmp_sdry_sflat.dds
terrain10,rock_vhot_sdry_hill,rock,../textures10/soil/rock_wrm_wet_sflat_d.dds
terrain10,rock_vhot_rain_fl_md,rock,../textures10/soil/rock_wrm_wet_sflat_d.dds
terrain10,tun_grass_cld_dry_steep,tun,../textures10/loveg/sprs_cld_sdry_steep_d.dds
terrain10,shrb_tmp_wet_hill,shrb,../textures10/loveg/shrub_tmp_wet_hill_d.dds
terrain10,broad_wrm_rain_hill_sp,broad,../textures10/hiveg/broadl_sp_wrm_wet_sflat_d.dds
terrain10,rivbd_vcld_sdry_hill,rivbd,../textures10/soil/scree_dry_bare_d.dds
terrain10,rock_tmp_wet_fl_tp,rock,../textures10/soil/rock_cld_wet_sflat_d.dds
terrain10,red_sq_pastr_vhot_dry_hill,red,../textures10/loveg/grass_hot_dry_sflat_d.dds
terrain10,sq_des_crptwnhill,sq,../textures10/human/crp_tmp_dry_sflat_sq_s.dds
terrain10,sand_wrm_sdry_hill,sand,../textures10/soil/sand_wrm_sflat_c.dds
terrain10,sp_vhot_dry_hill,sp,../textures10/loveg/sprs_hot_dry_hill_d.dds
terrain10,rock_wrm_rain_sflat,rock,../textures10/soil/rock_wrm_wet_sflat_d.dds
terrain10,ice_vpol_wet_sflat,ice,../textures10/soil/ice_pol_sflat.dds
terrain10,red_rock_wrm_sdry_fl,red,../textures10/soil/red_rock_wrm_dry_sflat_d.dds
terrain10,tun_sp_cld_dry_hill,tun,../textures10/loveg/sprs_cld_dry_sflat_d.dds
terrain10,rivbd_hot_rain_hill,rivbd,../textures10/soil/scree_wrm_wet_sprs_d.dds
terrain10,rock_vhot_rain_fl_tp,rock,../textures10/soil/rock_wrm_sdry_flat_c.dds
terrain10,sand_cld_sdry_steep,sand,../textures10/soil/scree_dry_bare_d.dds
terrain10,snow_cld_dry_steep_tp,snow,../textures10/soil/rock_vcld_wet_steep_d.dds
terrain10,rock_vhot_sdry_fl,rock,../textures10/soil/rock_wrm_wet_flat_c.dds
terrain10,rock_tmp_wet_fl_md,rock,../textures10/soil/rock_cld_wet_hill_d.dds
terrain10,red_orch_hot_sdry_hill,red,../textures10/human/crpmo_hot_wet_sflat_d.dds
terrain10,rock_pol_sdry_md,rock,../textures10/soil/rock_pol_wet_hill_d.dds
terrain10,rock_cld_dry_sflat,rock,../textures10/soil/rock_cld_dry_sflat_d.dds
terrain10,rock_vcld_sdry_sflat,rock,../textures10/soil/rock_cld_wet_sflat_d.dds
terrain10,broad_hot_sdry_hill,broad,../textures10/hiveg/broadl_wrm_sdry_hill_d.dds
terrain10,ice_pol_rain_sflat_lo,ice,../textures10/soil/ice_pol_hill_d.dds
terrain10,rainforest_hill,rainforest,../textures10/hiveg/broadl_hot_rain_hill_d.dds
terrain10,grass_wrm_dry_hill,grass,../textures10/loveg/grass_wrm_dry_sflat_d.dds
terrain10,red_grass_tmp_sdry_hill,red,../textures10/loveg/grass_tmp_sdry_hill_d.dds
terrain10,pastr_pol_rain_hill,pastr,../textures10/loveg/tund_grass_vcld_sdry_hill_d.dds
terrain10,snow_pol_wet_hill,snow,../textures10/soil/snow_vcld_rain_hill_d.dds
terrain10,broad_tmp_wet_hill_sp,broad,../textures10/hiveg/broadl_sp_tmp_wet_hill_d.dds
terrain10,snow_pol_dry_steep_tp,snow,../textures10/soil/rock_pol_wet_hill_d.dds
terrain10,ice_vpol_sdry_sflat_lo,ice,../textures10/soil/ice_pol_sflat.dds
terrain10,crpirg_vhot_wet_hill,crpirg,../textures10/human/crpmo_hot_wet_hill_d.dds
terrain10,rock_vhot_dry_fl,rock,../textures10/soil/rock_wrm_dry_flat_c.dds
terrain10,olives_wrm_sdry_hill,olives,../textures10/human/olives_hill.dds
terrain10,pastr_cld_dry_steep,pastr,../textures10/loveg/sprs_cld_sdry_steep_d.dds
terrain10,sand_vhot_dry_steep,sand,../textures10/soil/rock_hot_dry_hill_d.dds
terrain10,rock_vcld_rain_md,rock,../textures10/soil/rock_pol_wet_sflat_d.dds
terrain10,snow_vpol_wet_flat_lo,snow,../textures10/soil/snow_pol_rain_hill_d.dds
terrain10,shrb_hot_rain_hill,shrb,../textures10/loveg/shrub_hot_rain_hill_d.dds
terrain10,sq_orch_vhot_dry_hill,sq,../textures10/human/crp_wrm_dry_hill_d.dds
terrain10,rock_hot_sdry_sflat,rock,../textures10/soil/rock_wrm_wet_sflat_d.dds
terrain10,sq_crpirg_cld_wet_hill,sq,../textures10/human/crp_tmp_sdry_sflat_sq_s.dds
terrain10,tun_shrb_cld_dry_steep,tun,../textures10/loveg/shrub_cld_sdry_steep_d.dds
terrain10,crp_tmp_wet_hill,crp,../textures10/human/crp_tmp_wet_hill_d.dds
terrain10,crpirg_hot_wet_hill,crpirg,../textures10/human/crpmo_hot_wet_hill_d.dds
terrain10,any_vhot_wet_tr_hill,any,../textures10/loveg/shrub_wrm_wet_hill_d.dds
terrain10,red_shrb_hot_sdry_hill,red,../textures10/loveg/red_shrub_tmp_dry_hill_d.dds
terrain10,broad_tmp_wet_hill,broad,../textures10/hiveg/broadl_tmp_wet_hill_d.dds
terrain10,broad_hot_dry_hill,broad,../textures10/hiveg/broadl_wrm_dry_hill_d.dds
terrain10,red_sq_fruit_hot_sdry_hill,red,../textures10/human/crpmo_hot_wet_sflat_d.dds
terrain10,red_sq_olives_wrm_sdry_hill,red,../textures10/human/olives_hill.dds
terrain10,red_sq_crp_wrm_dry_hill,red,../textures10/human/crp_wrm_dry_hill_d.dds
terrain10,snow_vcld_dry_flat,snow,../textures10/soil/rock_vcld_rain_flat_c.dds
terrain10,crpirg_tmp_dry_hill,crpirg,../textures10/human/crp_tmp_dry_hill_d.dds
terrain10,sq_crp_tmp_sdry_hill,sq,../textures10/human/crp_tmp_sdry_sflat_d.dds
terrain10,crp_hot_dry_hill,crp,../textures10/human/crp_wrm_dry_hill_d.dds
terrain10,ice_cld_sdry_hill,ice,../textures10/soil/ice_cld_wet_hill_d.dds
terrain10,red_sand_tmp_dry_hill,red,../textures10/soil/sand_wrm_sflat_c.dds
terrain10,rock_hot_dry_sflat,rock,../textures10/soil/rock_hot_dry_sflat_d.dds
terrain10,sq_crp_cld_wet_hill,sq,../textures10/human/crpmo_tmp_wet_sflat_d.dds
terrain10,snow_vcld_wet_flat_lo,snow,../textures10/soil/rock_pol_wet_sflat_d.dds
terrain10,any_cld_wet_hill,any,../textures10/loveg/sprs_cld_wet_hill_d.dds
terrain10,rivbd_cld_rain_hill,rivbd,../textures10/soil/scree_dry_bare_d.dds
terrain10,morn_wrm_dry_hill,morn,../textures10/soil/morn_cld_sdry_hill_d.dds
terrain10,shrb_wrm_dry_hill,shrb,../textures10/loveg/shrub_wrm_dry_hill_d.dds
terrain10,sq_fruit_hot_sdry_hill,sq,../textures10/human/crp_tmp_sdry_sflat_d.dds
terrain10,snow_pol_rain_sflat,snow,../textures10/soil/snow_pol_rain_hill_d.dds
terrain10,tun_grass_vcld_dry_hill,tun,../textures10/loveg/sprs_cld_sdry_hill_d.dds
terrain10,fruit_hot_rain_hill,fruit,../textures10/human/crpmo_hot_rain_hill_d.dds
terrain10,orch_hot_rain_hill,orch,../textures10/human/crpmo_hot_rain_hill_d.dds
terrain10,red_orch_hot_dry_hill,red,../textures10/human/crpmo_wrm_dry_sflat_d.dds
terrain10,rock_hot_wet_fl_tp,rock,../textures10/soil/rock_wrm_sdry_flat_c.dds
terrain10,tun_shrb_vcld_wet_steep,tun,../textures10/loveg/shrub_vcld_rain_steep_d.dds
terrain10,broad_cld_sdry_hill,broad,../textures10/hiveg/broadl_sp_tmp_wet_hill_d.dds
terrain10,red_rock_wrm_sdry_fl_md,red,../textures10/soil/red_rock_tmp_dry_hill_d.dds
terrain10,rock_pol_sdry_steep,rock,../textures10/soil/rock_cld_dry_steep_d.dds
terrain10,ice_vpol_dry_hill,ice,../textures10/soil/ice_vpol_hill_d.dds
terrain10,snow_vcld_wet_steep,snow,../textures10/soil/rock_pol_wet_hill_d.dds
terrain10,ice_pol_wet_hill,ice,../textures10/soil/ice_pol_steep_d.dds
terrain10,red_rock_wrm_dry_hill,red,../textures10/soil/red_rock_wrm_dry_hill_d.dds
terrain10,shrb_cld_rain_hill,shrb,../textures10/loveg/shrub_tmp_wet_hill_d.dds
terrain10,ice_tmp_rain_steep_tp,ice,../textures10/soil/ice_cld_wet_hill_d.dds
terrain10,ice_vpol_sdry_flat,ice,../textures10/soil/ice_pol_sflat.dds
terrain10,sand_vcld_dry_steep,sand,../textures10/soil/scree_vcld_wet_d.dds
terrain10,crpm_wrm_sdry_hill,crpm,../textures10/human/crpmo_wrm_sdry_hill_d.dds
terrain10,tmp_crptwnhill_irr,tmp,../textures10/human/crpmo_tmp_wet_flat_c2.dds
terrain10,rock_hot_wet_fl_md,rock,../textures10/soil/rock_wrm_wet_sflat_d.dds
terrain10,red_orch_tmp_sdry_hill,red,../textures10/human/crp_tmp_dry_hill_d.dds
terrain10,snow_tmp_rain_sflat,snow,../textures10/soil/rock_cld_wet_sflat_d.dds
terrain10,red_sand_hot_sdry_steep,red,../textures10/soil/red_rock_wrm_dry_hill_d.dds
terrain10,mine_cld_wet_hill,mine,../textures10/human/mine_cld_hill_d.dds
terrain10,tun_sp_vcld_wet_hill,tun,../textures10/loveg/tund_sp_cld_sdry_hill_d.dds
terrain10,red_rock_wrm_dry_steep,red,../textures10/soil/red_rock_wrm_dry_steep_d.dds
terrain10,rivbd_tmp_rain_hill,rivbd,../textures10/soil/scree_cld_wet_sprs_d.dds
terrain10,red_rock_vhot_dry_sflat,red,../textures10/soil/red_rock_wrm_dry_sflat_d.dds
terrain10,ice_tmp_sdry_hill,ice,../textures10/soil/ice_cld_wet_hill_d.dds
terrain10,snow_vpol_sdry_sflat,snow,../textures10/soil/snow_vcld_rain_hill_d.dds
terrain10,snow_tmp_sdry_steep_tp,snow,../textures10/soil/rock_vcld_wet_steep_d.dds
terrain10,red_crpirg_wrm_sdry_hill,red,../textures10/human/crp_wrm_sdry_sflat_d.dds
terrain10,rock_tmp_sdry_steep,rock,../textures10/soil/rock_tmp_sdry_steep_d.dds
terrain10,sq_crp_cld_sdry_hill,sq,../textures10/human/crpmo_tmp_wet_sflat_d.dds
terrain10,red_rock_wrm_sdry_fl_tp,red,../textures10/soil/red_rock_wrm_dry_sflat_d.dds
terrain10,ice_vcld_sdry_steep,ice,../textures10/soil/ice_vcld_wet_steep_d.dds
terrain10,shrb_tmp_rain_hill,shrb,../textures10/loveg/shrub_tmp_wet_hill_d.dds
terrain10,snow_vcld_rain_hill,snow,../textures10/soil/snow_vcld_wet_hill_d.dds
terrain10,tun_shrb_vcld_dry_hill,tun,../textures10/loveg/tund_grass_vcld_sdry_hill_d.dds
terrain10,pastr_vcld_dry_hill,pastr,../textures10/loveg/sprs_cld_dry_hill_d.dds
terrain10,shrb_cld_wet_steep,shrb,../textures10/loveg/shrub_cld_wet_steep_d.dds
terrain10,ice_cld_sdry_sflat,ice,../textures10/soil/ice_cld_wet_sflat_d.dds
terrain10,snow_vcld_sdry_sflat_lo,snow,../textures10/soil/snow_vcld_sdry_sflat_d.dds
terrain10,coni_cld_dry_hill,coni,../textures10/hiveg/coni_cld_dry_hill_d.dds
terrain10,rivbd_vhot_sdry_hill,rivbd,../textures10/soil/scree_wrm_dry_bare_d.dds
terrain10,snow_vpol_dry_steep,snow,../textures10/soil/cliff_vpol_dry.dds
terrain10,coni_vcld_dry_hill,coni,../textures10/hiveg/coni_cld_dry_hill_d.dds
terrain10,ice_pol_wet_flat_lo,ice,../textures10/soil/ice_pol_sflat.dds
terrain10,sq_pastr_tmp_dry_hill,sq,../textures10/loveg/grass_tmp_dry_sflat_d.dds
terrain10,red_grass_hot_sdry_hill,red,../textures10/loveg/grass_hot_dry_sflat_d.dds
terrain10,grass_hot_dry_hill,grass,../textures10/loveg/grass_hot_dry_sflat_d.dds
terrain10,rock_vcld_sdry_hill,rock,../textures10/soil/rock_vcld_sdry_steep_d.dds
terrain10,broad_tmp_sdry_hill,broad,../textures10/hiveg/broadl_tmp_sdry_hill_d.dds
terrain10,snow_cld_dry_flat,snow,../textures10/soil/rock_cld_sdry_flat_c.dds
terrain10,sq_pastr_hot_wet_hill,sq,../textures10/human/pastr_wrm_sdry_sflat_d.dds
terrain10,crpirg_wrm_rain_hill,crpirg,../textures10/human/crpmo_hot_rain_hill_d.dds
terrain10,grass_tmp_wet_hill,grass,../textures10/loveg/grass_tmp_wet_hill_d.dds
terrain10,tun_shrb_vcld_rain_hill,tun,../textures10/loveg/tund_grass_vcld_sdry_hill_d.dds
terrain10,red_crpirg_vhot_dry_hill,red,../textures10/human/crp_wrm_sdry_sflat_d.dds
terrain10,rock_vcld_sdry,rock,../textures10/soil/rock_vcld_sdry_flat_c.dds
terrain10,ice_tmp_dry_sflat_lo,ice,../textures10/soil/ice_cld_wet_sflat_d.dds
terrain10,ice_pol_wet_sflat,ice,../textures10/soil/ice_pol_hill_d.dds
terrain10,red_sp_hot_dry_tr_hill,red,../textures10/soil/rock_hot_dry_hill_d.dds
terrain10,red_sq_fruit_hot_dry_hill,red,../textures10/human/crpmo_wrm_dry_sflat_d.dds
terrain10,tun_sp_pol_sdry_hill,tun,../textures10/loveg/sprs_cld_sdry_hill_d.dds
terrain10,rock_tmp_sdry_fl,rock,../textures10/soil/rock_tmp_sdry_sflat_d.dds
terrain10,sq_trop_crptwnhill,sq,../textures10/human/crp_wrm_wet_flat_sq_s.dds
terrain10,red_rock_vhot_sdry_hill,red,../textures10/soil/red_rock_wrm_dry_hill_d.dds
terrain10,ice_tmp_dry_sflat,ice,../textures10/soil/ice_cld_wet_sflat_d.dds
terrain10,grass_cld_sdry_hill,grass,../textures10/loveg/grass_cld_sdry_hill_d.dds
terrain10,crpirg_cld_dry_hill,crpirg,../textures10/human/crp_cld_sdry_flat_c.dds
terrain10,rock_vcld_dry_sflat,rock,../textures10/soil/rock_cld_dry_sflat_d.dds
terrain10,broad_cld_wet_hill,broad,../textures10/hiveg/broadl_tmp_wet_hill_d.dds
terrain10,crp_cld_wet_hill,crp,../textures10/human/crp_tmp_wet_hill_d.dds
terrain10,rock_vpol_sdry_steep,rock,../textures10/soil/cliff_vpol_dry.dds
terrain10,grass_pol_sdry_steep,grass,../textures10/loveg/sprs_cld_sdry_steep_d.dds
terrain10,snow_cld_wet_steep,snow,../textures10/soil/rock_vcld_wet_steep_d.dds
terrain10,sq_crp_hot_dry_hill,sq,../textures10/human/crp_wrm_dry_sflat_d.dds
terrain10,rock_pol_dry_hill,rock,../textures10/soil/rock_vcld_wet_hill_d.dds
terrain10,any_tmp_wet_hill,any,../textures10/loveg/sprs_tmp_wet_hill_d.dds
terrain10,mine_cld_rain_hill,mine,../textures10/human/mine_cld_hill_d.dds
terrain10,any_hot_dry_hill,any,../textures10/loveg/shrub_hot_dry_hill_d.dds
terrain10,any_cld_sdry_hill,any,../textures10/loveg/tund_sp_cld_sdry_hill_d.dds
terrain10,sq_crp_tmp_wet_hill,sq,../textures10/human/crp_tmp_wet_hill_d.dds
terrain10,snow_tmp_rain_hill,snow,../textures10/loveg/sprs_vcld_wet_flat_c.dds
terrain10,mine_vcld_rain_hill,mine,../textures10/human/mine_cld_hill_d.dds
terrain10,red_crp_tmp_sdry_hill,red,../textures10/human/crpmo_tmp_sdry_sflat_d.dds
terrain10,broad_vcld_sdry_hill,broad,../textures10/hiveg/broadl_cld_sdry_sflat_d.dds
terrain10,ice_vpol_dry_sflat_lo,ice,../textures10/soil/ice_pol_sflat.dds
terrain10,coni_tmp_dry_hill,coni,../textures10/hiveg/coni_tmp_dry_hill_d.dds
terrain10,snow_tmp_dry_steep_tp,snow,../textures10/soil/rock_vcld_wet_steep_d.dds
terrain10,sq_crpirg_wrm_dry_hill,sq,../textures10/human/crp_wrm_dry_sflat_d.dds
terrain10,coni_hot_wet_hill,coni,../textures10/hiveg/coni_wrm_wet_hill_d.dds
terrain10,sq_grass_tmp_rain_hill,sq,../textures10/loveg/grass_cld_rain_hill_d.dds
terrain10,sq_fruit_wrm_wet_hill,sq,../textures10/human/crp_hot_wet_sflat_d.dds
terrain10,rock_hot_sdry_hill,rock,../textures10/soil/rock_wrm_sdry_steep_d.dds
terrain10,pastr_vhot_wet_hill,pastr,../textures10/hiveg/broadl_sp_wrm_wet_hill_d.dds
terrain10,snow_tmp_dry_flat_lo,snow,../textures10/soil/rock_cld_sdry_flat_c.dds
terrain10,ice_cld_dry_sflat,ice,../textures10/soil/ice_cld_wet_sflat_d.dds
terrain10,grass_tmp_sdry_hill,grass,../textures10/loveg/grass_tmp_sdry_hill_d.dds
terrain10,coni_vhot_wet_hill,coni,../textures10/hiveg/coni_wrm_wet_hill_d.dds
terrain10,des_crptwnhill_irr,des,../textures10/human/crpmo_wrm_dry_sflat_d.dds
terrain10,red_grass_tmp_dry_hill,red,../textures10/loveg/grass_tmp_dry_sflat_d.dds
terrain10,red_rock_hot_sdry_sflat,red,../textures10/soil/red_rock_wrm_dry_sflat_d.dds
terrain10,crp_vhot_rain_hill,crp,../textures10/human/crpmo_hot_rain_hill_d.dds
terrain10,snow_tmp_dry_flat,snow,../textures10/soil/rock_cld_sdry_flat_c.dds
terrain10,grass_cld_wet_hill,grass,../textures10/loveg/grass_cld_wet_hill_d.dds
terrain10,tun_shrb_cld_dry_hill,tun,../textures10/loveg/tund_shrb_cld_wet_hill_d.dds
terrain10,red_sand_tmp_dry_steep,red,../textures10/soil/red_rock_tmp_dry_hill_d.dds
terrain10,red_sand_vhot_dry_steep,red,../textures10/soil/red_rock_wrm_dry_hill_d.dds
terrain10,shrb_vcld_rain_steep,shrb,../textures10/loveg/shrub_vcld_rain_steep_d.dds
terrain10,snow_vpol_rain_sflat_lo,snow,../textures10/soil/snow_pol_rain_hill_d.dds
terrain10,mine_tmp_rain_hill,mine,../textures10/human/mine_cld_hill_d.dds
terrain10,any_tmp_sdry_hill,any,../textures10/loveg/shrub_tmp_sdry_hill_d.dds
terrain10,red_sq_crpirg_wrm_dry_hill,red,../textures10/human/crp_wrm_sdry_sflat_d.dds
terrain10,pastr_pol_rain_steep,pastr,../textures10/loveg/tund_grass_vcld_sdry_sflat_d.dds
terrain10,sq_orch_tmp_wet_hill,sq,../textures10/human/crp_tmp_sdry_sflat_d.dds
terrain10,snow_cld_rain_hill,snow,../textures10/soil/rock_vcld_wet_hill_d.dds
terrain10,mine_hot_dry_hill,mine,../textures10/human/mine_wrm_hill_d.dds
terrain10,sp_vhot_sdry_tr_hill,sp,../textures10/loveg/sprs_wrm_wet_hill_d.dds
terrain10,mine_tmp_wet_hill,mine,../textures10/human/mine_cld_hill_d.dds
terrain10,sq_orch_hot_dry_hill,sq,../textures10/human/crp_wrm_dry_hill_d.dds
terrain10,snow_tmp_wet_steep,snow,../textures10/soil/rock_vcld_wet_steep_d.dds
terrain10,rock_vpol_wet_sflat,rock,../textures10/soil/snow_vcld_rain_hill_d.dds
terrain10,crpm_vhot_dry_hill,crpm,../textures10/human/crp_wrm_dry_hill_d.dds
terrain10,snow_pol_dry_steep,snow,../textures10/soil/rock_pol_rain_steep_d.dds
terrain10,grass_vcld_sdry_hill,grass,../textures10/loveg/sprs_cld_sdry_hill_d.dds
terrain10,snow_cld_wet_flat_lo,snow,../textures10/soil/rock_cld_wet_sflat_d.dds
terrain10,ice_vcld_dry_sflat_lo,ice,../textures10/soil/ice_vcld_wet_sflat_d.dds
terrain10,tun_shrb_vcld_wet_hill,tun,../textures10/loveg/tund_grass_vcld_sdry_hill_d.dds
terrain10,grass_vhot_rain_hill,grass,../textures10/loveg/grass_hot_rain_sflat_d.dds
terrain10,red_rock_hot_sdry_hill,red,../textures10/soil/red_rock_wrm_dry_hill_d.dds
terrain10,snow_vcld_rain_sflat,snow,../textures10/soil/snow_vcld_sdry_sflat_d.dds
terrain10,coni_hot_wet_hill_sp,coni,../textures10/hiveg/broadl_sp_wrm_wet_hill_d.dds
terrain10,broad_cld_wet_hill_sp,broad,../textures10/hiveg/broadl_sp_tmp_wet_hill_d.dds
terrain10,sand_pol_wet_steep,sand,../textures10/soil/scree_vcld_wet_d.dds
terrain10,coni_cld_wet_hill,coni,../textures10/hiveg/coni_tmp_wet_hill_d.dds
terrain10,pastr_vcld_wet_hill,pastr,../textures10/loveg/grass_cld_wet_hill_d.dds
terrain10,sq_orch_wrm_rain_hill,sq,../textures10/human/crp_hot_wet_sflat_d.dds
terrain10,grass_hot_wet_hill,grass,../textures10/loveg/grass_wrm_wet_hill_d.dds
terrain10,sq_pastr_tmp_wet_hill,sq,../textures10/loveg/grass_cld_wet_hill_d.dds
terrain10,coni_vcld_wet_hill,coni,../textures10/hiveg/coni_tmp_wet_hill_d.dds
terrain10,ice_vpol_rain_steep,ice,../textures10/soil/ice_vpol_steep_d.dds
terrain10,sand_tmp_dry_steep,sand,../textures10/soil/scree_dry_bare_d.dds
terrain10,morn_tmp_rain_hill,morn,../textures10/soil/morn_cld_sdry_hill_d.dds
terrain10,red_sp_wrm_sdry_hill,red,../textures10/loveg/sprs_wrm_sdry_hill_d.dds
terrain10,grass_tmp_dry_hill,grass,../textures10/loveg/grass_tmp_dry_hill_d.dds
terrain10,sq_pastr_hot_dry_hill,sq,../textures10/loveg/grass_wrm_dry_sflat_d.dds
terrain10,ice_pol_wet_steep_tp,ice,../textures10/soil/ice_pol_tp_d.dds
terrain10,snow_cld_wet_flat,snow,../textures10/soil/rock_cld_wet_sflat_d.dds
terrain10,ice_tmp_sdry_steep_tp,ice,../textures10/soil/ice_cld_wet_hill_d.dds
terrain10,snow_vpol_dry_flat_lo,snow,../textures10/soil/snow_vcld_rain_hill_d.dds
terrain10,red_crpm_vhot_dry_hill,red,../textures10/human/crp_wrm_dry_hill_d.dds
terrain10,ice_cld_wet_steep_tp,ice,../textures10/soil/ice_cld_wet_hill_d.dds
terrain10,tun_sp_vcld_dry_hill,tun,../textures10/loveg/sprs_cld_sdry_hill_d.dds
terrain10,mine_cld_dry_hill,mine,../textures10/human/mine_cld_hill_d.dds
terrain10,ice_pol_rain_sflat,ice,../textures10/soil/ice_pol_hill_d.dds
terrain10,rock_vcld_wet_md,rock,../textures10/soil/rock_vcld_wet_hill_d.dds
terrain10,rock_vcld_dry_fl,rock,../textures10/soil/rock_cld_sdry_flat_c.dds
terrain10,red_grass_vhot_sdry_hill,red,../textures10/loveg/grass_wrm_sdry_flat_c.dds
terrain10,rock_pol_dry_steep,rock,../textures10/soil/rock_vcld_dry_steep_d.dds
terrain10,sp_wrm_rain_hill,sp,../textures10/human/crpmo_hot_wet_hill_d.dds
terrain10,rock_tmp_wet_steep,rock,../textures10/soil/rock_tmp_wet_steep_d.dds
terrain10,ice_vcld_wet_steep,ice,../textures10/soil/ice_vcld_wet_steep_d.dds
terrain10,mine_vhot_sdry_hill,mine,../textures10/human/mine_wrm_hill_d.dds
terrain10,broad_vhot_rain_hill,broad,../textures10/hiveg/broadl_hot_rain_hill_d.dds
terrain10,red_fruit_hot_sdry_hill,red,../textures10/human/crpmo_hot_wet_sflat_d.dds
terrain10,crpirg_vhot_sdry_hill,crpirg,../textures10/human/crpmo_wrm_sdry_hill_d.dds
terrain10,rock_cld_rain_hill,rock,../textures10/soil/rock_cld_wet_hill_d.dds
terrain10,snow_vpol_sdry_flat,snow,../textures10/soil/snow_vcld_rain_hill_d.dds
terrain10,crp_wrm_rain_hill,crp,../textures10/human/crpmo_hot_rain_hill_d.dds
terrain10,rock_vcld_wet_tp,rock,../textures10/soil/rock_vcld_rain_flat_c.dds
terrain10,coni_wrm_sdry_hill_sp,coni,../textures10/hiveg/coni_sp_tmp_sdry_hill_d.dds
terrain10,morn_cld_rain_hill,morn,../textures10/soil/morn_vcld_wet_hill_d.dds
terrain10,tun_grass_vcld_wet_hill,tun,../textures10/loveg/tund_grass_vcld_sdry_hill_d.dds
terrain10,tun_shrb_vcld_rain_steep,tun,../textures10/loveg/shrub_vcld_rain_steep_d.dds
terrain10,sp_hot_dry_tr_hill,sp,../textures10/loveg/sprs_hot_dry_hill_d.dds
terrain10,red_rock_wrm_dry_fl,red,../textures10/soil/red_rock_wrm_dry_sflat_d.dds
terrain10,ice_tmp_rain_sflat,ice,../textures10/soil/ice_cld_wet_sflat_d.dds
terrain10,shrb_wrm_wet_hill,shrb,../textures10/loveg/shrub_wrm_wet_hill_d.dds
terrain10,ice_pol_rain_flat,ice,../textures10/soil/ice_pol_sflat.dds
terrain10,ice_cld_dry_flat_lo,ice,../textures10/soil/ice_cld_wet_sflat_d.dds
terrain10,any_hot_rain_hill,any,../textures10/loveg/shrub_wrm_wet_hill_d.dds
terrain10,mine_hot_sdry_hill,mine,../textures10/human/mine_wrm_hill_d.dds
terrain10,snow_tmp_rain_steep_tp,snow,../textures10/soil/rock_vcld_wet_steep_d.dds
terrain10,rock_hot_wet_fl,rock,../textures10/soil/rock_wrm_sdry_flat_c.dds
terrain10,red_sq_orch_vhot_dry_hill,red,../textures10/human/crpmo_wrm_dry_sflat_d.dds
terrain10,red_orch_tmp_dry_hill,red,../textures10/human/crp_tmp_dry_hill_d.dds
terrain10,red_rock_hot_sdry_fl,red,../textures10/soil/red_rock_wrm_dry_sflat_d.dds
terrain10,sand_cld_dry_steep,sand,../textures10/soil/scree_dry_bare_d.dds
terrain10,ice_pol_dry_hill,ice,../textures10/soil/ice_pol_hill_d.dds
terrain10,ice_vpol_wet_hill,ice,../textures10/soil/ice_vpol_hill_d.dds
terrain10,sand_pol_rain_hill,sand,../textures10/soil/scree_vcld_wet_d.dds
terrain10,snow_pol_wet_sflat_lo,snow,../textures10/soil/snow_pol_rain_hill_d.dds
terrain10,rock_vhot_rain_steep,rock,../textures10/soil/rock_wrm_wet_steep_d.dds
terrain10,broad_tmp_dry_hill,broad,../textures10/hiveg/broadl_tmp_dry_hill_d.dds
terrain10,ice_vcld_rain_hill,ice,../textures10/soil/ice_vcld_wet_hill_d.dds
terrain10,morn_vcld_rain_hill,morn,../textures10/soil/morn_vcld_wet_hill_d.dds
terrain10,rock_tmp_rain_hill,rock,../textures10/soil/rock_tmp_wet_steep_d.dds
terrain10,crpirg_hot_dry_hill,crpirg,../textures10/human/crp_wrm_dry_hill_d.dds
terrain10,coni_wrm_sdry_hill,coni,../textures10/hiveg/coni_wrm_sdry_sflat_d.dds
terrain10,snow_cld_wet_sflat_lo,snow,../textures10/soil/rock_vcld_wet_sflat_d.dds
terrain10,crp_tmp_dry_hill,crp,../textures10/human/crp_tmp_dry_hill_d.dds
terrain10,grass_hot_rain_hill,grass,../textures10/loveg/grass_wrm_wet_hill_d.dds
terrain10,red_sq_orch_wrm_dry_hill,red,../textures10/human/crp_tmp_dry_hill_d.dds
terrain10,crp_hot_wet_hill,crp,../textures10/human/crpmo_hot_wet_hill_d.dds
terrain10,rock_cld_wet_steep,rock,../textures10/soil/rock_cld_wet_steep_d.dds
terrain10,crpirg_tmp_wet_hill,crpirg,../textures10/human/crp_tmp_wet_hill_d.dds
terrain10,snow_vcld_wet_flat,snow,../textures10/soil/rock_pol_wet_sflat_d.dds
terrain10,shrb_vcld_dry_steep,shrb,../textures10/loveg/shrub_cld_sdry_steep_d.dds
terrain10,sq_rainf_crptwnhill,sq,../textures10/human/crp_wrm_wet_flat_sq_s.dds
terrain10,broad_hot_wet_hill,broad,../textures10/hiveg/broadl_wrm_wet_hill_d.dds
terrain10,tun_grass_vcld_sdry_hill,tun,../textures10/loveg/tund_grass_vcld_sdry_hill_d.dds
terrain10,red_sq_crpirg_vhot_dry_hill,red,../textures10/human/crp_wrm_sdry_sflat_d.dds
terrain10,snow_cld_sdry_sflat,snow,../textures10/soil/rock_cld_wet_sflat_d.dds
terrain10,sq_crp_cld_dry_hill,sq,../textures10/human/crpmo_tmp_wet_sflat_d.dds
terrain10,snow_vcld_rain_sflat_lo,snow,../textures10/soil/snow_vcld_sdry_sflat_d.dds
terrain10,ice_vpol_dry_steep,ice,../textures10/soil/ice_vpol_steep_d.dds
terrain10,red_rock_vhot_sdry_sflat,red,../textures10/soil/red_rock_wrm_dry_sflat_d.dds
terrain10,morn_wrm_wet_hill,morn,../textures10/soil/morn_cld_sdry_hill_d.dds
terrain10,sq_pastr_wrm_rain_hill,sq,../textures10/loveg/grass_cld_wet_hill_d.dds
terrain10,any_cld_dry_hill,any,../textures10/loveg/sprs_cld_sdry_hill_d.dds
terrain10,rock_cld_rain_steep,rock,../textures10/soil/rock_cld_wet_steep_d.dds
terrain10,ice_tmp_wet_flat_lo,ice,../textures10/soil/ice_cld_wet_sflat_d.dds
terrain10,pastr_wrm_sdry_hill,pastr,../textures10/human/pastr_wrm_sdry_sflat_d.dds
terrain10,red_sand_hot_dry_hill,red,../textures10/soil/sand_hot_sflat_c.dds
terrain10,mine_hot_wet_hill,mine,../textures10/human/mine_wrm_hill_d.dds
terrain10,rock_wrm_dry_fl,rock,../textures10/soil/rock_wrm_dry_flat_c.dds
terrain10,sq_orch_tmp_dry_hill,sq,../textures10/human/fruit_tmp_sdry_sflat.dds
terrain10,rivbd_vcld_rain_hill,rivbd,../textures10/soil/scree_dry_bare_d.dds
terrain10,rock_vhot_rain_hill,rock,../textures10/soil/rock_wrm_wet_sflat_d.dds
terrain10,rock_wrm_dry_steep,rock,../textures10/soil/rock_wrm_dry_steep_d.dds
terrain10,crpm_vhot_wet_hill,crpm,../textures10/human/crpmo_hot_wet_hill_d.dds
terrain10,sq_fruit_tmp_rain_hill,sq,../textures10/human/fruit_tmp_sdry_sflat.dds
terrain10,ice_cld_sdry_flat_lo,ice,../textures10/soil/ice_cld_wet_sflat_d.dds
terrain10,sp_pol_rain_hill,sp,../textures10/loveg/sprs_vcld_rain_hill_d.dds
terrain10,sq_orch_hot_wet_hill,sq,../textures10/human/crp_hot_wet_sflat_d.dds
terrain10,sq_crpirg_wrm_rain_hill,sq,../textures10/human/crpmo_hot_wet_flat_c.dds
terrain10,snow_vcld_dry_sflat_lo,snow,../textures10/soil/rock_vcld_wet_sflat_d.dds
terrain10,red_sq_crp_hot_sdry_hill,red,../textures10/human/crp_wrm_sdry_sflat_d.dds
terrain10,mine_tmp_dry_hill,mine,../textures10/human/mine_wrm_hill_d.dds
terrain10,fruit_tmp_sdry_hill,fruit,../textures10/human/fruit_tmp_sdry_sflat.dds
terrain10,orch_tmp_sdry_hill,orch,../textures10/human/crp_tmp_dry_hill_d.dds
terrain10,rock_vpol_wet_tp,rock,../textures10/soil/snow_vcld_wet_sflat_d.dds
terrain10,red_crp_wrm_dry_hill,red,../textures10/human/crp_wrm_dry_hill_d.dds
terrain10,red_rock_tmp_sdry_fl_md,red,../textures10/soil/red_rock_tmp_dry_hill_d.dds
terrain10,coni_tmp_wet_hill,coni,../textures10/hiveg/coni_tmp_wet_hill_d.dds
terrain10,coni_vhot_rain_hill_sp,coni,../textures10/hiveg/broadl_sp_wrm_wet_hill_d.dds
terrain10,sq_crp_hot_rain_hill,sq,../textures10/human/crpmo_hot_wet_flat_c.dds
terrain10,snow_tmp_rain_flat_lo,snow,../textures10/soil/rock_cld_sdry_flat_c.dds
terrain10,pastr_vhot_dry_hill,pastr,../textures10/loveg/grass_hot_dry_sflat_d.dds
terrain10,sq_fruit_wrm_dry_hill,sq,../textures10/human/crp_wrm_dry_hill_d.dds
terrain10,sand_wrm_wet_steep,sand,../textures10/soil/rock_hot_dry_hill_d.dds
terrain10,sq_crpirg_wrm_wet_hill,sq,../textures10/human/crpmo_hot_wet_flat_c.dds
terrain10,coni_hot_dry_hill,coni,../textures10/hiveg/broadl_wrm_dry_hill_d.dds
terrain10,pastr_cld_sdry_steep,pastr,../textures10/loveg/sprs_cld_sdry_steep_d.dds
terrain10,coni_cld_rain_hill_sp,coni,../textures10/loveg/shrub_cld_rain_steep_d.dds
terrain10,grass_cld_dry_hill,grass,../textures10/loveg/grass_cld_sdry_hill_d.dds
terrain10,snow_vpol_dry_sflat_lo,snow,../textures10/soil/snow_vcld_rain_hill_d.dds
terrain10,snow_tmp_wet_flat,snow,../textures10/soil/rock_cld_sdry_flat_c.dds
terrain10,ice_pol_sdry_flat_lo,ice,../textures10/soil/ice_pol_sflat.dds
terrain10,coni_vhot_dry_hill,coni,../textures10/hiveg/broadl_wrm_dry_hill_d.dds
terrain10,red_grass_hot_dry_hill,red,../textures10/loveg/grass_hot_dry_sflat_d.dds
terrain10,red_sq_crpirg_wrm_sdry_hill,red,../textures10/human/crp_wrm_sdry_sflat_d.dds
terrain10,rock_cld_rain,rock,../textures10/soil/rock_cld_wet_sflat_d.dds
terrain10,sq_crpirg_vhot_rain_hill,sq,../textures10/human/crpmo_hot_wet_flat_c.dds
terrain10,tun_shrb_cld_wet_hill,tun,../textures10/loveg/tund_shrb_cld_wet_hill_d.dds
terrain10,snow_pol_sdry_flat,snow,../textures10/soil/snow_vcld_rain_hill_d.dds
terrain10,rock_hot_rain_steep,rock,../textures10/soil/rock_wrm_wet_steep_d.dds
terrain10,rock_wrm_sdry_fl,rock,../textures10/soil/rock_wrm_sdry_flat_c.dds
terrain10,coni_wrm_wet_hill_sp,coni,../textures10/hiveg/broadl_sp_wrm_wet_hill_d.dds
terrain10,snow_vpol_sdry_sflat_lo,snow,../textures10/soil/snow_vcld_rain_hill_d.dds
terrain10,snow_pol_dry_flat_lo,snow,../textures10/soil/snow_vcld_rain_hill_d.dds
terrain10,crpirg_cld_wet_hill,crpirg,../textures10/human/crp_tmp_wet_hill_d.dds
terrain10,red_sp_vhot_dry_hill,red,../textures10/loveg/red_shrub_hot_dry_hill_d.dds
terrain10,shrb_hot_sdry_hill,shrb,../textures10/soil/rock_wrm_sdry_steep_d.dds
terrain10,crp_cld_dry_hill,crp,../textures10/human/crp_cld_sdry_flat_c.dds
terrain10,broad_cld_dry_hill,broad,../textures10/hiveg/broadl_sp_tmp_wet_hill_d.dds
terrain10,any_tmp_dry_hill,any,../textures10/loveg/sprs_wrm_sdry_hill_d.dds
terrain10,rock_pol_wet_hill,rock,../textures10/soil/rock_pol_wet_hill_d.dds
terrain10,sq_crp_hot_wet_hill,sq,../textures10/human/crpmo_hot_wet_flat_c.dds
terrain10,rock_vhot_wet_steep,rock,../textures10/soil/rock_wrm_wet_steep_d.dds
terrain10,red_rock_hot_dry_sflat,red,../textures10/soil/red_rock_wrm_dry_sflat_d.dds
terrain10,pastr_pol_sdry_hill,pastr,../textures10/loveg/tund_grass_vcld_sdry_hill_d.dds
terrain10,sq_crp_tmp_dry_hill,sq,../textures10/human/crp_tmp_dry_sflat_sq_s.dds
terrain10,red_crpirg_wrm_dry_hill,red,../textures10/human/crpmo_tmp_sdry_sflat_d.dds
terrain10,broad_hot_rain_hill,broad,../textures10/hiveg/broadl_hot_rain_hill_d.dds
terrain10,any_hot_wet_hill,any,../textures10/loveg/shrub_wrm_wet_hill_d.dds
terrain10,rock_vcld_rain_steep,rock,../textures10/soil/rock_vcld_wet_steep_d.dds
terrain10,red_sq_fruit_tmp_dry_hill,red,../textures10/human/fruit_tmp_sdry_sflat.dds
terrain10,red_olives_wrm_sdry_hill,red,../textures10/human/olives_hill.dds
terrain10,salt_lake_hem_md,salt,../textures10/soil/salthem_sflat_d.dds
terrain10,rivbd_hot_sdry_hill,rivbd,../textures10/soil/scree_wrm_dry_bare_d.dds
terrain10,red_rock_tmp_sdry_fl_tp,red,../textures10/soil/red_rock_wrm_dry_sflat_d.dds
terrain10,red_crpm_wrm_sdry_hill,red,../textures10/human/crpmo_wrm_dry_sflat_d.dds
terrain10,rock_vpol_wet_md,rock,../textures10/soil/rock_vpol_wet_hill_d.dds
terrain10,red_crpm_wrm_dry_hill,red,../textures10/human/crpmo_wrm_dry_sflat_d.dds
terrain10,rock_wrm_sdry_steep,rock,../textures10/soil/rock_wrm_sdry_steep_d.dds
terrain10,red_rock_vhot_dry_fl,red,../textures10/soil/red_rock_wrm_dry_sflat_d.dds
terrain10,sand_wrm_rain_hill,sand,../textures10/soil/sand_wrm_sflat_c.dds
terrain10,crpm_wrm_rain_hill,crpm,../textures10/human/crpmo_hot_rain_hill_d.dds
terrain10,snow_cld_dry_sflat,snow,../textures10/soil/rock_cld_wet_sflat_d.dds
terrain10,sq_olives_wrm_sdry_hill,sq,../textures10/human/olives_hill.dds
terrain10,red_crp_hot_dry_hill,red,../textures10/human/crp_wrm_dry_hill_d.dds
terrain10,shrb_cld_sdry_hill,shrb,../textures10/loveg/shrub_tmp_sdry_hill_d.dds
terrain10,sq_crpirg_vhot_wet_hill,sq,../textures10/human/crpmo_hot_wet_flat_c.dds
terrain10,sp_vcld_dry_hill,sp,../textures10/loveg/sprs_cld_dry_hill_d.dds
terrain10,ice_vpol_rain_flat,ice,../textures10/soil/ice_pol_sflat.dds
terrain10,red_sand_wrm_sdry_hill,red,../textures10/soil/sand_wrm_sflat_c.dds
terrain10,rock_pol_rain_sflat,rock,../textures10/soil/rock_pol_wet_sflat_d.dds
terrain10,broad_cld_rain_hill,broad,../textures10/hiveg/broadl_tmp_wet_hill_d.dds
terrain10,mine_wrm_wet_hill,mine,../textures10/human/mine_wrm_hill_d.dds
terrain10,orch_hot_sdry_hill,orch,../textures10/human/crpmo_hot_wet_sflat_d.dds
terrain10,fruit_hot_sdry_hill,fruit,../textures10/human/crpmo_hot_wet_sflat_d.dds
terrain10,sq_orch_wrm_wet_hill,sq,../textures10/human/crp_hot_wet_sflat_d.dds
terrain10,red_sq_crp_tmp_sdry_hill,red,../textures10/human/crpmo_tmp_sdry_sflat_d.dds
terrain10,rock_vcld_wet_steep,rock,../textures10/soil/rock_vcld_wet_steep_d.dds
terrain10,snow_pol_sdry_steep,snow,../textures10/soil/snow_vcld_rain_steep_d.dds
terrain10,snow_tmp_wet_flat_lo,snow,../textures10/soil/rock_cld_sdry_flat_c.dds
terrain10,sq_fruit_hot_rain_hill,sq,../textures10/human/crp_hot_wet_sflat_d.dds
terrain10,red_sq_crpirg_tmp_dry_hill,red,../textures10/human/crpmo_tmp_sdry_sflat_d.dds
terrain10,rivbd_cld_sdry_hill,rivbd,../textures10/soil/scree_dry_bare_d.dds
terrain10,snow_cld_sdry_sflat_lo,snow,../textures10/soil/rock_cld_wet_sflat_d.dds
terrain10,ice_tmp_wet_steep,ice,../textures10/soil/cliff_ice_cld.dds
terrain10,sp_pol_wet_hill,sp,../textures10/loveg/sprs_vcld_rain_hill_d.dds
terrain10,any_hot_sdry_tr_hill,any,../textures10/loveg/sprs_wrm_dry_hill_d.dds
terrain10,broad_vhot_wet_hill_sp,broad,../textures10/hiveg/broadl_sp_wrm_wet_hill_d.dds
terrain10,snow_cld_dry_flat_lo,snow,../textures10/soil/rock_cld_sdry_flat_c.dds
terrain10,red_grass_wrm_dry_hill,red,../textures10/loveg/grass_wrm_dry_sflat_d.dds
terrain10,ice_cld_rain_hill,ice,../textures10/soil/ice_cld_wet_hill_d.dds
terrain10,sq_crp_tmp_rain_hill,sq,../textures10/human/crp_tmp_wet_hill_d.dds
terrain10,sq_fruit_tmp_wet_hill,sq,../textures10/human/fruit_tmp_sdry_sflat.dds
terrain10,sq_crpirg_tmp_dry_hill,sq,../textures10/human/crp_tmp_dry_sflat_sq_s.dds
terrain10,ice_tmp_wet_steep_tp,ice,../textures10/soil/ice_cld_wet_hill_d.dds
terrain10,ice_pol_dry_steep,ice,../textures10/soil/ice_pol_tp_d.dds
terrain10,sq_fruit_hot_dry_hill,sq,../textures10/human/crp_wrm_dry_hill_d.dds
terrain10,sq_crpirg_hot_wet_hill,sq,../textures10/human/crpmo_hot_wet_flat_c.dds
terrain10,coni_wrm_dry_hill,coni,../textures10/hiveg/coni_wrm_dry_hill_d.dds
terrain10,snow_pol_wet_sflat,snow,../textures10/soil/snow_pol_rain_hill_d.dds
terrain10,rock_vpol_wet_hill,rock,../textures10/soil/snow_vcld_rain_hill_d.dds
terrain10,tun_shrb_vcld_sdry_hill,tun,../textures10/loveg/tund_grass_vcld_sdry_hill_d.dds
terrain10,ice_vcld_sdry_sflat_lo,ice,../textures10/soil/ice_vcld_wet_sflat_d.dds
terrain10,crpirg_wrm_sdry_hill,crpirg,../textures10/human/crpmo_wrm_sdry_hill_d.dds
terrain10,pastr_vcld_dry_steep,pastr,../textures10/loveg/sprs_cld_dry_hill_d.dds
terrain10,sq_crp_wrm_wet_hill,sq,../textures10/human/crpmo_hot_wet_flat_c.dds
terrain10,rock_vcld_rain_hill,rock,../textures10/soil/rock_vcld_wet_hill_d.dds
terrain10,broad_tmp_rain_hill,broad,../textures10/hiveg/broadl_tmp_wet_hill_d.dds
terrain10,red_crpirg_hot_dry_hill,red,../textures10/human/crp_wrm_sdry_sflat_d.dds
terrain10,ice_vcld_wet_steep_tp,ice,../textures10/soil/ice_pol_tp_d.dds
terrain10,any_wrm_wet_hill,any,../textures10/loveg/shrub_wrm_wet_hill_d.dds
terrain10,rivbd_vhot_rain_hill,rivbd,../textures10/soil/scree_wrm_wet_sprs_d.dds
terrain10,ice_cld_rain_sflat_lo,ice,../textures10/soil/ice_cld_wet_sflat_d.dds
terrain10,red_rock_tmp_dry_sflat,red,../textures10/soil/red_rock_wrm_dry_sflat_d.dds
terrain10,morn_cld_dry_hill,morn,../textures10/soil/morn_cld_sdry_hill_d.dds
terrain10,red_pastr_wrm_sdry_hill,red,../textures10/human/pastr_wrm_sdry_sflat_d.dds
terrain10,ice_cld_rain_steep,ice,../textures10/soil/ice_cld_wet_steep_d.dds
terrain10,tun_grass_vcld_sdry_steep,tun,../textures10/loveg/sprs_cld_sdry_steep_d.dds
terrain10,snow_vcld_sdry_hill,snow,../textures10/soil/rock_pol_wet_hill_d.dds
terrain10,snow_tmp_dry_sflat,snow,../textures10/soil/rock_cld_wet_sflat_d.dds
terrain10,shrb_tmp_sdry_hill,shrb,../textures10/loveg/shrub_tmp_sdry_hill_d.dds
terrain10,rock_vpol_dry_steep,rock,../textures10/soil/cliff_vpol_dry.dds
terrain10,ice_vcld_rain_sflat,ice,../textures10/soil/ice_vcld_wet_sflat_d.dds
terrain10,sq_crp_cld_rain_hill,sq,../textures10/human/crpmo_tmp_wet_sflat_d.dds
terrain10,red_rock_tmp_dry_fl,red,../textures10/soil/red_rock_wrm_dry_sflat_d.dds
terrain10,sand_pol_dry_hill,sand,../textures10/soil/scree_vcld_wet_d.dds
terrain10,red_crpm_hot_dry_hill,red,../textures10/human/crp_wrm_dry_hill_d.dds
terrain10,ice_tmp_wet_flat,ice,../textures10/soil/ice_cld_wet_sflat_d.dds
terrain10,rock_tmp_rain_sflat,rock,../textures10/soil/rock_cld_wet_sflat_d.dds
terrain10,shrb_cld_dry_hill,shrb,../textures10/loveg/shrub_tmp_dry_hill_d.dds
terrain10,snow_tmp_wet_sflat_lo,snow,../textures10/soil/rock_cld_wet_sflat_d.dds
terrain10,pastr_pol_wet_hill,pastr,../textures10/loveg/tund_grass_vcld_sdry_hill_d.dds
terrain10,snow_vpol_rain_steep,snow,../textures10/soil/rock_vpol_steep_d.dds
terrain10,ice_vpol_wet_steep_tp,ice,../textures10/soil/ice_vpol_tp_d.dds
terrain10,sand_vhot_wet_hill,sand,../textures10/soil/sand_hot_sflat_c.dds
terrain10,ice_tmp_rain_hill,ice,../textures10/soil/ice_cld_wet_hill_d.dds
terrain10,rivbd_tmp_sdry_hill,rivbd,../textures10/soil/scree_dry_bare_d.dds
terrain10,semidry_crptwnhill_irr,semidry,../textures10/human/crpmo_tmp_sdry_sflat_d.dds
terrain10,ice_cld_wet_steep,ice,../textures10/soil/ice_cld_wet_steep_d.dds
terrain10,snow_tmp_sdry_steep,snow,../textures10/soil/rock_vcld_wet_steep_d.dds
terrain10,sand_hot_dry_steep,sand,../textures10/soil/rock_hot_dry_hill_d.dds
terrain10,red_pastr_vhot_dry_hill,red,../textures10/loveg/grass_hot_dry_sflat_d.dds
terrain10,snow_tmp_sdry_hill,snow,../textures10/loveg/sprs_cld_sdry_hill_d.dds
terrain10,snow_pol_rain_flat_lo,snow,../textures10/soil/snow_pol_rain_hill_d.dds
terrain10,shrb_cld_sdry_steep,shrb,../textures10/loveg/shrub_cld_sdry_steep_d.dds
terrain10,mine_cld_sdry_hill,mine,../textures10/human/mine_cld_hill_d.dds
terrain10,grass_wrm_wet_hill,grass,../textures10/loveg/grass_wrm_wet_hill_d.dds
terrain10,snow_vcld_dry_sflat,snow,../textures10/soil/rock_vcld_wet_sflat_d.dds
terrain10,any_cld_rain_hill,any,../textures10/loveg/sprs_cld_wet_hill_d.dds
terrain10,snow_pol_dry_hill,snow,../textures10/soil/rock_vpol_wet_hill_d.dds
terrain10,rock_vpol_rain_sflat,rock,../textures10/soil/snow_vcld_rain_hill_d.dds
terrain10,snow_pol_rain_sflat_lo,snow,../textures10/soil/snow_pol_rain_hill_d.dds
terrain10,red_rock_tmp_sdry_hill,red,../textures10/soil/red_rock_tmp_dry_hill_d.dds
terrain10,crpirg_vhot_dry_hill,crpirg,../textures10/human/crp_wrm_dry_hill_d.dds
terrain10,sq_crpirg_cld_dry_hill,sq,../textures10/human/crp_tmp_dry_sflat_sq_s.dds
terrain10,rock_cld_sdry,rock,../textures10/soil/rock_cld_sdry_flat_c.dds
terrain10,sq_orch_vhot_wet_hill,sq,../textures10/human/crp_hot_wet_sflat_d.dds
terrain10,red_rock_tmp_sdry_fl,red,../textures10/soil/red_rock_wrm_dry_sflat_d.dds
terrain10,sand_pol_rain_steep,sand,../textures10/soil/scree_vcld_wet_d.dds
terrain10,ice_tmp_sdry_flat_lo,ice,../textures10/soil/ice_cld_wet_sflat_d.dds
terrain10,red_rock_wrm_dry_fl_md,red,../textures10/soil/red_rock_tmp_dry_hill_d.dds
terrain10,red_fruit_tmp_sdry_hill,red,../textures10/human/fruit_tmp_sdry_sflat.dds
terrain10,ice_pol_dry_flat_lo,ice,../textures10/soil/ice_pol_sflat.dds
terrain10,sp_vhot_wet_hill,sp,../textures10/human/crpmo_hot_wet_hill_d.dds
terrain10,coni_tmp_rain_hill_sp,coni,../textures10/hiveg/broadl_sp_tmp_wet_hill_d.dds
terrain10,rock_hot_wet_steep,rock,../textures10/soil/rock_wrm_wet_steep_d.dds
terrain10,grass_cld_rain_hill,grass,../textures10/loveg/grass_cld_rain_hill_d.dds
terrain10,tun_sp_cld_wet_hill,tun,../textures10/loveg/tund_sp_cld_sdry_hill_d.dds
terrain10,tun_sp_pol_rain_hill,tun,../textures10/loveg/sprs_vcld_rain_hill_d.dds
terrain10,rock_tmp_dry_fl,rock,../textures10/soil/rock_tmp_dry_sflat_d.dds
terrain10,rock_tmp_sdry_fl_md,rock,../textures10/soil/rock_tmp_sdry_sflat_d.dds
terrain10,pastr_vcld_sdry_steep,pastr,../textures10/loveg/sprs_cld_sdry_steep_d.dds
terrain10,snow_cld_rain_flat_lo,snow,../textures10/soil/rock_vcld_rain_flat_c.dds
terrain10,grass_pol_dry_steep,grass,../textures10/loveg/sprs_cld_dry_hill_d.dds
terrain10,ice_cld_wet_flat,ice,../textures10/soil/ice_cld_wet_sflat_d.dds
terrain10,snow_vpol_wet_sflat,snow,../textures10/soil/snow_pol_rain_hill_d.dds
terrain10,red_sq_pastr_tmp_dry_hill,red,../textures10/loveg/grass_tmp_dry_sflat_d.dds
terrain10,ice_vcld_dry_flat,ice,../textures10/soil/ice_vcld_wet_sflat_d.dds
terrain10,red_rock_wrm_dry_fl_tp,red,../textures10/soil/red_rock_wrm_dry_sflat_d.dds
terrain10,crp_vhot_wet_hill,crp,../textures10/human/crpmo_hot_wet_hill_d.dds
terrain10,grass_vcld_rain_hill,grass,../textures10/loveg/grass_cld_wet_hill_d.dds
terrain10,red_rock_tmp_dry_hill,red,../textures10/soil/red_rock_tmp_dry_hill_d.dds
terrain10,snow_vcld_dry_flat_lo,snow,../textures10/soil/rock_vcld_rain_flat_c.dds
terrain10,rock_vcld_wet,rock,../textures10/soil/rock_vcld_sdry_flat_c.dds
terrain10,shrb_hot_wet_hill,shrb,../textures10/loveg/shrub_wrm_wet_hill_d.dds
terrain10,any_vhot_dry_tr_hill,any,../textures10/loveg/shrub_hot_dry_hill_d.dds
terrain10,red_sp_vhot_sdry_hill,red,../textures10/loveg/sprs_wrm_sdry_hill_d.dds
terrain10,sand_vcld_dry_hill,sand,../textures10/soil/scree_vcld_wet_d.dds
terrain10,red_rock_wrm_sdry_steep,red,../textures10/soil/red_rock_wrm_dry_hill_d.dds
terrain10,snow_cld_sdry_hill,snow,../textures10/soil/rock_vcld_wet_hill_d.dds
terrain10,rock_tmp_sdry_fl_tp,rock,../textures10/soil/rock_tmp_sdry_sflat_d.dds
terrain10,shrb_tmp_dry_hill,shrb,../textures10/loveg/shrub_tmp_dry_hill_d.dds
terrain10,red_sq_grass_tmp_sdry_hill,red,../textures10/loveg/grass_tmp_sdry_hill_d.dds
terrain10,mine_tmp_sdry_hill,mine,../textures10/human/mine_cld_hill_d.dds
terrain10,ice_vpol_sdry_flat_lo,ice,../textures10/soil/ice_pol_sflat.dds
terrain10,any_tmp_rain_hill,any,../textures10/loveg/sprs_cld_wet_hill_d.dds
terrain10,red_sand_vhot_dry_hill,red,../textures10/soil/sand_hot_sflat_c.dds
terrain10,ice_vcld_sdry_flat_lo,ice,../textures10/soil/ice_vcld_wet_sflat_d.dds
terrain10,coni_vcld_rain_hill_sp,coni,../textures10/loveg/shrub_vcld_rain_steep_d.dds
terrain10,morn_tmp_dry_hill,morn,../textures10/soil/morn_cld_sdry_hill_d.dds
terrain10,rock_cld_wet,rock,../textures10/soil/rock_cld_wet_sflat_d.dds
terrain10,crp_vhot_sdry_hill,crp,../textures10/human/crpmo_wrm_sdry_hill_d.dds
terrain10,red_sand_wrm_dry_hill,red,../textures10/soil/sand_wrm_sflat_c.dds
terrain10,crpirg_wrm_dry_hill,crpirg,../textures10/human/crp_wrm_dry_hill_d.dds
terrain10,grass_tmp_rain_hill,grass,../textures10/loveg/grass_cld_rain_hill_d.dds
terrain10,red_sq_crp_tmp_dry_hill,red,../textures10/human/crpmo_tmp_sdry_sflat_d.dds
terrain10,sq_pastr_vhot_wet_hill,sq,../textures10/human/pastr_wrm_sdry_sflat_d.dds
terrain10,rock_hot_rain_hill,rock,../textures10/soil/rock_wrm_wet_sflat_d.dds
terrain10,sq_grass_tmp_sdry_hill,sq,../textures10/loveg/grass_tmp_sdry_hill_d.dds
terrain10,ice_vpol_rain_sflat_lo,ice,../textures10/soil/ice_pol_sflat.dds
terrain10,coni_hot_rain_hill_sp,coni,../textures10/hiveg/broadl_sp_wrm_wet_hill_d.dds
terrain10,ice_pol_sdry_sflat_lo,ice,../textures10/soil/ice_pol_sflat.dds
terrain10,broad_wrm_wet_hill,broad,../textures10/hiveg/broadl_wrm_wet_hill_d.dds
terrain10,snow_vpol_dry_hill,snow,../textures10/soil/ice_pol_tp_d.dds
terrain10,mine_vcld_sdry_hill,mine,../textures10/human/mine_cld_hill_d.dds
terrain10,sand_tmp_rain_steep,sand,../textures10/soil/scree_dry_bare_d.dds
terrain10,red_sq_orch_hot_dry_hill,red,../textures10/human/crpmo_wrm_dry_sflat_d.dds
terrain10,crp_wrm_wet_hill,crp,../textures10/human/crpmo_hot_wet_hill_d.dds
terrain10,broad_vcld_rain_hill,broad,../textures10/hiveg/broadl_tmp_wet_hill_d.dds
terrain10,any_vhot_rain_tr_hill,any,../textures10/loveg/shrub_wrm_wet_hill_d.dds
terrain10,red_sp_vhot_sdry_tr_hill,red,../textures10/soil/rock_hot_dry_hill_d.dds
terrain10,broad_vcld_wet_hill,broad,../textures10/hiveg/broadl_tmp_wet_hill_d.dds
terrain10,rock_pol_rain_steep,rock,../textures10/soil/rock_pol_rain_steep_d.dds
terrain10,snow_vpol_wet_flat,snow,../textures10/soil/snow_pol_rain_hill_d.dds
terrain10,orch_wrm_dry_hill,orch,../textures10/human/crp_tmp_dry_hill_d.dds
terrain10,sq_crp_wrm_sdry_hill,sq,../textures10/human/crp_tmp_sdry_sflat_d.dds
terrain10,snow_cld_dry_steep,snow,../textures10/soil/rock_vcld_wet_steep_d.dds
terrain10,tun_sp_vcld_sdry_hill,tun,../textures10/loveg/sprs_cld_sdry_hill_d.dds
terrain10,red_shrb_hot_dry_hill,red,../textures10/loveg/red_shrub_hot_dry_hill_d.dds
terrain10,coni_tmp_wet_hill_sp,coni,../textures10/hiveg/broadl_sp_tmp_wet_hill_d.dds
terrain10,ice_vcld_rain_steep_tp,ice,../textures10/soil/ice_pol_tp_d.dds
terrain10,crpm_cld_dry_hill,crpm,../textures10/human/crp_cld_sdry_flat_c.dds
terrain10,snow_pol_sdry_sflat,snow,../textures10/soil/snow_vcld_rain_hill_d.dds
terrain10,rock_pol_sdry,rock,../textures10/soil/rock_pol_wet_sflat_d.dds
terrain10,rock_vcld_wet_sflat,rock,../textures10/soil/rock_vcld_wet_sflat_d.dds
terrain10,red_crp_vhot_dry_hill,red,../textures10/human/crp_wrm_dry_hill_d.dds
terrain10,any_pol_dry_hill,any,../textures10/soil/rock_vcld_wet_hill_d.dds
terrain10,rock_tmp_wet_hill,rock,../textures10/soil/rock_tmp_wet_steep_d.dds
terrain10,rock_hot_dry_hill,rock,../textures10/soil/rock_hot_dry_hill_d.dds
terrain10,grass_vhot_dry_hill,grass,../textures10/loveg/grass_hot_dry_sflat_d.dds
terrain10,ice_cld_sdry_steep_tp,ice,../textures10/soil/ice_cld_wet_hill_d.dds
terrain10,snow_pol_rain_hill,snow,../textures10/soil/snow_pol_rain_steep_d.dds
terrain10,fruit_vhot_sdry_hill,fruit,../textures10/human/crpmo_hot_wet_sflat_d.dds
terrain10,sq_crpirg_hot_sdry_hill,sq,../textures10/human/crp_tmp_dry_sflat_d.dds
terrain10,crpirg_cld_rain_hill,crpirg,../textures10/human/crp_tmp_wet_hill_d.dds
terrain10,ice_tmp_wet_sflat,ice,../textures10/soil/ice_cld_wet_sflat_d.dds
terrain10,rock_vcld_dry_fl_tp,rock,../textures10/soil/rock_vcld_sdry_flat_c.dds
terrain10,pastr_wrm_dry_hill,pastr,../textures10/loveg/grass_wrm_dry_sflat_d.dds
terrain10,broad_hot_rain_hill_sp,broad,../textures10/hiveg/broadl_sp_wrm_wet_hill_d.dds
terrain10,red_orch_vhot_sdry_hill,red,../textures10/human/crpmo_hot_wet_sflat_d.dds
terrain10,any_vhot_dry_hill,any,../textures10/loveg/shrub_hot_dry_hill_d.dds
terrain10,ice_pol_dry_sflat,ice,../textures10/soil/ice_pol_sflat.dds
terrain10,any_vhot_sdry_hill,any,../textures10/soil/rock_wrm_sdry_steep_d.dds
terrain10,sand_wrm_wet_hill,sand,../textures10/soil/sand_wrm_sflat_c.dds
terrain10,red_sp_hot_sdry_tr_hill,red,../textures10/soil/rock_hot_dry_hill_d.dds
terrain10,red_rock_hot_sdry_fl_md,red,../textures10/soil/red_rock_tmp_dry_hill_d.dds
terrain10,ice_cld_dry_hill,ice,../textures10/soil/ice_cld_wet_hill_d.dds
terrain10,red_fruit_tmp_dry_hill,red,../textures10/human/fruit_tmp_sdry_sflat.dds
terrain10,crpm_tmp_sdry_hill,crpm,../textures10/human/crpmo_tmp_sdry_sflat_d.dds
terrain10,fruit_vhot_wet_hill,fruit,../textures10/human/crpmo_hot_wet_hill_d.dds
terrain10,orch_vhot_wet_hill,orch,../textures10/human/crpmo_hot_wet_hill_d.dds
terrain10,ice_vcld_wet_hill,ice,../textures10/soil/ice_vcld_wet_hill_d.dds
terrain10,rivbd_wrm_rain_hill,rivbd,../textures10/soil/rivbd_tmp_wet_sflat_d.dds
terrain10,red_rock_tmp_dry_steep,red,../textures10/soil/red_rock_wrm_dry_steep_d.dds
terrain10,rock_vcld_dry_fl_md,rock,../textures10/soil/rock_cld_sdry_flat_c.dds
terrain10,any_pol_sdry_hill,any,../textures10/soil/rock_vpol_wet_hill_d.dds
terrain10,red_sand_wrm_sdry_steep,red,../textures10/soil/red_rock_tmp_dry_hill_d.dds
terrain10,snow_vpol_wet_sflat_lo,snow,../textures10/soil/snow_pol_rain_hill_d.dds
terrain10,sq_crp_vhot_sdry_hill,sq,../textures10/human/crp_tmp_sdry_sflat_d.dds
terrain10,snow_pol_wet_steep,snow,../textures10/soil/snow_vcld_rain_steep_d.dds
terrain10,rock_vpol_dry_sflat,rock,../textures10/soil/rock_vcld_wet_sflat_d.dds
terrain10,red_rock_hot_sdry_fl_tp,red,../textures10/soil/red_rock_wrm_dry_sflat_d.dds
terrain10,snow_tmp_dry_steep,snow,../textures10/soil/rock_vcld_wet_steep_d.dds
terrain10,sand_hot_sdry_hill,sand,../textures10/soil/sand_hot_sflat_c.dds
terrain10,red_crpirg_tmp_sdry_hill,red,../textures10/human/crpmo_tmp_sdry_sflat_d.dds
terrain10,tun_grass_cld_sdry_steep,tun,../textures10/loveg/sprs_cld_sdry_steep_d.dds
terrain10,ice_cld_rain_sflat,ice,../textures10/soil/ice_cld_wet_sflat_d.dds
terrain10,coni_vcld_sdry_hill,coni,../textures10/hiveg/coni_cld_sdry_hill_d.dds
terrain10,broad_tmp_rain_hill_sp,broad,../textures10/hiveg/broadl_sp_tmp_wet_hill_d.dds
terrain10,salt_lake,salt,../textures10/soil/saltpan_flat_c.dds
terrain10,crpm_cld_sdry_hill,crpm,../textures10/human/crp_cld_sdry_flat_c.dds
terrain10,rock_tmp_rain_steep,rock,../textures10/soil/rock_tmp_wet_steep_d.dds
terrain10,shrb_wrm_rain_hill,shrb,../textures10/loveg/shrub_wrm_wet_hill_d.dds
terrain10,tun_sp_cld_sdry_hill,tun,../textures10/loveg/tund_sp_cld_sdry_hill_d.dds
terrain10,ice_vcld_rain_steep,ice,../textures10/soil/ice_vcld_wet_steep_d.dds
terrain10,grass_pol_sdry_hill,grass,../textures10/loveg/sprs_cld_sdry_hill_d.dds
terrain10,red_rock_vhot_sdry_fl,red,../textures10/soil/red_rock_wrm_dry_sflat_d.dds
terrain10,broad_wrm_sdry_hill,broad,../textures10/hiveg/broadl_wrm_sdry_hill_d.dds
terrain10,snow_tmp_sdry_sflat,snow,../textures10/soil/rock_cld_wet_sflat_d.dds
terrain10,rock_tmp_rain_fl,rock,../textures10/soil/rock_cld_wet_sflat_d.dds
terrain10,snow_vcld_wet_sflat_lo,snow,../textures10/soil/snow_vcld_sdry_sflat_d.dds
terrain10,ice_cld_wet_sflat,ice,../textures10/soil/ice_cld_wet_sflat_d.dds
terrain10,olives_wrm_wet_hill,olives,../textures10/human/olives_hill.dds
terrain10,snow_cld_rain_steep_tp,snow,../textures10/soil/rock_vcld_wet_steep_d.dds
terrain10,snow_pol_wet_flat,snow,../textures10/soil/snow_pol_rain_hill_d.dds
terrain10,sp_wrm_dry_hill,sp,../textures10/loveg/sprs_wrm_dry_hill_d.dds
terrain10,snow_vpol_rain_sflat,snow,../textures10/soil/snow_pol_rain_hill_d.dds
terrain10,crpirg_tmp_rain_hill,crpirg,../textures10/human/crp_tmp_wet_hill_d.dds
terrain10,sp_hot_sdry_hill,sp,../textures10/loveg/sprs_wrm_wet_hill_d.dds
terrain10,grass_pol_rain_steep,grass,../textures10/loveg/grass_cld_sdry_hill_d.dds
terrain10,sand_vcld_wet_steep,sand,../textures10/soil/scree_vcld_wet_d.dds
terrain10,snow_vcld_dry_steep,snow,../textures10/soil/rock_pol_rain_steep_d.dds
terrain10,rock_vpol_sdry_hill,rock,../textures10/soil/rock_pol_wet_hill_d.dds
terrain10,tun_shrb_vcld_dry_steep,tun,../textures10/loveg/tund_grass_vcld_sdry_hill_d.dds
terrain10,fruit_tmp_wet_hill,fruit,../textures10/human/fruit_tmp_sdry_sflat.dds
terrain10,pastr_vcld_sdry_hill,pastr,../textures10/loveg/tund_grass_vcld_sdry_hill_d.dds
terrain10,red_orch_vhot_dry_hill,red,../textures10/human/crpmo_wrm_dry_sflat_d.dds
terrain10,any_vcld_wet_hill,any,../textures10/loveg/sprs_cld_rain_hill_d.dds
terrain10,ice_tmp_dry_hill,ice,../textures10/soil/ice_cld_wet_hill_d.dds
terrain10,rock_hot_dry_fl_tp,rock,../textures10/soil/rock_wrm_dry_flat_c.dds
terrain10,sp_vcld_rain_hill,sp,../textures10/loveg/sprs_vcld_rain_hill_d.dds
terrain10,snow_cld_dry_sflat_lo,snow,../textures10/soil/rock_cld_wet_sflat_d.dds
terrain10,fruit_hot_dry_hill,fruit,../textures10/human/crpmo_wrm_dry_sflat_d.dds
terrain10,rivbd_wrm_wet_hill,rivbd,../textures10/soil/rivbd_tmp_wet_sflat_d.dds
terrain10,rock_vpol_rain_steep,rock,../textures10/soil/rock_pol_rain_steep_d.dds
terrain10,snow_vpol_rain_hill,snow,../textures10/soil/ice_pol_tp_d.dds
terrain10,dry_crptwnhill_irr,dry,../textures10/human/crpmo_wrm_dry_sflat_d.dds
terrain10,red_rock_vhot_dry_fl_md,red,../textures10/soil/red_rock_tmp_dry_hill_d.dds
terrain10,red_sq_pastr_vhot_sdry_hill,red,../textures10/human/pastr_wrm_sdry_sflat_d.dds
terrain10,snow_pol_dry_sflat_lo,snow,../textures10/soil/snow_vcld_rain_hill_d.dds
terrain10,ice_vpol_sdry_steep_tp,ice,../textures10/soil/rock_vpol_steep_d.dds
terrain10,any_hot_dry_tr_hill,any,../textures10/loveg/shrub_hot_dry_hill_d.dds
terrain10,ice_pol_rain_steep_tp,ice,../textures10/soil/ice_vpol_tp_d.dds
terrain10,rock_hot_wet_sflat,rock,../textures10/soil/rock_wrm_wet_sflat_d.dds
terrain10,crpm_hot_wet_hill,crpm,../textures10/human/crpmo_hot_wet_hill_d.dds
terrain10,grass_vcld_wet_hill,grass,../textures10/loveg/grass_cld_wet_hill_d.dds
terrain10,rock_cld_wet_hill,rock,../textures10/soil/rock_cld_wet_hill_d.dds
terrain10,red_sp_wrm_dry_hill,red,../textures10/loveg/sprs_wrm_dry_hill_d.dds
terrain10,red_crpm_vhot_sdry_hill,red,../textures10/human/crpmo_wrm_dry_sflat_d.dds
terrain10,sq_orch_hot_sdry_hill,sq,../textures10/human/crp_tmp_sdry_sflat_d.dds
terrain10,crpm_tmp_dry_hill,crpm,../textures10/human/crp_tmp_dry_hill_d.dds
terrain10,snow_pol_sdry_steep_tp,snow,../textures10/soil/rock_pol_wet_hill_d.dds
terrain10,ice_vcld_sdry_flat,ice,../textures10/soil/ice_vcld_wet_sflat_d.dds
terrain10,red_crp_wrm_sdry_hill,red,../textures10/human/crp_wrm_sdry_sflat_d.dds
terrain10,grass_wrm_sdry_hill,grass,../textures10/loveg/grass_tmp_sdry_hill_d.dds
terrain10,red_rock_vhot_dry_fl_tp,red,../textures10/soil/red_rock_wrm_dry_sflat_d.dds
terrain10,coni_hot_rain_hill,coni,../textures10/hiveg/coni_wrm_wet_hill_d.dds
terrain10,snow_vpol_wet_steep,snow,../textures10/soil/rock_vpol_steep_d.dds
terrain10,red_sp_vhot_dry_tr_hill,red,../textures10/soil/rock_hot_dry_hill_d.dds
terrain10,pastr_hot_rain_hill,pastr,../textures10/hiveg/broadl_sp_wrm_wet_hill_d.dds
terrain10,sp_vhot_rain_tr_hill,sp,../textures10/human/crpmo_hot_wet_hill_d.dds
terrain10,pastr_pol_sdry_steep,pastr,../textures10/loveg/tund_grass_vcld_sdry_hill_d.dds
terrain10,shrb_cld_dry_steep,shrb,../textures10/loveg/shrub_cld_sdry_steep_d.dds
terrain10,sq_pastr_hot_sdry_hill,sq,../textures10/human/pastr_wrm_sdry_sflat_d.dds
terrain10,sand_vcld_rain_hill,sand,../textures10/soil/scree_vcld_wet_d.dds
terrain10,red_rock_wrm_sdry_sflat,red,../textures10/soil/red_rock_wrm_dry_sflat_d.dds
terrain10,sq_crp_vhot_dry_hill,sq,../textures10/human/crp_tmp_dry_hill_d.dds
terrain10,grass_pol_dry_hill,grass,../textures10/loveg/sprs_cld_dry_hill_d.dds
terrain10,red_sand_wrm_dry_steep,red,../textures10/soil/red_rock_tmp_dry_hill_d.dds
terrain10,ice_cld_dry_steep_tp,ice,../textures10/soil/ice_cld_wet_hill_d.dds
terrain10,rainf_crptwnhill_irr,rainf,../textures10/human/crpmo_hot_rain_sflat_d.dds
terrain10,ice_pol_dry_steep_tp,ice,../textures10/soil/rock_pol_rain_steep_d.dds
terrain10,any_wrm_sdry_hill,any,../textures10/loveg/sprs_wrm_sdry_hill_d.dds
terrain10,mine_wrm_rain_hill,mine,../textures10/human/mine_wrm_hill_d.dds
terrain10,broad_vhot_rain_hill_sp,broad,../textures10/hiveg/broadl_sp_wrm_wet_hill_d.dds
terrain10,ice_pol_sdry_hill,ice,../textures10/soil/ice_pol_hill_d.dds
terrain10,crp_hot_sdry_hill,crp,../textures10/human/crpmo_wrm_sdry_hill_d.dds
terrain10,shrb_vcld_sdry_steep,shrb,../textures10/loveg/shrub_cld_sdry_steep_d.dds
terrain10,coni_vhot_wet_hill_sp,coni,../textures10/hiveg/broadl_sp_wrm_wet_hill_d.dds
terrain10,ice_vpol_wet_flat_lo,ice,../textures10/soil/ice_pol_sflat.dds
terrain10,red_sq_pastr_hot_sdry_hill,red,../textures10/human/pastr_wrm_sdry_sflat_d.dds
terrain10,rock_hot_dry_fl_md,rock,../textures10/soil/rock_hot_dry_sflat_d.dds
terrain10,rock_tmp_dry_fl_tp,rock,../textures10/soil/rock_tmp_dry_sflat_d.dds
terrain10,sand_cld_dry_hill,sand,../textures10/soil/scree_dry_bare_d.dds
terrain10,red_sq_olives_wrm_dry_hill,red,../textures10/human/olives_hill.dds
terrain10,coni_cld_rain_hill,coni,../textures10/hiveg/coni_tmp_wet_hill_d.dds
terrain10,rivbd_tmp_dry_hill,rivbd,../textures10/soil/scree_dry_bare_d.dds
terrain10,snow_vcld_rain_steep,snow,../textures10/soil/snow_vcld_rain_steep_d.dds
terrain10,salt_lake_hem,salt,../textures10/soil/salthem_flat.dds
terrain10,fruit_wrm_dry_hill,fruit,../textures10/human/crp_tmp_dry_hill_d.dds
terrain10,rivbd_hot_wet_hill,rivbd,../textures10/soil/scree_wrm_wet_sprs_d.dds
terrain10,pastr_pol_dry_steep,pastr,../textures10/loveg/sprs_cld_dry_hill_d.dds
terrain10,tun_shrb_cld_rain_hill,tun,../textures10/loveg/tund_shrb_cld_wet_hill_d.dds
terrain10,sp_hot_sdry_tr_hill,sp,../textures10/loveg/sprs_wrm_wet_hill_d.dds
terrain10,ice_vcld_wet_flat_lo,ice,../textures10/soil/ice_vcld_wet_sflat_d.dds
terrain10,rock_vcld_sdry_md,rock,../textures10/soil/rock_vcld_wet_hill_d.dds
terrain10,sp_tmp_sdry_hill,sp,../textures10/loveg/sprs_tmp_sdry_hill_d.dds
terrain10,rock_hot_sdry_fl_md,rock,../textures10/soil/rock_wrm_wet_sflat_d.dds
terrain10,ice_vpol_rain_sflat,ice,../textures10/soil/ice_pol_sflat.dds
terrain10,rock_cld_dry_fl,rock,../textures10/soil/rock_cld_sdry_flat_c.dds
terrain10,snow_tmp_sdry_sflat_lo,snow,../textures10/soil/rock_cld_wet_sflat_d.dds
terrain10,sand_vhot_rain_hill,sand,../textures10/soil/sand_hot_sflat_c.dds
terrain10,sq_orch_vhot_rain_hill,sq,../textures10/human/crp_hot_wet_sflat_d.dds
terrain10,pastr_cld_wet_hill,pastr,../textures10/loveg/grass_cld_wet_hill_d.dds
terrain10,rock_cld_wet_md,rock,../textures10/soil/rock_cld_wet_hill_d.dds
terrain10,red_pastr_tmp_dry_hill,red,../textures10/loveg/grass_tmp_dry_sflat_d.dds
terrain10,orch_vhot_sdry_hill,orch,../textures10/human/crpmo_hot_wet_sflat_d.dds
terrain10,pastr_cld_rain_hill,pastr,../textures10/loveg/grass_cld_wet_hill_d.dds
terrain10,sand_vhot_sdry_steep,sand,../textures10/soil/rock_hot_dry_hill_d.dds
terrain10,crp_cld_sdry_hill,crp,../textures10/human/crp_cld_sdry_flat_c.dds
terrain10,snow_vcld_sdry_steep_tp,snow,../textures10/soil/rock_pol_rain_steep_d.dds
terrain10,morn_wrm_sdry_hill,morn,../textures10/soil/morn_cld_sdry_hill_d.dds
terrain10,snow_tmp_rain_flat,snow,../textures10/soil/rock_cld_sdry_flat_c.dds
terrain10,rock_pol_dry_sflat,rock,../textures10/soil/rock_cld_dry_sflat_d.dds
terrain10,morn_pol_dry_hill,morn,../textures10/soil/morn_vcld_wet_hill_d.dds
terrain10,crpm_wrm_wet_hill,crpm,../textures10/human/crpmo_hot_wet_hill_d.dds
terrain10,ice_pol_rain_steep,ice,../textures10/soil/ice_pol_steep_d.dds
terrain10,sq_orch_tmp_sdry_hill,sq,../textures10/human/crp_tmp_sdry_sflat_d.dds
terrain10,red_sp_hot_dry_hill,red,../textures10/loveg/red_shrub_hot_dry_hill_d.dds
terrain10,rock_vcld_wet_hill,rock,../textures10/soil/rock_vcld_wet_hill_d.dds
terrain10,sq_olives_wrm_dry_hill,sq,../textures10/human/olives_hill.dds
terrain10,rock_wrm_rain_fl_md,rock,../textures10/soil/rock_wrm_wet_sflat_d.dds
terrain10,rock_cld_dry_fl_md,rock,../textures10/soil/rock_cld_wet_hill_d.dds
terrain10,rock_pol_rain,rock,../textures10/soil/snow_vcld_wet_sflat_d.dds
terrain10,rock_vhot_rain_fl,rock,../textures10/soil/rock_wrm_sdry_flat_c.dds
terrain10,red_grass_vhot_dry_hill,red,../textures10/loveg/grass_hot_dry_sflat_d.dds
terrain10,rock_pol_rain_md,rock,../textures10/soil/rock_pol_wet_hill_d.dds
terrain10,ice_vcld_wet_sflat,ice,../textures10/soil/ice_vcld_wet_sflat_d.dds
terrain10,sq_dry_crptwnhill,sq,../textures10/human/crp_tmp_dry_sflat_sq_s.dds
terrain10,rock_tmp_wet_sflat,rock,../textures10/soil/rock_cld_wet_sflat_d.dds
terrain10,tun_shrb_cld_wet_steep,tun,../textures10/loveg/shrub_cld_rain_steep_d.dds
terrain10,sq_pastr_tmp_sdry_hill,sq,../textures10/loveg/grass_tmp_sdry_hill_d.dds
terrain10,rock_wrm_rain_fl_tp,rock,../textures10/soil/rock_wrm_sdry_flat_c.dds
terrain10,pastr_tmp_rain_hill,pastr,../textures10/loveg/grass_cld_wet_hill_d.dds
terrain10,snow_tmp_dry_hill,snow,../textures10/soil/rock_cld_wet_hill_d.dds
terrain10,red_sq_fruit_vhot_dry_hill,red,../textures10/human/crpmo_wrm_dry_sflat_d.dds
terrain10,sand_vhot_wet_steep,sand,../textures10/soil/rock_hot_dry_hill_d.dds
terrain10,ice_tmp_rain_steep,ice,../textures10/soil/cliff_ice_cld.dds
terrain10,sp_cld_wet_hill,sp,../textures10/loveg/sprs_cld_wet_hill_d.dds
terrain10,shrb_vcld_dry_hill,shrb,../textures10/loveg/tund_shrb_cld_wet_hill_d.dds
terrain10,sp_cld_sdry_hill,sp,../textures10/loveg/sprs_cld_sdry_hill_d.dds
terrain10,rock_vhot_rain_sflat,rock,../textures10/soil/rock_wrm_wet_sflat_d.dds
terrain10,morn_vcld_wet_hill,morn,../textures10/soil/morn_vcld_wet_hill_d.dds
terrain10,rock_pol_rain_tp,rock,../textures10/soil/snow_vcld_wet_sflat_d.dds
terrain10,tun_grass_cld_rain_hill,tun,../textures10/loveg/tund_grass_cld_wet_hill_d.dds
terrain10,sp_vhot_rain_hill,sp,../textures10/human/crpmo_hot_wet_hill_d.dds
terrain10,rock_cld_dry_fl_tp,rock,../textures10/soil/rock_cld_sdry_flat_c.dds
terrain10,rock_wrm_sdry_hill,rock,../textures10/soil/rock_wrm_sdry_steep_d.dds
terrain10,pastr_vhot_sdry_hill,pastr,../textures10/human/pastr_wrm_sdry_sflat_d.dds
terrain10,coni_tmp_rain_hill,coni,../textures10/hiveg/coni_tmp_wet_hill_d.dds
terrain10,sand_hot_rain_steep,sand,../textures10/soil/rock_hot_dry_hill_d.dds
terrain10,snow_cld_sdry_steep,snow,../textures10/soil/rock_vcld_wet_steep_d.dds
terrain10,sq_fruit_vhot_dry_hill,sq,../textures10/human/crp_wrm_dry_hill_d.dds
terrain10,sand_wrm_sdry_steep,sand,../textures10/soil/rock_hot_dry_hill_d.dds
terrain10,rock_cld_wet_sflat,rock,../textures10/soil/rock_cld_wet_sflat_d.dds
terrain10,rock_tmp_dry_fl_md,rock,../textures10/soil/rock_tmp_dry_hill_d.dds
terrain10,rivbd_vcld_dry_hill,rivbd,../textures10/soil/scree_dry_bare_d.dds
terrain10,red_sq_pastr_tmp_sdry_hill,red,../textures10/loveg/grass_tmp_sdry_hill_d.dds
terrain10,mine_vhot_wet_hill,mine,../textures10/human/mine_wrm_hill_d.dds
terrain10,ice_tmp_rain_sflat_lo,ice,../textures10/soil/ice_cld_wet_sflat_d.dds
terrain10,rock_cld_rain_sflat,rock,../textures10/soil/rock_cld_wet_sflat_d.dds
terrain10,broad_cld_rain_hill_sp,broad,../textures10/hiveg/broadl_sp_cld_wet_sflat_d.dds
terrain10,rock_cld_wet_tp,rock,../textures10/soil/rock_cld_wet_sflat_d.dds
terrain10,ice_vpol_dry_sflat,ice,../textures10/soil/ice_pol_sflat.dds
terrain10,tun_shrb_cld_sdry_steep,tun,../textures10/loveg/shrub_cld_sdry_steep_d.dds
terrain10,crp_tmp_sdry_hill,crp,../textures10/human/crpmo_tmp_sdry_sflat_d.dds
terrain10,red_rock_vhot_sdry_steep,red,../textures10/soil/red_rock_wrm_dry_hill_d.dds
terrain10,snow_cld_rain_flat,snow,../textures10/soil/rock_vcld_rain_flat_c.dds
terrain10,rock_vhot_wet_fl,rock,../textures10/soil/rock_wrm_sdry_flat_c.dds
terrain10,rock_vcld_sdry_tp,rock,../textures10/soil/rock_vcld_sdry_flat_c.dds
terrain10,rock_hot_sdry_fl_tp,rock,../textures10/soil/rock_wrm_wet_flat_c.dds
terrain10,rock_cld_sdry_md,rock,../textures10/soil/rock_cld_wet_hill_d.dds
terrain10,rock_wrm_dry_sflat,rock,../textures10/soil/rock_wrm_dry_sflat_d.dds
terrain10,morn_pol_sdry_hill,morn,../textures10/soil/morn_vcld_wet_hill_d.dds
terrain10,rock_vhot_sdry_fl_md,rock,../textures10/soil/rock_wrm_wet_sflat_d.dds
terrain10,rock_vhot_dry_hill,rock,../textures10/soil/rock_hot_dry_hill_d.dds
terrain10,ice_vpol_dry_steep_tp,ice,../textures10/soil/rock_vpol_steep_d.dds
terrain10,ice_cld_sdry_flat,ice,../textures10/soil/ice_cld_wet_sflat_d.dds
terrain10,rock_vhot_dry_fl_md,rock,../textures10/soil/rock_hot_dry_sflat_d.dds
terrain10,rock_wrm_dry_hill,rock,../textures10/soil/rock_wrm_dry_hill_d.dds
terrain10,snow_tmp_dry_sflat_lo,snow,../textures10/soil/rock_cld_wet_sflat_d.dds
terrain10,snow_vcld_dry_hill,snow,../textures10/soil/rock_pol_wet_sflat_d.dds
terrain10,orch_tmp_wet_hill,orch,../textures10/human/fruit_tmp_sdry_sflat.dds
terrain10,crpm_vhot_sdry_hill,crpm,../textures10/human/crpmo_wrm_sdry_hill_d.dds
terrain10,coni_vhot_sdry_hill,coni,../textures10/hiveg/coni_wrm_sdry_sflat_d.dds
terrain10,snow_vpol_rain_flat_lo,snow,../textures10/soil/snow_pol_rain_hill_d.dds
terrain10,snow_vpol_rain_steep_tp,snow,../textures10/soil/ice_pol_tp_d.dds
terrain10,red_shrb_wrm_sdry_hill,red,../textures10/loveg/red_shrub_tmp_sdry_hill_d.dds
terrain10,red_sq_fruit_wrm_sdry_hill,red,../textures10/human/semidry_fruithill.dds
terrain10,red_shrb_wrm_dry_hill,red,../textures10/loveg/red_shrub_wrm_dry_hill_d.dds
terrain10,orch_hot_dry_hill,orch,../textures10/human/crpmo_wrm_dry_sflat_d.dds
terrain10,sand_vcld_sdry_steep,sand,../textures10/soil/scree_vcld_wet_d.dds
terrain10,sand_cld_sdry_hill,sand,../textures10/soil/scree_dry_bare_d.dds
terrain10,rock_pol_dry,rock,../textures10/soil/rock_vcld_sdry_flat_c.dds
terrain10,grass_vcld_sdry_steep,grass,../textures10/loveg/sprs_cld_sdry_steep_d.dds
terrain10,sand_hot_wet_hill,sand,../textures10/soil/sand_hot_sflat_c.dds
terrain10,ice_vpol_sdry_hill,ice,../textures10/soil/ice_vpol_hill_d.dds
terrain10,rock_pol_wet_tp,rock,../textures10/soil/rock_pol_wet_sflat_d.dds
terrain10,rock_hot_rain_fl,rock,../textures10/soil/rock_wrm_sdry_flat_c.dds
terrain10,rivbd_cld_dry_hill,rivbd,../textures10/soil/scree_dry_bare_d.dds
terrain10,rock_vpol_rain_md,rock,../textures10/soil/rock_vpol_wet_hill_d.dds
terrain10,ice_pol_wet_flat,ice,../textures10/soil/ice_pol_sflat.dds
terrain10,snow_vcld_rain_flat_lo,snow,../textures10/soil/snow_vcld_wet_sflat_d.dds
terrain10,broad_vcld_rain_hill_sp,broad,../textures10/hiveg/broadl_sp_cld_wet_sflat_d.dds
terrain10,crpm_hot_sdry_hill,crpm,../textures10/human/crpmo_wrm_sdry_hill_d.dds
terrain10,sand_tmp_dry_hill,sand,../textures10/soil/scree_dry_bare_d.dds
terrain10,ice_vpol_dry_flat,ice,../textures10/soil/ice_pol_sflat.dds
terrain10,sq_fruit_wrm_sdry_hill,sq,../textures10/human/semidry_fruithill.dds
terrain10,pastr_tmp_wet_hill,pastr,../textures10/loveg/grass_cld_wet_hill_d.dds
terrain10,rock_vpol_dry,rock,../textures10/soil/rock_vcld_wet_sflat_d.dds
terrain10,ice_vcld_dry_steep_tp,ice,../textures10/soil/rock_pol_wet_steep_d.dds
terrain10,sq_crpirg_tmp_sdry_hill,sq,../textures10/human/crp_tmp_sdry_sflat_d.dds
terrain10,fruit_wrm_rain_hill,fruit,../textures10/human/crpmo_hot_rain_hill_d.dds
terrain10,orch_wrm_rain_hill,orch,../textures10/human/crpmo_hot_rain_hill_d.dds
terrain10,rock_wrm_wet_fl_tp,rock,../textures10/soil/rock_wrm_sdry_flat_c.dds
terrain10,pastr_hot_dry_hill,pastr,../textures10/loveg/grass_hot_dry_sflat_d.dds
terrain10,sq_grass_tmp_dry_hill,sq,../textures10/loveg/grass_tmp_dry_sflat_d.dds
terrain10,tun_grass_vcld_dry_steep,tun,../textures10/loveg/sprs_cld_sdry_steep_d.dds
terrain10,shrb_vcld_sdry_hill,shrb,../textures10/loveg/tund_shrb_cld_wet_hill_d.dds
terrain10,rock_vpol_rain_tp,rock,../textures10/soil/snow_vcld_wet_sflat_d.dds
terrain10,red_crpirg_hot_sdry_hill,red,../textures10/human/crp_wrm_sdry_sflat_d.dds
terrain10,sand_tmp_sdry_hill,sand,../textures10/soil/scree_dry_bare_d.dds
terrain10,tun_sp_pol_wet_hill,tun,../textures10/loveg/sprs_vcld_rain_hill_d.dds
terrain10,rivbd_vhot_wet_hill,rivbd,../textures10/soil/scree_wrm_wet_sprs_d.dds
terrain10,ice_tmp_dry_steep_tp,ice,../textures10/soil/ice_cld_wet_hill_d.dds
terrain10,rock_pol_wet_md,rock,../textures10/soil/rock_pol_wet_hill_d.dds
terrain10,mine_vcld_dry_hill,mine,../textures10/human/mine_cld_hill_d.dds
terrain10,rock_hot_rain_sflat,rock,../textures10/soil/rock_wrm_wet_sflat_d.dds
terrain10,rock_wrm_wet_fl_md,rock,../textures10/soil/rock_wrm_wet_sflat_d.dds
terrain10,ice_tmp_sdry_flat,ice,../textures10/soil/ice_cld_wet_sflat_d.dds
terrain10,red_rock_hot_dry_steep,red,../textures10/soil/red_rock_wrm_dry_steep_d.dds
terrain10,sq_fruit_vhot_rain_hill,sq,../textures10/human/crp_hot_wet_sflat_d.dds
terrain10,rock_vhot_wet_sflat,rock,../textures10/soil/rock_wrm_wet_sflat_d.dds
terrain10,sp_vhot_dry_tr_hill,sp,../textures10/loveg/sprs_hot_dry_hill_d.dds
terrain10,rock_vhot_sdry_fl_tp,rock,../textures10/soil/rock_wrm_wet_flat_c.dds
terrain10,sand_cld_rain_steep,sand,../textures10/soil/scree_dry_bare_d.dds
terrain10,sp_tmp_wet_hill,sp,../textures10/loveg/sprs_tmp_wet_hill_d.dds
terrain10,snow_cld_dry_hill,snow,../textures10/soil/rock_vcld_wet_hill_d.dds
terrain10,rock_vhot_dry_fl_tp,rock,../textures10/soil/rock_wrm_dry_flat_c.dds
terrain10,red_grass_wrm_sdry_hill,red,../textures10/loveg/grass_tmp_sdry_hill_d.dds
terrain10,red_sq_fruit_vhot_sdry_hill,red,../textures10/human/crpmo_hot_wet_sflat_d.dds
terrain10,crpirg_hot_rain_hill,crpirg,../textures10/human/crpmo_hot_rain_hill_d.dds
terrain10,rock_vcld_rain_sflat,rock,../textures10/soil/rock_vcld_wet_sflat_d.dds
terrain10,sp_hot_dry_hill,sp,../textures10/loveg/sprs_hot_dry_hill_d.dds
terrain10,sq_crpirg_cld_sdry_hill,sq,../textures10/human/crp_tmp_dry_sflat_sq_s.dds
terrain10,rock_cld_sdry_tp,rock,../textures10/soil/rock_cld_sdry_flat_c.dds
terrain10,rock_wrm_sdry_sflat,rock,../textures10/soil/rock_wrm_wet_sflat_d.dds
terrain10,any_vcld_sdry_hill,any,../textures10/loveg/tund_grass_vcld_sdry_hill_d.dds
terrain10,snow_vcld_rain_flat,snow,../textures10/soil/snow_vcld_sdry_sflat_d.dds
terrain10,tun_grass_cld_wet_hill,tun,../textures10/loveg/tund_grass_cld_wet_hill_d.dds
terrain10,rock_pol_sdry_hill,rock,../textures10/soil/rock_pol_wet_hill_d.dds
terrain10,sq_fruit_vhot_wet_hill,sq,../../textures10/human/win/crp_hot_wet_sflat_d.dds
terrain10,crpm_tmp_rain_hill,crpm,../../textures10/human/win/crpmo_tmp_wet_sflat_d.dds
terrain10,red_sq_orch_hot_sdry_hill,red,../../textures10/human/win/crpmo_hot_wet_sflat_d.dds
terrain10,red_fruit_vhot_sdry_hill,red,../../textures10/human/win/crpmo_hot_wet_sflat_d.dds
terrain10,north_crptwnhill_irr,north,../../textures10/human/win/crp_tmp_dry_sflat_d.dds
terrain10,crpirg_cld_sdry_hill,crpirg,../../textures10/human/win/crp_cld_sdry_flat_c.dds
terrain10,sq_crpirg_hot_rain_hill,sq,../../textures10/human/win/crpmo_hot_wet_flat_c.dds
terrain10,red_sq_crp_wrm_sdry_hill,red,../../textures10/human/win/crp_wrm_sdry_sflat_d.dds
terrain10,fruit_vhot_rain_hill,fruit,../../textures10/human/win/crpmo_hot_rain_hill_d.dds
terrain10,hiland_crptwnhill_irr,hiland,../../textures10/human/win/crpmo_tmp_wet_sflat_d.dds
terrain10,red_sq_crpirg_hot_sdry_hill,red,../../textures10/human/win/crp_wrm_sdry_sflat_d.dds
terrain10,sq_crp_wrm_rain_hill,sq,../../textures10/human/win/crpmo_hot_wet_flat_c.dds
terrain10,broad_wrm_wet_hill_sp,broad,../../textures10/hiveg/win/broadl_sp_wrm_wet_sflat_d.dds
terrain10,crpirg_tmp_sdry_hill,crpirg,../../textures10/human/win/crpmo_tmp_sdry_sflat_d.dds
terrain10,sq_semidry_crptwnhill,sq,../../textures10/human/win/crp_tmp_sdry_sflat_sq_s.dds
terrain10,sq_olives_wrm_wet_hill,sq,../../textures10/human/olives_hill.dds
terrain10,broad_wrm_rain_hill,broad,../../textures10/hiveg/win/broadl_wrm_wet_hill_d.dds
terrain10,crpm_cld_rain_hill,crpm,../../textures10/human/win/crpmo_tmp_wet_sflat_d.dds
terrain10,fruit_wrm_wet_hill,fruit,../../textures10/human/win/crpmo_hot_wet_hill_d.dds
terrain10,sq_crp_vhot_rain_hill,sq,../../textures10/human/win/crpmo_hot_wet_flat_c.dds
terrain10,sq_tmp_crptwnhill,sq,../../textures10/human/win/crp_tmp_wet_flat_c2.dds
terrain10,sq_orch_hot_rain_hill,sq,../../textures10/human/win/crp_hot_wet_sflat_d.dds
terrain10,sp_hot_wet_hill,sp,../../textures10/human/win/crpmo_hot_wet_hill_d.dds
terrain10,coni_tmp_sdry_hill_sp,coni,../../textures10/hiveg/coni_sp_tmp_sdry_hill_d.dds
terrain10,red_fruit_wrm_sdry_hill,red,../../textures10/human/win/semidry_fruithill.dds
terrain10,sp_hot_rain_hill,sp,../../textures10/human/win/crpmo_hot_wet_hill_d.dds
terrain10,red_fruit_wrm_dry_hill,red,../../textures10/human/win/crp_tmp_dry_hill_d.dds
terrain10,trop_crptwnhill_irr,trop,../../textures10/human/win/crpmo_hot_wet_sflat_d.dds
terrain10,crp_hot_rain_hill,crp,../../textures10/human/win/crpmo_hot_rain_hill_d.dds
terrain10,pastr_hot_wet_hill,pastr,../../textures10/hiveg/win/broadl_sp_wrm_wet_hill_d.dds
terrain10,broad_hot_wet_hill_sp,broad,../../textures10/hiveg/win/broadl_sp_wrm_wet_hill_d.dds
terrain10,coni_hot_sdry_hill,coni,../../textures10/hiveg/win/broadl_wrm_sdry_hill_d.dds
terrain10,orch_tmp_dry_hill,orch,../../textures10/human/win/crp_tmp_dry_hill_d.dds
terrain10,red_sq_crp_vhot_sdry_hill,red,../../textures10/human/win/crp_wrm_sdry_sflat_d.dds
terrain10,orch_hot_wet_hill,orch,../../textures10/human/win/crpmo_hot_wet_hill_d.dds
terrain10,red_sq_orch_vhot_sdry_hill,red,../../textures10/human/win/crpmo_hot_wet_sflat_d.dds
terrain10,olives_wrm_dry_hill,olives,../../textures10/human/olives_hill.dds
terrain10,sq_orch_tmp_rain_hill,sq,../../textures10/human/win/semidry_fruithill.dds
terrain10,sp_wrm_wet_hill,sp,../../textures10/human/win/crpmo_hot_wet_hill_d.dds
terrain10,crp_cld_rain_hill,crp,../../textures10/human/win/crp_tmp_wet_hill_d.dds
terrain10,orch_vhot_rain_hill,orch,../../textures10/human/win/crpmo_hot_rain_hill_d.dds
terrain10,sq_orch_vhot_sdry_hill,sq,../../textures10/human/win/crp_tmp_sdry_sflat_d.dds
terrain10,sp_vhot_wet_tr_hill,sp,../../textures10/human/win/crpmo_hot_wet_hill_d.dds
terrain10,crp_tmp_rain_hill,crp,../../textures10/human/win/crp_tmp_wet_hill_d.dds
terrain10,fruit_vhot_dry_hill,fruit,../../textures10/human/win/crpmo_tmp_sdry_sflat_d.dds
terrain10,orch_vhot_dry_hill,orch,../../textures10/human/win/crpmo_tmp_sdry_sflat_d.dds
terrain10,coni_tmp_sdry_hill,coni,../../textures10/hiveg/coni_tmp_sdry_sflat_d.dds
terrain10,pastr_vhot_rain_hill,pastr,../../textures10/hiveg/win/broadl_sp_wrm_wet_hill_d.dds
terrain10,broad_vcld_dry_hill,broad,../../textures10/hiveg/win/broadl_cld_sdry_sflat_d.dds
terrain10,sq_hiland_crptwnhill,sq,../../textures10/human/win/crpmo_tmp_wet_sflat_d.dds
terrain10,orch_wrm_wet_hill,orch,../../textures10/human/win/crpmo_hot_wet_hill_d.dds
terrain10,crpm_cld_wet_hill,crpm,../../textures10/human/win/crpmo_tmp_wet_sflat_d.dds
terrain10,coni_wrm_rain_hill_sp,coni,../../textures10/hiveg/win/broadl_sp_wrm_wet_hill_d.dds
terrain10,fruit_wrm_sdry_hill,fruit,../../textures10/human/win/fruit_tmp_dry_flat_c.dds
terrain10,sq_crpirg_tmp_rain_hill,sq,../../textures10/human/win/crp_tmp_wet_hill_d.dds
terrain10,sq_fruit_wrm_rain_hill,sq,../../textures10/human/win/crp_hot_wet_sflat_d.dds
terrain10,crpm_hot_rain_hill,crpm,../../textures10/human/win/crpmo_hot_rain_hill_d.dds
terrain10,red_sq_orch_tmp_sdry_hill,red,../../textures10/human/win/crp_tmp_dry_hill_d.dds
terrain10,crpm_vhot_rain_hill,crpm,../../textures10/human/win/crpmo_hot_rain_hill_d.dds
terrain10,red_sq_crpirg_tmp_sdry_hill,red,../../textures10/human/win/crp_tmp_wet_hill_d.dds
terrain10,sq_crp_vhot_wet_hill,sq,../../textures10/human/win/crpmo_hot_wet_flat_c.dds
terrain10,broad_vhot_wet_hill,broad,../../textures10/hiveg/win/broadl_wrm_wet_hill_d.dds
terrain10,sq_crpirg_cld_rain_hill,sq,../../textures10/human/win/crp_tmp_sdry_sflat_sq_s.dds
terrain10,broad_vcld_wet_hill_sp,broad,../../textures10/hiveg/win/broadl_sp_tmp_wet_hill_d.dds
terrain10,crpirg_hot_sdry_hill,crpirg,../../textures10/human/win/crpmo_wrm_sdry_hill_d.dds
terrain10,crpm_tmp_wet_hill,crpm,../../textures10/human/win/crpmo_tmp_wet_sflat_d.dds
terrain10,sq_fruit_vhot_sdry_hill,sq,../../textures10/human/win/crp_tmp_sdry_sflat_d.dds
terrain10,fruit_tmp_dry_hill,fruit,../../textures10/human/win/fruit_tmp_sdry_sflat.dds
terrain10,red_crpm_tmp_sdry_hill,red,../../textures10/human/win/crpmo_tmp_sdry_sflat_d.dds
terrain10,fruit_hot_wet_hill,fruit,../../textures10/human/win/crpmo_hot_wet_hill_d.dds
terrain10,red_crpm_tmp_dry_hill,red,../../textures10/human/win/crp_tmp_dry_hill_d.dds
terrain10,crpirg_vhot_rain_hill,crpirg,../../textures10/human/win/crpmo_hot_rain_hill_d.dds
terrain10,red_sq_fruit_wrm_dry_hill,red,../../textures10/human/win/crp_tmp_dry_hill_d.dds
terrain10,sq_north_crptwnhill,sq,../../textures10/human/win/crpmo_tmp_wet_sflat_d.dds
terrain10,red_crpirg_tmp_dry_hill,red,../../textures10/human/win/crpmo_tmp_sdry_sflat_d.dds
terrain10,red_crp_vhot_sdry_hill,red,../../textures10/human/win/crp_wrm_sdry_sflat_d.dds
terrain10,sp_hot_rain_tr_hill,sp,../../textures10/human/win/crpmo_hot_wet_hill_d.dds
terrain10,sq_crpirg_tmp_wet_hill,sq,../../textures10/human/win/crp_tmp_wet_hill_d.dds
terrain10,sq_fruit_tmp_dry_hill,sq,../../textures10/human/win/fruit_tmp_sdry_sflat.dds
terrain10,red_crp_hot_sdry_hill,red,../../textures10/human/win/crp_wrm_sdry_sflat_d.dds
terrain10,sq_fruit_hot_wet_hill,sq,../../textures10/human/win/crp_hot_wet_sflat_d.dds
terrain10,sq_crpirg_vhot_dry_hill,sq,../../textures10/human/win/crp_tmp_dry_hill_d.dds
terrain10,crp_wrm_sdry_hill,crp,../../textures10/human/win/crpmo_wrm_sdry_hill_d.dds
terrain10,sq_orch_wrm_dry_hill,sq,../../textures10/human/crp_wrm_dry_hill_d.dds
terrain10,sq_crpirg_vhot_sdry_hill,sq,../../textures10/human/win/crp_tmp_sdry_sflat_d.dds
terrain10,red_crpirg_vhot_sdry_hill,red,../../textures10/human/win/crp_wrm_sdry_sflat_d.dds
terrain10,red_sq_crpirg_vhot_sdry_hill,red,../../textures10/human/win/crp_wrm_sdry_sflat_d.dds
terrain10,sp_hot_wet_tr_hill,sp,../../textures10/human/win/crpmo_hot_wet_hill_d.dds
terrain10,red_sq_orch_tmp_dry_hill,red,../../textures10/human/win/crp_tmp_dry_hill_d.dds
terrain10,crpirg_wrm_wet_hill,crpirg,../../textures10/human/win/crpmo_hot_wet_hill_d.dds
terrain10,sq_crp_hot_sdry_hill,sq,../../textures10/human/win/crp_tmp_dry_sflat_d.dds
terrain10,red_sq_fruit_tmp_sdry_hill,red,../../textures10/human/win/fruit_tmp_sdry_sflat.dds
terrain10,pastr_rainforest_hill,pastr,../../textures10/hiveg/win/broadl_sp_wrm_wet_hill_d.dds
terrain10,orch_tmp_rain_hill,orch,../../textures10/human/win/crpmo_hot_wet_sflat_d.dds
terrain10,fruit_tmp_rain_hill,fruit,../../textures10/human/win/fruit_tmp_sdry_sflat.dds
terrain10,sq_crpirg_wrm_sdry_hill,sq,../../textures10/human/win/crp_tmp_sdry_sflat_d.dds
terrain10,red_orch_wrm_dry_hill,red,../../textures10/human/win/crp_tmp_dry_hill_d.dds
terrain10,sq_fruit_tmp_sdry_hill,sq,../../textures10/human/win/fruit_tmp_sdry_sflat.dds
terrain10,broad_wrm_rain_hill_sp,broad,../../textures10/hiveg/win/broadl_sp_wrm_wet_sflat_d.dds
terrain10,sq_des_crptwnhill,sq,../../textures10/human/win/crp_tmp_dry_sflat_sq_s.dds
terrain10,red_orch_hot_sdry_hill,red,../../textures10/human/win/crpmo_hot_wet_sflat_d.dds
terrain10,broad_hot_sdry_hill,broad,../../textures10/hiveg/win/broadl_wrm_sdry_hill_d.dds
terrain10,rainforest_hill,rainforest,../../textures10/hiveg/broadl_hot_rain_hill_d.dds
terrain10,broad_tmp_wet_hill_sp,broad,../../textures10/hiveg/win/broadl_sp_tmp_wet_hill_d.dds
terrain10,crpirg_vhot_wet_hill,crpirg,../../textures10/human/win/crpmo_hot_wet_hill_d.dds
terrain10,olives_wrm_sdry_hill,olives,../../textures10/human/olives_hill.dds
terrain10,sq_crpirg_cld_wet_hill,sq,../../textures10/human/win/crp_tmp_sdry_sflat_sq_s.dds
terrain10,crp_tmp_wet_hill,crp,../../textures10/human/win/crp_tmp_wet_hill_d.dds
terrain10,crpirg_hot_wet_hill,crpirg,../../textures10/human/win/crpmo_hot_wet_hill_d.dds
terrain10,broad_tmp_wet_hill,broad,../../textures10/hiveg/win/broadl_tmp_wet_hill_d.dds
terrain10,red_sq_fruit_hot_sdry_hill,red,../../textures10/human/win/crpmo_hot_wet_sflat_d.dds
terrain10,red_sq_olives_wrm_sdry_hill,red,../../textures10/human/olives_hill.dds
terrain10,crpirg_tmp_dry_hill,crpirg,../../textures10/human/win/crp_tmp_dry_hill_d.dds
terrain10,sq_crp_tmp_sdry_hill,sq,../../textures10/human/win/crp_tmp_sdry_sflat_d.dds
terrain10,sq_crp_cld_wet_hill,sq,../../textures10/human/win/crpmo_tmp_wet_sflat_d.dds
terrain10,sq_fruit_hot_sdry_hill,sq,../../textures10/human/win/crp_tmp_sdry_sflat_d.dds
terrain10,fruit_hot_rain_hill,fruit,../../textures10/human/win/crpmo_hot_rain_hill_d.dds
terrain10,orch_hot_rain_hill,orch,../../textures10/human/win/crpmo_hot_rain_hill_d.dds
terrain10,broad_cld_sdry_hill,broad,../../textures10/hiveg/win/broadl_sp_tmp_wet_hill_d.dds
terrain10,crpm_wrm_sdry_hill,crpm,../../textures10/human/win/crpmo_wrm_sdry_hill_d.dds
terrain10,tmp_crptwnhill_irr,tmp,../../textures10/human/win/crpmo_tmp_wet_flat_c2.dds
terrain10,red_orch_tmp_sdry_hill,red,../../textures10/human/win/crp_tmp_dry_hill_d.dds
terrain10,red_crpirg_wrm_sdry_hill,red,../../textures10/human/win/crp_wrm_sdry_sflat_d.dds
terrain10,sq_crp_cld_sdry_hill,sq,../../textures10/human/win/crpmo_tmp_wet_sflat_d.dds
terrain10,broad_tmp_sdry_hill,broad,../../textures10/hiveg/win/broadl_tmp_sdry_hill_d.dds
terrain10,crpirg_wrm_rain_hill,crpirg,../../textures10/human/win/crpmo_hot_rain_hill_d.dds
terrain10,red_crpirg_vhot_dry_hill,red,../../textures10/human/win/crp_wrm_sdry_sflat_d.dds
terrain10,sq_trop_crptwnhill,sq,../../textures10/human/win/crp_wrm_wet_flat_sq_s.dds
terrain10,crpirg_cld_dry_hill,crpirg,../../textures10/human/win/crp_cld_sdry_flat_c.dds
terrain10,broad_cld_wet_hill,broad,../../textures10/hiveg/win/broadl_tmp_wet_hill_d.dds
terrain10,crp_cld_wet_hill,crp,../../textures10/human/win/crp_tmp_wet_hill_d.dds
terrain10,sq_crp_tmp_wet_hill,sq,../../textures10/human/win/crp_tmp_wet_hill_d.dds
terrain10,red_crp_tmp_sdry_hill,red,../../textures10/human/win/crpmo_tmp_sdry_sflat_d.dds
terrain10,broad_vcld_sdry_hill,broad,../../textures10/hiveg/win/broadl_cld_sdry_sflat_d.dds
terrain10,sq_fruit_wrm_wet_hill,sq,../../textures10/human/win/crp_hot_wet_sflat_d.dds
terrain10,pastr_vhot_wet_hill,pastr,../../textures10/hiveg/win/broadl_sp_wrm_wet_hill_d.dds
terrain10,crp_vhot_rain_hill,crp,../../textures10/human/win/crpmo_hot_rain_hill_d.dds
terrain10,red_sq_crpirg_wrm_dry_hill,red,../../textures10/human/win/crp_wrm_sdry_sflat_d.dds
terrain10,sq_orch_tmp_wet_hill,sq,../../textures10/human/win/crp_tmp_sdry_sflat_d.dds
terrain10,coni_hot_wet_hill_sp,coni,../../textures10/hiveg/win/broadl_sp_wrm_wet_hill_d.dds
terrain10,broad_cld_wet_hill_sp,broad,../../textures10/hiveg/win/broadl_sp_tmp_wet_hill_d.dds
terrain10,sq_orch_wrm_rain_hill,sq,../../textures10/human/win/crp_hot_wet_sflat_d.dds
terrain10,sp_wrm_rain_hill,sp,../../textures10/human/win/crpmo_hot_wet_hill_d.dds
terrain10,broad_vhot_rain_hill,broad,../../textures10/hiveg/broadl_hot_rain_hill_d.dds
terrain10,red_fruit_hot_sdry_hill,red,../../textures10/human/win/crpmo_hot_wet_sflat_d.dds
terrain10,crpirg_vhot_sdry_hill,crpirg,../../textures10/human/win/crpmo_wrm_sdry_hill_d.dds
terrain10,crp_wrm_rain_hill,crp,../../textures10/human/win/crpmo_hot_rain_hill_d.dds
terrain10,red_orch_tmp_dry_hill,red,../../textures10/human/win/crp_tmp_dry_hill_d.dds
terrain10,broad_tmp_dry_hill,broad,../../textures10/hiveg/win/broadl_tmp_dry_hill_d.dds
terrain10,crp_tmp_dry_hill,crp,../../textures10/human/win/crp_tmp_dry_hill_d.dds
terrain10,red_sq_orch_wrm_dry_hill,red,../../textures10/human/win/crp_tmp_dry_hill_d.dds
terrain10,crp_hot_wet_hill,crp,../../textures10/human/win/crpmo_hot_wet_hill_d.dds
terrain10,crpirg_tmp_wet_hill,crpirg,../../textures10/human/win/crp_tmp_wet_hill_d.dds
terrain10,sq_rainf_crptwnhill,sq,../../textures10/human/win/crp_wrm_wet_flat_sq_s.dds
terrain10,broad_hot_wet_hill,broad,../../textures10/hiveg/win/broadl_wrm_wet_hill_d.dds
terrain10,red_sq_crpirg_vhot_dry_hill,red,../../textures10/human/win/crp_wrm_sdry_sflat_d.dds
terrain10,sq_crp_cld_dry_hill,sq,../../textures10/human/win/crpmo_tmp_wet_sflat_d.dds
terrain10,sq_orch_tmp_dry_hill,sq,../../textures10/human/win/fruit_tmp_sdry_sflat.dds
terrain10,crpm_vhot_wet_hill,crpm,../../textures10/human/win/crpmo_hot_wet_hill_d.dds
terrain10,sq_fruit_tmp_rain_hill,sq,../../textures10/human/win/fruit_tmp_sdry_sflat.dds
terrain10,sq_orch_hot_wet_hill,sq,../../textures10/human/win/crp_hot_wet_sflat_d.dds
terrain10,sq_crpirg_wrm_rain_hill,sq,../../textures10/human/win/crpmo_hot_wet_flat_c.dds
terrain10,red_sq_crp_hot_sdry_hill,red,../../textures10/human/win/crp_wrm_sdry_sflat_d.dds
terrain10,fruit_tmp_sdry_hill,fruit,../../textures10/human/win/fruit_tmp_sdry_sflat.dds
terrain10,orch_tmp_sdry_hill,orch,../../textures10/human/win/crp_tmp_dry_hill_d.dds
terrain10,coni_vhot_rain_hill_sp,coni,../../textures10/hiveg/win/broadl_sp_wrm_wet_hill_d.dds
terrain10,sq_crp_hot_rain_hill,sq,../../textures10/human/win/crpmo_hot_wet_flat_c.dds
terrain10,sq_fruit_wrm_dry_hill,sq,../../textures10/human/crp_wrm_dry_hill_d.dds
terrain10,sq_crpirg_wrm_wet_hill,sq,../../textures10/human/win/crpmo_hot_wet_flat_c.dds
terrain10,red_sq_crpirg_wrm_sdry_hill,red,../../textures10/human/win/crp_wrm_sdry_sflat_d.dds
terrain10,sq_crpirg_vhot_rain_hill,sq,../../textures10/human/win/crpmo_hot_wet_flat_c.dds
terrain10,coni_wrm_wet_hill_sp,coni,../../textures10/hiveg/win/broadl_sp_wrm_wet_hill_d.dds
terrain10,crpirg_cld_wet_hill,crpirg,../../textures10/human/win/crp_tmp_wet_hill_d.dds
terrain10,crp_cld_dry_hill,crp,../../textures10/human/win/crp_cld_sdry_flat_c.dds
terrain10,broad_cld_dry_hill,broad,../../textures10/hiveg/win/broadl_sp_tmp_wet_hill_d.dds
terrain10,sq_crp_hot_wet_hill,sq,../../textures10/human/win/crpmo_hot_wet_flat_c.dds
terrain10,sq_crp_tmp_dry_hill,sq,../../textures10/human/win/crp_tmp_dry_sflat_sq_s.dds
terrain10,red_crpirg_wrm_dry_hill,red,../../textures10/human/win/crpmo_tmp_sdry_sflat_d.dds
terrain10,broad_hot_rain_hill,broad,../../textures10/hiveg/broadl_hot_rain_hill_d.dds
terrain10,red_sq_fruit_tmp_dry_hill,red,../../textures10/human/win/fruit_tmp_sdry_sflat.dds
terrain10,red_olives_wrm_sdry_hill,red,../../textures10/human/olives_hill.dds
terrain10,crpm_wrm_rain_hill,crpm,../../textures10/human/win/crpmo_hot_rain_hill_d.dds
terrain10,sq_olives_wrm_sdry_hill,sq,../../textures10/human/olives_hill.dds
terrain10,sq_crpirg_vhot_wet_hill,sq,../../textures10/human/win/crpmo_hot_wet_flat_c.dds
terrain10,broad_cld_rain_hill,broad,../../textures10/hiveg/win/broadl_tmp_wet_hill_d.dds
terrain10,orch_hot_sdry_hill,orch,../../textures10/human/win/crpmo_hot_wet_sflat_d.dds
terrain10,fruit_hot_sdry_hill,fruit,../../textures10/human/win/crpmo_hot_wet_sflat_d.dds
terrain10,sq_orch_wrm_wet_hill,sq,../../textures10/human/win/crp_hot_wet_sflat_d.dds
terrain10,red_sq_crp_tmp_sdry_hill,red,../../textures10/human/win/crpmo_tmp_sdry_sflat_d.dds
terrain10,sq_fruit_hot_rain_hill,sq,../../textures10/human/win/crp_hot_wet_sflat_d.dds
terrain10,red_sq_crpirg_tmp_dry_hill,red,../../textures10/human/win/crpmo_tmp_sdry_sflat_d.dds
terrain10,broad_vhot_wet_hill_sp,broad,../../textures10/hiveg/win/broadl_sp_wrm_wet_hill_d.dds
terrain10,sq_crp_tmp_rain_hill,sq,../../textures10/human/win/crp_tmp_wet_hill_d.dds
terrain10,sq_fruit_tmp_wet_hill,sq,../../textures10/human/win/fruit_tmp_sdry_sflat.dds
terrain10,sq_crpirg_tmp_dry_hill,sq,../../textures10/human/win/crp_tmp_dry_sflat_sq_s.dds
terrain10,sq_crpirg_hot_wet_hill,sq,../../textures10/human/win/crpmo_hot_wet_flat_c.dds
terrain10,crpirg_wrm_sdry_hill,crpirg,../../textures10/human/win/crpmo_wrm_sdry_hill_d.dds
terrain10,sq_crp_wrm_wet_hill,sq,../../textures10/human/win/crpmo_hot_wet_flat_c.dds
terrain10,broad_tmp_rain_hill,broad,../../textures10/hiveg/win/broadl_tmp_wet_hill_d.dds
terrain10,red_crpirg_hot_dry_hill,red,../../textures10/human/win/crp_wrm_sdry_sflat_d.dds
terrain10,sq_crp_cld_rain_hill,sq,../../textures10/human/win/crpmo_tmp_wet_sflat_d.dds
terrain10,semidry_crptwnhill_irr,semidry,../../textures10/human/win/crpmo_tmp_sdry_sflat_d.dds
terrain10,sq_crpirg_cld_dry_hill,sq,../../textures10/human/win/crp_tmp_dry_sflat_sq_s.dds
terrain10,sq_orch_vhot_wet_hill,sq,../../textures10/human/win/crp_hot_wet_sflat_d.dds
terrain10,red_fruit_tmp_sdry_hill,red,../../textures10/human/win/fruit_tmp_sdry_sflat.dds
terrain10,sp_vhot_wet_hill,sp,../../textures10/human/win/crpmo_hot_wet_hill_d.dds
terrain10,coni_tmp_rain_hill_sp,coni,../../textures10/hiveg/win/broadl_sp_tmp_wet_hill_d.dds
terrain10,crp_vhot_wet_hill,crp,../../textures10/human/win/crpmo_hot_wet_hill_d.dds
terrain10,crp_vhot_sdry_hill,crp,../../textures10/human/win/crpmo_wrm_sdry_hill_d.dds
terrain10,red_sq_crp_tmp_dry_hill,red,../../textures10/human/win/crpmo_tmp_sdry_sflat_d.dds
terrain10,coni_hot_rain_hill_sp,coni,../../textures10/hiveg/win/broadl_sp_wrm_wet_hill_d.dds
terrain10,broad_wrm_wet_hill,broad,../../textures10/hiveg/win/broadl_wrm_wet_hill_d.dds
terrain10,crp_wrm_wet_hill,crp,../../textures10/human/win/crpmo_hot_wet_hill_d.dds
terrain10,broad_vcld_rain_hill,broad,../../textures10/hiveg/win/broadl_tmp_wet_hill_d.dds
terrain10,broad_vcld_wet_hill,broad,../../textures10/hiveg/win/broadl_tmp_wet_hill_d.dds
terrain10,orch_wrm_dry_hill,orch,../../textures10/human/win/crp_tmp_dry_hill_d.dds
terrain10,sq_crp_wrm_sdry_hill,sq,../../textures10/human/win/crp_tmp_sdry_sflat_d.dds
terrain10,coni_tmp_wet_hill_sp,coni,../../textures10/hiveg/win/broadl_sp_tmp_wet_hill_d.dds
terrain10,crpm_cld_dry_hill,crpm,../../textures10/human/win/crp_cld_sdry_flat_c.dds
terrain10,fruit_vhot_sdry_hill,fruit,../../textures10/human/win/crpmo_hot_wet_sflat_d.dds
terrain10,sq_crpirg_hot_sdry_hill,sq,../../textures10/human/win/crp_tmp_dry_sflat_d.dds
terrain10,crpirg_cld_rain_hill,crpirg,../../textures10/human/win/crp_tmp_wet_hill_d.dds
terrain10,broad_hot_rain_hill_sp,broad,../../textures10/hiveg/win/broadl_sp_wrm_wet_hill_d.dds
terrain10,red_orch_vhot_sdry_hill,red,../../textures10/human/win/crpmo_hot_wet_sflat_d.dds
terrain10,red_fruit_tmp_dry_hill,red,../../textures10/human/win/fruit_tmp_sdry_sflat.dds
terrain10,crpm_tmp_sdry_hill,crpm,../../textures10/human/win/crpmo_tmp_sdry_sflat_d.dds
terrain10,fruit_vhot_wet_hill,fruit,../../textures10/human/win/crpmo_hot_wet_hill_d.dds
terrain10,orch_vhot_wet_hill,orch,../../textures10/human/win/crpmo_hot_wet_hill_d.dds
terrain10,sq_crp_vhot_sdry_hill,sq,../../textures10/human/win/crp_tmp_sdry_sflat_d.dds
terrain10,red_crpirg_tmp_sdry_hill,red,../../textures10/human/win/crpmo_tmp_sdry_sflat_d.dds
terrain10,broad_tmp_rain_hill_sp,broad,../../textures10/hiveg/win/broadl_sp_tmp_wet_hill_d.dds
terrain10,crpm_cld_sdry_hill,crpm,../../textures10/human/win/crp_cld_sdry_flat_c.dds
terrain10,broad_wrm_sdry_hill,broad,../../textures10/hiveg/win/broadl_wrm_sdry_hill_d.dds
terrain10,olives_wrm_wet_hill,olives,../../textures10/human/olives_hill.dds
terrain10,crpirg_tmp_rain_hill,crpirg,../../textures10/human/win/crp_tmp_wet_hill_d.dds
terrain10,fruit_tmp_wet_hill,fruit,../../textures10/human/win/fruit_tmp_sdry_sflat.dds
terrain10,crpm_hot_wet_hill,crpm,../../textures10/human/win/crpmo_hot_wet_hill_d.dds
terrain10,sq_orch_hot_sdry_hill,sq,../../textures10/human/win/crp_tmp_sdry_sflat_d.dds
terrain10,crpm_tmp_dry_hill,crpm,../../textures10/human/win/crp_tmp_dry_hill_d.dds
terrain10,red_crp_wrm_sdry_hill,red,../../textures10/human/win/crp_wrm_sdry_sflat_d.dds
terrain10,pastr_hot_rain_hill,pastr,../../textures10/hiveg/win/broadl_sp_wrm_wet_hill_d.dds
terrain10,sp_vhot_rain_tr_hill,sp,../../textures10/human/win/crpmo_hot_wet_hill_d.dds
terrain10,sq_crp_vhot_dry_hill,sq,../../textures10/human/win/crp_tmp_dry_hill_d.dds
terrain10,rainf_crptwnhill_irr,rainf,../../textures10/human/win/crpmo_hot_rain_sflat_d.dds
terrain10,broad_vhot_rain_hill_sp,broad,../../textures10/hiveg/win/broadl_sp_wrm_wet_hill_d.dds
terrain10,crp_hot_sdry_hill,crp,../../textures10/human/win/crpmo_wrm_sdry_hill_d.dds
terrain10,coni_vhot_wet_hill_sp,coni,../../textures10/hiveg/win/broadl_sp_wrm_wet_hill_d.dds
terrain10,fruit_wrm_dry_hill,fruit,../../textures10/human/win/crp_tmp_dry_hill_d.dds
terrain10,sq_orch_vhot_rain_hill,sq,../../textures10/human/win/crp_hot_wet_sflat_d.dds
terrain10,orch_vhot_sdry_hill,orch,../../textures10/human/win/crpmo_hot_wet_sflat_d.dds
terrain10,crp_cld_sdry_hill,crp,../../textures10/human/win/crp_cld_sdry_flat_c.dds
terrain10,crpm_wrm_wet_hill,crpm,../../textures10/human/win/crpmo_hot_wet_hill_d.dds
terrain10,sq_orch_tmp_sdry_hill,sq,../../textures10/human/win/crp_tmp_sdry_sflat_d.dds
terrain10,sq_olives_wrm_dry_hill,sq,../../textures10/human/olives_hill.dds
terrain10,sq_dry_crptwnhill,sq,../../textures10/human/win/crp_tmp_dry_sflat_sq_s.dds
terrain10,sp_vhot_rain_hill,sp,../../textures10/human/win/crpmo_hot_wet_hill_d.dds
terrain10,broad_cld_rain_hill_sp,broad,../../textures10/hiveg/win/broadl_sp_cld_wet_sflat_d.dds
terrain10,crp_tmp_sdry_hill,crp,../../textures10/human/win/crpmo_tmp_sdry_sflat_d.dds
terrain10,orch_tmp_wet_hill,orch,../../textures10/human/win/fruit_tmp_sdry_sflat.dds
terrain10,crpm_vhot_sdry_hill,crpm,../../textures10/human/win/crpmo_wrm_sdry_hill_d.dds
terrain10,red_sq_fruit_wrm_sdry_hill,red,../../textures10/human/win/semidry_fruithill.dds
terrain10,broad_vcld_rain_hill_sp,broad,../../textures10/hiveg/win/broadl_sp_cld_wet_sflat_d.dds
terrain10,crpm_hot_sdry_hill,crpm,../../textures10/human/win/crpmo_wrm_sdry_hill_d.dds
terrain10,sq_fruit_wrm_sdry_hill,sq,../../textures10/human/win/semidry_fruithill.dds
terrain10,sq_crpirg_tmp_sdry_hill,sq,../../textures10/human/win/crp_tmp_sdry_sflat_d.dds
terrain10,fruit_wrm_rain_hill,fruit,../../textures10/human/win/crpmo_hot_rain_hill_d.dds
terrain10,orch_wrm_rain_hill,orch,../../textures10/human/win/crpmo_hot_rain_hill_d.dds
terrain10,red_crpirg_hot_sdry_hill,red,../../textures10/human/win/crp_wrm_sdry_sflat_d.dds
terrain10,sq_fruit_vhot_rain_hill,sq,../../textures10/human/win/crp_hot_wet_sflat_d.dds
terrain10,red_sq_fruit_vhot_sdry_hill,red,../../textures10/human/win/crpmo_hot_wet_sflat_d.dds
terrain10,crpirg_hot_rain_hill,crpirg,../../textures10/human/win/crpmo_hot_rain_hill_d.dds
terrain10,sq_crpirg_cld_sdry_hill,sq,../../textures10/human/win/crp_tmp_dry_sflat_sq_s.dds
terrain10,snow_tmp_rain_sflat_lo,snow,../../textures10/soil/fal/rock_cld_wet_sflat_d.dds
terrain10,grass_pol_wet_steep,grass,../../textures10/loveg/fal/grass_cld_sdry_hill_d.dds
terrain10,sq_fruit_vhot_wet_hill,sq,../../textures10/human/fal/crp_hot_wet_sflat_d.dds
terrain10,crpm_tmp_rain_hill,crpm,../../textures10/human/fal/crpmo_tmp_wet_sflat_d.dds
terrain10,red_sq_orch_hot_sdry_hill,red,../../textures10/human/fal/crpmo_hot_wet_sflat_d.dds
terrain10,red_fruit_vhot_sdry_hill,red,../../textures10/human/fal/crpmo_hot_wet_sflat_d.dds
terrain10,any_vhot_rain_hill,any,../../textures10/loveg/fal/shrub_wrm_wet_hill_d.dds
terrain10,north_crptwnhill_irr,north,../../textures10/human/fal/crp_tmp_dry_sflat_d.dds
terrain10,crpirg_cld_sdry_hill,crpirg,../../textures10/human/fal/crp_cld_sdry_flat_c.dds
terrain10,sq_crpirg_hot_rain_hill,sq,../../textures10/human/fal/crpmo_hot_wet_flat_c.dds
terrain10,any_hot_rain_tr_hill,any,../../textures10/loveg/fal/shrub_wrm_wet_hill_d.dds
terrain10,red_sq_crp_wrm_sdry_hill,red,../../textures10/human/fal/crp_wrm_sdry_sflat_d.dds
terrain10,fruit_vhot_rain_hill,fruit,../../textures10/human/fal/crpmo_hot_rain_hill_d.dds
terrain10,rock_tmp_wet_fl,rock,../../textures10/soil/fal/rock_cld_wet_sflat_d.dds
terrain10,hiland_crptwnhill_irr,hiland,../../textures10/human/fal/crpmo_tmp_wet_sflat_d.dds
terrain10,shrb_vcld_wet_hill,shrb,../../textures10/loveg/fal/tund_shrb_cld_wet_hill_d.dds
terrain10,sp_cld_dry_hill,sp,../../textures10/loveg/sprs_cld_dry_hill_d.dds
terrain10,red_sq_crpirg_hot_sdry_hill,red,../../textures10/human/fal/crp_wrm_sdry_sflat_d.dds
terrain10,snow_tmp_wet_hill,snow,../../textures10/loveg/fal/sprs_vcld_wet_flat_c.dds
terrain10,tun_sp_vcld_rain_hill,tun,../../textures10/loveg/fal/tund_sp_cld_sdry_hill_d.dds
terrain10,sq_crp_wrm_rain_hill,sq,../../textures10/human/fal/crpmo_hot_wet_flat_c.dds
terrain10,sand_hot_wet_steep,sand,../../textures10/soil/rock_hot_dry_hill_d.dds
terrain10,broad_wrm_wet_hill_sp,broad,../../textures10/hiveg/fal/broadl_sp_wrm_wet_sflat_d.dds
terrain10,crpirg_tmp_sdry_hill,crpirg,../../textures10/human/fal/crpmo_tmp_sdry_sflat_d.dds
terrain10,grass_cld_dry_steep,grass,../../textures10/loveg/fal/sprs_cld_sdry_steep_d.dds
terrain10,sq_semidry_crptwnhill,sq,../../textures10/human/fal/crp_tmp_sdry_sflat_sq_s.dds
terrain10,sq_olives_wrm_wet_hill,sq,../../textures10/human/olives_hill.dds
terrain10,broad_wrm_rain_hill,broad,../../textures10/hiveg/fal/broadl_wrm_wet_hill_d.dds
terrain10,grass_pol_rain_hill,grass,../../textures10/loveg/fal/grass_cld_sdry_hill_d.dds
terrain10,red_pastr_tmp_sdry_hill,red,../../textures10/loveg/fal/grass_tmp_sdry_hill_d.dds
terrain10,tun_sp_cld_rain_hill,tun,../../textures10/loveg/fal/tund_sp_cld_sdry_hill_d.dds
terrain10,shrb_wrm_sdry_hill,shrb,../../textures10/loveg/fal/shrub_wrm_sdry_hill_d.dds
terrain10,crpm_cld_rain_hill,crpm,../../textures10/human/fal/crpmo_tmp_wet_sflat_d.dds
terrain10,rock_tmp_sdry_sflat,rock,../../textures10/soil/fal/rock_tmp_sdry_sflat_d.dds
terrain10,rivbd_tmp_wet_hill,rivbd,../../textures10/soil/fal/scree_cld_wet_sprs_d.dds
terrain10,coni_vcld_rain_hill,coni,../../textures10/hiveg/fal/coni_tmp_wet_hill_d.dds
terrain10,sand_cld_wet_hill,sand,../../textures10/soil/scree_dry_bare_d.dds
terrain10,fruit_wrm_wet_hill,fruit,../../textures10/human/fal/crpmo_hot_wet_hill_d.dds
terrain10,any_hot_wet_tr_hill,any,../../textures10/loveg/fal/shrub_wrm_wet_hill_d.dds
terrain10,sq_crp_vhot_rain_hill,sq,../../textures10/human/fal/crpmo_hot_wet_flat_c.dds
terrain10,sq_tmp_crptwnhill,sq,../../textures10/human/fal/crp_tmp_wet_flat_c2.dds
terrain10,any_pol_rain_hill,any,../../textures10/soil/rock_pol_wet_hill_d.dds
terrain10,pastr_cld_dry_hill,pastr,../../textures10/loveg/fal/grass_cld_sdry_hill_d.dds
terrain10,sq_orch_hot_rain_hill,sq,../../textures10/human/fal/crp_hot_wet_sflat_d.dds
terrain10,sp_hot_wet_hill,sp,../../textures10/human/fal/crpmo_hot_wet_hill_d.dds
terrain10,red_sp_hot_sdry_hill,red,../../textures10/loveg/fal/sprs_wrm_sdry_hill_d.dds
terrain10,tun_grass_cld_dry_hill,tun,../../textures10/loveg/fal/sprs_cld_sdry_hill_d.dds
terrain10,coni_tmp_sdry_hill_sp,coni,../../textures10/hiveg/fal/coni_sp_tmp_sdry_hill_d.dds
terrain10,ice_tmp_rain_flat_lo,ice,../../textures10/soil/ice_cld_wet_sflat_d.dds
terrain10,red_fruit_wrm_sdry_hill,red,../../textures10/human/fal/semidry_fruithill.dds
terrain10,sp_vcld_sdry_hill,sp,../../textures10/loveg/fal/sprs_cld_sdry_hill_d.dds
terrain10,pastr_vcld_rain_hill,pastr,../../textures10/loveg/fal/grass_cld_wet_hill_d.dds
terrain10,sq_pastr_vhot_sdry_hill,sq,../../textures10/human/fal/pastr_wrm_sdry_sflat_d.dds
terrain10,shrb_cld_rain_steep,shrb,../../textures10/loveg/fal/shrub_cld_rain_steep_d.dds
terrain10,grass_rainforest_hill,grass,../../textures10/loveg/fal/grass_wrm_wet_hill_d.dds
terrain10,sp_hot_rain_hill,sp,../../textures10/human/fal/crpmo_hot_wet_hill_d.dds
terrain10,any_vhot_sdry_tr_hill,any,../../textures10/soil/fal/rock_wrm_sdry_steep_d.dds
terrain10,red_fruit_wrm_dry_hill,red,../../textures10/human/fal/crp_tmp_dry_hill_d.dds
terrain10,trop_crptwnhill_irr,trop,../../textures10/human/fal/crpmo_hot_wet_sflat_d.dds
terrain10,rivbd_cld_wet_hill,rivbd,../../textures10/soil/fal/scree_cld_wet_sprs_d.dds
terrain10,coni_hot_sdry_hill_sp,coni,../../textures10/hiveg/coni_sp_tmp_dry_hill_d.dds
terrain10,crp_hot_rain_hill,crp,../../textures10/human/fal/crpmo_hot_rain_hill_d.dds
terrain10,any_wrm_rain_hill,any,../../textures10/loveg/fal/shrub_wrm_wet_hill_d.dds
terrain10,sq_grass_tmp_wet_hill,sq,../../textures10/loveg/fal/grass_tmp_wet_hill_d.dds
terrain10,pastr_hot_wet_hill,pastr,../../textures10/hiveg/fal/broadl_sp_wrm_wet_hill_d.dds
terrain10,snow_tmp_wet_sflat,snow,../../textures10/soil/fal/rock_cld_wet_sflat_d.dds
terrain10,rock_wrm_wet_hill,rock,../../textures10/soil/fal/rock_wrm_wet_sflat_d.dds
terrain10,rock_tmp_rain_fl_tp,rock,../../textures10/soil/fal/rock_cld_wet_sflat_d.dds
terrain10,pastr_hot_sdry_hill,pastr,../../textures10/human/fal/pastr_wrm_sdry_sflat_d.dds
terrain10,rock_vhot_wet_hill,rock,../../textures10/soil/fal/rock_wrm_wet_sflat_d.dds
terrain10,coni_cld_wet_hill_sp,coni,../../textures10/loveg/fal/shrub_cld_rain_steep_d.dds
terrain10,broad_hot_wet_hill_sp,broad,../../textures10/hiveg/fal/broadl_sp_wrm_wet_hill_d.dds
terrain10,coni_hot_sdry_hill,coni,../../textures10/hiveg/fal/broadl_wrm_sdry_hill_d.dds
terrain10,orch_tmp_dry_hill,orch,../../textures10/human/fal/crp_tmp_dry_hill_d.dds
terrain10,grass_wrm_rain_hill,grass,../../textures10/loveg/fal/grass_wrm_wet_hill_d.dds
terrain10,red_sq_crp_vhot_sdry_hill,red,../../textures10/human/fal/crp_wrm_sdry_sflat_d.dds
terrain10,orch_hot_wet_hill,orch,../../textures10/human/fal/crpmo_hot_wet_hill_d.dds
terrain10,red_sq_orch_vhot_sdry_hill,red,../../textures10/human/fal/crpmo_hot_wet_sflat_d.dds
terrain10,rock_wrm_wet_fl,rock,../../textures10/soil/fal/rock_wrm_sdry_flat_c.dds
terrain10,olives_wrm_dry_hill,olives,../../textures10/human/olives_hill.dds
terrain10,sq_orch_tmp_rain_hill,sq,../../textures10/human/fal/semidry_fruithill.dds
terrain10,morn_wrm_rain_hill,morn,../../textures10/soil/morn_cld_sdry_hill_d.dds
terrain10,red_sp_tmp_sdry_hill,red,../../textures10/loveg/fal/sprs_wrm_sdry_hill_d.dds
terrain10,sp_wrm_wet_hill,sp,../../textures10/human/fal/crpmo_hot_wet_hill_d.dds
terrain10,crp_cld_rain_hill,crp,../../textures10/human/fal/crp_tmp_wet_hill_d.dds
terrain10,orch_vhot_rain_hill,orch,../../textures10/human/fal/crpmo_hot_rain_hill_d.dds
terrain10,pastr_cld_sdry_hill,pastr,../../textures10/loveg/fal/grass_cld_sdry_hill_d.dds
terrain10,rock_wrm_rain_fl,rock,../../textures10/soil/fal/rock_wrm_sdry_flat_c.dds
terrain10,sq_orch_vhot_sdry_hill,sq,../../textures10/human/fal/crp_tmp_sdry_sflat_d.dds
terrain10,sp_tmp_rain_hill,sp,../../textures10/loveg/fal/sprs_cld_wet_hill_d.dds
terrain10,tun_shrb_cld_sdry_hill,tun,../../textures10/loveg/fal/tund_shrb_cld_wet_hill_d.dds
terrain10,rock_wrm_wet_steep,rock,../../textures10/soil/fal/rock_wrm_wet_steep_d.dds
terrain10,sp_vhot_wet_tr_hill,sp,../../textures10/human/fal/crpmo_hot_wet_hill_d.dds
terrain10,coni_cld_sdry_hill,coni,../../textures10/hiveg/fal/coni_cld_sdry_hill_d.dds
terrain10,crp_tmp_rain_hill,crp,../../textures10/human/fal/crp_tmp_wet_hill_d.dds
terrain10,pastr_wrm_wet_hill,pastr,../../textures10/human/fal/pastr_wrm_wet_sflat_d.dds
terrain10,red_pastr_vhot_sdry_hill,red,../../textures10/human/fal/pastr_wrm_sdry_sflat_d.dds
terrain10,any_vhot_wet_hill,any,../../textures10/loveg/fal/shrub_wrm_wet_hill_d.dds
terrain10,fruit_vhot_dry_hill,fruit,../../textures10/human/fal/crpmo_tmp_sdry_sflat_d.dds
terrain10,orch_vhot_dry_hill,orch,../../textures10/human/fal/crpmo_tmp_sdry_sflat_d.dds
terrain10,coni_tmp_sdry_hill,coni,../../textures10/hiveg/fal/coni_tmp_sdry_sflat_d.dds
terrain10,rock_wrm_rain_hill,rock,../../textures10/soil/fal/rock_wrm_wet_sflat_d.dds
terrain10,pastr_vhot_rain_hill,pastr,../../textures10/hiveg/fal/broadl_sp_wrm_wet_hill_d.dds
terrain10,broad_vcld_dry_hill,broad,../../textures10/hiveg/fal/broadl_cld_sdry_sflat_d.dds
terrain10,sp_vhot_sdry_hill,sp,../../textures10/loveg/fal/sprs_wrm_wet_hill_d.dds
terrain10,tun_grass_cld_sdry_hill,tun,../../textures10/loveg/fal/sprs_cld_sdry_hill_d.dds
terrain10,rock_vhot_sdry_steep,rock,../../textures10/soil/rock_wrm_dry_steep_d.dds
terrain10,sq_hiland_crptwnhill,sq,../../textures10/human/fal/crpmo_tmp_wet_sflat_d.dds
terrain10,orch_wrm_wet_hill,orch,../../textures10/human/fal/crpmo_hot_wet_hill_d.dds
terrain10,any_pol_wet_hill,any,../../textures10/soil/rock_pol_wet_hill_d.dds
terrain10,sp_cld_rain_hill,sp,../../textures10/loveg/fal/tund_grass_vcld_sdry_hill_d.dds
terrain10,tun_shrb_vcld_sdry_steep,tun,../../textures10/loveg/fal/tund_grass_vcld_sdry_hill_d.dds
terrain10,crpm_cld_wet_hill,crpm,../../textures10/human/fal/crpmo_tmp_wet_sflat_d.dds
terrain10,coni_wrm_rain_hill_sp,coni,../../textures10/hiveg/fal/broadl_sp_wrm_wet_hill_d.dds
terrain10,pastr_tmp_sdry_hill,pastr,../../textures10/loveg/fal/grass_tmp_sdry_hill_d.dds
terrain10,grass_vhot_wet_hill,grass,../../textures10/loveg/fal/grass_wrm_wet_hill_d.dds
terrain10,ice_tmp_wet_sflat_lo,ice,../../textures10/soil/ice_cld_wet_sflat_d.dds
terrain10,rock_hot_wet_hill,rock,../../textures10/soil/fal/rock_wrm_wet_sflat_d.dds
terrain10,sq_pastr_tmp_rain_hill,sq,../../textures10/loveg/fal/grass_cld_wet_hill_d.dds
terrain10,shrb_vcld_rain_hill,shrb,../../textures10/loveg/fal/tund_shrb_cld_wet_hill_d.dds
terrain10,fruit_wrm_sdry_hill,fruit,../../textures10/human/fal/fruit_tmp_dry_flat_c.dds
terrain10,coni_cld_sdry_hill_sp,coni,../../textures10/hiveg/fal/coni_tmp_wet_hill_d.dds
terrain10,sq_crpirg_tmp_rain_hill,sq,../../textures10/human/fal/crp_tmp_wet_hill_d.dds
terrain10,sq_fruit_wrm_rain_hill,sq,../../textures10/human/fal/crp_hot_wet_sflat_d.dds
terrain10,crpm_hot_rain_hill,crpm,../../textures10/human/fal/crpmo_hot_rain_hill_d.dds
terrain10,coni_vhot_sdry_hill_sp,coni,../../textures10/hiveg/fal/coni_wrm_sdry_sflat_d.dds
terrain10,red_sq_orch_tmp_sdry_hill,red,../../textures10/human/fal/crp_tmp_dry_hill_d.dds
terrain10,sand_cld_rain_hill,sand,../../textures10/soil/scree_dry_bare_d.dds
terrain10,crpm_vhot_rain_hill,crpm,../../textures10/human/fal/crpmo_hot_rain_hill_d.dds
terrain10,coni_vhot_rain_hill,coni,../../textures10/hiveg/fal/coni_wrm_wet_hill_d.dds
terrain10,red_sq_crpirg_tmp_sdry_hill,red,../../textures10/human/fal/crp_tmp_wet_hill_d.dds
terrain10,sq_crp_vhot_wet_hill,sq,../../textures10/human/fal/crpmo_hot_wet_flat_c.dds
terrain10,grass_pol_wet_hill,grass,../../textures10/loveg/fal/grass_cld_sdry_hill_d.dds
terrain10,red_pastr_hot_sdry_hill,red,../../textures10/human/fal/pastr_wrm_sdry_sflat_d.dds
terrain10,broad_vhot_wet_hill,broad,../../textures10/hiveg/fal/broadl_wrm_wet_hill_d.dds
terrain10,any_vcld_rain_hill,any,../../textures10/loveg/fal/sprs_cld_rain_hill_d.dds
terrain10,rock_wrm_rain_steep,rock,../../textures10/soil/fal/rock_wrm_wet_steep_d.dds
terrain10,grass_cld_sdry_steep,grass,../../textures10/loveg/fal/sprs_cld_sdry_steep_d.dds
terrain10,sq_crpirg_cld_rain_hill,sq,../../textures10/human/fal/crp_tmp_sdry_sflat_sq_s.dds
terrain10,broad_vcld_wet_hill_sp,broad,../../textures10/hiveg/fal/broadl_sp_tmp_wet_hill_d.dds
terrain10,shrb_vcld_wet_steep,shrb,../../textures10/loveg/fal/shrub_cld_rain_steep_d.dds
terrain10,crpirg_hot_sdry_hill,crpirg,../../textures10/human/fal/crpmo_wrm_sdry_hill_d.dds
terrain10,crpm_tmp_wet_hill,crpm,../../textures10/human/fal/crpmo_tmp_wet_sflat_d.dds
terrain10,sq_fruit_vhot_sdry_hill,sq,../../textures10/human/fal/crp_tmp_sdry_sflat_d.dds
terrain10,ice_tmp_rain_flat,ice,../../textures10/soil/ice_cld_wet_sflat_d.dds
terrain10,rock_hot_sdry_steep,rock,../../textures10/soil/fal/rock_wrm_sdry_steep_d.dds
terrain10,sand_cld_wet_steep,sand,../../textures10/soil/scree_dry_bare_d.dds
terrain10,fruit_tmp_dry_hill,fruit,../../textures10/human/fal/fruit_tmp_sdry_sflat.dds
terrain10,red_crpm_tmp_sdry_hill,red,../../textures10/human/fal/crpmo_tmp_sdry_sflat_d.dds
terrain10,fruit_hot_wet_hill,fruit,../../textures10/human/fal/crpmo_hot_wet_hill_d.dds
terrain10,red_crpm_tmp_dry_hill,red,../../textures10/human/fal/crp_tmp_dry_hill_d.dds
terrain10,crpirg_vhot_rain_hill,crpirg,../../textures10/human/fal/crpmo_hot_rain_hill_d.dds
terrain10,mine_vhot_rain_hill,mine,../../textures10/human/mine_wrm_hill_d.dds
terrain10,rock_cld_rain_tp,rock,../../textures10/soil/fal/rock_cld_wet_sflat_d.dds
terrain10,sp_wrm_sdry_hill,sp,../../textures10/loveg/fal/sprs_wrm_sdry_hill_d.dds
terrain10,sand_vhot_rain_steep,sand,../../textures10/soil/rock_hot_dry_hill_d.dds
terrain10,shrb_cld_wet_hill,shrb,../../textures10/loveg/fal/tund_shrb_cld_wet_hill_d.dds
terrain10,red_sq_fruit_wrm_dry_hill,red,../../textures10/human/fal/crp_tmp_dry_hill_d.dds
terrain10,sq_north_crptwnhill,sq,../../textures10/human/fal/crpmo_tmp_wet_sflat_d.dds
terrain10,rock_wrm_sdry_fl_md,rock,../../textures10/soil/fal/rock_wrm_wet_sflat_d.dds
terrain10,red_crpirg_tmp_dry_hill,red,../../textures10/human/fal/crpmo_tmp_sdry_sflat_d.dds
terrain10,red_crp_vhot_sdry_hill,red,../../textures10/human/fal/crp_wrm_sdry_sflat_d.dds
terrain10,rock_hot_rain_fl_md,rock,../../textures10/soil/fal/rock_wrm_wet_sflat_d.dds
terrain10,morn_cld_wet_hill,morn,../../textures10/soil/morn_cld_sdry_hill_d.dds
terrain10,sp_hot_rain_tr_hill,sp,../../textures10/human/fal/crpmo_hot_wet_hill_d.dds
terrain10,rock_vhot_wet_fl_md,rock,../../textures10/soil/fal/rock_wrm_wet_sflat_d.dds
terrain10,rock_wrm_wet_sflat,rock,../../textures10/soil/fal/rock_wrm_wet_sflat_d.dds
terrain10,grass_vhot_sdry_hill,grass,../../textures10/loveg/fal/grass_wrm_sdry_flat_c.dds
terrain10,pastr_wrm_rain_hill,pastr,../../textures10/human/fal/pastr_wrm_wet_sflat_d.dds
terrain10,sp_pol_dry_hill,sp,../../textures10/loveg/fal/sprs_cld_sdry_hill_d.dds
terrain10,rock_cld_sdry_sflat,rock,../../textures10/soil/fal/rock_cld_wet_sflat_d.dds
terrain10,tun_shrb_cld_rain_steep,tun,../../textures10/loveg/fal/shrub_cld_rain_steep_d.dds
terrain10,rock_hot_rain_fl_tp,rock,../../textures10/soil/fal/rock_wrm_sdry_flat_c.dds
terrain10,tun_grass_vcld_rain_hill,tun,../../textures10/loveg/fal/tund_grass_vcld_wet_hill_d.dds
terrain10,sq_crpirg_tmp_wet_hill,sq,../../textures10/human/fal/crp_tmp_wet_hill_d.dds
terrain10,sq_fruit_tmp_dry_hill,sq,../../textures10/human/fal/fruit_tmp_sdry_sflat.dds
terrain10,red_crp_hot_sdry_hill,red,../../textures10/human/fal/crp_wrm_sdry_sflat_d.dds
terrain10,sand_wrm_rain_steep,sand,../../textures10/soil/rock_hot_dry_hill_d.dds
terrain10,grass_hot_sdry_hill,grass,../../textures10/loveg/grass_tmp_dry_sflat_d.dds
terrain10,rock_vhot_wet_fl_tp,rock,../../textures10/soil/fal/rock_wrm_sdry_flat_c.dds
terrain10,coni_wrm_rain_hill,coni,../../textures10/hiveg/fal/coni_wrm_wet_hill_d.dds
terrain10,coni_wrm_wet_hill,coni,../../textures10/hiveg/fal/coni_wrm_wet_hill_d.dds
terrain10,sq_fruit_hot_wet_hill,sq,../../textures10/human/fal/crp_hot_wet_sflat_d.dds
terrain10,rock_vhot_sdry_sflat,rock,../../textures10/soil/fal/rock_wrm_wet_sflat_d.dds
terrain10,sp_vcld_wet_hill,sp,../../textures10/loveg/fal/sprs_cld_sdry_hill_d.dds
terrain10,sq_crpirg_vhot_dry_hill,sq,../../textures10/human/fal/crp_tmp_dry_hill_d.dds
terrain10,rock_wrm_sdry_fl_tp,rock,../../textures10/soil/fal/rock_wrm_sdry_flat_c.dds
terrain10,any_hot_sdry_hill,any,../../textures10/loveg/sprs_wrm_dry_hill_d.dds
terrain10,mine_hot_rain_hill,mine,../../textures10/human/mine_wrm_hill_d.dds
terrain10,crp_wrm_sdry_hill,crp,../../textures10/human/fal/crpmo_wrm_sdry_hill_d.dds
terrain10,sq_orch_wrm_dry_hill,sq,../../textures10/human/crp_wrm_dry_hill_d.dds
terrain10,sq_crpirg_vhot_sdry_hill,sq,../../textures10/human/fal/crp_tmp_sdry_sflat_d.dds
terrain10,morn_tmp_wet_hill,morn,../../textures10/soil/morn_cld_sdry_hill_d.dds
terrain10,red_crpirg_vhot_sdry_hill,red,../../textures10/human/fal/crp_wrm_sdry_sflat_d.dds
terrain10,red_sq_crpirg_vhot_sdry_hill,red,../../textures10/human/fal/crp_wrm_sdry_sflat_d.dds
terrain10,sp_hot_wet_tr_hill,sp,../../textures10/human/fal/crpmo_hot_wet_hill_d.dds
terrain10,red_sq_orch_tmp_dry_hill,red,../../textures10/human/fal/crp_tmp_dry_hill_d.dds
terrain10,crpirg_wrm_wet_hill,crpirg,../../textures10/human/fal/crpmo_hot_wet_hill_d.dds
terrain10,sq_crp_hot_sdry_hill,sq,../../textures10/human/fal/crp_tmp_dry_sflat_d.dds
terrain10,red_sq_fruit_tmp_sdry_hill,red,../../textures10/human/fal/fruit_tmp_sdry_sflat.dds
terrain10,pastr_rainforest_hill,pastr,../../textures10/hiveg/fal/broadl_sp_wrm_wet_hill_d.dds
terrain10,orch_tmp_rain_hill,orch,../../textures10/human/fal/crpmo_hot_wet_sflat_d.dds
terrain10,fruit_tmp_rain_hill,fruit,../../textures10/human/fal/fruit_tmp_sdry_sflat.dds
terrain10,sq_crpirg_wrm_sdry_hill,sq,../../textures10/human/fal/crp_tmp_sdry_sflat_d.dds
terrain10,red_orch_wrm_dry_hill,red,../../textures10/human/fal/crp_tmp_dry_hill_d.dds
terrain10,sp_pol_sdry_hill,sp,../../textures10/loveg/fal/sprs_cld_sdry_hill_d.dds
terrain10,pastr_pol_wet_steep,pastr,../../textures10/loveg/fal/tund_grass_vcld_sdry_hill_d.dds
terrain10,sq_fruit_tmp_sdry_hill,sq,../../textures10/human/fal/fruit_tmp_sdry_sflat.dds
terrain10,rock_vhot_sdry_hill,rock,../../textures10/soil/fal/rock_wrm_wet_sflat_d.dds
terrain10,rock_vhot_rain_fl_md,rock,../../textures10/soil/fal/rock_wrm_wet_sflat_d.dds
terrain10,tun_grass_cld_dry_steep,tun,../../textures10/loveg/fal/sprs_cld_sdry_steep_d.dds
terrain10,shrb_tmp_wet_hill,shrb,../../textures10/loveg/fal/shrub_tmp_wet_hill_d.dds
terrain10,broad_wrm_rain_hill_sp,broad,../../textures10/hiveg/fal/broadl_sp_wrm_wet_sflat_d.dds
terrain10,rock_tmp_wet_fl_tp,rock,../../textures10/soil/fal/rock_cld_wet_sflat_d.dds
terrain10,sq_des_crptwnhill,sq,../../textures10/human/fal/crp_tmp_dry_sflat_sq_s.dds
terrain10,rock_wrm_rain_sflat,rock,../../textures10/soil/fal/rock_wrm_wet_sflat_d.dds
terrain10,rivbd_hot_rain_hill,rivbd,../../textures10/soil/fal/scree_wrm_wet_sprs_d.dds
terrain10,rock_vhot_rain_fl_tp,rock,../../textures10/soil/fal/rock_wrm_sdry_flat_c.dds
terrain10,red_orch_hot_sdry_hill,red,../../textures10/human/fal/crpmo_hot_wet_sflat_d.dds
terrain10,rock_vcld_sdry_sflat,rock,../../textures10/soil/fal/rock_cld_wet_sflat_d.dds
terrain10,broad_hot_sdry_hill,broad,../../textures10/hiveg/fal/broadl_wrm_sdry_hill_d.dds
terrain10,rainforest_hill,rainforest,../../textures10/hiveg/fal/broadl_hot_rain_hill_d.dds
terrain10,red_grass_tmp_sdry_hill,red,../../textures10/loveg/fal/grass_tmp_sdry_hill_d.dds
terrain10,pastr_pol_rain_hill,pastr,../../textures10/loveg/fal/tund_grass_vcld_sdry_hill_d.dds
terrain10,broad_tmp_wet_hill_sp,broad,../../textures10/hiveg/fal/broadl_sp_tmp_wet_hill_d.dds
terrain10,crpirg_vhot_wet_hill,crpirg,../../textures10/human/fal/crpmo_hot_wet_hill_d.dds
terrain10,olives_wrm_sdry_hill,olives,../../textures10/human/olives_hill.dds
terrain10,pastr_cld_dry_steep,pastr,../../textures10/loveg/fal/sprs_cld_sdry_steep_d.dds
terrain10,shrb_hot_rain_hill,shrb,../../textures10/loveg/fal/shrub_hot_rain_hill_d.dds
terrain10,rock_hot_sdry_sflat,rock,../../textures10/soil/fal/rock_wrm_wet_sflat_d.dds
terrain10,sq_crpirg_cld_wet_hill,sq,../../textures10/human/fal/crp_tmp_sdry_sflat_sq_s.dds
terrain10,tun_shrb_cld_dry_steep,tun,../../textures10/loveg/fal/shrub_cld_sdry_steep_d.dds
terrain10,crp_tmp_wet_hill,crp,../../textures10/human/fal/crp_tmp_wet_hill_d.dds
terrain10,crpirg_hot_wet_hill,crpirg,../../textures10/human/fal/crpmo_hot_wet_hill_d.dds
terrain10,any_vhot_wet_tr_hill,any,../../textures10/loveg/fal/shrub_wrm_wet_hill_d.dds
terrain10,broad_tmp_wet_hill,broad,../../textures10/hiveg/fal/broadl_tmp_wet_hill_d.dds
terrain10,red_sq_fruit_hot_sdry_hill,red,../../textures10/human/fal/crpmo_hot_wet_sflat_d.dds
terrain10,red_sq_olives_wrm_sdry_hill,red,../../textures10/human/olives_hill.dds
terrain10,crpirg_tmp_dry_hill,crpirg,../../textures10/human/fal/crp_tmp_dry_hill_d.dds
terrain10,sq_crp_tmp_sdry_hill,sq,../../textures10/human/fal/crp_tmp_sdry_sflat_d.dds
terrain10,sq_crp_cld_wet_hill,sq,../../textures10/human/fal/crpmo_tmp_wet_sflat_d.dds
terrain10,any_cld_wet_hill,any,../../textures10/loveg/fal/sprs_cld_wet_hill_d.dds
terrain10,rivbd_cld_rain_hill,rivbd,../../textures10/soil/scree_dry_bare_d.dds
terrain10,sq_fruit_hot_sdry_hill,sq,../../textures10/human/fal/crp_tmp_sdry_sflat_d.dds
terrain10,tun_grass_vcld_dry_hill,tun,../../textures10/loveg/fal/sprs_cld_sdry_hill_d.dds
terrain10,fruit_hot_rain_hill,fruit,../../textures10/human/fal/crpmo_hot_rain_hill_d.dds
terrain10,orch_hot_rain_hill,orch,../../textures10/human/fal/crpmo_hot_rain_hill_d.dds
terrain10,rock_hot_wet_fl_tp,rock,../../textures10/soil/fal/rock_wrm_sdry_flat_c.dds
terrain10,broad_cld_sdry_hill,broad,../../textures10/hiveg/fal/broadl_sp_tmp_wet_hill_d.dds
terrain10,shrb_cld_rain_hill,shrb,../../textures10/loveg/fal/shrub_tmp_wet_hill_d.dds
terrain10,crpm_wrm_sdry_hill,crpm,../../textures10/human/fal/crpmo_wrm_sdry_hill_d.dds
terrain10,tmp_crptwnhill_irr,tmp,../../textures10/human/fal/crpmo_tmp_wet_flat_c2.dds
terrain10,rock_hot_wet_fl_md,rock,../../textures10/soil/fal/rock_wrm_wet_sflat_d.dds
terrain10,red_orch_tmp_sdry_hill,red,../../textures10/human/fal/crp_tmp_dry_hill_d.dds
terrain10,snow_tmp_rain_sflat,snow,../../textures10/soil/fal/rock_cld_wet_sflat_d.dds
terrain10,mine_cld_wet_hill,mine,../../textures10/human/mine_cld_hill_d.dds
terrain10,tun_sp_vcld_wet_hill,tun,../../textures10/loveg/fal/tund_sp_cld_sdry_hill_d.dds
terrain10,rivbd_tmp_rain_hill,rivbd,../../textures10/soil/fal/scree_cld_wet_sprs_d.dds
terrain10,red_crpirg_wrm_sdry_hill,red,../../textures10/human/fal/crp_wrm_sdry_sflat_d.dds
terrain10,sq_crp_cld_sdry_hill,sq,../../textures10/human/fal/crpmo_tmp_wet_sflat_d.dds
terrain10,shrb_tmp_rain_hill,shrb,../../textures10/loveg/fal/shrub_tmp_wet_hill_d.dds
terrain10,tun_shrb_vcld_dry_hill,tun,../../textures10/loveg/fal/tund_grass_vcld_sdry_hill_d.dds
terrain10,shrb_cld_wet_steep,shrb,../../textures10/loveg/fal/shrub_cld_wet_steep_d.dds
terrain10,coni_cld_dry_hill,coni,../../textures10/hiveg/coni_cld_dry_hill_d.dds
terrain10,broad_tmp_sdry_hill,broad,../../textures10/hiveg/fal/broadl_tmp_sdry_hill_d.dds
terrain10,sq_pastr_hot_wet_hill,sq,../../textures10/human/fal/pastr_wrm_sdry_sflat_d.dds
terrain10,crpirg_wrm_rain_hill,crpirg,../../textures10/human/fal/crpmo_hot_rain_hill_d.dds
terrain10,grass_tmp_wet_hill,grass,../../textures10/loveg/fal/grass_tmp_wet_hill_d.dds
terrain10,tun_shrb_vcld_rain_hill,tun,../../textures10/loveg/fal/tund_grass_vcld_sdry_hill_d.dds
terrain10,red_crpirg_vhot_dry_hill,red,../../textures10/human/fal/crp_wrm_sdry_sflat_d.dds
terrain10,tun_sp_pol_sdry_hill,tun,../../textures10/loveg/fal/sprs_cld_sdry_hill_d.dds
terrain10,rock_tmp_sdry_fl,rock,../../textures10/soil/fal/rock_tmp_sdry_sflat_d.dds
terrain10,sq_trop_crptwnhill,sq,../../textures10/human/fal/crp_wrm_wet_flat_sq_s.dds
terrain10,grass_cld_sdry_hill,grass,../../textures10/loveg/fal/grass_cld_sdry_hill_d.dds
terrain10,crpirg_cld_dry_hill,crpirg,../../textures10/human/fal/crp_cld_sdry_flat_c.dds
terrain10,broad_cld_wet_hill,broad,../../textures10/hiveg/fal/broadl_tmp_wet_hill_d.dds
terrain10,crp_cld_wet_hill,crp,../../textures10/human/fal/crp_tmp_wet_hill_d.dds
terrain10,grass_pol_sdry_steep,grass,../../textures10/loveg/fal/sprs_cld_sdry_steep_d.dds
terrain10,any_tmp_wet_hill,any,../../textures10/loveg/fal/sprs_tmp_wet_hill_d.dds
terrain10,mine_cld_rain_hill,mine,../../textures10/human/mine_cld_hill_d.dds
terrain10,any_cld_sdry_hill,any,../../textures10/loveg/fal/tund_sp_cld_sdry_hill_d.dds
terrain10,sq_crp_tmp_wet_hill,sq,../../textures10/human/fal/crp_tmp_wet_hill_d.dds
terrain10,snow_tmp_rain_hill,snow,../../textures10/loveg/fal/sprs_vcld_wet_flat_c.dds
terrain10,red_crp_tmp_sdry_hill,red,../../textures10/human/fal/crpmo_tmp_sdry_sflat_d.dds
terrain10,broad_vcld_sdry_hill,broad,../../textures10/hiveg/fal/broadl_cld_sdry_sflat_d.dds
terrain10,coni_hot_wet_hill,coni,../../textures10/hiveg/fal/coni_wrm_wet_hill_d.dds
terrain10,sq_grass_tmp_rain_hill,sq,../../textures10/loveg/fal/grass_cld_rain_hill_d.dds
terrain10,sq_fruit_wrm_wet_hill,sq,../../textures10/human/fal/crp_hot_wet_sflat_d.dds
terrain10,rock_hot_sdry_hill,rock,../../textures10/soil/fal/rock_wrm_sdry_steep_d.dds
terrain10,pastr_vhot_wet_hill,pastr,../../textures10/hiveg/fal/broadl_sp_wrm_wet_hill_d.dds
terrain10,grass_tmp_sdry_hill,grass,../../textures10/loveg/fal/grass_tmp_sdry_hill_d.dds
terrain10,coni_vhot_wet_hill,coni,../../textures10/hiveg/fal/coni_wrm_wet_hill_d.dds
terrain10,crp_vhot_rain_hill,crp,../../textures10/human/fal/crpmo_hot_rain_hill_d.dds
terrain10,grass_cld_wet_hill,grass,../../textures10/loveg/fal/grass_cld_wet_hill_d.dds
terrain10,tun_shrb_cld_dry_hill,tun,../../textures10/loveg/fal/tund_shrb_cld_wet_hill_d.dds
terrain10,mine_tmp_rain_hill,mine,../../textures10/human/mine_cld_hill_d.dds
terrain10,any_tmp_sdry_hill,any,../../textures10/loveg/fal/shrub_tmp_sdry_hill_d.dds
terrain10,red_sq_crpirg_wrm_dry_hill,red,../../textures10/human/fal/crp_wrm_sdry_sflat_d.dds
terrain10,pastr_pol_rain_steep,pastr,../../textures10/loveg/fal/tund_grass_vcld_sdry_sflat_d.dds
terrain10,sq_orch_tmp_wet_hill,sq,../../textures10/human/fal/crp_tmp_sdry_sflat_d.dds
terrain10,sp_vhot_sdry_tr_hill,sp,../../textures10/loveg/fal/sprs_wrm_wet_hill_d.dds
terrain10,mine_tmp_wet_hill,mine,../../textures10/human/mine_cld_hill_d.dds
terrain10,grass_vcld_sdry_hill,grass,../../textures10/loveg/fal/sprs_cld_sdry_hill_d.dds
terrain10,snow_cld_wet_flat_lo,snow,../../textures10/soil/fal/rock_cld_wet_sflat_d.dds
terrain10,tun_shrb_vcld_wet_hill,tun,../../textures10/loveg/fal/tund_grass_vcld_sdry_hill_d.dds
terrain10,grass_vhot_rain_hill,grass,../../textures10/loveg/fal/grass_hot_rain_sflat_d.dds
terrain10,coni_hot_wet_hill_sp,coni,../../textures10/hiveg/fal/broadl_sp_wrm_wet_hill_d.dds
terrain10,broad_cld_wet_hill_sp,broad,../../textures10/hiveg/fal/broadl_sp_tmp_wet_hill_d.dds
terrain10,coni_cld_wet_hill,coni,../../textures10/hiveg/fal/coni_tmp_wet_hill_d.dds
terrain10,pastr_vcld_wet_hill,pastr,../../textures10/loveg/fal/grass_cld_wet_hill_d.dds
terrain10,sq_orch_wrm_rain_hill,sq,../../textures10/human/fal/crp_hot_wet_sflat_d.dds
terrain10,grass_hot_wet_hill,grass,../../textures10/loveg/fal/grass_wrm_wet_hill_d.dds
terrain10,sq_pastr_tmp_wet_hill,sq,../../textures10/loveg/fal/grass_cld_wet_hill_d.dds
terrain10,coni_vcld_wet_hill,coni,../../textures10/hiveg/fal/coni_tmp_wet_hill_d.dds
terrain10,morn_tmp_rain_hill,morn,../../textures10/soil/morn_cld_sdry_hill_d.dds
terrain10,red_sp_wrm_sdry_hill,red,../../textures10/loveg/fal/sprs_wrm_sdry_hill_d.dds
terrain10,snow_cld_wet_flat,snow,../../textures10/soil/fal/rock_cld_wet_sflat_d.dds
terrain10,tun_sp_vcld_dry_hill,tun,../../textures10/loveg/fal/sprs_cld_sdry_hill_d.dds
terrain10,red_grass_vhot_sdry_hill,red,../../textures10/loveg/fal/grass_wrm_sdry_flat_c.dds
terrain10,sp_wrm_rain_hill,sp,../../textures10/human/fal/crpmo_hot_wet_hill_d.dds
terrain10,rock_tmp_wet_steep,rock,../../textures10/soil/fal/rock_tmp_wet_steep_d.dds
terrain10,broad_vhot_rain_hill,broad,../../textures10/hiveg/fal/broadl_hot_rain_hill_d.dds
terrain10,red_fruit_hot_sdry_hill,red,../../textures10/human/fal/crpmo_hot_wet_sflat_d.dds
terrain10,crpirg_vhot_sdry_hill,crpirg,../../textures10/human/fal/crpmo_wrm_sdry_hill_d.dds
terrain10,rock_cld_rain_hill,rock,../../textures10/soil/rock_cld_wet_hill_d.dds
terrain10,crp_wrm_rain_hill,crp,../../textures10/human/fal/crpmo_hot_rain_hill_d.dds
terrain10,coni_wrm_sdry_hill_sp,coni,../../textures10/hiveg/fal/coni_sp_tmp_sdry_hill_d.dds
terrain10,morn_cld_rain_hill,morn,../../textures10/soil/morn_vcld_wet_hill_d.dds
terrain10,tun_grass_vcld_wet_hill,tun,../../textures10/loveg/fal/tund_grass_vcld_sdry_hill_d.dds
terrain10,ice_tmp_rain_sflat,ice,../../textures10/soil/ice_cld_wet_sflat_d.dds
terrain10,shrb_wrm_wet_hill,shrb,../../textures10/loveg/fal/shrub_wrm_wet_hill_d.dds
terrain10,any_hot_rain_hill,any,../../textures10/loveg/fal/shrub_wrm_wet_hill_d.dds
terrain10,rock_hot_wet_fl,rock,../../textures10/soil/fal/rock_wrm_sdry_flat_c.dds
terrain10,red_orch_tmp_dry_hill,red,../../textures10/human/fal/crp_tmp_dry_hill_d.dds
terrain10,rock_vhot_rain_steep,rock,../../textures10/soil/fal/rock_wrm_wet_steep_d.dds
terrain10,broad_tmp_dry_hill,broad,../../textures10/hiveg/fal/broadl_tmp_dry_hill_d.dds
terrain10,rock_tmp_rain_hill,rock,../../textures10/soil/fal/rock_tmp_wet_steep_d.dds
terrain10,coni_wrm_sdry_hill,coni,../../textures10/hiveg/fal/coni_wrm_sdry_sflat_d.dds
terrain10,crp_tmp_dry_hill,crp,../../textures10/human/fal/crp_tmp_dry_hill_d.dds
terrain10,grass_hot_rain_hill,grass,../../textures10/loveg/fal/grass_wrm_wet_hill_d.dds
terrain10,red_sq_orch_wrm_dry_hill,red,../../textures10/human/fal/crp_tmp_dry_hill_d.dds
terrain10,crp_hot_wet_hill,crp,../../textures10/human/fal/crpmo_hot_wet_hill_d.dds
terrain10,rock_cld_wet_steep,rock,../../textures10/soil/fal/rock_cld_wet_steep_d.dds
terrain10,crpirg_tmp_wet_hill,crpirg,../../textures10/human/fal/crp_tmp_wet_hill_d.dds
terrain10,shrb_vcld_dry_steep,shrb,../../textures10/loveg/fal/shrub_cld_sdry_steep_d.dds
terrain10,sq_rainf_crptwnhill,sq,../../textures10/human/fal/crp_wrm_wet_flat_sq_s.dds
terrain10,broad_hot_wet_hill,broad,../../textures10/hiveg/fal/broadl_wrm_wet_hill_d.dds
terrain10,tun_grass_vcld_sdry_hill,tun,../../textures10/loveg/fal/tund_grass_vcld_sdry_hill_d.dds
terrain10,red_sq_crpirg_vhot_dry_hill,red,../../textures10/human/fal/crp_wrm_sdry_sflat_d.dds
terrain10,snow_cld_sdry_sflat,snow,../../textures10/soil/fal/rock_cld_wet_sflat_d.dds
terrain10,sq_crp_cld_dry_hill,sq,../../textures10/human/fal/crpmo_tmp_wet_sflat_d.dds
terrain10,morn_wrm_wet_hill,morn,../../textures10/soil/morn_cld_sdry_hill_d.dds
terrain10,sq_pastr_wrm_rain_hill,sq,../../textures10/loveg/fal/grass_cld_wet_hill_d.dds
terrain10,any_cld_dry_hill,any,../../textures10/loveg/fal/sprs_cld_sdry_hill_d.dds
terrain10,rock_cld_rain_steep,rock,../../textures10/soil/fal/rock_cld_wet_steep_d.dds
terrain10,ice_tmp_wet_flat_lo,ice,../../textures10/soil/ice_cld_wet_sflat_d.dds
terrain10,pastr_wrm_sdry_hill,pastr,../../textures10/human/fal/pastr_wrm_sdry_sflat_d.dds
terrain10,mine_hot_wet_hill,mine,../../textures10/human/mine_wrm_hill_d.dds
terrain10,sq_orch_tmp_dry_hill,sq,../../textures10/human/fal/fruit_tmp_sdry_sflat.dds
terrain10,rock_vhot_rain_hill,rock,../../textures10/soil/fal/rock_wrm_wet_sflat_d.dds
terrain10,crpm_vhot_wet_hill,crpm,../../textures10/human/fal/crpmo_hot_wet_hill_d.dds
terrain10,sq_fruit_tmp_rain_hill,sq,../../textures10/human/fal/fruit_tmp_sdry_sflat.dds
terrain10,sp_pol_rain_hill,sp,../../textures10/loveg/sprs_vcld_rain_hill_d.dds
terrain10,sq_orch_hot_wet_hill,sq,../../textures10/human/fal/crp_hot_wet_sflat_d.dds
terrain10,sq_crpirg_wrm_rain_hill,sq,../../textures10/human/fal/crpmo_hot_wet_flat_c.dds
terrain10,red_sq_crp_hot_sdry_hill,red,../../textures10/human/fal/crp_wrm_sdry_sflat_d.dds
terrain10,fruit_tmp_sdry_hill,fruit,../../textures10/human/fal/fruit_tmp_sdry_sflat.dds
terrain10,orch_tmp_sdry_hill,orch,../../textures10/human/fal/crp_tmp_dry_hill_d.dds
terrain10,coni_tmp_wet_hill,coni,../../textures10/hiveg/fal/coni_tmp_wet_hill_d.dds
terrain10,coni_vhot_rain_hill_sp,coni,../../textures10/hiveg/fal/broadl_sp_wrm_wet_hill_d.dds
terrain10,sq_crp_hot_rain_hill,sq,../../textures10/human/fal/crpmo_hot_wet_flat_c.dds
terrain10,sq_fruit_wrm_dry_hill,sq,../../textures10/human/crp_wrm_dry_hill_d.dds
terrain10,sand_wrm_wet_steep,sand,../../textures10/soil/rock_hot_dry_hill_d.dds
terrain10,sq_crpirg_wrm_wet_hill,sq,../../textures10/human/fal/crpmo_hot_wet_flat_c.dds
terrain10,pastr_cld_sdry_steep,pastr,../../textures10/loveg/fal/sprs_cld_sdry_steep_d.dds
terrain10,coni_cld_rain_hill_sp,coni,../../textures10/loveg/fal/shrub_cld_rain_steep_d.dds
terrain10,grass_cld_dry_hill,grass,../../textures10/loveg/fal/grass_cld_sdry_hill_d.dds
terrain10,red_sq_crpirg_wrm_sdry_hill,red,../../textures10/human/fal/crp_wrm_sdry_sflat_d.dds
terrain10,rock_cld_rain,rock,../../textures10/soil/fal/rock_cld_wet_sflat_d.dds
terrain10,sq_crpirg_vhot_rain_hill,sq,../../textures10/human/fal/crpmo_hot_wet_flat_c.dds
terrain10,tun_shrb_cld_wet_hill,tun,../../textures10/loveg/fal/tund_shrb_cld_wet_hill_d.dds
terrain10,rock_hot_rain_steep,rock,../../textures10/soil/fal/rock_wrm_wet_steep_d.dds
terrain10,rock_wrm_sdry_fl,rock,../../textures10/soil/fal/rock_wrm_sdry_flat_c.dds
terrain10,coni_wrm_wet_hill_sp,coni,../../textures10/hiveg/fal/broadl_sp_wrm_wet_hill_d.dds
terrain10,crpirg_cld_wet_hill,crpirg,../../textures10/human/fal/crp_tmp_wet_hill_d.dds
terrain10,shrb_hot_sdry_hill,shrb,../../textures10/soil/fal/rock_wrm_sdry_steep_d.dds
terrain10,crp_cld_dry_hill,crp,../../textures10/human/fal/crp_cld_sdry_flat_c.dds
terrain10,broad_cld_dry_hill,broad,../../textures10/hiveg/fal/broadl_sp_tmp_wet_hill_d.dds
terrain10,any_tmp_dry_hill,any,../../textures10/loveg/fal/sprs_wrm_sdry_hill_d.dds
terrain10,sq_crp_hot_wet_hill,sq,../../textures10/human/fal/crpmo_hot_wet_flat_c.dds
terrain10,rock_vhot_wet_steep,rock,../../textures10/soil/fal/rock_wrm_wet_steep_d.dds
terrain10,pastr_pol_sdry_hill,pastr,../../textures10/loveg/fal/tund_grass_vcld_sdry_hill_d.dds
terrain10,sq_crp_tmp_dry_hill,sq,../../textures10/human/fal/crp_tmp_dry_sflat_sq_s.dds
terrain10,red_crpirg_wrm_dry_hill,red,../../textures10/human/fal/crpmo_tmp_sdry_sflat_d.dds
terrain10,broad_hot_rain_hill,broad,../../textures10/hiveg/fal/broadl_hot_rain_hill_d.dds
terrain10,any_hot_wet_hill,any,../../textures10/loveg/fal/shrub_wrm_wet_hill_d.dds
terrain10,red_sq_fruit_tmp_dry_hill,red,../../textures10/human/fal/fruit_tmp_sdry_sflat.dds
terrain10,red_olives_wrm_sdry_hill,red,../../textures10/human/olives_hill.dds
terrain10,rock_wrm_sdry_steep,rock,../../textures10/soil/fal/rock_wrm_sdry_steep_d.dds
terrain10,crpm_wrm_rain_hill,crpm,../../textures10/human/fal/crpmo_hot_rain_hill_d.dds
terrain10,snow_cld_dry_sflat,snow,../../textures10/soil/fal/rock_cld_wet_sflat_d.dds
terrain10,sq_olives_wrm_sdry_hill,sq,../../textures10/human/olives_hill.dds
terrain10,shrb_cld_sdry_hill,shrb,../../textures10/loveg/fal/shrub_tmp_sdry_hill_d.dds
terrain10,sq_crpirg_vhot_wet_hill,sq,../../textures10/human/fal/crpmo_hot_wet_flat_c.dds
terrain10,broad_cld_rain_hill,broad,../../textures10/hiveg/fal/broadl_tmp_wet_hill_d.dds
terrain10,mine_wrm_wet_hill,mine,../../textures10/human/mine_wrm_hill_d.dds
terrain10,orch_hot_sdry_hill,orch,../../textures10/human/fal/crpmo_hot_wet_sflat_d.dds
terrain10,fruit_hot_sdry_hill,fruit,../../textures10/human/fal/crpmo_hot_wet_sflat_d.dds
terrain10,sq_orch_wrm_wet_hill,sq,../../textures10/human/fal/crp_hot_wet_sflat_d.dds
terrain10,red_sq_crp_tmp_sdry_hill,red,../../textures10/human/fal/crpmo_tmp_sdry_sflat_d.dds
terrain10,sq_fruit_hot_rain_hill,sq,../../textures10/human/fal/crp_hot_wet_sflat_d.dds
terrain10,red_sq_crpirg_tmp_dry_hill,red,../../textures10/human/fal/crpmo_tmp_sdry_sflat_d.dds
terrain10,snow_cld_sdry_sflat_lo,snow,../../textures10/soil/fal/rock_cld_wet_sflat_d.dds
terrain10,sp_pol_wet_hill,sp,../../textures10/loveg/sprs_vcld_rain_hill_d.dds
terrain10,any_hot_sdry_tr_hill,any,../../textures10/loveg/sprs_wrm_dry_hill_d.dds
terrain10,broad_vhot_wet_hill_sp,broad,../../textures10/hiveg/fal/broadl_sp_wrm_wet_hill_d.dds
terrain10,sq_crp_tmp_rain_hill,sq,../../textures10/human/fal/crp_tmp_wet_hill_d.dds
terrain10,sq_fruit_tmp_wet_hill,sq,../../textures10/human/fal/fruit_tmp_sdry_sflat.dds
terrain10,sq_crpirg_tmp_dry_hill,sq,../../textures10/human/fal/crp_tmp_dry_sflat_sq_s.dds
terrain10,sq_crpirg_hot_wet_hill,sq,../../textures10/human/fal/crpmo_hot_wet_flat_c.dds
terrain10,tun_shrb_vcld_sdry_hill,tun,../../textures10/loveg/fal/tund_grass_vcld_sdry_hill_d.dds
terrain10,crpirg_wrm_sdry_hill,crpirg,../../textures10/human/fal/crpmo_wrm_sdry_hill_d.dds
terrain10,sq_crp_wrm_wet_hill,sq,../../textures10/human/fal/crpmo_hot_wet_flat_c.dds
terrain10,broad_tmp_rain_hill,broad,../../textures10/hiveg/fal/broadl_tmp_wet_hill_d.dds
terrain10,red_crpirg_hot_dry_hill,red,../../textures10/human/fal/crp_wrm_sdry_sflat_d.dds
terrain10,any_wrm_wet_hill,any,../../textures10/loveg/fal/shrub_wrm_wet_hill_d.dds
terrain10,rivbd_vhot_rain_hill,rivbd,../../textures10/soil/fal/scree_wrm_wet_sprs_d.dds
terrain10,red_pastr_wrm_sdry_hill,red,../../textures10/human/fal/pastr_wrm_sdry_sflat_d.dds
terrain10,tun_grass_vcld_sdry_steep,tun,../../textures10/loveg/fal/sprs_cld_sdry_steep_d.dds
terrain10,snow_tmp_dry_sflat,snow,../../textures10/soil/fal/rock_cld_wet_sflat_d.dds
terrain10,shrb_tmp_sdry_hill,shrb,../../textures10/loveg/fal/shrub_tmp_sdry_hill_d.dds
terrain10,sq_crp_cld_rain_hill,sq,../../textures10/human/fal/crpmo_tmp_wet_sflat_d.dds
terrain10,ice_tmp_wet_flat,ice,../../textures10/soil/ice_cld_wet_sflat_d.dds
terrain10,rock_tmp_rain_sflat,rock,../../textures10/soil/fal/rock_cld_wet_sflat_d.dds
terrain10,shrb_cld_dry_hill,shrb,../../textures10/loveg/shrub_tmp_dry_hill_d.dds
terrain10,snow_tmp_wet_sflat_lo,snow,../../textures10/soil/fal/rock_cld_wet_sflat_d.dds
terrain10,pastr_pol_wet_hill,pastr,../../textures10/loveg/fal/tund_grass_vcld_sdry_hill_d.dds
terrain10,semidry_crptwnhill_irr,semidry,../../textures10/human/fal/crpmo_tmp_sdry_sflat_d.dds
terrain10,snow_tmp_sdry_hill,snow,../../textures10/loveg/fal/sprs_cld_sdry_hill_d.dds
terrain10,shrb_cld_sdry_steep,shrb,../../textures10/loveg/fal/shrub_cld_sdry_steep_d.dds
terrain10,grass_wrm_wet_hill,grass,../../textures10/loveg/fal/grass_wrm_wet_hill_d.dds
terrain10,any_cld_rain_hill,any,../../textures10/loveg/fal/sprs_cld_wet_hill_d.dds
terrain10,sq_crpirg_cld_dry_hill,sq,../../textures10/human/fal/crp_tmp_dry_sflat_sq_s.dds
terrain10,sq_orch_vhot_wet_hill,sq,../../textures10/human/fal/crp_hot_wet_sflat_d.dds
terrain10,red_fruit_tmp_sdry_hill,red,../../textures10/human/fal/fruit_tmp_sdry_sflat.dds
terrain10,sp_vhot_wet_hill,sp,../../textures10/human/fal/crpmo_hot_wet_hill_d.dds
terrain10,coni_tmp_rain_hill_sp,coni,../../textures10/hiveg/fal/broadl_sp_tmp_wet_hill_d.dds
terrain10,rock_hot_wet_steep,rock,../../textures10/soil/fal/rock_wrm_wet_steep_d.dds
terrain10,grass_cld_rain_hill,grass,../../textures10/loveg/fal/grass_cld_rain_hill_d.dds
terrain10,tun_sp_cld_wet_hill,tun,../../textures10/loveg/fal/tund_sp_cld_sdry_hill_d.dds
terrain10,rock_tmp_sdry_fl_md,rock,../../textures10/soil/fal/rock_tmp_sdry_sflat_d.dds
terrain10,pastr_vcld_sdry_steep,pastr,../../textures10/loveg/fal/sprs_cld_sdry_steep_d.dds
terrain10,crp_vhot_wet_hill,crp,../../textures10/human/fal/crpmo_hot_wet_hill_d.dds
terrain10,grass_vcld_rain_hill,grass,../../textures10/loveg/fal/grass_cld_wet_hill_d.dds
terrain10,shrb_hot_wet_hill,shrb,../../textures10/loveg/fal/shrub_wrm_wet_hill_d.dds
terrain10,red_sp_vhot_sdry_hill,red,../../textures10/loveg/fal/sprs_wrm_sdry_hill_d.dds
terrain10,rock_tmp_sdry_fl_tp,rock,../../textures10/soil/fal/rock_tmp_sdry_sflat_d.dds
terrain10,red_sq_grass_tmp_sdry_hill,red,../../textures10/loveg/fal/grass_tmp_sdry_hill_d.dds
terrain10,any_tmp_rain_hill,any,../../textures10/loveg/fal/sprs_cld_wet_hill_d.dds
terrain10,rock_cld_wet,rock,../../textures10/soil/fal/rock_cld_wet_sflat_d.dds
terrain10,crp_vhot_sdry_hill,crp,../../textures10/human/fal/crpmo_wrm_sdry_hill_d.dds
terrain10,grass_tmp_rain_hill,grass,../../textures10/loveg/fal/grass_cld_rain_hill_d.dds
terrain10,red_sq_crp_tmp_dry_hill,red,../../textures10/human/fal/crpmo_tmp_sdry_sflat_d.dds
terrain10,sq_pastr_vhot_wet_hill,sq,../../textures10/human/fal/pastr_wrm_sdry_sflat_d.dds
terrain10,rock_hot_rain_hill,rock,../../textures10/soil/fal/rock_wrm_wet_sflat_d.dds
terrain10,sq_grass_tmp_sdry_hill,sq,../../textures10/loveg/fal/grass_tmp_sdry_hill_d.dds
terrain10,coni_hot_rain_hill_sp,coni,../../textures10/hiveg/fal/broadl_sp_wrm_wet_hill_d.dds
terrain10,broad_wrm_wet_hill,broad,../../textures10/hiveg/fal/broadl_wrm_wet_hill_d.dds
terrain10,crp_wrm_wet_hill,crp,../../textures10/human/fal/crpmo_hot_wet_hill_d.dds
terrain10,broad_vcld_rain_hill,broad,../../textures10/hiveg/fal/broadl_tmp_wet_hill_d.dds
terrain10,any_vhot_rain_tr_hill,any,../../textures10/loveg/fal/shrub_wrm_wet_hill_d.dds
terrain10,broad_vcld_wet_hill,broad,../../textures10/hiveg/fal/broadl_tmp_wet_hill_d.dds
terrain10,orch_wrm_dry_hill,orch,../../textures10/human/fal/crp_tmp_dry_hill_d.dds
terrain10,sq_crp_wrm_sdry_hill,sq,../../textures10/human/fal/crp_tmp_sdry_sflat_d.dds
terrain10,tun_sp_vcld_sdry_hill,tun,../../textures10/loveg/fal/sprs_cld_sdry_hill_d.dds
terrain10,coni_tmp_wet_hill_sp,coni,../../textures10/hiveg/fal/broadl_sp_tmp_wet_hill_d.dds
terrain10,crpm_cld_dry_hill,crpm,../../textures10/human/fal/crp_cld_sdry_flat_c.dds
terrain10,rock_tmp_wet_hill,rock,../../textures10/soil/fal/rock_tmp_wet_steep_d.dds
terrain10,fruit_vhot_sdry_hill,fruit,../../textures10/human/fal/crpmo_hot_wet_sflat_d.dds
terrain10,sq_crpirg_hot_sdry_hill,sq,../../textures10/human/fal/crp_tmp_dry_sflat_d.dds
terrain10,crpirg_cld_rain_hill,crpirg,../../textures10/human/fal/crp_tmp_wet_hill_d.dds
terrain10,ice_tmp_wet_sflat,ice,../../textures10/soil/ice_cld_wet_sflat_d.dds
terrain10,broad_hot_rain_hill_sp,broad,../../textures10/hiveg/fal/broadl_sp_wrm_wet_hill_d.dds
terrain10,red_orch_vhot_sdry_hill,red,../../textures10/human/fal/crpmo_hot_wet_sflat_d.dds
terrain10,any_vhot_sdry_hill,any,../../textures10/soil/fal/rock_wrm_sdry_steep_d.dds
terrain10,red_fruit_tmp_dry_hill,red,../../textures10/human/fal/fruit_tmp_sdry_sflat.dds
terrain10,crpm_tmp_sdry_hill,crpm,../../textures10/human/fal/crpmo_tmp_sdry_sflat_d.dds
terrain10,fruit_vhot_wet_hill,fruit,../../textures10/human/fal/crpmo_hot_wet_hill_d.dds
terrain10,orch_vhot_wet_hill,orch,../../textures10/human/fal/crpmo_hot_wet_hill_d.dds
terrain10,rivbd_wrm_rain_hill,rivbd,../../textures10/soil/rivbd_tmp_wet_sflat_d.dds
terrain10,any_pol_sdry_hill,any,../../textures10/soil/rock_vpol_wet_hill_d.dds
terrain10,sq_crp_vhot_sdry_hill,sq,../../textures10/human/fal/crp_tmp_sdry_sflat_d.dds
terrain10,red_crpirg_tmp_sdry_hill,red,../../textures10/human/fal/crpmo_tmp_sdry_sflat_d.dds
terrain10,tun_grass_cld_sdry_steep,tun,../../textures10/loveg/fal/sprs_cld_sdry_steep_d.dds
terrain10,coni_vcld_sdry_hill,coni,../../textures10/hiveg/fal/coni_cld_sdry_hill_d.dds
terrain10,broad_tmp_rain_hill_sp,broad,../../textures10/hiveg/fal/broadl_sp_tmp_wet_hill_d.dds
terrain10,crpm_cld_sdry_hill,crpm,../../textures10/human/fal/crp_cld_sdry_flat_c.dds
terrain10,rock_tmp_rain_steep,rock,../../textures10/soil/fal/rock_tmp_wet_steep_d.dds
terrain10,shrb_wrm_rain_hill,shrb,../../textures10/loveg/fal/shrub_wrm_wet_hill_d.dds
terrain10,tun_sp_cld_sdry_hill,tun,../../textures10/loveg/fal/tund_sp_cld_sdry_hill_d.dds
terrain10,grass_pol_sdry_hill,grass,../../textures10/loveg/fal/sprs_cld_sdry_hill_d.dds
terrain10,broad_wrm_sdry_hill,broad,../../textures10/hiveg/fal/broadl_wrm_sdry_hill_d.dds
terrain10,snow_tmp_sdry_sflat,snow,../../textures10/soil/fal/rock_cld_wet_sflat_d.dds
terrain10,rock_tmp_rain_fl,rock,../../textures10/soil/fal/rock_cld_wet_sflat_d.dds
terrain10,olives_wrm_wet_hill,olives,../../textures10/human/olives_hill.dds
terrain10,crpirg_tmp_rain_hill,crpirg,../../textures10/human/fal/crp_tmp_wet_hill_d.dds
terrain10,sp_hot_sdry_hill,sp,../../textures10/loveg/fal/sprs_wrm_wet_hill_d.dds
terrain10,grass_pol_rain_steep,grass,../../textures10/loveg/fal/grass_cld_sdry_hill_d.dds
terrain10,tun_shrb_vcld_dry_steep,tun,../../textures10/loveg/fal/tund_grass_vcld_sdry_hill_d.dds
terrain10,fruit_tmp_wet_hill,fruit,../../textures10/human/fal/fruit_tmp_sdry_sflat.dds
terrain10,pastr_vcld_sdry_hill,pastr,../../textures10/loveg/fal/tund_grass_vcld_sdry_hill_d.dds
terrain10,any_vcld_wet_hill,any,../../textures10/loveg/fal/sprs_cld_rain_hill_d.dds
terrain10,sp_vcld_rain_hill,sp,../../textures10/loveg/sprs_vcld_rain_hill_d.dds
terrain10,snow_cld_dry_sflat_lo,snow,../../textures10/soil/fal/rock_cld_wet_sflat_d.dds
terrain10,rivbd_wrm_wet_hill,rivbd,../../textures10/soil/rivbd_tmp_wet_sflat_d.dds
terrain10,red_sq_pastr_vhot_sdry_hill,red,../../textures10/human/fal/pastr_wrm_sdry_sflat_d.dds
terrain10,rock_hot_wet_sflat,rock,../../textures10/soil/fal/rock_wrm_wet_sflat_d.dds
terrain10,crpm_hot_wet_hill,crpm,../../textures10/human/fal/crpmo_hot_wet_hill_d.dds
terrain10,grass_vcld_wet_hill,grass,../../textures10/loveg/fal/grass_cld_wet_hill_d.dds
terrain10,rock_cld_wet_hill,rock,../../textures10/soil/rock_cld_wet_hill_d.dds
terrain10,sq_orch_hot_sdry_hill,sq,../../textures10/human/fal/crp_tmp_sdry_sflat_d.dds
terrain10,crpm_tmp_dry_hill,crpm,../../textures10/human/fal/crp_tmp_dry_hill_d.dds
terrain10,red_crp_wrm_sdry_hill,red,../../textures10/human/fal/crp_wrm_sdry_sflat_d.dds
terrain10,grass_wrm_sdry_hill,grass,../../textures10/loveg/fal/grass_tmp_sdry_hill_d.dds
terrain10,coni_hot_rain_hill,coni,../../textures10/hiveg/fal/coni_wrm_wet_hill_d.dds
terrain10,pastr_hot_rain_hill,pastr,../../textures10/hiveg/fal/broadl_sp_wrm_wet_hill_d.dds
terrain10,sp_vhot_rain_tr_hill,sp,../../textures10/human/fal/crpmo_hot_wet_hill_d.dds
terrain10,pastr_pol_sdry_steep,pastr,../../textures10/loveg/fal/tund_grass_vcld_sdry_hill_d.dds
terrain10,shrb_cld_dry_steep,shrb,../../textures10/loveg/fal/shrub_cld_sdry_steep_d.dds
terrain10,sq_pastr_hot_sdry_hill,sq,../../textures10/human/fal/pastr_wrm_sdry_sflat_d.dds
terrain10,sq_crp_vhot_dry_hill,sq,../../textures10/human/fal/crp_tmp_dry_hill_d.dds
terrain10,rainf_crptwnhill_irr,rainf,../../textures10/human/fal/crpmo_hot_rain_sflat_d.dds
terrain10,any_wrm_sdry_hill,any,../../textures10/loveg/fal/sprs_wrm_sdry_hill_d.dds
terrain10,mine_wrm_rain_hill,mine,../../textures10/human/mine_wrm_hill_d.dds
terrain10,broad_vhot_rain_hill_sp,broad,../../textures10/hiveg/fal/broadl_sp_wrm_wet_hill_d.dds
terrain10,crp_hot_sdry_hill,crp,../../textures10/human/fal/crpmo_wrm_sdry_hill_d.dds
terrain10,shrb_vcld_sdry_steep,shrb,../../textures10/loveg/fal/shrub_cld_sdry_steep_d.dds
terrain10,coni_vhot_wet_hill_sp,coni,../../textures10/hiveg/fal/broadl_sp_wrm_wet_hill_d.dds
terrain10,red_sq_pastr_hot_sdry_hill,red,../../textures10/human/fal/pastr_wrm_sdry_sflat_d.dds
terrain10,coni_cld_rain_hill,coni,../../textures10/hiveg/fal/coni_tmp_wet_hill_d.dds
terrain10,fruit_wrm_dry_hill,fruit,../../textures10/human/fal/crp_tmp_dry_hill_d.dds
terrain10,rivbd_hot_wet_hill,rivbd,../../textures10/soil/fal/scree_wrm_wet_sprs_d.dds
terrain10,tun_shrb_cld_rain_hill,tun,../../textures10/loveg/fal/tund_shrb_cld_wet_hill_d.dds
terrain10,sp_hot_sdry_tr_hill,sp,../../textures10/loveg/fal/sprs_wrm_wet_hill_d.dds
terrain10,sp_tmp_sdry_hill,sp,../../textures10/loveg/fal/sprs_tmp_sdry_hill_d.dds
terrain10,rock_hot_sdry_fl_md,rock,../../textures10/soil/fal/rock_wrm_wet_sflat_d.dds
terrain10,snow_tmp_sdry_sflat_lo,snow,../../textures10/soil/fal/rock_cld_wet_sflat_d.dds
terrain10,sq_orch_vhot_rain_hill,sq,../../textures10/human/fal/crp_hot_wet_sflat_d.dds
terrain10,pastr_cld_wet_hill,pastr,../../textures10/loveg/fal/grass_cld_wet_hill_d.dds
terrain10,orch_vhot_sdry_hill,orch,../../textures10/human/fal/crpmo_hot_wet_sflat_d.dds
terrain10,pastr_cld_rain_hill,pastr,../../textures10/loveg/fal/grass_cld_wet_hill_d.dds
terrain10,crp_cld_sdry_hill,crp,../../textures10/human/fal/crp_cld_sdry_flat_c.dds
terrain10,crpm_wrm_wet_hill,crpm,../../textures10/human/fal/crpmo_hot_wet_hill_d.dds
terrain10,sq_orch_tmp_sdry_hill,sq,../../textures10/human/fal/crp_tmp_sdry_sflat_d.dds
terrain10,sq_olives_wrm_dry_hill,sq,../../textures10/human/olives_hill.dds
terrain10,rock_wrm_rain_fl_md,rock,../../textures10/soil/fal/rock_wrm_wet_sflat_d.dds
terrain10,rock_vhot_rain_fl,rock,../../textures10/soil/fal/rock_wrm_sdry_flat_c.dds
terrain10,sq_dry_crptwnhill,sq,../../textures10/human/fal/crp_tmp_dry_sflat_sq_s.dds
terrain10,rock_tmp_wet_sflat,rock,../../textures10/soil/fal/rock_cld_wet_sflat_d.dds
terrain10,tun_shrb_cld_wet_steep,tun,../../textures10/loveg/fal/shrub_cld_rain_steep_d.dds
terrain10,sq_pastr_tmp_sdry_hill,sq,../../textures10/loveg/fal/grass_tmp_sdry_hill_d.dds
terrain10,rock_wrm_rain_fl_tp,rock,../../textures10/soil/fal/rock_wrm_sdry_flat_c.dds
terrain10,pastr_tmp_rain_hill,pastr,../../textures10/loveg/fal/grass_cld_wet_hill_d.dds
terrain10,sand_vhot_wet_steep,sand,../../textures10/soil/rock_hot_dry_hill_d.dds
terrain10,sp_cld_wet_hill,sp,../../textures10/loveg/fal/sprs_cld_wet_hill_d.dds
terrain10,shrb_vcld_dry_hill,shrb,../../textures10/loveg/fal/tund_shrb_cld_wet_hill_d.dds
terrain10,sp_cld_sdry_hill,sp,../../textures10/loveg/fal/sprs_cld_sdry_hill_d.dds
terrain10,rock_vhot_rain_sflat,rock,../../textures10/soil/fal/rock_wrm_wet_sflat_d.dds
terrain10,tun_grass_cld_rain_hill,tun,../../textures10/loveg/fal/tund_grass_cld_wet_hill_d.dds
terrain10,sp_vhot_rain_hill,sp,../../textures10/human/fal/crpmo_hot_wet_hill_d.dds
terrain10,rock_wrm_sdry_hill,rock,../../textures10/soil/fal/rock_wrm_sdry_steep_d.dds
terrain10,pastr_vhot_sdry_hill,pastr,../../textures10/human/fal/pastr_wrm_sdry_sflat_d.dds
terrain10,coni_tmp_rain_hill,coni,../../textures10/hiveg/fal/coni_tmp_wet_hill_d.dds
terrain10,sand_hot_rain_steep,sand,../../textures10/soil/rock_hot_dry_hill_d.dds
terrain10,rock_cld_wet_sflat,rock,../../textures10/soil/fal/rock_cld_wet_sflat_d.dds
terrain10,red_sq_pastr_tmp_sdry_hill,red,../../textures10/loveg/fal/grass_tmp_sdry_hill_d.dds
terrain10,mine_vhot_wet_hill,mine,../../textures10/human/mine_wrm_hill_d.dds
terrain10,ice_tmp_rain_sflat_lo,ice,../../textures10/soil/ice_cld_wet_sflat_d.dds
terrain10,rock_cld_rain_sflat,rock,../../textures10/soil/fal/rock_cld_wet_sflat_d.dds
terrain10,broad_cld_rain_hill_sp,broad,../../textures10/hiveg/fal/broadl_sp_cld_wet_sflat_d.dds
terrain10,rock_cld_wet_tp,rock,../../textures10/soil/fal/rock_cld_wet_sflat_d.dds
terrain10,tun_shrb_cld_sdry_steep,tun,../../textures10/loveg/fal/shrub_cld_sdry_steep_d.dds
terrain10,crp_tmp_sdry_hill,crp,../../textures10/human/fal/crpmo_tmp_sdry_sflat_d.dds
terrain10,rock_vhot_wet_fl,rock,../../textures10/soil/fal/rock_wrm_sdry_flat_c.dds
terrain10,rock_vhot_sdry_fl_md,rock,../../textures10/soil/fal/rock_wrm_wet_sflat_d.dds
terrain10,snow_tmp_dry_sflat_lo,snow,../../textures10/soil/fal/rock_cld_wet_sflat_d.dds
terrain10,orch_tmp_wet_hill,orch,../../textures10/human/fal/fruit_tmp_sdry_sflat.dds
terrain10,crpm_vhot_sdry_hill,crpm,../../textures10/human/fal/crpmo_wrm_sdry_hill_d.dds
terrain10,coni_vhot_sdry_hill,coni,../../textures10/hiveg/fal/coni_wrm_sdry_sflat_d.dds
terrain10,red_sq_fruit_wrm_sdry_hill,red,../../textures10/human/fal/semidry_fruithill.dds
terrain10,grass_vcld_sdry_steep,grass,../../textures10/loveg/fal/sprs_cld_sdry_steep_d.dds
terrain10,rock_hot_rain_fl,rock,../../textures10/soil/fal/rock_wrm_sdry_flat_c.dds
terrain10,broad_vcld_rain_hill_sp,broad,../../textures10/hiveg/fal/broadl_sp_cld_wet_sflat_d.dds
terrain10,crpm_hot_sdry_hill,crpm,../../textures10/human/fal/crpmo_wrm_sdry_hill_d.dds
terrain10,sq_fruit_wrm_sdry_hill,sq,../../textures10/human/fal/semidry_fruithill.dds
terrain10,pastr_tmp_wet_hill,pastr,../../textures10/loveg/fal/grass_cld_wet_hill_d.dds
terrain10,sq_crpirg_tmp_sdry_hill,sq,../../textures10/human/fal/crp_tmp_sdry_sflat_d.dds
terrain10,fruit_wrm_rain_hill,fruit,../../textures10/human/fal/crpmo_hot_rain_hill_d.dds
terrain10,orch_wrm_rain_hill,orch,../../textures10/human/fal/crpmo_hot_rain_hill_d.dds
terrain10,rock_wrm_wet_fl_tp,rock,../../textures10/soil/fal/rock_wrm_sdry_flat_c.dds
terrain10,tun_grass_vcld_dry_steep,tun,../../textures10/loveg/fal/sprs_cld_sdry_steep_d.dds
terrain10,shrb_vcld_sdry_hill,shrb,../../textures10/loveg/fal/tund_shrb_cld_wet_hill_d.dds
terrain10,red_crpirg_hot_sdry_hill,red,../../textures10/human/fal/crp_wrm_sdry_sflat_d.dds
terrain10,tun_sp_pol_wet_hill,tun,../../textures10/loveg/sprs_vcld_rain_hill_d.dds
terrain10,rivbd_vhot_wet_hill,rivbd,../../textures10/soil/fal/scree_wrm_wet_sprs_d.dds
terrain10,rock_hot_rain_sflat,rock,../../textures10/soil/fal/rock_wrm_wet_sflat_d.dds
terrain10,rock_wrm_wet_fl_md,rock,../../textures10/soil/fal/rock_wrm_wet_sflat_d.dds
terrain10,sq_fruit_vhot_rain_hill,sq,../../textures10/human/fal/crp_hot_wet_sflat_d.dds
terrain10,rock_vhot_wet_sflat,rock,../../textures10/soil/fal/rock_wrm_wet_sflat_d.dds
terrain10,sand_cld_rain_steep,sand,../../textures10/soil/scree_dry_bare_d.dds
terrain10,sp_tmp_wet_hill,sp,../../textures10/loveg/fal/sprs_tmp_wet_hill_d.dds
terrain10,red_grass_wrm_sdry_hill,red,../../textures10/loveg/fal/grass_tmp_sdry_hill_d.dds
terrain10,red_sq_fruit_vhot_sdry_hill,red,../../textures10/human/fal/crpmo_hot_wet_sflat_d.dds
terrain10,crpirg_hot_rain_hill,crpirg,../../textures10/human/fal/crpmo_hot_rain_hill_d.dds
terrain10,sq_crpirg_cld_sdry_hill,sq,../../textures10/human/fal/crp_tmp_dry_sflat_sq_s.dds
terrain10,rock_wrm_sdry_sflat,rock,../../textures10/soil/fal/rock_wrm_wet_sflat_d.dds
terrain10,any_vcld_sdry_hill,any,../../textures10/loveg/fal/tund_grass_vcld_sdry_hill_d.dds
terrain10,tun_grass_cld_wet_hill,tun,../../textures10/loveg/fal/tund_grass_cld_wet_hill_d.dds
terrain10_AUS,broad_wrm_dry_hill,broad,../textures10/hiveg/red_broadl_wrm_dry_hill_d.dds
terrain10_AUS,broad_hot_dry_hill,broad,../textures10/hiveg/red_broadl_wrm_dry_hill_d.dds
terrain10_CANsq,crpm_tmp_rain_hill,crpm,../textures10/human/crp_tmp_wet_hill_d.dds
terrain10_CANsq,crpm_cld_rain_hill,crpm,../textures10/human/crp_tmp_wet_hill_d.dds
terrain10_CANsq,crpm_cld_wet_hill,crpm,../textures10/human/crp_tmp_wet_hill_d.dds
terrain10_CANsq,crpm_tmp_wet_hill,crpm,../textures10/human/crp_tmp_wet_hill_d.dds
terrain10_CANsq,crpm_cld_dry_hill,crpm,../textures10/human/crp_tmp_dry_hill_d.dds
terrain10_CANsq,crpm_tmp_sdry_hill,crpm,../textures10/human/crp_tmp_wet_hill_d.dds
terrain10_CANsq,crpm_cld_sdry_hill,crpm,../textures10/human/crp_tmp_wet_hill_d.dds
terrain10_CANsq,crpm_tmp_dry_hill,crpm,../textures10/human/crp_tmp_dry_hill_d.dds
terrain10_CANsq,crpm_tmp_rain_hill,crpm,../../textures10/human/win/crp_tmp_wet_hill_d.dds
terrain10_CANsq,crpm_cld_rain_hill,crpm,../../textures10/human/win/crp_tmp_wet_hill_d.dds
terrain10_CANsq,crpm_cld_wet_hill,crpm,../../textures10/human/win/crp_tmp_wet_hill_d.dds
terrain10_CANsq,crpm_tmp_wet_hill,crpm,../../textures10/human/win/crp_tmp_wet_hill_d.dds
terrain10_CANsq,crpm_cld_dry_hill,crpm,../../textures10/human/win/crp_tmp_dry_hill_d.dds
terrain10_CANsq,crpm_tmp_sdry_hill,crpm,../../textures10/human/win/crp_tmp_wet_hill_d.dds
terrain10_CANsq,crpm_cld_sdry_hill,crpm,../../textures10/human/win/crp_tmp_wet_hill_d.dds
terrain10_CANsq,crpm_tmp_dry_hill,crpm,../../textures10/human/win/crp_tmp_dry_hill_d.dds
terrain10_CANsq,crpm_tmp_rain_hill,crpm,../../textures10/human/fal/crp_tmp_wet_hill_d.dds
terrain10_CANsq,crpm_cld_rain_hill,crpm,../../textures10/human/fal/crp_tmp_wet_hill_d.dds
terrain10_CANsq,crpm_cld_wet_hill,crpm,../../textures10/human/fal/crp_tmp_wet_hill_d.dds
terrain10_CANsq,crpm_tmp_wet_hill,crpm,../../textures10/human/fal/crp_tmp_wet_hill_d.dds
terrain10_CANsq,crpm_cld_dry_hill,crpm,../../textures10/human/fal/crp_tmp_dry_hill_d.dds
terrain10_CANsq,crpm_tmp_sdry_hill,crpm,../../textures10/human/fal/crp_tmp_wet_hill_d.dds
terrain10_CANsq,crpm_cld_sdry_hill,crpm,../../textures10/human/fal/crp_tmp_wet_hill_d.dds
terrain10_CANsq,crpm_tmp_dry_hill,crpm,../../textures10/human/fal/crp_tmp_dry_hill_d.dds
terrain10_NHS,ice_vcld_sdry_sflat,ice,../textures10/soil/rock_vcld_wet_sflat_d.dds
terrain10_NHS,ice_pol_wet_sflat_lo,ice,../textures10/soil/snow_pol_rain_hill_d.dds
terrain10_NHS,ice_cld_sdry_steep,ice,../textures10/soil/rock_vcld_wet_steep_d.dds
terrain10_NHS,ice_cld_wet_sflat_lo,ice,../textures10/soil/rock_cld_wet_sflat_d.dds
terrain10_NHS,ice_pol_wet_steep,ice,../textures10/soil/snow_vcld_rain_steep_d.dds
terrain10_NHS,ice_tmp_rain_flat_lo,ice,../textures10/soil/rock_cld_wet_sflat_d.dds
terrain10_NHS,ice_cld_dry_steep,ice,../textures10/soil/rock_vcld_wet_steep_d.dds
terrain10_NHS,ice_pol_dry_flat,ice,../textures10/soil/rock_pol_wet_sflat_d.dds
terrain10_NHS,ice_vcld_rain_flat_lo,ice,../textures10/soil/rock_pol_wet_sflat_d.dds
terrain10_NHS,ice_vcld_rain_flat,ice,../textures10/soil/rock_pol_wet_sflat_d.dds
terrain10_NHS,ice_vcld_wet_sflat_lo,ice,../textures10/soil/rock_vcld_wet_sflat_d.dds
terrain10_NHS,ice_pol_sdry_sflat,ice,../textures10/soil/snow_vcld_wet_sflat_d.dds
terrain10_NHS,ice_vcld_dry_hill,ice,../textures10/soil/rock_vcld_wet_hill_d.dds
terrain10_NHS,ice_cld_wet_hill,ice,../textures10/soil/rock_cld_wet_hill_d.dds
terrain10_NHS,ice_tmp_wet_sflat_lo,ice,../textures10/soil/rock_cld_wet_sflat_d.dds
terrain10_NHS,ice_vcld_dry_steep,ice,../textures10/soil/rock_vcld_wet_steep_d.dds
terrain10_NHS,ice_pol_rain_flat_lo,ice,../textures10/soil/snow_vcld_rain_hill_d.dds
terrain10_NHS,ice_cld_rain_flat_lo,ice,../textures10/soil/rock_cld_wet_sflat_d.dds
terrain10_NHS,ice_cld_rain_flat,ice,../textures10/soil/rock_cld_wet_sflat_d.dds
terrain10_NHS,ice_vcld_dry_flat_lo,ice,../textures10/soil/rock_vcld_rain_flat_c.dds
terrain10_NHS,ice_tmp_rain_flat,ice,../textures10/soil/rock_cld_wet_sflat_d.dds
terrain10_NHS,ice_tmp_wet_hill,ice,../textures10/soil/rock_cld_wet_hill_d.dds
terrain10_NHS,ice_pol_sdry_steep,ice,../textures10/soil/rock_pol_wet_steep_d.dds
terrain10_NHS,ice_cld_sdry_sflat_lo,ice,../textures10/soil/rock_cld_wet_sflat_d.dds
terrain10_NHS,ice_vcld_rain_sflat_lo,ice,../textures10/soil/rock_vcld_wet_sflat_d.dds
terrain10_NHS,ice_vcld_sdry_hill,ice,../textures10/soil/rock_pol_wet_hill_d.dds
terrain10_NHS,ice_pol_sdry_flat,ice,../textures10/soil/rock_pol_wet_sflat_d.dds
terrain10_NHS,ice_vcld_dry_sflat,ice,../textures10/soil/rock_vcld_wet_sflat_d.dds
terrain10_NHS,ice_cld_dry_sflat_lo,ice,../textures10/soil/rock_cld_wet_sflat_d.dds
terrain10_NHS,ice_cld_wet_flat_lo,ice,../textures10/soil/rock_cld_wet_sflat_d.dds
terrain10_NHS,ice_vcld_wet_flat,ice,../textures10/soil/rock_vcld_rain_flat_c.dds
terrain10_NHS,ice_cld_dry_flat,ice,../textures10/soil/rock_cld_sdry_flat_c.dds
terrain10_NHS,ice_pol_dry_sflat_lo,ice,../textures10/soil/snow_vcld_wet_sflat_d.dds
terrain10_NHS,ice_pol_rain_sflat_lo,ice,../textures10/soil/snow_pol_rain_hill_d.dds
terrain10_NHS,ice_cld_sdry_hill,ice,../textures10/soil/rock_cld_dry_hill_d.dds
terrain10_NHS,ice_vcld_sdry_steep,ice,../textures10/soil/rock_pol_rain_steep_d.dds
terrain10_NHS,ice_cld_sdry_sflat,ice,../textures10/soil/rock_cld_wet_sflat_d.dds
terrain10_NHS,ice_pol_wet_flat_lo,ice,../textures10/soil/snow_vcld_rain_hill_d.dds
terrain10_NHS,ice_pol_wet_sflat,ice,../textures10/soil/snow_pol_rain_hill_d.dds
terrain10_NHS,ice_cld_dry_sflat,ice,../textures10/soil/rock_cld_wet_sflat_d.dds
terrain10_NHS,ice_vcld_dry_sflat_lo,ice,../textures10/soil/rock_vcld_wet_sflat_d.dds
terrain10_NHS,ice_pol_rain_sflat,ice,../textures10/soil/snow_pol_rain_hill_d.dds
terrain10_NHS,ice_vcld_wet_steep,ice,../textures10/soil/rock_pol_wet_steep_d.dds
terrain10_NHS,ice_tmp_rain_sflat,ice,../textures10/soil/rock_cld_wet_sflat_d.dds
terrain10_NHS,ice_pol_rain_flat,ice,../textures10/soil/snow_vcld_rain_hill_d.dds
terrain10_NHS,ice_cld_dry_flat_lo,ice,../textures10/soil/rock_cld_sdry_flat_c.dds
terrain10_NHS,ice_vcld_rain_hill,ice,../textures10/soil/snow_vcld_sdry_sflat_d.dds
terrain10_NHS,ice_tmp_wet_flat_lo,ice,../textures10/soil/rock_cld_wet_sflat_d.dds
terrain10_NHS,ice_cld_sdry_flat_lo,ice,../textures10/soil/rock_cld_sdry_flat_c.dds
terrain10_NHS,ice_pol_sdry_flat_lo,ice,../textures10/soil/snow_vcld_sdry_sflat_d.dds
terrain10_NHS,ice_tmp_wet_steep,ice,../textures10/soil/rock_vcld_wet_steep_d.dds
terrain10_NHS,ice_cld_rain_hill,ice,../textures10/soil/rock_cld_wet_hill_d.dds
terrain10_NHS,ice_pol_dry_steep,ice,../textures10/soil/rock_pol_wet_steep_d.dds
terrain10_NHS,ice_vcld_sdry_sflat_lo,ice,../textures10/soil/rock_vcld_wet_sflat_d.dds
terrain10_NHS,ice_vcld_wet_steep_tp,ice,../textures10/soil/rock_pol_rain_steep_d.dds
terrain10_NHS,ice_cld_rain_sflat_lo,ice,../textures10/soil/rock_cld_wet_sflat_d.dds
terrain10_NHS,ice_cld_rain_steep,ice,../textures10/soil/rock_vcld_wet_steep_d.dds
terrain10_NHS,ice_vcld_rain_sflat,ice,../textures10/soil/rock_pol_wet_hill_d.dds
terrain10_NHS,ice_tmp_wet_flat,ice,../textures10/soil/rock_cld_wet_sflat_d.dds
terrain10_NHS,ice_tmp_rain_hill,ice,../textures10/soil/rock_cld_wet_hill_d.dds
terrain10_NHS,ice_cld_wet_steep,ice,../textures10/soil/rock_vcld_wet_steep_d.dds
terrain10_NHS,ice_pol_dry_flat_lo,ice,../textures10/soil/snow_vcld_sdry_sflat_d.dds
terrain10_NHS,ice_cld_wet_flat,ice,../textures10/soil/rock_cld_wet_sflat_d.dds
terrain10_NHS,ice_vcld_dry_flat,ice,../textures10/soil/rock_vcld_rain_flat_c.dds
terrain10_NHS,ice_vcld_sdry_flat_lo,ice,../textures10/soil/rock_vcld_rain_flat_c.dds
terrain10_NHS,ice_pol_sdry_sflat_lo,ice,../textures10/soil/snow_vcld_wet_sflat_d.dds
terrain10_NHS,ice_vcld_rain_steep_tp,ice,../textures10/soil/rock_vcld_wet_steep_d.dds
terrain10_NHS,ice_tmp_wet_sflat,ice,../textures10/soil/rock_cld_wet_sflat_d.dds
terrain10_NHS,ice_pol_dry_sflat,ice,../textures10/soil/snow_vcld_wet_sflat_d.dds
terrain10_NHS,ice_cld_dry_hill,ice,../textures10/soil/rock_cld_dry_hill_d.dds
terrain10_NHS,ice_vcld_wet_hill,ice,../textures10/soil/rock_pol_wet_hill_d.dds
terrain10_NHS,ice_cld_rain_sflat,ice,../textures10/soil/rock_vcld_rain_flat_c.dds
terrain10_NHS,ice_vcld_rain_steep,ice,../textures10/soil/rock_pol_wet_steep_d.dds
terrain10_NHS,ice_cld_wet_sflat,ice,../textures10/soil/rock_vcld_rain_flat_c.dds
terrain10_NHS,ice_vcld_sdry_flat,ice,../textures10/soil/rock_vcld_rain_flat_c.dds
terrain10_NHS,ice_vcld_wet_flat_lo,ice,../textures10/soil/rock_vcld_rain_flat_c.dds
terrain10_NHS,ice_pol_rain_steep,ice,../textures10/soil/snow_pol_rain_steep_d.dds
terrain10_NHS,ice_vcld_wet_sflat,ice,../textures10/soil/rock_pol_wet_sflat_d.dds
terrain10_NHS,ice_tmp_rain_steep,ice,../textures10/soil/rock_vcld_wet_steep_d.dds
terrain10_NHS,ice_tmp_rain_sflat_lo,ice,../textures10/soil/rock_cld_wet_sflat_d.dds
terrain10_NHS,ice_cld_sdry_flat,ice,../textures10/soil/rock_cld_sdry_flat_c.dds
terrain10_NHS,ice_pol_wet_flat,ice,../textures10/soil/snow_vcld_rain_hill_d.dds
terrain10_NHS,ice_cld_wet_sflat_lo,ice,../../textures10/soil/fal/rock_cld_wet_sflat_d.dds
terrain10_NHS,ice_tmp_rain_flat_lo,ice,../../textures10/soil/fal/rock_cld_wet_sflat_d.dds
terrain10_NHS,ice_tmp_wet_sflat_lo,ice,../../textures10/soil/fal/rock_cld_wet_sflat_d.dds
terrain10_NHS,ice_cld_rain_flat_lo,ice,../../textures10/soil/fal/rock_cld_wet_sflat_d.dds
terrain10_NHS,ice_cld_rain_flat,ice,../../textures10/soil/fal/rock_cld_wet_sflat_d.dds
terrain10_NHS,ice_tmp_rain_flat,ice,../../textures10/soil/fal/rock_cld_wet_sflat_d.dds
terrain10_NHS,ice_cld_sdry_sflat_lo,ice,../../textures10/soil/fal/rock_cld_wet_sflat_d.dds
terrain10_NHS,ice_cld_dry_sflat_lo,ice,../../textures10/soil/fal/rock_cld_wet_sflat_d.dds
terrain10_NHS,ice_cld_wet_flat_lo,ice,../../textures10/soil/fal/rock_cld_wet_sflat_d.dds
terrain10_NHS,ice_cld_sdry_sflat,ice,../../textures10/soil/fal/rock_cld_wet_sflat_d.dds
terrain10_NHS,ice_cld_dry_sflat,ice,../../textures10/soil/fal/rock_cld_wet_sflat_d.dds
terrain10_NHS,ice_tmp_rain_sflat,ice,../../textures10/soil/fal/rock_cld_wet_sflat_d.dds
terrain10_NHS,ice_tmp_wet_flat_lo,ice,../../textures10/soil/fal/rock_cld_wet_sflat_d.dds
terrain10_NHS,ice_cld_rain_sflat_lo,ice,../../textures10/soil/fal/rock_cld_wet_sflat_d.dds
terrain10_NHS,ice_tmp_wet_flat,ice,../../textures10/soil/fal/rock_cld_wet_sflat_d.dds
terrain10_NHS,ice_cld_wet_flat,ice,../../textures10/soil/fal/rock_cld_wet_sflat_d.dds
terrain10_NHS,ice_tmp_wet_sflat,ice,../../textures10/soil/fal/rock_cld_wet_sflat_d.dds
terrain10_NHS,ice_tmp_rain_sflat_lo,ice,../../textures10/soil/fal/rock_cld_wet_sflat_d.dds
terrain10_SHS,ice_cld_rain_steep_tp,ice,../textures10/soil/ice_pol_tp_d.dds
terrain10_SHS,rock_cld_sdry_hill,rock,../textures10/soil/rock_vcld_wet_hill_d.dds
terrain10_SHS,ice_tmp_sdry_steep,ice,../textures10/soil/rock_cld_dry_steep_d.dds
terrain10_SHS,ice_tmp_rain_steep_tp,ice,../textures10/soil/snow_vcld_wet_hill_d.dds
terrain10_SHS,rock_vcld_sdry_hill,rock,../textures10/soil/rock_pol_wet_hill_d.dds
terrain10_SHS,ice_tmp_sdry_steep_tp,ice,../textures10/soil/rock_vcld_sdry_steep_d.dds
terrain10_SHS,ice_cld_wet_steep_tp,ice,../textures10/soil/snow_vcld_rain_steep_d.dds
terrain10_SHS,rock_cld_rain_hill,rock,../textures10/soil/rock_vcld_wet_hill_d.dds
terrain10_SHS,ice_tmp_wet_steep,ice,../textures10/soil/rock_vcld_wet_hill_d.dds
terrain10_SHS,ice_tmp_wet_steep_tp,ice,../textures10/soil/snow_vcld_wet_hill_d.dds
terrain10_SHS,rock_vcld_rain_hill,rock,../textures10/soil/rock_pol_wet_hill_d.dds
terrain10_SHS,ice_cld_sdry_steep_tp,ice,../textures10/soil/rock_pol_wet_hill_d.dds
terrain10_SHS,rock_cld_wet_hill,rock,../textures10/soil/rock_vcld_wet_hill_d.dds
terrain10_SHS,rock_vcld_wet_hill,rock,../textures10/soil/rock_pol_wet_hill_d.dds
terrain10_SHS,ice_tmp_rain_steep,ice,../textures10/soil/rock_cld_wet_steep_d.dds
terrain10_SHS,ice_tmp_rain_steep,ice,../../textures10/soil/fal/rock_cld_wet_steep_d.dds
terrain10_VLC,rock_hot_dry_steep,rock,../textures10/soil/vlc_rock_wrm_steep_d.dds
terrain10_VLC,rock_tmp_wet_fl,rock,../textures10/soil/vlc_rock_wrm_hill_d.dds
terrain10_VLC,sp_cld_dry_hill,sp,../textures10/loveg/vlc_sprs_cld_hill_d.dds
terrain10_VLC,rock_vcld_dry_hill,rock,../textures10/soil/vlc_rock_vcld_hill_d.dds
terrain10_VLC,rock_tmp_sdry_sflat,rock,../textures10/soil/vlc_rock_wrm_sflat_d.dds
terrain10_VLC,sp_tmp_dry_hill,sp,../textures10/loveg/vlc_sprs_wrm_hill_d.dds
terrain10_VLC,rock_tmp_rain_fl_md,rock,../textures10/soil/vlc_rock_wrm_sflat_d.dds
terrain10_VLC,sp_hot_wet_hill,sp,../textures10/loveg/vlc_sprs_wrm_hill_d.dds
terrain10_VLC,rock_vcld_dry_steep,rock,../textures10/soil/vlc_rock_vcld_hill_d.dds
terrain10_VLC,sp_hot_rain_hill,sp,../textures10/loveg/vlc_sprs_wrm_hill_d.dds
terrain10_VLC,rock_wrm_wet_hill,rock,../textures10/soil/vlc_rock_wrm_hill_d.dds
terrain10_VLC,rock_tmp_rain_fl_tp,rock,../textures10/soil/vlc_rock_wrm_hill_d.dds
terrain10_VLC,rock_vhot_wet_hill,rock,../textures10/soil/vlc_rock_wrm_hill_d.dds
terrain10_VLC,rock_wrm_wet_fl,rock,../textures10/soil/vlc_rock_wrm_sflat_d.dds
terrain10_VLC,sp_wrm_wet_hill,sp,../textures10/loveg/vlc_sprs_wrm_hill_d.dds
terrain10_VLC,rock_wrm_rain_fl,rock,../textures10/soil/vlc_rock_wrm_sflat_d.dds
terrain10_VLC,sp_tmp_rain_hill,sp,../textures10/loveg/vlc_sprs_wrm_hill_d.dds
terrain10_VLC,rock_wrm_wet_steep,rock,../textures10/soil/vlc_rock_wrm_steep_d.dds
terrain10_VLC,sp_vhot_wet_tr_hill,sp,../textures10/loveg/vlc_sprs_wrm_hill_d.dds
terrain10_VLC,rock_cld_sdry_steep,rock,../textures10/soil/vlc_rock_cld_steep_d.dds
terrain10_VLC,rock_wrm_rain_hill,rock,../textures10/soil/vlc_rock_wrm_hill_d.dds
terrain10_VLC,sp_vhot_sdry_hill,sp,../textures10/loveg/vlc_sprs_wrm_hill_d.dds
terrain10_VLC,rock_vhot_dry_steep,rock,../textures10/soil/vlc_rock_wrm_steep_d.dds
terrain10_VLC,rock_vhot_sdry_steep,rock,../textures10/soil/vlc_rock_wrm_steep_d.dds
terrain10_VLC,rock_tmp_dry_hill,rock,../textures10/soil/vlc_rock_wrm_hill_d.dds
terrain10_VLC,sp_cld_rain_hill,sp,../textures10/loveg/vlc_sprs_cld_hill_d.dds
terrain10_VLC,rock_hot_wet_hill,rock,../textures10/soil/vlc_rock_wrm_hill_d.dds
terrain10_VLC,rock_tmp_dry_steep,rock,../textures10/soil/vlc_rock_wrm_steep_d.dds
terrain10_VLC,rock_vcld_wet_fl,rock,../textures10/soil/vlc_rock_cld_sflat_d.dds
terrain10_VLC,rock_hot_dry_fl,rock,../textures10/soil/vlc_rock_wrm_sflat_d.dds
terrain10_VLC,rock_wrm_rain_steep,rock,../textures10/soil/vlc_rock_wrm_steep_d.dds
terrain10_VLC,rock_vcld_sdry_steep,rock,../textures10/soil/vlc_rock_vcld_hill_d.dds
terrain10_VLC,rock_cld_dry_steep,rock,../textures10/soil/vlc_rock_cld_steep_d.dds
terrain10_VLC,rock_cld_dry_hill,rock,../textures10/soil/vlc_rock_cld_hill_d.dds
terrain10_VLC,rock_hot_sdry_steep,rock,../textures10/soil/vlc_rock_wrm_steep_d.dds
terrain10_VLC,rock_vcld_rain_fl_md,rock,../textures10/soil/vlc_rock_vcld_hill_d.dds
terrain10_VLC,rock_cld_sdry_hill,rock,../textures10/soil/vlc_rock_cld_hill_d.dds
terrain10_VLC,rock_wrm_dry_fl_tp,rock,../textures10/soil/vlc_rock_wrm_sflat_d.dds
terrain10_VLC,rock_cld_sdry_fl,rock,../textures10/soil/vlc_rock_cld_sflat_d.dds
terrain10_VLC,sp_wrm_sdry_hill,sp,../textures10/loveg/vlc_sprs_wrm_hill_d.dds
terrain10_VLC,rock_wrm_sdry_fl_md,rock,../textures10/soil/vlc_rock_wrm_hill_d.dds
terrain10_VLC,rock_hot_rain_fl_md,rock,../textures10/soil/vlc_rock_wrm_hill_d.dds
terrain10_VLC,sp_hot_rain_tr_hill,sp,../textures10/loveg/vlc_sprs_wrm_hill_d.dds
terrain10_VLC,rock_vhot_wet_fl_md,rock,../textures10/soil/vlc_rock_wrm_hill_d.dds
terrain10_VLC,rock_wrm_wet_sflat,rock,../textures10/soil/vlc_rock_wrm_sflat_d.dds
terrain10_VLC,rock_cld_sdry_sflat,rock,../textures10/soil/vlc_rock_cld_sflat_d.dds
terrain10_VLC,rock_hot_sdry_fl,rock,../textures10/soil/vlc_rock_wrm_sflat_d.dds
terrain10_VLC,rock_hot_rain_fl_tp,rock,../textures10/soil/vlc_rock_wrm_sflat_d.dds
terrain10_VLC,rock_vhot_wet_fl_tp,rock,../textures10/soil/vlc_rock_wrm_sflat_d.dds
terrain10_VLC,rock_tmp_sdry_hill,rock,../textures10/soil/vlc_rock_wrm_hill_d.dds
terrain10_VLC,rock_vhot_sdry_sflat,rock,../textures10/soil/vlc_rock_wrm_sflat_d.dds
terrain10_VLC,rock_vhot_dry_sflat,rock,../textures10/soil/vlc_rock_wrm_sflat_d.dds
terrain10_VLC,rock_vcld_rain_fl_tp,rock,../textures10/soil/vlc_rock_cld_sflat_d.dds
terrain10_VLC,rock_wrm_dry_fl_md,rock,../textures10/soil/vlc_rock_wrm_hill_d.dds
terrain10_VLC,rock_wrm_sdry_fl_tp,rock,../textures10/soil/vlc_rock_wrm_sflat_d.dds
terrain10_VLC,rock_tmp_dry_sflat,rock,../textures10/soil/vlc_rock_wrm_sflat_d.dds
terrain10_VLC,rock_cld_wet_fl_md,rock,../textures10/soil/vlc_rock_cld_hill_d.dds
terrain10_VLC,sp_hot_wet_tr_hill,sp,../textures10/loveg/vlc_sprs_wrm_hill_d.dds
terrain10_VLC,rock_cld_wet_fl,rock,../textures10/soil/vlc_rock_cld_sflat_d.dds
terrain10_VLC,rock_cld_rain_fl_md,rock,../textures10/soil/vlc_rock_cld_hill_d.dds
terrain10_VLC,rock_vcld_sdry_fl,rock,../textures10/soil/vlc_rock_cld_sflat_d.dds
terrain10_VLC,rock_vhot_sdry_hill,rock,../textures10/soil/vlc_rock_wrm_hill_d.dds
terrain10_VLC,rock_vhot_rain_fl_md,rock,../textures10/soil/vlc_rock_wrm_hill_d.dds
terrain10_VLC,rock_tmp_wet_fl_tp,rock,../textures10/soil/vlc_rock_wrm_sflat_d.dds
terrain10_VLC,sp_vhot_dry_hill,sp,../textures10/loveg/vlc_sprs_wrm_hill_d.dds
terrain10_VLC,rock_wrm_rain_sflat,rock,../textures10/soil/vlc_rock_wrm_sflat_d.dds
terrain10_VLC,rock_vhot_rain_fl_tp,rock,../textures10/soil/vlc_rock_wrm_sflat_d.dds
terrain10_VLC,rock_vhot_sdry_fl,rock,../textures10/soil/vlc_rock_wrm_sflat_d.dds
terrain10_VLC,rock_tmp_wet_fl_md,rock,../textures10/soil/vlc_rock_wrm_hill_d.dds
terrain10_VLC,rock_cld_dry_sflat,rock,../textures10/soil/vlc_rock_cld_sflat_d.dds
terrain10_VLC,rock_vcld_sdry_sflat,rock,../textures10/soil/vlc_rock_cld_sflat_d.dds
terrain10_VLC,rock_cld_wet_fl_tp,rock,../textures10/soil/vlc_rock_cld_sflat_d.dds
terrain10_VLC,rock_vhot_dry_fl,rock,../textures10/soil/vlc_rock_wrm_sflat_d.dds
terrain10_VLC,rock_cld_rain_fl_tp,rock,../textures10/soil/vlc_rock_cld_sflat_d.dds
terrain10_VLC,rock_hot_sdry_sflat,rock,../textures10/soil/vlc_rock_wrm_sflat_d.dds
terrain10_VLC,rock_hot_dry_sflat,rock,../textures10/soil/vlc_rock_wrm_sflat_d.dds
terrain10_VLC,rock_hot_wet_fl_tp,rock,../textures10/soil/vlc_rock_wrm_sflat_d.dds
terrain10_VLC,rock_hot_wet_fl_md,rock,../textures10/soil/vlc_rock_wrm_hill_d.dds
terrain10_VLC,rock_tmp_sdry_steep,rock,../textures10/soil/vlc_rock_wrm_steep_d.dds
terrain10_VLC,rock_vcld_sdry_hill,rock,../textures10/soil/vlc_rock_vcld_hill_d.dds
terrain10_VLC,rock_tmp_sdry_fl,rock,../textures10/soil/vlc_rock_wrm_sflat_d.dds
terrain10_VLC,rock_vcld_wet_fl_tp,rock,../textures10/soil/vlc_rock_cld_sflat_d.dds
terrain10_VLC,rock_vcld_dry_sflat,rock,../textures10/soil/vlc_rock_cld_sflat_d.dds
terrain10_VLC,rock_hot_sdry_hill,rock,../textures10/soil/vlc_rock_wrm_hill_d.dds
terrain10_VLC,sp_vhot_sdry_tr_hill,sp,../textures10/loveg/vlc_sprs_wrm_hill_d.dds
terrain10_VLC,rock_vcld_wet_fl_md,rock,../textures10/soil/vlc_rock_vcld_hill_d.dds
terrain10_VLC,rock_vcld_dry_fl,rock,../textures10/soil/vlc_rock_cld_sflat_d.dds
terrain10_VLC,sp_wrm_rain_hill,sp,../textures10/loveg/vlc_sprs_wrm_hill_d.dds
terrain10_VLC,rock_tmp_wet_steep,rock,../textures10/soil/vlc_rock_wrm_sflat_d.dds
terrain10_VLC,rock_cld_rain_hill,rock,../textures10/soil/vlc_rock_cld_hill_d.dds
terrain10_VLC,sp_hot_dry_tr_hill,sp,../textures10/loveg/vlc_sprs_wrm_hill_d.dds
terrain10_VLC,rock_hot_wet_fl,rock,../textures10/soil/vlc_rock_wrm_sflat_d.dds
terrain10_VLC,rock_vhot_rain_steep,rock,../textures10/soil/vlc_rock_wrm_steep_d.dds
terrain10_VLC,rock_tmp_rain_hill,rock,../textures10/soil/vlc_rock_wrm_sflat_d.dds
terrain10_VLC,rock_cld_wet_steep,rock,../textures10/soil/vlc_rock_cld_steep_d.dds
terrain10_VLC,rock_cld_rain_steep,rock,../textures10/soil/vlc_rock_cld_steep_d.dds
terrain10_VLC,rock_wrm_dry_fl,rock,../textures10/soil/vlc_rock_wrm_sflat_d.dds
terrain10_VLC,rock_vhot_rain_hill,rock,../textures10/soil/vlc_rock_wrm_hill_d.dds
terrain10_VLC,rock_wrm_dry_steep,rock,../textures10/soil/vlc_rock_wrm_steep_d.dds
terrain10_VLC,rock_hot_rain_steep,rock,../textures10/soil/vlc_rock_wrm_steep_d.dds
terrain10_VLC,rock_wrm_sdry_fl,rock,../textures10/soil/vlc_rock_wrm_sflat_d.dds
terrain10_VLC,rock_vhot_wet_steep,rock,../textures10/soil/vlc_rock_wrm_steep_d.dds
terrain10_VLC,rock_vcld_rain_steep,rock,../textures10/soil/vlc_rock_vcld_hill_d.dds
terrain10_VLC,rock_wrm_sdry_steep,rock,../textures10/soil/vlc_rock_wrm_steep_d.dds
terrain10_VLC,rock_vcld_wet_steep,rock,../textures10/soil/vlc_rock_vcld_hill_d.dds
terrain10_VLC,rock_vcld_rain_hill,rock,../textures10/soil/vlc_rock_vcld_hill_d.dds
terrain10_VLC,rock_tmp_rain_sflat,rock,../textures10/soil/vlc_rock_wrm_steep_d.dds
terrain10_VLC,sp_vhot_wet_hill,sp,../textures10/loveg/vlc_sprs_wrm_hill_d.dds
terrain10_VLC,rock_hot_wet_steep,rock,../textures10/soil/vlc_rock_wrm_steep_d.dds
terrain10_VLC,rock_tmp_dry_fl,rock,../textures10/soil/vlc_rock_wrm_sflat_d.dds
terrain10_VLC,rock_tmp_sdry_fl_md,rock,../textures10/soil/vlc_rock_wrm_hill_d.dds
terrain10_VLC,rock_tmp_sdry_fl_tp,rock,../textures10/soil/vlc_rock_wrm_sflat_d.dds
terrain10_VLC,rock_hot_rain_hill,rock,../textures10/soil/vlc_rock_wrm_hill_d.dds
terrain10_VLC,rock_vcld_wet_sflat,rock,../textures10/soil/vlc_rock_cld_sflat_d.dds
terrain10_VLC,rock_tmp_wet_hill,rock,../textures10/soil/vlc_rock_wrm_sflat_d.dds
terrain10_VLC,rock_hot_dry_hill,rock,../textures10/soil/vlc_rock_wrm_hill_d.dds
terrain10_VLC,rock_vcld_dry_fl_tp,rock,../textures10/soil/vlc_rock_cld_sflat_d.dds
terrain10_VLC,rock_vcld_dry_fl_md,rock,../textures10/soil/vlc_rock_vcld_hill_d.dds
terrain10_VLC,rock_tmp_rain_steep,rock,../textures10/soil/vlc_rock_wrm_sflat_d.dds
terrain10_VLC,rock_tmp_rain_fl,rock,../textures10/soil/vlc_rock_wrm_sflat_d.dds
terrain10_VLC,sp_wrm_dry_hill,sp,../textures10/loveg/vlc_sprs_wrm_hill_d.dds
terrain10_VLC,sp_hot_sdry_hill,sp,../textures10/loveg/vlc_sprs_wrm_hill_d.dds
terrain10_VLC,rock_hot_dry_fl_tp,rock,../textures10/soil/vlc_rock_wrm_sflat_d.dds
terrain10_VLC,rock_hot_wet_sflat,rock,../textures10/soil/vlc_rock_wrm_sflat_d.dds
terrain10_VLC,rock_cld_wet_hill,rock,../textures10/soil/vlc_rock_cld_hill_d.dds
terrain10_VLC,sp_vhot_rain_tr_hill,sp,../textures10/loveg/vlc_sprs_wrm_hill_d.dds
terrain10_VLC,rock_hot_dry_fl_md,rock,../textures10/soil/vlc_rock_wrm_hill_d.dds
terrain10_VLC,rock_tmp_dry_fl_tp,rock,../textures10/soil/vlc_rock_wrm_sflat_d.dds
terrain10_VLC,sp_hot_sdry_tr_hill,sp,../textures10/loveg/vlc_sprs_wrm_hill_d.dds
terrain10_VLC,sp_tmp_sdry_hill,sp,../textures10/loveg/vlc_sprs_wrm_hill_d.dds
terrain10_VLC,rock_hot_sdry_fl_md,rock,../textures10/soil/vlc_rock_wrm_hill_d.dds
terrain10_VLC,rock_cld_dry_fl,rock,../textures10/soil/vlc_rock_cld_sflat_d.dds
terrain10_VLC,rock_vcld_wet_hill,rock,../textures10/soil/vlc_rock_vcld_hill_d.dds
terrain10_VLC,rock_wrm_rain_fl_md,rock,../textures10/soil/vlc_rock_wrm_hill_d.dds
terrain10_VLC,rock_cld_dry_fl_md,rock,../textures10/soil/vlc_rock_cld_hill_d.dds
terrain10_VLC,rock_vcld_sdry_fl_md,rock,../textures10/soil/vlc_rock_vcld_hill_d.dds
terrain10_VLC,rock_vhot_rain_fl,rock,../textures10/soil/vlc_rock_wrm_sflat_d.dds
terrain10_VLC,rock_tmp_wet_sflat,rock,../textures10/soil/vlc_rock_wrm_steep_d.dds
terrain10_VLC,rock_wrm_rain_fl_tp,rock,../textures10/soil/vlc_rock_wrm_sflat_d.dds
terrain10_VLC,sp_cld_wet_hill,sp,../textures10/loveg/vlc_sprs_cld_hill_d.dds
terrain10_VLC,sp_cld_sdry_hill,sp,../textures10/loveg/vlc_sprs_cld_hill_d.dds
terrain10_VLC,rock_vhot_rain_sflat,rock,../textures10/soil/vlc_rock_wrm_sflat_d.dds
terrain10_VLC,sp_vhot_rain_hill,sp,../textures10/loveg/vlc_sprs_wrm_hill_d.dds
terrain10_VLC,rock_cld_dry_fl_tp,rock,../textures10/soil/vlc_rock_cld_sflat_d.dds
terrain10_VLC,rock_wrm_sdry_hill,rock,../textures10/soil/vlc_rock_wrm_hill_d.dds
terrain10_VLC,rock_vcld_sdry_fl_tp,rock,../textures10/soil/vlc_rock_cld_sflat_d.dds
terrain10_VLC,rock_cld_wet_sflat,rock,../textures10/soil/vlc_rock_cld_sflat_d.dds
terrain10_VLC,rock_tmp_dry_fl_md,rock,../textures10/soil/vlc_rock_wrm_hill_d.dds
terrain10_VLC,rock_cld_rain_sflat,rock,../textures10/soil/vlc_rock_cld_sflat_d.dds
terrain10_VLC,rock_vcld_rain_fl,rock,../textures10/soil/vlc_rock_cld_sflat_d.dds
terrain10_VLC,rock_vhot_wet_fl,rock,../textures10/soil/vlc_rock_wrm_sflat_d.dds
terrain10_VLC,rock_hot_sdry_fl_tp,rock,../textures10/soil/vlc_rock_wrm_sflat_d.dds
terrain10_VLC,rock_wrm_dry_sflat,rock,../textures10/soil/vlc_rock_wrm_sflat_d.dds
terrain10_VLC,rock_vhot_sdry_fl_md,rock,../textures10/soil/vlc_rock_wrm_hill_d.dds
terrain10_VLC,rock_vhot_dry_hill,rock,../textures10/soil/vlc_rock_wrm_hill_d.dds
terrain10_VLC,rock_vhot_dry_fl_md,rock,../textures10/soil/vlc_rock_wrm_hill_d.dds
terrain10_VLC,rock_wrm_dry_hill,rock,../textures10/soil/vlc_rock_wrm_hill_d.dds
terrain10_VLC,rock_hot_rain_fl,rock,../textures10/soil/vlc_rock_wrm_sflat_d.dds
terrain10_VLC,rock_cld_sdry_fl_md,rock,../textures10/soil/vlc_rock_cld_hill_d.dds
terrain10_VLC,rock_wrm_wet_fl_tp,rock,../textures10/soil/vlc_rock_wrm_sflat_d.dds
terrain10_VLC,rock_cld_sdry_fl_tp,rock,../textures10/soil/vlc_rock_cld_sflat_d.dds
terrain10_VLC,rock_hot_rain_sflat,rock,../textures10/soil/vlc_rock_wrm_sflat_d.dds
terrain10_VLC,rock_wrm_wet_fl_md,rock,../textures10/soil/vlc_rock_wrm_hill_d.dds
terrain10_VLC,rock_vhot_wet_sflat,rock,../textures10/soil/vlc_rock_wrm_sflat_d.dds
terrain10_VLC,sp_vhot_dry_tr_hill,sp,../textures10/loveg/vlc_sprs_wrm_hill_d.dds
terrain10_VLC,rock_vhot_sdry_fl_tp,rock,../textures10/soil/vlc_rock_wrm_sflat_d.dds
terrain10_VLC,sp_tmp_wet_hill,sp,../textures10/loveg/vlc_sprs_cld_hill_d.dds
terrain10_VLC,rock_vhot_dry_fl_tp,rock,../textures10/soil/vlc_rock_wrm_sflat_d.dds
terrain10_VLC,rock_vcld_rain_sflat,rock,../textures10/soil/vlc_rock_cld_sflat_d.dds
terrain10_VLC,sp_hot_dry_hill,sp,../textures10/loveg/vlc_sprs_wrm_hill_d.dds
terrain10_VLC,rock_cld_rain_fl,rock,../textures10/soil/vlc_rock_cld_sflat_d.dds
terrain10_VLC,rock_wrm_sdry_sflat,rock,../textures10/soil/vlc_rock_wrm_sflat_d.dds
terrain10_VLC,sp_cld_dry_hill,sp,../../textures10/loveg/fal/vlc_sprs_cld_hill_d.dds
terrain10_VLC,sp_tmp_dry_hill,sp,../../textures10/loveg/vlc_sprs_wrm_hill_d.dds
terrain10_VLC,sp_tmp_rain_hill,sp,../../textures10/loveg/vlc_sprs_wrm_hill_d.dds
terrain10_VLC,sp_cld_rain_hill,sp,../../textures10/loveg/fal/vlc_sprs_cld_hill_d.dds
terrain10_VLC,sp_tmp_sdry_hill,sp,../../textures10/loveg/vlc_sprs_wrm_hill_d.dds
terrain10_VLC,sp_cld_wet_hill,sp,../../textures10/loveg/fal/vlc_sprs_cld_hill_d.dds
terrain10_VLC,sp_cld_sdry_hill,sp,../../textures10/loveg/fal/vlc_sprs_cld_hill_d.dds
terrain10_VLC,sp_tmp_wet_hill,sp,../../textures10/loveg/fal/vlc_sprs_cld_hill_d.dds
