folder,name,category,base_texture
terrain,any,any,../textures/any.dds
terrain,apt_desert1,apt,../textures/human/apt_desert.png
terrain,apt_desert2,apt,../textures/human/apt_desert.png
terrain,apt_desert3,apt,../textures/human/apt_desert.png
terrain,apt_desert4,apt,../textures/human/apt_desert.png
terrain,apt_desert_cold1,apt,../textures/apt/apt_desert_cold.dds
terrain,apt_desert_cold2,apt,../textures/apt/apt_desert_cold.dds
terrain,apt_desert_cold3,apt,../textures/apt/apt_desert_cold.dds
terrain,apt_desert_cold4,apt,../textures/apt/apt_desert_cold.dds
terrain,apt_desert_cold_av,apt,../textures/apt/apt_desert_cold.dds
terrain,apt_desert_hot1,apt,../textures/apt/apt_desert.dds
terrain,apt_desert_hot2,apt,../textures/apt/apt_desert.dds
terrain,apt_desert_hot3,apt,../textures/apt/apt_desert.dds
terrain,apt_desert_hot4,apt,../textures/apt/apt_desert.dds
terrain,apt_desert_hot_av,apt,../textures/apt/apt_desert.dds
terrain,apt_desert_temp1,apt,../textures/apt/apt_desert_temp.dds
terrain,apt_desert_temp2,apt,../textures/apt/apt_desert_temp.dds
terrain,apt_desert_temp3,apt,../textures/apt/apt_desert_temp.dds
terrain,apt_desert_temp4,apt,../textures/apt/apt_desert_temp.dds
terrain,apt_desert_temp_av,apt,../textures/apt/apt_desert_temp.dds
terrain,apt_desert_vhot1,apt,../textures/apt/apt_desert.dds
terrain,apt_desert_vhot2,apt,../textures/apt/apt_desert.dds
terrain,apt_desert_vhot3,apt,../textures/apt/apt_desert.dds
terrain,apt_desert_vhot4,apt,../textures/apt/apt_desert.dds
terrain,apt_desert_vhot_av,apt,../textures/apt/apt_desert.dds
terrain,apt_desert_warm1,apt,../textures/apt/apt_desert.dds
terrain,apt_desert_warm2,apt,../textures/apt/apt_desert.dds
terrain,apt_desert_warm3,apt,../textures/apt/apt_desert.dds
terrain,apt_desert_warm4,apt,../textures/apt/apt_desert.dds
terrain,apt_desert_warm_av,apt,../textures/apt/apt_desert.dds
terrain,apt_dry1,apt,../textures/human/apt_dry.png
terrain,apt_dry2,apt,../textures/human/apt_dry.png
terrain,apt_dry2_cold1,apt,../textures/apt/apt_dry_cold.dds
terrain,apt_dry2_cold2,apt,../textures/apt/apt_dry_cold.dds
terrain,apt_dry2_cold3,apt,../textures/apt/apt_dry_cold.dds
terrain,apt_dry2_cold4,apt,../textures/apt/apt_dry_cold.dds
terrain,apt_dry2_cold_av,apt,../textures/apt/apt_dry_cold.dds
terrain,apt_dry3,apt,../textures/human/apt_dry.png
terrain,apt_dry4,apt,../textures/human/apt_dry.png
terrain,apt_dry_bor1,apt,../textures/apt/apt_bor.dds
terrain,apt_dry_bor2,apt,../textures/apt/apt_bor.dds
terrain,apt_dry_bor3,apt,../textures/apt/apt_bor.dds
terrain,apt_dry_bor4,apt,../textures/apt/apt_bor.dds
terrain,apt_dry_bor_av,apt,../textures/apt/apt_bor.dds
terrain,apt_dry_cold1,apt,../textures/apt/apt_dry_cold.dds
terrain,apt_dry_cold2,apt,../textures/apt/apt_dry_cold.dds
terrain,apt_dry_cold3,apt,../textures/apt/apt_dry_cold.dds
terrain,apt_dry_cold4,apt,../textures/apt/apt_dry_cold.dds
terrain,apt_dry_cold_av,apt,../textures/apt/apt_dry_cold.dds
terrain,apt_dry_cool1,apt,../textures/apt/apt_dry_cool.dds
terrain,apt_dry_cool2,apt,../textures/apt/apt_dry_cool.dds
terrain,apt_dry_cool3,apt,../textures/apt/apt_dry_cool.dds
terrain,apt_dry_cool4,apt,../textures/apt/apt_dry_cool.dds
terrain,apt_dry_cool_av,apt,../textures/apt/apt_dry_cool.dds
terrain,apt_dry_hot1,apt,../textures/apt/apt_savanna.dds
terrain,apt_dry_hot2,apt,../textures/apt/apt_savanna.dds
terrain,apt_dry_hot3,apt,../textures/apt/apt_savanna.dds
terrain,apt_dry_hot4,apt,../textures/apt/apt_savanna.dds
terrain,apt_dry_hot_av,apt,../textures/apt/apt_savanna.dds
terrain,apt_dry_temp1,apt,../textures/apt/apt_dry_temp.dds
terrain,apt_dry_temp2,apt,../textures/apt/apt_dry_temp.dds
terrain,apt_dry_temp3,apt,../textures/apt/apt_dry_temp.dds
terrain,apt_dry_temp4,apt,../textures/apt/apt_dry_temp.dds
terrain,apt_dry_temp_av,apt,../textures/apt/apt_dry_temp.dds
terrain,apt_dry_vhot1,apt,../textures/apt/apt_savanna.dds
terrain,apt_dry_vhot2,apt,../textures/apt/apt_savanna.dds
terrain,apt_dry_vhot3,apt,../textures/apt/apt_savanna.dds
terrain,apt_dry_vhot4,apt,../textures/apt/apt_savanna.dds
terrain,apt_dry_vhot_av,apt,../textures/apt/apt_savanna.dds
terrain,apt_dry_warm1,apt,../textures/apt/apt_dry_warm.dds
terrain,apt_dry_warm2,apt,../textures/apt/apt_dry_warm.dds
terrain,apt_dry_warm3,apt,../textures/apt/apt_dry_warm.dds
terrain,apt_dry_warm4,apt,../textures/apt/apt_dry_warm.dds
terrain,apt_dry_warm_av,apt,../textures/apt/apt_dry_warm.dds
terrain,apt_grass1,apt,../textures/human/apt_grass.png
terrain,apt_grass2,apt,../textures/human/apt_grass.png
terrain,apt_grass3,apt,../textures/human/apt_grass.png
terrain,apt_grass4,apt,../textures/human/apt_grass.png
terrain,apt_ice1,apt,../textures/apt/apt_ice.dds
terrain,apt_ice2,apt,../textures/apt/apt_ice.dds
terrain,apt_ice3,apt,../textures/apt/apt_ice.dds
terrain,apt_ice4,apt,../textures/apt/apt_ice.dds
terrain,apt_ice_any1,apt,../textures/apt/apt_ice.dds
terrain,apt_ice_any2,apt,../textures/apt/apt_ice.dds
terrain,apt_ice_any3,apt,../textures/apt/apt_ice.dds
terrain,apt_ice_any4,apt,../textures/apt/apt_ice.dds
terrain,apt_ice_any_av,apt,../textures/apt/apt_ice.dds
terrain,apt_ice_av,apt,../textures/apt/apt_ice.dds
terrain,apt_polar_tundra1,apt,../textures/apt/apt_utundra.dds
terrain,apt_polar_tundra2,apt,../textures/apt/apt_utundra.dds
terrain,apt_polar_tundra3,apt,../textures/apt/apt_utundra.dds
terrain,apt_polar_tundra4,apt,../textures/apt/apt_utundra.dds
terrain,apt_polar_tundra_av,apt,../textures/apt/apt_utundra.dds
terrain,apt_rainforest1,apt,../textures/apt/apt_wet_tropical.dds
terrain,apt_rainforest2,apt,../textures/apt/apt_wet_tropical.dds
terrain,apt_rainforest3,apt,../textures/apt/apt_wet_tropical.dds
terrain,apt_rainforest4,apt,../textures/apt/apt_wet_tropical.dds
terrain,apt_rainforest_av,apt,../textures/apt/apt_wet_tropical.dds
terrain,apt_sdesert1,apt,../textures/human/apt_sdesert.png
terrain,apt_sdesert2,apt,../textures/human/apt_sdesert.png
terrain,apt_sdesert3,apt,../textures/human/apt_sdesert.png
terrain,apt_sdesert4,apt,../textures/human/apt_sdesert.png
terrain,apt_sdesert_cold1,apt,../textures/apt/apt_sdesert_cold.dds
terrain,apt_sdesert_cold2,apt,../textures/apt/apt_sdesert_cold.dds
terrain,apt_sdesert_cold21,apt,../textures/apt/apt_sdesert_cold2.dds
terrain,apt_sdesert_cold22,apt,../textures/apt/apt_sdesert_cold2.dds
terrain,apt_sdesert_cold23,apt,../textures/apt/apt_sdesert_cold2.dds
terrain,apt_sdesert_cold24,apt,../textures/apt/apt_sdesert_cold2.dds
terrain,apt_sdesert_cold2_av,apt,../textures/apt/apt_sdesert_cold2.dds
terrain,apt_sdesert_cold3,apt,../textures/apt/apt_sdesert_cold.dds
terrain,apt_sdesert_cold4,apt,../textures/apt/apt_sdesert_cold.dds
terrain,apt_sdesert_cold_av,apt,../textures/apt/apt_sdesert_cold.dds
terrain,apt_sdesert_cool1,apt,../textures/apt/apt_sdesert_cool.dds
terrain,apt_sdesert_cool2,apt,../textures/apt/apt_sdesert_cool.dds
terrain,apt_sdesert_cool3,apt,../textures/apt/apt_sdesert_cool.dds
terrain,apt_sdesert_cool4,apt,../textures/apt/apt_sdesert_cool.dds
terrain,apt_sdesert_cool_av,apt,../textures/apt/apt_sdesert_cool.dds
terrain,apt_sdesert_hot1,apt,../textures/apt/apt_sdesert_warm.dds
terrain,apt_sdesert_hot2,apt,../textures/apt/apt_sdesert_warm.dds
terrain,apt_sdesert_hot3,apt,../textures/apt/apt_sdesert_warm.dds
terrain,apt_sdesert_hot4,apt,../textures/apt/apt_sdesert_warm.dds
terrain,apt_sdesert_hot_av,apt,../textures/apt/apt_sdesert_warm.dds
terrain,apt_sdesert_temp1,apt,../textures/apt/apt_sdesert_temp.dds
terrain,apt_sdesert_temp2,apt,../textures/apt/apt_sdesert_temp.dds
terrain,apt_sdesert_temp21,apt,../textures/apt/apt_sdesert_temp.dds
terrain,apt_sdesert_temp22,apt,../textures/apt/apt_sdesert_temp.dds
terrain,apt_sdesert_temp23,apt,../textures/apt/apt_sdesert_temp.dds
terrain,apt_sdesert_temp24,apt,../textures/apt/apt_sdesert_temp.dds
terrain,apt_sdesert_temp2_av,apt,../textures/apt/apt_sdesert_temp.dds
terrain,apt_sdesert_temp3,apt,../textures/apt/apt_sdesert_temp.dds
terrain,apt_sdesert_temp4,apt,../textures/apt/apt_sdesert_temp.dds
terrain,apt_sdesert_temp_av,apt,../textures/apt/apt_sdesert_temp.dds
terrain,apt_sdesert_vhot1,apt,../textures/apt/apt_savanna.dds
terrain,apt_sdesert_vhot2,apt,../textures/apt/apt_savanna.dds
terrain,apt_sdesert_vhot3,apt,../textures/apt/apt_savanna.dds
terrain,apt_sdesert_vhot4,apt,../textures/apt/apt_savanna.dds
terrain,apt_sdesert_vhot_av,apt,../textures/apt/apt_savanna.dds
terrain,apt_sdesert_warm1,apt,../textures/apt/apt_sdesert_warm.dds
terrain,apt_sdesert_warm2,apt,../textures/apt/apt_sdesert_warm.dds
terrain,apt_sdesert_warm3,apt,../textures/apt/apt_sdesert_warm.dds
terrain,apt_sdesert_warm4,apt,../textures/apt/apt_sdesert_warm.dds
terrain,apt_sdesert_warm_av,apt,../textures/apt/apt_sdesert_warm.dds
terrain,apt_sdry1,apt,../textures/apt/apt_sdry_cool.dds
terrain,apt_sdry2,apt,../textures/apt/apt_sdry_cool.dds
terrain,apt_sdry3,apt,../textures/apt/apt_sdry_cool.dds
terrain,apt_sdry4,apt,../textures/apt/apt_sdry_cool.dds
terrain,apt_sdry_av,apt,../textures/apt/apt_sdry_cool.dds
terrain,apt_sdry_bor1,apt,../textures/apt/apt_bor.dds
terrain,apt_sdry_bor2,apt,../textures/apt/apt_bor.dds
terrain,apt_sdry_bor3,apt,../textures/apt/apt_bor.dds
terrain,apt_sdry_bor4,apt,../textures/apt/apt_bor.dds
terrain,apt_sdry_bor_av,apt,../textures/apt/apt_bor.dds
terrain,apt_sdry_cold1,apt,../textures/apt/apt_bor.dds
terrain,apt_sdry_cold2,apt,../textures/apt/apt_bor.dds
terrain,apt_sdry_cold3,apt,../textures/apt/apt_bor.dds
terrain,apt_sdry_cold4,apt,../textures/apt/apt_bor.dds
terrain,apt_sdry_cold_av,apt,../textures/apt/apt_bor.dds
terrain,apt_sdry_cool1,apt,../textures/apt/apt_bor.dds
terrain,apt_sdry_cool2,apt,../textures/apt/apt_bor.dds
terrain,apt_sdry_cool3,apt,../textures/apt/apt_bor.dds
terrain,apt_sdry_cool4,apt,../textures/apt/apt_bor.dds
terrain,apt_sdry_cool_av,apt,../textures/apt/apt_bor.dds
terrain,apt_sdry_hot1,apt,../textures/apt/apt_sdry_tropical.dds
terrain,apt_sdry_hot2,apt,../textures/apt/apt_sdry_tropical.dds
terrain,apt_sdry_hot3,apt,../textures/apt/apt_sdry_tropical.dds
terrain,apt_sdry_hot4,apt,../textures/apt/apt_sdry_tropical.dds
terrain,apt_sdry_hot_av,apt,../textures/apt/apt_sdry_tropical.dds
terrain,apt_sdry_temp1,apt,../textures/apt/apt_sdry.dds
terrain,apt_sdry_temp2,apt,../textures/apt/apt_sdry.dds
terrain,apt_sdry_temp3,apt,../textures/apt/apt_sdry.dds
terrain,apt_sdry_temp4,apt,../textures/apt/apt_sdry.dds
terrain,apt_sdry_temp_av,apt,../textures/apt/apt_sdry.dds
terrain,apt_sdry_vhot1,apt,../textures/apt/apt_sdry_tropical.dds
terrain,apt_sdry_vhot2,apt,../textures/apt/apt_sdry_tropical.dds
terrain,apt_sdry_vhot3,apt,../textures/apt/apt_sdry_tropical.dds
terrain,apt_sdry_vhot4,apt,../textures/apt/apt_sdry_tropical.dds
terrain,apt_sdry_vhot_av,apt,../textures/apt/apt_sdry_tropical.dds
terrain,apt_sdry_warm1,apt,../textures/apt/apt_sdry.dds
terrain,apt_sdry_warm2,apt,../textures/apt/apt_sdry.dds
terrain,apt_sdry_warm3,apt,../textures/apt/apt_sdry.dds
terrain,apt_sdry_warm4,apt,../textures/apt/apt_sdry.dds
terrain,apt_sdry_warm_av,apt,../textures/apt/apt_sdry.dds
terrain,apt_tundra1,apt,../textures/apt/apt_tundra.dds
terrain,apt_tundra2,apt,../textures/apt/apt_tundra.dds
terrain,apt_tundra3,apt,../textures/apt/apt_tundra.dds
terrain,apt_tundra4,apt,../textures/apt/apt_tundra.dds
terrain,apt_tundra_av,apt,../textures/apt/apt_tundra.dds
terrain,apt_utundra1,apt,../textures/apt/apt_utundra.dds
terrain,apt_utundra2,apt,../textures/apt/apt_utundra.dds
terrain,apt_utundra3,apt,../textures/apt/apt_utundra.dds
terrain,apt_utundra4,apt,../textures/apt/apt_utundra.dds
terrain,apt_utundra_av,apt,../textures/apt/apt_utundra.dds
terrain,apt_wet_cold1,apt,../textures/apt/apt_wet.dds
terrain,apt_wet_cold2,apt,../textures/apt/apt_wet.dds
terrain,apt_wet_cold3,apt,../textures/apt/apt_wet.dds
terrain,apt_wet_cold4,apt,../textures/apt/apt_wet.dds
terrain,apt_wet_cold_av,apt,../textures/apt/apt_wet.dds
terrain,apt_wet_cold_bor1,apt,../textures/apt/apt_wet.dds
terrain,apt_wet_cold_bor2,apt,../textures/apt/apt_wet.dds
terrain,apt_wet_cold_bor3,apt,../textures/apt/apt_wet.dds
terrain,apt_wet_cold_bor4,apt,../textures/apt/apt_wet.dds
terrain,apt_wet_cold_bor_av,apt,../textures/apt/apt_wet.dds
terrain,apt_wet_cool1,apt,../textures/apt/apt_wet.dds
terrain,apt_wet_cool2,apt,../textures/apt/apt_wet.dds
terrain,apt_wet_cool3,apt,../textures/apt/apt_wet.dds
terrain,apt_wet_cool4,apt,../textures/apt/apt_wet.dds
terrain,apt_wet_cool_av,apt,../textures/apt/apt_wet.dds
terrain,apt_wet_hot1,apt,../textures/apt/apt_wet_tropical.dds
terrain,apt_wet_hot2,apt,../textures/apt/apt_wet_tropical.dds
terrain,apt_wet_hot3,apt,../textures/apt/apt_wet_tropical.dds
terrain,apt_wet_hot4,apt,../textures/apt/apt_wet_tropical.dds
terrain,apt_wet_hot_av,apt,../textures/apt/apt_wet_tropical.dds
terrain,apt_wet_temp1,apt,../textures/apt/apt_wet_temp.dds
terrain,apt_wet_temp2,apt,../textures/apt/apt_wet_temp.dds
terrain,apt_wet_temp3,apt,../textures/apt/apt_wet_temp.dds
terrain,apt_wet_temp4,apt,../textures/apt/apt_wet_temp.dds
terrain,apt_wet_temp_av,apt,../textures/apt/apt_wet_temp.dds
terrain,apt_wet_vhot1,apt,../textures/apt/apt_wet_tropical.dds
terrain,apt_wet_vhot2,apt,../textures/apt/apt_wet_tropical.dds
terrain,apt_wet_vhot3,apt,../textures/apt/apt_wet_tropical.dds
terrain,apt_wet_vhot4,apt,../textures/apt/apt_wet_tropical.dds
terrain,apt_wet_vhot_av,apt,../textures/apt/apt_wet_tropical.dds
terrain,apt_wet_warm1,apt,../textures/apt/apt_wet_temp.dds
terrain,apt_wet_warm2,apt,../textures/apt/apt_wet_temp.dds
terrain,apt_wet_warm3,apt,../textures/apt/apt_wet_temp.dds
terrain,apt_wet_warm4,apt,../textures/apt/apt_wet_temp.dds
terrain,apt_wet_warm_av,apt,../textures/apt/apt_wet_temp.dds
terrain,barren_tundra_flat,barren,../textures/loveg/upland_tundra_flat.dds
terrain,barren_tundra_flat1,barren,../textures/loveg/upland_tundra_flat.png
terrain,barren_tundra_flat2,barren,../textures/loveg/upland_tundra_flat.png
terrain,barren_tundra_flat3,barren,../textures/loveg/upland_tundra_flat.png
terrain,barren_tundra_flat4,barren,../textures/loveg/upland_tundra_flat.png
terrain,barren_tundra_flat_low,barren,../textures/loveg/sdesert_cold_sflat.dds
terrain,barren_tundra_flat_mid,barren,../textures/loveg/upland_tundra_flat.dds
terrain,barren_tundra_flat_top,barren,../textures/loveg/grassland_cold_sdry.dds
terrain,barren_tundra_hill,barren,../textures/loveg/upland_tundra_hill.dds
terrain,barren_tundra_hill1,barren,../textures/loveg/upland_tundra_hill.png
terrain,barren_tundra_hill2,barren,../textures/loveg/upland_tundra_hill.png
terrain,barren_tundra_hill3,barren,../textures/loveg/upland_tundra_hill.png
terrain,barren_tundra_hill4,barren,../textures/loveg/upland_tundra_hill.png
terrain,barren_tundra_rock1,barren,../textures/soil/rock_dark_tan_dry.dds
terrain,barren_tundra_rock2,barren,../textures/soil/rock_dark_tan_dry.dds
terrain,barren_tundra_rock3,barren,../textures/soil/rock_dark_tan_dry.dds
terrain,barren_tundra_rock4,barren,../textures/soil/rock_dark_tan_dry.dds
terrain,barren_tundra_rock_av,barren,../textures/soil/rock_dark_tan_dry.png
terrain,barren_tundra_sflat,barren,../textures/loveg/grass_cold.dds
terrain,barren_tundra_steep,barren,../textures/loveg/upland_tundra_steep.dds
terrain,barren_tundra_steep1,barren,../textures/loveg/upland_tundra_steep.png
terrain,barren_tundra_steep2,barren,../textures/loveg/upland_tundra_steep.png
terrain,barren_tundra_steep3,barren,../textures/loveg/upland_tundra_steep.png
terrain,barren_tundra_steep4,barren,../textures/loveg/upland_tundra_steep.png
terrain,cliff_cold_dry_ew,cliff,../textures/soil/cliff_cold_dry.dds
terrain,cliff_cold_dry_ns,cliff,../textures/soil/cliff_cold_dry.dds
terrain,cliff_cold_ew,cliff,../textures/soil/cliff_cold.dds
terrain,cliff_cold_lo1,cliff,../textures/soil/rock.dds
terrain,cliff_cold_lo2,cliff,../textures/soil/rock.dds
terrain,cliff_cold_lo3,cliff,../textures/soil/rock.dds
terrain,cliff_cold_lo4,cliff,../textures/soil/rock.dds
terrain,cliff_cold_lo_av,cliff,../textures/soil/rock.png
terrain,cliff_cold_lo_dry1,cliff,../textures/soil/cliff_dry.dds
terrain,cliff_cold_lo_dry2,cliff,../textures/soil/cliff_dry.dds
terrain,cliff_cold_lo_dry3,cliff,../textures/soil/cliff_dry.dds
terrain,cliff_cold_lo_dry4,cliff,../textures/soil/cliff_dry.dds
terrain,cliff_cold_lo_dry_av,cliff,../textures/soil/cliff_dry.png
terrain,cliff_cold_lo_sdry1,cliff,../textures/soil/cliff_sdry.dds
terrain,cliff_cold_lo_sdry2,cliff,../textures/soil/cliff_sdry.dds
terrain,cliff_cold_lo_sdry3,cliff,../textures/soil/cliff_sdry.dds
terrain,cliff_cold_lo_sdry4,cliff,../textures/soil/cliff_sdry.dds
terrain,cliff_cold_lo_sdry_av,cliff,../textures/soil/cliff_sdry.png
terrain,cliff_cold_lo_wet1,cliff,../textures/soil/rock_wet.dds
terrain,cliff_cold_lo_wet2,cliff,../textures/soil/rock_wet.dds
terrain,cliff_cold_lo_wet3,cliff,../textures/soil/rock_wet.dds
terrain,cliff_cold_lo_wet4,cliff,../textures/soil/rock_wet.dds
terrain,cliff_cold_lo_wet_av,cliff,../textures/soil/rock_wet.png
terrain,cliff_cold_ns,cliff,../textures/soil/cliff_cold.dds
terrain,cliff_cold_sdry_ew,cliff,../textures/soil/cliff_cold_sdry.dds
terrain,cliff_cold_sdry_ns,cliff,../textures/soil/cliff_cold_sdry.dds
terrain,cliff_cold_wet_ew,cliff,../textures/soil/cliff_wet.dds
terrain,cliff_cold_wet_ns,cliff,../textures/soil/cliff_wet.dds
terrain,cliff_hot_dry_ew,cliff,../textures/soil/cliff_hot_dry.dds
terrain,cliff_hot_dry_ns,cliff,../textures/soil/cliff_hot_dry.dds
terrain,cliff_hot_ew,cliff,../textures/soil/cliff_hot.dds
terrain,cliff_hot_ns,cliff,../textures/soil/cliff_hot.dds
terrain,cliff_hot_sdry_ew,cliff,../textures/soil/cliff_hot_sdry.dds
terrain,cliff_hot_sdry_ns,cliff,../textures/soil/cliff_hot_sdry.dds
terrain,cliff_hot_wet_ew,cliff,../textures/soil/cliff_hot_wet.dds
terrain,cliff_hot_wet_ns,cliff,../textures/soil/cliff_hot_wet.dds
terrain,cliff_ice_dry_ew,cliff,../textures/soil/cliff_cold_dry.dds
terrain,cliff_ice_dry_ns,cliff,../textures/soil/cliff_cold_dry.dds
terrain,cliff_ice_ew,cliff,../textures/soil/cliff_cold.dds
terrain,cliff_ice_hi_n,cliff,../textures/soil/cliff_ice.dds
terrain,cliff_ice_hi_wet_n,cliff,../textures/soil/ice_steep.dds
terrain,cliff_ice_ns,cliff,../textures/soil/cliff_cold.dds
terrain,cliff_ice_sdry_ew,cliff,../textures/soil/cliff_cold_sdry.dds
terrain,cliff_ice_sdry_ns,cliff,../textures/soil/cliff_cold_sdry.dds
terrain,cliff_ice_wet_ew,cliff,../textures/soil/cliff_cold.dds
terrain,cliff_ice_wet_ns,cliff,../textures/soil/cliff_cold.dds
terrain,cliff_temp_dry_ew,cliff,../textures/soil/cliff_dry.dds
terrain,cliff_temp_dry_ns,cliff,../textures/soil/cliff_dry.dds
terrain,cliff_temp_ew,cliff,../textures/soil/cliff.dds
terrain,cliff_temp_ns,cliff,../textures/soil/cliff.dds
terrain,cliff_temp_sdry_ew,cliff,../textures/soil/cliff_sdry.dds
terrain,cliff_temp_sdry_ns,cliff,../textures/soil/cliff_sdry.dds
terrain,cliff_temp_wet_ew,cliff,../textures/soil/cliff_wet.dds
terrain,cliff_temp_wet_ns,cliff,../textures/soil/cliff_wet.dds
terrain,cliff_warm_dry_ew,cliff,../textures/soil/cliff_hot_dry.dds
terrain,cliff_warm_dry_ns,cliff,../textures/soil/cliff_hot_dry.dds
terrain,cliff_warm_ew,cliff,../textures/soil/cliff_hot.dds
terrain,cliff_warm_ns,cliff,../textures/soil/cliff_hot.dds
terrain,cliff_warm_sdry_ew,cliff,../textures/soil/cliff_hot_sdry.dds
terrain,cliff_warm_sdry_ns,cliff,../textures/soil/cliff_hot_sdry.dds
terrain,cliff_warm_wet_ew,cliff,../textures/soil/cliff_hot_wet.dds
terrain,cliff_warm_wet_ns,cliff,../textures/soil/cliff_hot_wet.dds
terrain,des_city_golf,des,../textures/human/dry_flat.dds
terrain,des_city_irr_in1,des,../textures/human/des_city_irr_in.dds
terrain,des_city_irr_in2,des,../textures/human/des_city_irr_in.dds
terrain,des_city_irr_in3,des,../textures/human/des_city_irr_in.dds
terrain,des_city_irr_in4,des,../textures/human/des_city_irr_in.dds
terrain,des_city_irr_in_av,des,../textures/human/des_city_irr_in.dds
terrain,des_city_irr_ind1,des,../textures/human/des_city_irr_out.dds
terrain,des_city_irr_ind2,des,../textures/human/des_city_irr_out.dds
terrain,des_city_irr_ind3,des,../textures/human/des_city_irr_out.dds
terrain,des_city_irr_ind4,des,../textures/human/des_city_irr_out.dds
terrain,des_city_irr_ind_av,des,../textures/human/des_city_irr_out.dds
terrain,des_city_irr_out1,des,../textures/human/des_city_irr_out.dds
terrain,des_city_irr_out2,des,../textures/human/des_city_irr_out.dds
terrain,des_city_irr_out3,des,../textures/human/des_city_irr_out.dds
terrain,des_city_irr_out4,des,../textures/human/des_city_irr_out.dds
terrain,des_city_irr_out_av,des,../textures/human/des_city_irr_out.dds
terrain,des_city_irr_twn1,des,../textures/human/des_city_irr_out.dds
terrain,des_city_irr_twn2,des,../textures/human/des_city_irr_out.dds
terrain,des_city_irr_twn3,des,../textures/human/des_city_irr_out.dds
terrain,des_city_irr_twn4,des,../textures/human/des_city_irr_out.dds
terrain,des_city_irr_twn_av,des,../textures/human/des_city_irr_out.dds
terrain,des_city_park,des,../textures/human/dry_flat.dds
terrain,des_city_sq_in1,des,../textures/human/temp_city_sq_in.dds
terrain,des_city_sq_in2,des,../textures/human/temp_city_sq_in.dds
terrain,des_city_sq_in3,des,../textures/human/temp_city_sq_in.dds
terrain,des_city_sq_in4,des,../textures/human/temp_city_sq_in.dds
terrain,des_city_sq_in_av,des,../textures/human/temp_city_sq_in.dds
terrain,des_city_sq_ind1,des,../textures/human/temp_city_sq_ind.dds
terrain,des_city_sq_ind2,des,../textures/human/temp_city_sq_ind.dds
terrain,des_city_sq_ind3,des,../textures/human/temp_city_sq_ind.dds
terrain,des_city_sq_ind4,des,../textures/human/temp_city_sq_ind.dds
terrain,des_city_sq_ind_av,des,../textures/human/temp_city_sq_ind.dds
terrain,des_city_sq_out1,des,../textures/human/dry_city_sq_out.dds
terrain,des_city_sq_out2,des,../textures/human/dry_city_sq_out.dds
terrain,des_city_sq_out3,des,../textures/human/dry_city_sq_out.dds
terrain,des_city_sq_out4,des,../textures/human/dry_city_sq_out.dds
terrain,des_city_sq_out_av,des,../textures/human/dry_city_sq_out.dds
terrain,des_city_sq_twn1,des,../textures/human/dry_cityhill_sq.dds
terrain,des_city_sq_twn2,des,../textures/human/dry_cityhill_sq.dds
terrain,des_city_sq_twn3,des,../textures/human/dry_cityhill_sq.dds
terrain,des_city_sq_twn4,des,../textures/human/dry_cityhill_sq.dds
terrain,des_city_sq_twn_av,des,../textures/human/dry_cityhill_sq.dds
terrain,des_cityhill_irr1,des,../textures/human/des_crphill.dds
terrain,des_cityhill_irr2,des,../textures/human/des_crphill.dds
terrain,des_cityhill_irr3,des,../textures/human/des_crphill.dds
terrain,des_cityhill_irr4,des,../textures/human/des_crphill.dds
terrain,des_cityhill_irr_av,des,../textures/human/des_crphill.dds
terrain,des_cityhill_sq1,des,../textures/human/dry_cityhill_sq.dds
terrain,des_cityhill_sq2,des,../textures/human/dry_cityhill_sq.dds
terrain,des_cityhill_sq3,des,../textures/human/dry_cityhill_sq.dds
terrain,des_cityhill_sq4,des,../textures/human/dry_cityhill_sq.dds
terrain,des_cityhill_sq_av,des,../textures/human/dry_cityhill_sq.dds
terrain,des_crp_irr1,des,../textures/human/des_crp_irr.dds
terrain,des_crp_irr2,des,../textures/human/des_crp_irr2.dds
terrain,des_crp_irr3,des,../textures/human/des_crp_irr2.dds
terrain,des_crp_irr4,des,../textures/human/des_crp_irr.dds
terrain,des_crp_irr_av,des,../textures/human/des_crp_irr.dds
terrain,des_crp_sq1,des,../textures/human/des_crp_sq.dds
terrain,des_crp_sq2,des,../textures/human/des_crp_sq2.dds
terrain,des_crp_sq3,des,../textures/human/des_crp_sq2.dds
terrain,des_crp_sq4,des,../textures/human/des_crp_sq.dds
terrain,des_crp_sq_av,des,../textures/human/des_crp_sq.dds
terrain,des_crphill_irr1,des,../textures/human/des_crphill.dds
terrain,des_crphill_irr2,des,../textures/human/des_crphill.dds
terrain,des_crphill_irr3,des,../textures/human/des_crphill.dds
terrain,des_crphill_irr4,des,../textures/human/des_crphill.dds
terrain,des_crphill_irr_av,des,../textures/human/des_crphill.dds
terrain,des_crphill_sq1,des,../textures/human/des_crphill.dds
terrain,des_crphill_sq2,des,../textures/human/des_crphill.dds
terrain,des_crphill_sq3,des,../textures/human/des_crphill.dds
terrain,des_crphill_sq4,des,../textures/human/des_crphill.dds
terrain,des_crphill_sq_av,des,../textures/human/des_crphill.dds
terrain,des_crptwn_irr1,des,../textures/human/des_city_irr_out.dds
terrain,des_crptwn_irr2,des,../textures/human/des_city_irr_out.dds
terrain,des_crptwn_irr3,des,../textures/human/des_city_irr_out.dds
terrain,des_crptwn_irr4,des,../textures/human/des_city_irr_out.dds
terrain,des_crptwn_irr_av,des,../textures/human/des_city_irr_out.dds
terrain,des_crptwn_sq1,des,../textures/human/des_crp_sq.dds
terrain,des_crptwn_sq2,des,../textures/human/des_crp_sq.dds
terrain,des_crptwn_sq3,des,../textures/human/des_crp_sq.dds
terrain,des_crptwn_sq4,des,../textures/human/des_crp_sq.dds
terrain,des_crptwn_sq_av,des,../textures/human/des_crp_sq.dds
terrain,des_crptwnhill_irr1,des,../textures/human/des_crphill.dds
terrain,des_crptwnhill_irr2,des,../textures/human/des_crphill.dds
terrain,des_crptwnhill_irr3,des,../textures/human/des_crphill.dds
terrain,des_crptwnhill_irr4,des,../textures/human/des_crphill.dds
terrain,des_crptwnhill_irr_av,des,../textures/human/des_crphill.dds
terrain,des_crptwnhill_sq1,des,../textures/human/des_crphill.dds
terrain,des_crptwnhill_sq2,des,../textures/human/des_crphill.dds
terrain,des_crptwnhill_sq3,des,../textures/human/des_crphill.dds
terrain,des_crptwnhill_sq4,des,../textures/human/des_crphill.dds
terrain,des_crptwnhill_sq_av,des,../textures/human/des_crphill.dds
terrain,desert_cold_flat1,desert,../textures/soil/desert_cold_flat.dds
terrain,desert_cold_flat2,desert,../textures/soil/desert_cold_flat.dds
terrain,desert_cold_flat3,desert,../textures/soil/desert_cold_flat.dds
terrain,desert_cold_flat4,desert,../textures/soil/desert_cold_flat.dds
terrain,desert_cold_flat_av,desert,../textures/soil/desert_cold_flat.dds
terrain,desert_cold_flat_low,desert,../textures/soil/desert_cold_sflat.dds
terrain,desert_cold_flat_low1,desert,../textures/soil/desert_cold_sflat.png
terrain,desert_cold_flat_low2,desert,../textures/soil/desert_cold_sflat.png
terrain,desert_cold_flat_low3,desert,../textures/soil/desert_cold_sflat.png
terrain,desert_cold_flat_low4,desert,../textures/soil/desert_cold_sflat.png
terrain,desert_cold_flat_mid,desert,../textures/soil/rock_flat_dry.dds
terrain,desert_cold_flat_top,desert,../textures/soil/desert_cold_flat.dds
terrain,desert_cold_flat_top1,desert,../textures/soil/desert_cold_flat.png
terrain,desert_cold_flat_top2,desert,../textures/soil/desert_cold_flat.png
terrain,desert_cold_flat_top3,desert,../textures/soil/desert_cold_flat.png
terrain,desert_cold_flat_top4,desert,../textures/soil/desert_cold_flat.png
terrain,desert_cold_hill,desert,../textures/soil/desert_cold_hill.dds
terrain,desert_cold_rock1,desert,../textures/soil/rock_sdry.dds
terrain,desert_cold_rock2,desert,../textures/soil/rock_sdry.dds
terrain,desert_cold_rock3,desert,../textures/soil/rock_sdry.dds
terrain,desert_cold_rock4,desert,../textures/soil/rock_sdry.dds
terrain,desert_cold_rock_av,desert,../textures/soil/rock_sdry.png
terrain,desert_cold_scree1,desert,../textures/soil/scree_sdry.dds
terrain,desert_cold_scree2,desert,../textures/soil/scree_sdry.dds
terrain,desert_cold_scree3,desert,../textures/soil/scree_sdry.dds
terrain,desert_cold_scree4,desert,../textures/soil/scree_sdry.dds
terrain,desert_cold_scree_av,desert,../textures/soil/scree_sdry.png
terrain,desert_cold_sflat1,desert,../textures/soil/desert_cold_sflat.dds
terrain,desert_cold_sflat2,desert,../textures/soil/desert_cold_sflat.dds
terrain,desert_cold_sflat3,desert,../textures/soil/desert_cold_sflat.dds
terrain,desert_cold_sflat4,desert,../textures/soil/desert_cold_sflat.dds
terrain,desert_cold_sflat_av,desert,../textures/soil/desert_cold_sflat.dds
terrain,desert_cold_steep1,desert,../textures/soil/desert_cold_steep.dds
terrain,desert_cold_steep2,desert,../textures/soil/desert_cold_steep.dds
terrain,desert_cold_steep3,desert,../textures/soil/desert_cold_steep.dds
terrain,desert_cold_steep4,desert,../textures/soil/desert_cold_steep.dds
terrain,desert_cold_steep_av,desert,../textures/soil/desert_cold_steep.png
terrain,desert_hot_flat1,desert,../textures/soil/desert_hot_flat.dds
terrain,desert_hot_flat2,desert,../textures/soil/desert_hot_flat.dds
terrain,desert_hot_flat3,desert,../textures/soil/desert_hot_flat.dds
terrain,desert_hot_flat4,desert,../textures/soil/desert_hot_flat.dds
terrain,desert_hot_flat_av,desert,../textures/soil/desert_hot_flat.dds
terrain,desert_hot_flat_low,desert,../textures/soil/desert_hot_sflat.dds
terrain,desert_hot_flat_low1,desert,../textures/soil/desert_hot_sflat.png
terrain,desert_hot_flat_low2,desert,../textures/soil/desert_hot_sflat.png
terrain,desert_hot_flat_low3,desert,../textures/soil/desert_hot_sflat.png
terrain,desert_hot_flat_low4,desert,../textures/soil/desert_hot_sflat.png
terrain,desert_hot_flat_mid,desert,../textures/soil/desert_warm_sflat.dds
terrain,desert_hot_flat_top,desert,../textures/soil/desert_hot_flat.dds
terrain,desert_hot_flat_top1,desert,../textures/soil/desert_hot_flat.png
terrain,desert_hot_flat_top2,desert,../textures/soil/desert_hot_flat.png
terrain,desert_hot_flat_top3,desert,../textures/soil/desert_hot_flat.png
terrain,desert_hot_flat_top4,desert,../textures/soil/desert_hot_flat.png
terrain,desert_hot_hill,desert,../textures/soil/desert_hot_hill.dds
terrain,desert_hot_rock1,desert,../textures/soil/rock_dry.dds
terrain,desert_hot_rock2,desert,../textures/soil/rock_dry.dds
terrain,desert_hot_rock3,desert,../textures/soil/rock_dry.dds
terrain,desert_hot_rock4,desert,../textures/soil/rock_dry.dds
terrain,desert_hot_rock_av,desert,../textures/soil/rock_dry.png
terrain,desert_hot_scree1,desert,../textures/soil/scree_dry.dds
terrain,desert_hot_scree2,desert,../textures/soil/scree_dry.dds
terrain,desert_hot_scree3,desert,../textures/soil/scree_dry.dds
terrain,desert_hot_scree4,desert,../textures/soil/scree_dry.dds
terrain,desert_hot_scree_av,desert,../textures/soil/scree_dry.png
terrain,desert_hot_sflat1,desert,../textures/soil/desert_hot_sflat.dds
terrain,desert_hot_sflat2,desert,../textures/soil/desert_hot_sflat.dds
terrain,desert_hot_sflat3,desert,../textures/soil/desert_hot_sflat.dds
terrain,desert_hot_sflat4,desert,../textures/soil/desert_hot_sflat.dds
terrain,desert_hot_sflat_av,desert,../textures/soil/desert_hot_sflat.dds
terrain,desert_hot_steep1,desert,../textures/soil/desert_hot_steep.dds
terrain,desert_hot_steep2,desert,../textures/soil/desert_hot_steep.dds
terrain,desert_hot_steep3,desert,../textures/soil/desert_hot_steep.dds
terrain,desert_hot_steep4,desert,../textures/soil/desert_hot_steep.dds
terrain,desert_hot_steep_av,desert,../textures/soil/desert_hot_steep.png
terrain,desert_temp_flat1,desert,../textures/soil/desert_temp_flat.dds
terrain,desert_temp_flat2,desert,../textures/soil/desert_temp_flat.dds
terrain,desert_temp_flat3,desert,../textures/soil/desert_temp_flat.dds
terrain,desert_temp_flat4,desert,../textures/soil/desert_temp_flat.dds
terrain,desert_temp_flat_av,desert,../textures/soil/desert_temp_flat.dds
terrain,desert_temp_flat_low,desert,../textures/soil/desert_temp_sflat.dds
terrain,desert_temp_flat_low1,desert,../textures/soil/desert_temp_sflat.png
terrain,desert_temp_flat_low2,desert,../textures/soil/desert_temp_sflat.png
terrain,desert_temp_flat_low3,desert,../textures/soil/desert_temp_sflat.png
terrain,desert_temp_flat_low4,desert,../textures/soil/desert_temp_sflat.png
terrain,desert_temp_flat_mid,desert,../textures/soil/desert_temp_sflat.dds
terrain,desert_temp_flat_top,desert,../textures/soil/desert_temp_hill.dds
terrain,desert_temp_flat_top1,desert,../textures/soil/desert_temp_flat.png
terrain,desert_temp_flat_top2,desert,../textures/soil/desert_temp_flat.png
terrain,desert_temp_flat_top3,desert,../textures/soil/desert_temp_flat.png
terrain,desert_temp_flat_top4,desert,../textures/soil/desert_temp_flat.png
terrain,desert_temp_hill,desert,../textures/soil/desert_temp_hill.dds
terrain,desert_temp_rock1,desert,../textures/soil/rock_dry.dds
terrain,desert_temp_rock2,desert,../textures/soil/rock_dry.dds
terrain,desert_temp_rock3,desert,../textures/soil/rock_dry.dds
terrain,desert_temp_rock4,desert,../textures/soil/rock_dry.dds
terrain,desert_temp_rock_av,desert,../textures/soil/rock_dry.png
terrain,desert_temp_scree1,desert,../textures/soil/scree_dry.dds
terrain,desert_temp_scree2,desert,../textures/soil/scree_dry.dds
terrain,desert_temp_scree3,desert,../textures/soil/scree_dry.dds
terrain,desert_temp_scree4,desert,../textures/soil/scree_dry.dds
terrain,desert_temp_scree_av,desert,../textures/soil/scree_dry.png
terrain,desert_temp_sflat1,desert,../textures/soil/desert_temp_sflat.dds
terrain,desert_temp_sflat2,desert,../textures/soil/desert_temp_sflat.dds
terrain,desert_temp_sflat3,desert,../textures/soil/desert_temp_sflat.dds
terrain,desert_temp_sflat4,desert,../textures/soil/desert_temp_sflat.dds
terrain,desert_temp_sflat_av,desert,../textures/soil/desert_temp_sflat.dds
terrain,desert_temp_steep1,desert,../textures/soil/desert_temp_steep.dds
terrain,desert_temp_steep2,desert,../textures/soil/desert_temp_steep.dds
terrain,desert_temp_steep3,desert,../textures/soil/desert_temp_steep.dds
terrain,desert_temp_steep4,desert,../textures/soil/desert_temp_steep.dds
terrain,desert_temp_steep_av,desert,../textures/soil/desert_temp_steep.png
terrain,desert_vhot_flat1,desert,../textures/soil/desert_hot_flat.dds
terrain,desert_vhot_flat2,desert,../textures/soil/desert_hot_flat.dds
terrain,desert_vhot_flat3,desert,../textures/soil/desert_hot_flat.dds
terrain,desert_vhot_flat4,desert,../textures/soil/desert_hot_flat.dds
terrain,desert_vhot_flat_av,desert,../textures/soil/desert_hot_flat.dds
terrain,desert_vhot_flat_low,desert,../textures/soil/desert_hot_sflat.dds
terrain,desert_vhot_flat_low1,desert,../textures/soil/desert_hot_sflat.png
terrain,desert_vhot_flat_low2,desert,../textures/soil/desert_hot_sflat.png
terrain,desert_vhot_flat_low3,desert,../textures/soil/desert_hot_sflat.png
terrain,desert_vhot_flat_low4,desert,../textures/soil/desert_hot_sflat.png
terrain,desert_vhot_flat_mid,desert,../textures/soil/desert_warm_sflat.dds
terrain,desert_vhot_flat_top,desert,../textures/soil/desert_hot_flat.dds
terrain,desert_vhot_flat_top1,desert,../textures/soil/desert_hot_flat.png
terrain,desert_vhot_flat_top2,desert,../textures/soil/desert_hot_flat.png
terrain,desert_vhot_flat_top3,desert,../textures/soil/desert_hot_flat.png
terrain,desert_vhot_flat_top4,desert,../textures/soil/desert_hot_flat.png
terrain,desert_vhot_hill,desert,../textures/soil/desert_vhot_hill.dds
terrain,desert_vhot_rock1,desert,../textures/soil/rock_dry.dds
terrain,desert_vhot_rock2,desert,../textures/soil/rock_dry.dds
terrain,desert_vhot_rock3,desert,../textures/soil/rock_dry.dds
terrain,desert_vhot_rock4,desert,../textures/soil/rock_dry.dds
terrain,desert_vhot_rock_av,desert,../textures/soil/rock_dry.png
terrain,desert_vhot_scree1,desert,../textures/soil/scree_dry.dds
terrain,desert_vhot_scree2,desert,../textures/soil/scree_dry.dds
terrain,desert_vhot_scree3,desert,../textures/soil/scree_dry.dds
terrain,desert_vhot_scree4,desert,../textures/soil/scree_dry.dds
terrain,desert_vhot_scree_av,desert,../textures/soil/scree_dry.png
terrain,desert_vhot_sflat1,desert,../textures/soil/desert_hot_sflat.dds
terrain,desert_vhot_sflat2,desert,../textures/soil/desert_hot_sflat.dds
terrain,desert_vhot_sflat3,desert,../textures/soil/desert_hot_sflat.dds
terrain,desert_vhot_sflat4,desert,../textures/soil/desert_hot_sflat.dds
terrain,desert_vhot_sflat_av,desert,../textures/soil/desert_hot_sflat.dds
terrain,desert_vhot_steep1,desert,../textures/soil/desert_vhot_steep.dds
terrain,desert_vhot_steep2,desert,../textures/soil/desert_vhot_steep.dds
terrain,desert_vhot_steep3,desert,../textures/soil/desert_vhot_steep.dds
terrain,desert_vhot_steep4,desert,../textures/soil/desert_vhot_steep.dds
terrain,desert_vhot_steep_av,desert,../textures/soil/desert_vhot_steep.png
terrain,desert_vvhot_flat1,desert,../textures/soil/desert_sand_flat.dds
terrain,desert_vvhot_flat2,desert,../textures/soil/desert_sand_flat.dds
terrain,desert_vvhot_flat3,desert,../textures/soil/desert_sand_flat.dds
terrain,desert_vvhot_flat4,desert,../textures/soil/desert_sand_flat.dds
terrain,desert_vvhot_flat_av,desert,../textures/soil/desert_sand_flat.dds
terrain,desert_vvhot_flat_low,desert,../textures/soil/desert_sand_sflat.dds
terrain,desert_vvhot_flat_low1,desert,../textures/soil/desert_sand_sflat.png
terrain,desert_vvhot_flat_low2,desert,../textures/soil/desert_sand_sflat.png
terrain,desert_vvhot_flat_low3,desert,../textures/soil/desert_sand_sflat.png
terrain,desert_vvhot_flat_low4,desert,../textures/soil/desert_sand_sflat.png
terrain,desert_vvhot_flat_mid,desert,../textures/soil/desert_sand_flat.dds
terrain,desert_vvhot_flat_mid2,desert,../textures/soil/desert_sand_sflat.dds
terrain,desert_vvhot_flat_top,desert,../textures/soil/desert_sand_flat.dds
terrain,desert_vvhot_flat_top1,desert,../textures/soil/desert_sand_flat.png
terrain,desert_vvhot_flat_top2,desert,../textures/soil/desert_sand_flat.png
terrain,desert_vvhot_flat_top3,desert,../textures/soil/desert_sand_flat.png
terrain,desert_vvhot_flat_top4,desert,../textures/soil/desert_sand_flat.png
terrain,desert_vvhot_sflat1,desert,../textures/soil/desert_sand_sflat.dds
terrain,desert_vvhot_sflat2,desert,../textures/soil/desert_sand_sflat.dds
terrain,desert_vvhot_sflat3,desert,../textures/soil/desert_sand_sflat.dds
terrain,desert_vvhot_sflat4,desert,../textures/soil/desert_sand_sflat.dds
terrain,desert_vvhot_sflat_av,desert,../textures/soil/desert_sand_sflat.dds
terrain,desert_warm_flat1,desert,../textures/soil/desert_warm_flat.dds
terrain,desert_warm_flat2,desert,../textures/soil/desert_warm_flat.dds
terrain,desert_warm_flat3,desert,../textures/soil/desert_warm_flat.dds
terrain,desert_warm_flat4,desert,../textures/soil/desert_warm_flat.dds
terrain,desert_warm_flat_av,desert,../textures/soil/desert_warm_flat.dds
terrain,desert_warm_flat_low,desert,../textures/soil/desert_warm_sflat.dds
terrain,desert_warm_flat_low1,desert,../textures/soil/desert_warm_sflat.png
terrain,desert_warm_flat_low2,desert,../textures/soil/desert_warm_sflat.png
terrain,desert_warm_flat_low3,desert,../textures/soil/desert_warm_sflat.png
terrain,desert_warm_flat_low4,desert,../textures/soil/desert_warm_sflat.png
terrain,desert_warm_flat_mid,desert,../textures/soil/desert_hot_sflat.dds
terrain,desert_warm_flat_top,desert,../textures/soil/desert_warm_flat.dds
terrain,desert_warm_flat_top1,desert,../textures/soil/desert_warm_flat.png
terrain,desert_warm_flat_top2,desert,../textures/soil/desert_warm_flat.png
terrain,desert_warm_flat_top3,desert,../textures/soil/desert_warm_flat.png
terrain,desert_warm_flat_top4,desert,../textures/soil/desert_warm_flat.png
terrain,desert_warm_hill,desert,../textures/soil/desert_warm_hill.dds
terrain,desert_warm_rock1,desert,../textures/soil/rock_dry.dds
terrain,desert_warm_rock2,desert,../textures/soil/rock_dry.dds
terrain,desert_warm_rock3,desert,../textures/soil/rock_dry.dds
terrain,desert_warm_rock4,desert,../textures/soil/rock_dry.dds
terrain,desert_warm_rock_av,desert,../textures/soil/rock_dry.png
terrain,desert_warm_scree1,desert,../textures/soil/scree_dry.dds
terrain,desert_warm_scree2,desert,../textures/soil/scree_dry.dds
terrain,desert_warm_scree3,desert,../textures/soil/scree_dry.dds
terrain,desert_warm_scree4,desert,../textures/soil/scree_dry.dds
terrain,desert_warm_scree_av,desert,../textures/soil/scree_dry.png
terrain,desert_warm_sflat1,desert,../textures/soil/desert_warm_sflat.dds
terrain,desert_warm_sflat2,desert,../textures/soil/desert_warm_sflat.dds
terrain,desert_warm_sflat3,desert,../textures/soil/desert_warm_sflat.dds
terrain,desert_warm_sflat4,desert,../textures/soil/desert_warm_sflat.dds
terrain,desert_warm_sflat_av,desert,../textures/soil/desert_warm_sflat.dds
terrain,desert_warm_steep1,desert,../textures/soil/desert_warm_steep.dds
terrain,desert_warm_steep2,desert,../textures/soil/desert_warm_steep.dds
terrain,desert_warm_steep3,desert,../textures/soil/desert_warm_steep.dds
terrain,desert_warm_steep4,desert,../textures/soil/desert_warm_steep.dds
terrain,desert_warm_steep_av,desert,../textures/soil/desert_warm_steep.png
terrain,dry_city_golf,dry,../textures/human/dry_flat.dds
terrain,dry_city_irr_in1,dry,../textures/human/temp_city_irr_in.dds
terrain,dry_city_irr_in2,dry,../textures/human/temp_city_irr_in.dds
terrain,dry_city_irr_in3,dry,../textures/human/temp_city_irr_in.dds
terrain,dry_city_irr_in4,dry,../textures/human/temp_city_irr_in.dds
terrain,dry_city_irr_in_av,dry,../textures/human/temp_city_irr_in.dds
terrain,dry_city_irr_ind1,dry,../textures/human/temp_city_irr_ind.dds
terrain,dry_city_irr_ind2,dry,../textures/human/temp_city_irr_ind.dds
terrain,dry_city_irr_ind3,dry,../textures/human/temp_city_irr_ind.dds
terrain,dry_city_irr_ind4,dry,../textures/human/temp_city_irr_ind.dds
terrain,dry_city_irr_ind_av,dry,../textures/human/temp_city_irr_ind.dds
terrain,dry_city_irr_out1,dry,../textures/human/temp_city_irr_out.dds
terrain,dry_city_irr_out2,dry,../textures/human/temp_city_irr_out.dds
terrain,dry_city_irr_out3,dry,../textures/human/temp_city_irr_out.dds
terrain,dry_city_irr_out4,dry,../textures/human/temp_city_irr_out.dds
terrain,dry_city_irr_out_av,dry,../textures/human/temp_city_irr_out.dds
terrain,dry_city_irr_twn1,dry,../textures/human/temp_city_irr_twn.dds
terrain,dry_city_irr_twn2,dry,../textures/human/temp_city_irr_twn.dds
terrain,dry_city_irr_twn3,dry,../textures/human/temp_city_irr_twn.dds
terrain,dry_city_irr_twn4,dry,../textures/human/temp_city_irr_twn.dds
terrain,dry_city_irr_twn_av,dry,../textures/human/temp_city_irr_twn.dds
terrain,dry_city_park,dry,../textures/human/dry_flat.dds
terrain,dry_city_sq_in1,dry,../textures/human/temp_city_sq_in.dds
terrain,dry_city_sq_in2,dry,../textures/human/temp_city_sq_in.dds
terrain,dry_city_sq_in3,dry,../textures/human/temp_city_sq_in.dds
terrain,dry_city_sq_in4,dry,../textures/human/temp_city_sq_in.dds
terrain,dry_city_sq_in_av,dry,../textures/human/temp_city_sq_in.dds
terrain,dry_city_sq_ind1,dry,../textures/human/temp_city_sq_ind.dds
terrain,dry_city_sq_ind2,dry,../textures/human/temp_city_sq_ind.dds
terrain,dry_city_sq_ind3,dry,../textures/human/temp_city_sq_ind.dds
terrain,dry_city_sq_ind4,dry,../textures/human/temp_city_sq_ind.dds
terrain,dry_city_sq_ind_av,dry,../textures/human/temp_city_sq_ind.dds
terrain,dry_city_sq_out1,dry,../textures/human/dry_city_sq_out.dds
terrain,dry_city_sq_out2,dry,../textures/human/dry_city_sq_out.dds
terrain,dry_city_sq_out3,dry,../textures/human/dry_city_sq_out.dds
terrain,dry_city_sq_out4,dry,../textures/human/dry_city_sq_out.dds
terrain,dry_city_sq_out_av,dry,../textures/human/dry_city_sq_out.dds
terrain,dry_city_sq_twn1,dry,../textures/human/temp_city_sq_twn.dds
terrain,dry_city_sq_twn2,dry,../textures/human/temp_city_sq_twn.dds
terrain,dry_city_sq_twn3,dry,../textures/human/temp_city_sq_twn.dds
terrain,dry_city_sq_twn4,dry,../textures/human/temp_city_sq_twn.dds
terrain,dry_city_sq_twn_av,dry,../textures/human/temp_city_sq_twn.dds
terrain,dry_cityhill_irr1,dry,../textures/human/dry_crptwnhill.dds
terrain,dry_cityhill_irr2,dry,../textures/human/dry_crptwnhill.dds
terrain,dry_cityhill_irr3,dry,../textures/human/dry_crptwnhill.dds
terrain,dry_cityhill_irr4,dry,../textures/human/dry_crptwnhill.dds
terrain,dry_cityhill_irr_av,dry,../textures/human/dry_crptwnhill.dds
terrain,dry_cityhill_sq1,dry,../textures/human/dry_cityhill_sq.dds
terrain,dry_cityhill_sq2,dry,../textures/human/dry_cityhill_sq.dds
terrain,dry_cityhill_sq3,dry,../textures/human/dry_cityhill_sq.dds
terrain,dry_cityhill_sq4,dry,../textures/human/dry_cityhill_sq.dds
terrain,dry_cityhill_sq_av,dry,../textures/human/dry_cityhill_sq.dds
terrain,dry_cold_bor_flat1,dry,../textures/hiveg/conifer_fields_flat_sdry.dds
terrain,dry_cold_bor_flat2,dry,../textures/hiveg/conifer_fields_flat_sdry.dds
terrain,dry_cold_bor_flat3,dry,../textures/hiveg/conifer_fields_flat_sdry.dds
terrain,dry_cold_bor_flat4,dry,../textures/hiveg/conifer_fields_flat_sdry.dds
terrain,dry_cold_bor_flat_av,dry,../textures/hiveg/conifer_fields_flat_sdry.dds
terrain,dry_cold_bor_flat_low,dry,../textures/hiveg/conifer_flat_sdry.dds
terrain,dry_cold_bor_flat_low1,dry,../textures/hiveg/conifer_flat_sdry.png
terrain,dry_cold_bor_flat_low2,dry,../textures/hiveg/conifer_flat_sdry.png
terrain,dry_cold_bor_flat_low3,dry,../textures/hiveg/conifer_flat_sdry.png
terrain,dry_cold_bor_flat_low4,dry,../textures/hiveg/conifer_flat_sdry.png
terrain,dry_cold_bor_flat_top,dry,../textures/hiveg/conifer_fields_flat_sdry.dds
terrain,dry_cold_bor_flat_top1,dry,../textures/hiveg/conifer_fields_flat_sdry.png
terrain,dry_cold_bor_flat_top2,dry,../textures/hiveg/conifer_fields_flat_sdry.png
terrain,dry_cold_bor_flat_top3,dry,../textures/hiveg/conifer_fields_flat_sdry.png
terrain,dry_cold_bor_flat_top4,dry,../textures/hiveg/conifer_fields_flat_sdry.png
terrain,dry_cold_bor_hill,dry,../textures/hiveg/conifer_hill_sdry.dds
terrain,dry_cold_bor_rock1,dry,../textures/soil/rock_dark_tan_dry.dds
terrain,dry_cold_bor_rock2,dry,../textures/soil/rock_dark_tan_dry.dds
terrain,dry_cold_bor_rock3,dry,../textures/soil/rock_dark_tan_dry.dds
terrain,dry_cold_bor_rock4,dry,../textures/soil/rock_dark_tan_dry.dds
terrain,dry_cold_bor_rock_av,dry,../textures/soil/rock_dark_tan_dry.png
terrain,dry_cold_bor_sflat,dry,../textures/hiveg/conifer_sflat_sdry.png
terrain,dry_cold_bor_sflat1,dry,../textures/hiveg/conifer_sflat_sdry.dds
terrain,dry_cold_bor_sflat2,dry,../textures/hiveg/conifer_sflat_sdry.dds
terrain,dry_cold_bor_sflat3,dry,../textures/hiveg/conifer_sflat_sdry.dds
terrain,dry_cold_bor_sflat4,dry,../textures/hiveg/conifer_sflat_sdry.dds
terrain,dry_cold_bor_sflat_av,dry,../textures/hiveg/conifer_sflat_sdry.dds
terrain,dry_cold_bor_steep,dry,../textures/hiveg/conifer_steep_sdry.dds
terrain,dry_cold_flat1,dry,../textures/hiveg/conifer_flat_dry.dds
terrain,dry_cold_flat2,dry,../textures/hiveg/conifer_flat_dry.dds
terrain,dry_cold_flat3,dry,../textures/hiveg/conifer_flat_dry.dds
terrain,dry_cold_flat4,dry,../textures/hiveg/conifer_flat_dry.dds
terrain,dry_cold_flat_av,dry,../textures/hiveg/conifer_flat_dry.dds
terrain,dry_cold_flat_low,dry,../textures/hiveg/conifer_sflat_dry.dds
terrain,dry_cold_flat_low1,dry,../textures/hiveg/conifer_sflat_dry.png
terrain,dry_cold_flat_low2,dry,../textures/hiveg/conifer_sflat_dry.png
terrain,dry_cold_flat_low3,dry,../textures/hiveg/conifer_sflat_dry.png
terrain,dry_cold_flat_low4,dry,../textures/hiveg/conifer_sflat_dry.png
terrain,dry_cold_flat_top,dry,../textures/hiveg/conifer_flat_dry.dds
terrain,dry_cold_flat_top1,dry,../textures/hiveg/conifer_flat_dry.png
terrain,dry_cold_flat_top2,dry,../textures/hiveg/conifer_flat_dry.png
terrain,dry_cold_flat_top3,dry,../textures/hiveg/conifer_flat_dry.png
terrain,dry_cold_flat_top4,dry,../textures/hiveg/conifer_flat_dry.png
terrain,dry_cold_hill_esw,dry,../textures/hiveg/conifer_hill_dry.dds
terrain,dry_cold_hill_n,dry,../textures/hiveg/conifer_hill_dry.dds
terrain,dry_cold_rock1,dry,../textures/soil/rock_dark_tan_dry.dds
terrain,dry_cold_rock2,dry,../textures/soil/rock_dark_tan_dry.dds
terrain,dry_cold_rock3,dry,../textures/soil/rock_dark_tan_dry.dds
terrain,dry_cold_rock4,dry,../textures/soil/rock_dark_tan_dry.dds
terrain,dry_cold_rock_av,dry,../textures/soil/rock_dark_tan_dry.png
terrain,dry_cold_sflat,dry,../textures/hiveg/conifer_sflat_dry.png
terrain,dry_cold_sflat1,dry,../textures/hiveg/conifer_sflat_dry.dds
terrain,dry_cold_sflat2,dry,../textures/hiveg/conifer_sflat_dry.dds
terrain,dry_cold_sflat3,dry,../textures/hiveg/conifer_sflat_dry.dds
terrain,dry_cold_sflat4,dry,../textures/hiveg/conifer_sflat_dry.dds
terrain,dry_cold_sflat_av,dry,../textures/hiveg/conifer_sflat_dry.dds
terrain,dry_cold_steep_ews,dry,../textures/loveg/shrub_cool_steep_dry.dds
terrain,dry_cold_steep_n,dry,../textures/hiveg/conifer_steep_dry.dds
terrain,dry_cool_flat1,dry,../textures/hiveg/conifer_flat_dry.dds
terrain,dry_cool_flat2,dry,../textures/hiveg/conifer_flat_dry.dds
terrain,dry_cool_flat3,dry,../textures/hiveg/conifer_flat_dry.dds
terrain,dry_cool_flat4,dry,../textures/hiveg/conifer_flat_dry.dds
terrain,dry_cool_flat_av,dry,../textures/hiveg/conifer_flat_dry.dds
terrain,dry_cool_flat_low,dry,../textures/hiveg/conifer_flat_dry.dds
terrain,dry_cool_flat_low1,dry,../textures/hiveg/conifer_flat_dry.png
terrain,dry_cool_flat_low2,dry,../textures/hiveg/conifer_flat_dry.png
terrain,dry_cool_flat_low3,dry,../textures/hiveg/conifer_flat_dry.png
terrain,dry_cool_flat_low4,dry,../textures/hiveg/conifer_flat_dry.png
terrain,dry_cool_flat_top,dry,../textures/hiveg/conifer_hill_dry.dds
terrain,dry_cool_flat_top1,dry,../textures/hiveg/conifer_hill_dry.png
terrain,dry_cool_flat_top2,dry,../textures/hiveg/conifer_hill_dry.png
terrain,dry_cool_flat_top3,dry,../textures/hiveg/conifer_hill_dry.png
terrain,dry_cool_flat_top4,dry,../textures/hiveg/conifer_hill_dry.png
terrain,dry_cool_hill_esw,dry,../textures/loveg/shrub_cool_hill_dry.dds
terrain,dry_cool_hill_n,dry,../textures/hiveg/conifer_hill_dry.dds
terrain,dry_cool_rock1,dry,../textures/soil/rock_brown_dry.dds
terrain,dry_cool_rock2,dry,../textures/soil/rock_brown_dry.dds
terrain,dry_cool_rock3,dry,../textures/soil/rock_brown_dry.dds
terrain,dry_cool_rock4,dry,../textures/soil/rock_brown_dry.dds
terrain,dry_cool_rock_av,dry,../textures/soil/rock_brown_dry.png
terrain,dry_cool_sflat,dry,../textures/hiveg/conifer_sflat_dry.png
terrain,dry_cool_sflat1,dry,../textures/hiveg/conifer_sflat_dry.dds
terrain,dry_cool_sflat2,dry,../textures/hiveg/conifer_sflat_dry.dds
terrain,dry_cool_sflat3,dry,../textures/hiveg/conifer_sflat_dry.dds
terrain,dry_cool_sflat4,dry,../textures/hiveg/conifer_sflat_dry.dds
terrain,dry_cool_sflat_av,dry,../textures/hiveg/conifer_sflat_dry.dds
terrain,dry_cool_steep_ews,dry,../textures/loveg/shrub_cool_steep_dry.dds
terrain,dry_cool_steep_n,dry,../textures/hiveg/conifer_steep_dry.dds
terrain,dry_crp_irr1,dry,../textures/human/des_crp_irr.dds
terrain,dry_crp_irr2,dry,../textures/human/des_crp_irr2.dds
terrain,dry_crp_irr3,dry,../textures/human/des_crp_irr2.dds
terrain,dry_crp_irr4,dry,../textures/human/des_crp_irr.dds
terrain,dry_crp_irr_av,dry,../textures/human/des_crp_irr.dds
terrain,dry_crp_sq1,dry,../textures/human/dry_crp_sq.dds
terrain,dry_crp_sq2,dry,../textures/human/dry_crp_sq2.dds
terrain,dry_crp_sq3,dry,../textures/human/dry_crp_sq2.dds
terrain,dry_crp_sq4,dry,../textures/human/dry_crp_sq.dds
terrain,dry_crp_sq_av,dry,../textures/human/dry_crp_sq.dds
terrain,dry_crphill_irr1,dry,../textures/human/des_crphill.dds
terrain,dry_crphill_irr2,dry,../textures/human/des_crphill.dds
terrain,dry_crphill_irr3,dry,../textures/human/des_crphill.dds
terrain,dry_crphill_irr4,dry,../textures/human/des_crphill.dds
terrain,dry_crphill_irr_av,dry,../textures/human/des_crphill.dds
terrain,dry_crphill_sq1,dry,../textures/human/des_crphill.dds
terrain,dry_crphill_sq2,dry,../textures/human/des_crphill.dds
terrain,dry_crphill_sq3,dry,../textures/human/des_crphill.dds
terrain,dry_crphill_sq4,dry,../textures/human/des_crphill.dds
terrain,dry_crphill_sq_av,dry,../textures/human/des_crphill.dds
terrain,dry_crptwn_irr1,dry,../textures/human/dry_crp_irr.dds
terrain,dry_crptwn_irr2,dry,../textures/human/dry_crp_irr.dds
terrain,dry_crptwn_irr3,dry,../textures/human/dry_crp_irr.dds
terrain,dry_crptwn_irr4,dry,../textures/human/dry_crp_irr.dds
terrain,dry_crptwn_irr_av,dry,../textures/human/dry_crp_irr.dds
terrain,dry_crptwn_sq1,dry,../textures/human/temp_city_sq_twn.dds
terrain,dry_crptwn_sq2,dry,../textures/human/temp_city_sq_twn.dds
terrain,dry_crptwn_sq3,dry,../textures/human/temp_city_sq_twn.dds
terrain,dry_crptwn_sq4,dry,../textures/human/temp_city_sq_twn.dds
terrain,dry_crptwn_sq_av,dry,../textures/human/temp_city_sq_twn.dds
terrain,dry_crptwnhill_irr1,dry,../textures/human/des_crphill.dds
terrain,dry_crptwnhill_irr2,dry,../textures/human/des_crphill.dds
terrain,dry_crptwnhill_irr3,dry,../textures/human/des_crphill.dds
terrain,dry_crptwnhill_irr4,dry,../textures/human/des_crphill.dds
terrain,dry_crptwnhill_irr_av,dry,../textures/human/des_crphill.dds
terrain,dry_crptwnhill_sq1,dry,../textures/human/des_crphill.dds
terrain,dry_crptwnhill_sq2,dry,../textures/human/des_crphill.dds
terrain,dry_crptwnhill_sq3,dry,../textures/human/des_crphill.dds
terrain,dry_crptwnhill_sq4,dry,../textures/human/des_crphill.dds
terrain,dry_crptwnhill_sq_av,dry,../textures/human/des_crphill.dds
terrain,dry_flat1,dry,../textures/loveg/shrub_cool_flat_dry.dds
terrain,dry_flat2,dry,../textures/loveg/shrub_cool_flat_dry.dds
terrain,dry_flat3,dry,../textures/loveg/shrub_cool_flat_dry.dds
terrain,dry_flat4,dry,../textures/loveg/shrub_cool_flat_dry.dds
terrain,dry_flat_av,dry,../textures/loveg/shrub_cool_flat_dry.dds
terrain,dry_flat_low,dry,../textures/hiveg/broadleaf_warm_flat_dry.dds
terrain,dry_flat_low1,dry,../textures/hiveg/broadleaf_warm_flat_dry.png
terrain,dry_flat_low2,dry,../textures/hiveg/broadleaf_warm_flat_dry.png
terrain,dry_flat_low3,dry,../textures/hiveg/broadleaf_warm_flat_dry.png
terrain,dry_flat_low4,dry,../textures/hiveg/broadleaf_warm_flat_dry.png
terrain,dry_flat_top,dry,../textures/loveg/shrub_cool_flat_dry.dds
terrain,dry_flat_top1,dry,../textures/loveg/shrub_cool_flat_dry.png
terrain,dry_flat_top2,dry,../textures/loveg/shrub_cool_flat_dry.png
terrain,dry_flat_top3,dry,../textures/loveg/shrub_cool_flat_dry.png
terrain,dry_flat_top4,dry,../textures/loveg/shrub_cool_flat_dry.png
terrain,dry_hill_esw,dry,../textures/loveg/shrub_cool_hill_dry.dds
terrain,dry_hill_n,dry,../textures/hiveg/broadleaf_warm_hill_dry.dds
terrain,dry_hot_flat1,dry,../textures/loveg/savanna_flat.dds
terrain,dry_hot_flat2,dry,../textures/loveg/savanna_flat.dds
terrain,dry_hot_flat3,dry,../textures/loveg/savanna_flat.dds
terrain,dry_hot_flat4,dry,../textures/loveg/savanna_flat.dds
terrain,dry_hot_flat_av,dry,../textures/loveg/savanna_flat.dds
terrain,dry_hot_flat_low,dry,../textures/loveg/savanna_sflat.dds
terrain,dry_hot_flat_low1,dry,../textures/loveg/savanna_sflat.png
terrain,dry_hot_flat_low2,dry,../textures/loveg/savanna_sflat.png
terrain,dry_hot_flat_low3,dry,../textures/loveg/savanna_sflat.png
terrain,dry_hot_flat_low4,dry,../textures/loveg/savanna_sflat.png
terrain,dry_hot_flat_top,dry,../textures/loveg/savanna_flat.dds
terrain,dry_hot_flat_top1,dry,../textures/loveg/savanna_flat.png
terrain,dry_hot_flat_top2,dry,../textures/loveg/savanna_flat.png
terrain,dry_hot_flat_top3,dry,../textures/loveg/savanna_flat.png
terrain,dry_hot_flat_top4,dry,../textures/loveg/savanna_flat.png
terrain,dry_hot_hill_esw,dry,../textures/loveg/savanna_hill.dds
terrain,dry_hot_hill_n,dry,../textures/loveg/savanna_woody_hill.dds
terrain,dry_hot_rock1,dry,../textures/soil/rock_dry.dds
terrain,dry_hot_rock2,dry,../textures/soil/rock_dry.dds
terrain,dry_hot_rock3,dry,../textures/soil/rock_dry.dds
terrain,dry_hot_rock4,dry,../textures/soil/rock_dry.dds
terrain,dry_hot_rock_av,dry,../textures/soil/rock_dry.png
terrain,dry_hot_sflat,dry,../textures/loveg/savanna_sflat.png
terrain,dry_hot_sflat1,dry,../textures/loveg/savanna_sflat.dds
terrain,dry_hot_sflat2,dry,../textures/loveg/savanna_sflat.dds
terrain,dry_hot_sflat3,dry,../textures/loveg/savanna_sflat.dds
terrain,dry_hot_sflat4,dry,../textures/loveg/savanna_sflat.dds
terrain,dry_hot_sflat_av,dry,../textures/loveg/savanna_sflat.dds
terrain,dry_hot_steep_esw,dry,../textures/loveg/savanna_steep.dds
terrain,dry_hot_steep_n,dry,../textures/loveg/savanna_woody_steep.dds
terrain,dry_rock1,dry,../textures/soil/rock_brown_dry.dds
terrain,dry_rock2,dry,../textures/soil/rock_brown_dry.dds
terrain,dry_rock3,dry,../textures/soil/rock_brown_dry.dds
terrain,dry_rock4,dry,../textures/soil/rock_brown_dry.dds
terrain,dry_rock_av,dry,../textures/soil/rock_brown_dry.png
terrain,dry_sflat,dry,../textures/loveg/shrub_cool_sflat_dry.png
terrain,dry_sflat1,dry,../textures/loveg/shrub_cool_sflat_dry.dds
terrain,dry_sflat2,dry,../textures/loveg/shrub_cool_sflat_dry.dds
terrain,dry_sflat3,dry,../textures/loveg/shrub_cool_sflat_dry.dds
terrain,dry_sflat4,dry,../textures/loveg/shrub_cool_sflat_dry.dds
terrain,dry_sflat_av,dry,../textures/loveg/shrub_cool_sflat_dry.dds
terrain,dry_steep_esw,dry,../textures/loveg/shrub_cool_steep_dry.dds
terrain,dry_steep_n,dry,../textures/hiveg/broadleaf_warm_steep_dry.dds
terrain,dry_temp_flat1,dry,../textures/loveg/shrub_flat_dry.dds
terrain,dry_temp_flat2,dry,../textures/loveg/shrub_flat_dry.dds
terrain,dry_temp_flat3,dry,../textures/loveg/shrub_flat_dry.dds
terrain,dry_temp_flat4,dry,../textures/loveg/shrub_flat_dry.dds
terrain,dry_temp_flat_av,dry,../textures/loveg/shrub_flat_dry.dds
terrain,dry_temp_flat_low,dry,../textures/hiveg/broadleaf_warm_flat_dry.dds
terrain,dry_temp_flat_low1,dry,../textures/hiveg/broadleaf_warm_flat_dry.png
terrain,dry_temp_flat_low2,dry,../textures/hiveg/broadleaf_warm_flat_dry.png
terrain,dry_temp_flat_low3,dry,../textures/hiveg/broadleaf_warm_flat_dry.png
terrain,dry_temp_flat_low4,dry,../textures/hiveg/broadleaf_warm_flat_dry.png
terrain,dry_temp_flat_top,dry,../textures/loveg/shrub_flat_dry.dds
terrain,dry_temp_flat_top1,dry,../textures/loveg/shrub_flat_dry.png
terrain,dry_temp_flat_top2,dry,../textures/loveg/shrub_flat_dry.png
terrain,dry_temp_flat_top3,dry,../textures/loveg/shrub_flat_dry.png
terrain,dry_temp_flat_top4,dry,../textures/loveg/shrub_flat_dry.png
terrain,dry_temp_hill_esw,dry,../textures/loveg/shrub_hill_dry.dds
terrain,dry_temp_hill_n,dry,../textures/hiveg/broadleaf_temp_flat_dry.dds
terrain,dry_temp_rock1,dry,../textures/soil/rock_brown_dry.dds
terrain,dry_temp_rock2,dry,../textures/soil/rock_brown_dry.dds
terrain,dry_temp_rock3,dry,../textures/soil/rock_brown_dry.dds
terrain,dry_temp_rock4,dry,../textures/soil/rock_brown_dry.dds
terrain,dry_temp_rock_av,dry,../textures/soil/rock_brown_dry.png
terrain,dry_temp_sflat,dry,../textures/loveg/shrub_sflat_dry.png
terrain,dry_temp_sflat1,dry,../textures/loveg/shrub_sflat_dry.dds
terrain,dry_temp_sflat2,dry,../textures/loveg/shrub_sflat_dry.dds
terrain,dry_temp_sflat3,dry,../textures/loveg/shrub_sflat_dry.dds
terrain,dry_temp_sflat4,dry,../textures/loveg/shrub_sflat_dry.dds
terrain,dry_temp_sflat_av,dry,../textures/loveg/shrub_sflat_dry.dds
terrain,dry_temp_steep_esw,dry,../textures/loveg/shrub_steep_dry.dds
terrain,dry_temp_steep_n,dry,../textures/hiveg/broadleaf_temp_hill_dry.dds
terrain,dry_vhot_flat1,dry,../textures/loveg/savanna_flat.dds
terrain,dry_vhot_flat2,dry,../textures/loveg/savanna_flat.dds
terrain,dry_vhot_flat3,dry,../textures/loveg/savanna_flat.dds
terrain,dry_vhot_flat4,dry,../textures/loveg/savanna_flat.dds
terrain,dry_vhot_flat_av,dry,../textures/loveg/savanna_flat.dds
terrain,dry_vhot_flat_low,dry,../textures/loveg/savanna_sflat.dds
terrain,dry_vhot_flat_low1,dry,../textures/loveg/savanna_sflat.png
terrain,dry_vhot_flat_low2,dry,../textures/loveg/savanna_sflat.png
terrain,dry_vhot_flat_low3,dry,../textures/loveg/savanna_sflat.png
terrain,dry_vhot_flat_low4,dry,../textures/loveg/savanna_sflat.png
terrain,dry_vhot_flat_top,dry,../textures/loveg/savanna_flat.dds
terrain,dry_vhot_flat_top1,dry,../textures/loveg/savanna_flat.png
terrain,dry_vhot_flat_top2,dry,../textures/loveg/savanna_flat.png
terrain,dry_vhot_flat_top3,dry,../textures/loveg/savanna_flat.png
terrain,dry_vhot_flat_top4,dry,../textures/loveg/savanna_flat.png
terrain,dry_vhot_hill_esw,dry,../textures/loveg/savanna_hill.dds
terrain,dry_vhot_hill_n,dry,../textures/loveg/savanna_woody_hill.dds
terrain,dry_vhot_rock1,dry,../textures/soil/rock_dry.dds
terrain,dry_vhot_rock2,dry,../textures/soil/rock_dry.dds
terrain,dry_vhot_rock3,dry,../textures/soil/rock_dry.dds
terrain,dry_vhot_rock4,dry,../textures/soil/rock_dry.dds
terrain,dry_vhot_rock_av,dry,../textures/soil/rock_dry.png
terrain,dry_vhot_sflat,dry,../textures/loveg/savanna_sflat.png
terrain,dry_vhot_sflat1,dry,../textures/loveg/savanna_sflat.dds
terrain,dry_vhot_sflat2,dry,../textures/loveg/savanna_sflat.dds
terrain,dry_vhot_sflat3,dry,../textures/loveg/savanna_sflat.dds
terrain,dry_vhot_sflat4,dry,../textures/loveg/savanna_sflat.dds
terrain,dry_vhot_sflat_av,dry,../textures/loveg/savanna_sflat.dds
terrain,dry_vhot_steep_esw,dry,../textures/loveg/savanna_steep.dds
terrain,dry_vhot_steep_n,dry,../textures/loveg/savanna_woody_steep.dds
terrain,dry_warm_flat1,dry,../textures/loveg/shrub_warm_flat_dry.dds
terrain,dry_warm_flat2,dry,../textures/loveg/shrub_warm_flat_dry.dds
terrain,dry_warm_flat3,dry,../textures/loveg/shrub_warm_flat_dry.dds
terrain,dry_warm_flat4,dry,../textures/loveg/shrub_warm_flat_dry.dds
terrain,dry_warm_flat_av,dry,../textures/loveg/shrub_warm_flat_dry.dds
terrain,dry_warm_flat_low,dry,../textures/hiveg/broadleaf_warm_flat_dry.dds
terrain,dry_warm_flat_low1,dry,../textures/hiveg/broadleaf_warm_flat_dry.png
terrain,dry_warm_flat_low2,dry,../textures/hiveg/broadleaf_warm_flat_dry.png
terrain,dry_warm_flat_low3,dry,../textures/hiveg/broadleaf_warm_flat_dry.png
terrain,dry_warm_flat_low4,dry,../textures/hiveg/broadleaf_warm_flat_dry.png
terrain,dry_warm_flat_top,dry,../textures/loveg/shrub_warm_flat_dry.dds
terrain,dry_warm_flat_top1,dry,../textures/loveg/shrub_warm_flat_dry.png
terrain,dry_warm_flat_top2,dry,../textures/loveg/shrub_warm_flat_dry.png
terrain,dry_warm_flat_top3,dry,../textures/loveg/shrub_warm_flat_dry.png
terrain,dry_warm_flat_top4,dry,../textures/loveg/shrub_warm_flat_dry.png
terrain,dry_warm_hill_esw,dry,../textures/loveg/shrub_warm_hill_dry.dds
terrain,dry_warm_hill_n,dry,../textures/hiveg/broadleaf_warm_hill_dry.dds
terrain,dry_warm_rock1,dry,../textures/soil/rock_white_dry.dds
terrain,dry_warm_rock2,dry,../textures/soil/rock_white_dry.dds
terrain,dry_warm_rock3,dry,../textures/soil/rock_white_dry.dds
terrain,dry_warm_rock4,dry,../textures/soil/rock_white_dry.dds
terrain,dry_warm_rock_av,dry,../textures/soil/rock_white_dry.png
terrain,dry_warm_sflat,dry,../textures/loveg/shrub_warm_sflat_dry.png
terrain,dry_warm_sflat1,dry,../textures/loveg/shrub_warm_sflat_dry.dds
terrain,dry_warm_sflat2,dry,../textures/loveg/shrub_warm_sflat_dry.dds
terrain,dry_warm_sflat3,dry,../textures/loveg/shrub_warm_sflat_dry.dds
terrain,dry_warm_sflat4,dry,../textures/loveg/shrub_warm_sflat_dry.dds
terrain,dry_warm_sflat_av,dry,../textures/loveg/shrub_warm_sflat_dry.dds
terrain,dry_warm_steep_esw,dry,../textures/loveg/shrub_warm_steep_dry.dds
terrain,dry_warm_steep_n,dry,../textures/hiveg/broadleaf_warm_steep_dry.dds
terrain,glacier_flat_dry_ew1,glacier,../textures/soil/glacier_flat_dry.dds
terrain,glacier_flat_dry_ew2,glacier,../textures/soil/glacier_flat_dry.dds
terrain,glacier_flat_dry_ew3,glacier,../textures/soil/glacier_flat_dry.dds
terrain,glacier_flat_dry_ew4,glacier,../textures/soil/glacier_flat_dry.dds
terrain,glacier_flat_dry_ew_av,glacier,../textures/soil/glacier_flat_dry.png
terrain,glacier_flat_dry_n1,glacier,../textures/soil/glacier_flat_dry.dds
terrain,glacier_flat_dry_n2,glacier,../textures/soil/glacier_flat_dry.dds
terrain,glacier_flat_dry_n3,glacier,../textures/soil/glacier_flat_dry.dds
terrain,glacier_flat_dry_n4,glacier,../textures/soil/glacier_flat_dry.dds
terrain,glacier_flat_dry_n_av,glacier,../textures/soil/glacier_flat_dry.png
terrain,glacier_flat_dry_s1,glacier,../textures/soil/glacier_flat_dry.dds
terrain,glacier_flat_dry_s2,glacier,../textures/soil/glacier_flat_dry.dds
terrain,glacier_flat_dry_s3,glacier,../textures/soil/glacier_flat_dry.dds
terrain,glacier_flat_dry_s4,glacier,../textures/soil/glacier_flat_dry.dds
terrain,glacier_flat_dry_s_av,glacier,../textures/soil/glacier_flat_dry.png
terrain,glacier_flat_ew1,glacier,../textures/soil/glacier_flat.dds
terrain,glacier_flat_ew2,glacier,../textures/soil/glacier_flat.dds
terrain,glacier_flat_ew3,glacier,../textures/soil/glacier_flat.dds
terrain,glacier_flat_ew4,glacier,../textures/soil/glacier_flat.dds
terrain,glacier_flat_ew_av,glacier,../textures/soil/glacier_flat.png
terrain,glacier_flat_n1,glacier,../textures/soil/glacier_flat.dds
terrain,glacier_flat_n2,glacier,../textures/soil/glacier_flat.dds
terrain,glacier_flat_n3,glacier,../textures/soil/glacier_flat.dds
terrain,glacier_flat_n4,glacier,../textures/soil/glacier_flat.dds
terrain,glacier_flat_n_av,glacier,../textures/soil/glacier_flat.png
terrain,glacier_flat_s1,glacier,../textures/soil/glacier_flat.dds
terrain,glacier_flat_s2,glacier,../textures/soil/glacier_flat.dds
terrain,glacier_flat_s3,glacier,../textures/soil/glacier_flat.dds
terrain,glacier_flat_s4,glacier,../textures/soil/glacier_flat.dds
terrain,glacier_flat_s_av,glacier,../textures/soil/glacier_flat.png
terrain,glacier_flat_sdry_ew1,glacier,../textures/soil/glacier_flat_dry.dds
terrain,glacier_flat_sdry_ew2,glacier,../textures/soil/glacier_flat_dry.dds
terrain,glacier_flat_sdry_ew3,glacier,../textures/soil/glacier_flat_dry.dds
terrain,glacier_flat_sdry_ew4,glacier,../textures/soil/glacier_flat_dry.dds
terrain,glacier_flat_sdry_ew_av,glacier,../textures/soil/glacier_flat_dry.png
terrain,glacier_flat_sdry_n1,glacier,../textures/soil/glacier_flat_dry.dds
terrain,glacier_flat_sdry_n2,glacier,../textures/soil/glacier_flat_dry.dds
terrain,glacier_flat_sdry_n3,glacier,../textures/soil/glacier_flat_dry.dds
terrain,glacier_flat_sdry_n4,glacier,../textures/soil/glacier_flat_dry.dds
terrain,glacier_flat_sdry_n_av,glacier,../textures/soil/glacier_flat_dry.png
terrain,glacier_flat_sdry_s1,glacier,../textures/soil/glacier_flat_dry.dds
terrain,glacier_flat_sdry_s2,glacier,../textures/soil/glacier_flat_dry.dds
terrain,glacier_flat_sdry_s3,glacier,../textures/soil/glacier_flat_dry.dds
terrain,glacier_flat_sdry_s4,glacier,../textures/soil/glacier_flat_dry.dds
terrain,glacier_flat_sdry_s_av,glacier,../textures/soil/glacier_flat_dry.png
terrain,glacier_flat_wet_ew1,glacier,../textures/soil/ice_flat.dds
terrain,glacier_flat_wet_ew2,glacier,../textures/soil/ice_flat.dds
terrain,glacier_flat_wet_ew3,glacier,../textures/soil/ice_flat.dds
terrain,glacier_flat_wet_ew4,glacier,../textures/soil/ice_flat.dds
terrain,glacier_flat_wet_ew_av,glacier,../textures/soil/ice_flat.png
terrain,glacier_flat_wet_n1,glacier,../textures/soil/ice_flat.dds
terrain,glacier_flat_wet_n2,glacier,../textures/soil/ice_flat.dds
terrain,glacier_flat_wet_n3,glacier,../textures/soil/ice_flat.dds
terrain,glacier_flat_wet_n4,glacier,../textures/soil/ice_flat.dds
terrain,glacier_flat_wet_n_av,glacier,../textures/soil/ice_flat.png
terrain,glacier_flat_wet_s1,glacier,../textures/soil/ice_flat.dds
terrain,glacier_flat_wet_s2,glacier,../textures/soil/ice_flat.dds
terrain,glacier_flat_wet_s3,glacier,../textures/soil/ice_flat.dds
terrain,glacier_flat_wet_s4,glacier,../textures/soil/ice_flat.dds
terrain,glacier_flat_wet_s_av,glacier,../textures/soil/ice_flat.png
terrain,glacier_hill_dry_ew1,glacier,../textures/soil/glacier_hill_dry.dds
terrain,glacier_hill_dry_ew2,glacier,../textures/soil/glacier_hill_dry.dds
terrain,glacier_hill_dry_ew3,glacier,../textures/soil/glacier_hill_dry.dds
terrain,glacier_hill_dry_ew4,glacier,../textures/soil/glacier_hill_dry.dds
terrain,glacier_hill_dry_ew_av,glacier,../textures/soil/glacier_hill_dry.png
terrain,glacier_hill_dry_n1,glacier,../textures/soil/glacier_hill_dry.dds
terrain,glacier_hill_dry_n2,glacier,../textures/soil/glacier_hill_dry.dds
terrain,glacier_hill_dry_n3,glacier,../textures/soil/glacier_hill_dry.dds
terrain,glacier_hill_dry_n4,glacier,../textures/soil/glacier_hill_dry.dds
terrain,glacier_hill_dry_n_av,glacier,../textures/soil/glacier_hill_dry.png
terrain,glacier_hill_dry_s1,glacier,../textures/soil/glacier_hill_dry.dds
terrain,glacier_hill_dry_s2,glacier,../textures/soil/glacier_hill_dry.dds
terrain,glacier_hill_dry_s3,glacier,../textures/soil/glacier_hill_dry.dds
terrain,glacier_hill_dry_s4,glacier,../textures/soil/glacier_hill_dry.dds
terrain,glacier_hill_dry_s_av,glacier,../textures/soil/glacier_hill_dry.png
terrain,glacier_hill_ew1,glacier,../textures/soil/glacier_hill.dds
terrain,glacier_hill_ew2,glacier,../textures/soil/glacier_hill.dds
terrain,glacier_hill_ew3,glacier,../textures/soil/glacier_hill.dds
terrain,glacier_hill_ew4,glacier,../textures/soil/glacier_hill.dds
terrain,glacier_hill_ew_av,glacier,../textures/soil/glacier_hill.png
terrain,glacier_hill_n1,glacier,../textures/soil/glacier_hill.dds
terrain,glacier_hill_n2,glacier,../textures/soil/glacier_hill.dds
terrain,glacier_hill_n3,glacier,../textures/soil/glacier_hill.dds
terrain,glacier_hill_n4,glacier,../textures/soil/glacier_hill.dds
terrain,glacier_hill_n_av,glacier,../textures/soil/glacier_hill.png
terrain,glacier_hill_s1,glacier,../textures/soil/glacier_hill.dds
terrain,glacier_hill_s2,glacier,../textures/soil/glacier_hill.dds
terrain,glacier_hill_s3,glacier,../textures/soil/glacier_hill.dds
terrain,glacier_hill_s4,glacier,../textures/soil/glacier_hill.dds
terrain,glacier_hill_s_av,glacier,../textures/soil/glacier_hill.png
terrain,glacier_hill_sdry_ew1,glacier,../textures/soil/glacier_hill_sdry.dds
terrain,glacier_hill_sdry_ew2,glacier,../textures/soil/glacier_hill_sdry.dds
terrain,glacier_hill_sdry_ew3,glacier,../textures/soil/glacier_hill_sdry.dds
terrain,glacier_hill_sdry_ew4,glacier,../textures/soil/glacier_hill_sdry.dds
terrain,glacier_hill_sdry_ew_av,glacier,../textures/soil/glacier_hill_sdry.png
terrain,glacier_hill_sdry_n1,glacier,../textures/soil/glacier_hill_sdry.dds
terrain,glacier_hill_sdry_n2,glacier,../textures/soil/glacier_hill_sdry.dds
terrain,glacier_hill_sdry_n3,glacier,../textures/soil/glacier_hill_sdry.dds
terrain,glacier_hill_sdry_n4,glacier,../textures/soil/glacier_hill_sdry.dds
terrain,glacier_hill_sdry_n_av,glacier,../textures/soil/glacier_hill_sdry.png
terrain,glacier_hill_sdry_s1,glacier,../textures/soil/glacier_hill_sdry.dds
terrain,glacier_hill_sdry_s2,glacier,../textures/soil/glacier_hill_sdry.dds
terrain,glacier_hill_sdry_s3,glacier,../textures/soil/glacier_hill_sdry.dds
terrain,glacier_hill_sdry_s4,glacier,../textures/soil/glacier_hill_sdry.dds
terrain,glacier_hill_sdry_s_av,glacier,../textures/soil/glacier_hill_sdry.png
terrain,glacier_hill_wet_ew1,glacier,../textures/soil/glacier_hill.dds
terrain,glacier_hill_wet_ew2,glacier,../textures/soil/glacier_hill.dds
terrain,glacier_hill_wet_ew3,glacier,../textures/soil/glacier_hill.dds
terrain,glacier_hill_wet_ew4,glacier,../textures/soil/glacier_hill.dds
terrain,glacier_hill_wet_ew_av,glacier,../textures/soil/glacier_hill.png
terrain,glacier_hill_wet_n1,glacier,../textures/soil/glacier_hill.dds
terrain,glacier_hill_wet_n2,glacier,../textures/soil/glacier_hill.dds
terrain,glacier_hill_wet_n3,glacier,../textures/soil/glacier_hill.dds
terrain,glacier_hill_wet_n4,glacier,../textures/soil/glacier_hill.dds
terrain,glacier_hill_wet_n_av,glacier,../textures/soil/glacier_hill.png
terrain,glacier_hill_wet_s1,glacier,../textures/soil/glacier_hill.dds
terrain,glacier_hill_wet_s2,glacier,../textures/soil/glacier_hill.dds
terrain,glacier_hill_wet_s3,glacier,../textures/soil/glacier_hill.dds
terrain,glacier_hill_wet_s4,glacier,../textures/soil/glacier_hill.dds
terrain,glacier_hill_wet_s_av,glacier,../textures/soil/glacier_hill.png
terrain,glacier_steep_dry_ew1,glacier,../textures/soil/glacier_steep_dry.dds
terrain,glacier_steep_dry_ew2,glacier,../textures/soil/glacier_steep_dry.dds
terrain,glacier_steep_dry_ew3,glacier,../textures/soil/glacier_steep_dry.dds
terrain,glacier_steep_dry_ew4,glacier,../textures/soil/glacier_steep_dry.dds
terrain,glacier_steep_dry_ew_av,glacier,../textures/soil/glacier_steep_dry.png
terrain,glacier_steep_dry_n1,glacier,../textures/soil/glacier_steep_dry.dds
terrain,glacier_steep_dry_n2,glacier,../textures/soil/glacier_steep_dry.dds
terrain,glacier_steep_dry_n3,glacier,../textures/soil/glacier_steep_dry.dds
terrain,glacier_steep_dry_n4,glacier,../textures/soil/glacier_steep_dry.dds
terrain,glacier_steep_dry_n_av,glacier,../textures/soil/glacier_steep_dry.png
terrain,glacier_steep_dry_s1,glacier,../textures/soil/glacier_steep_dry.dds
terrain,glacier_steep_dry_s2,glacier,../textures/soil/glacier_steep_dry.dds
terrain,glacier_steep_dry_s3,glacier,../textures/soil/glacier_steep_dry.dds
terrain,glacier_steep_dry_s4,glacier,../textures/soil/glacier_steep_dry.dds
terrain,glacier_steep_dry_s_av,glacier,../textures/soil/glacier_steep_dry.png
terrain,glacier_steep_ew1,glacier,../textures/soil/glacier_steep.dds
terrain,glacier_steep_ew2,glacier,../textures/soil/glacier_steep.dds
terrain,glacier_steep_ew3,glacier,../textures/soil/glacier_steep.dds
terrain,glacier_steep_ew4,glacier,../textures/soil/glacier_steep.dds
terrain,glacier_steep_ew_av,glacier,../textures/soil/glacier_steep.png
terrain,glacier_steep_n1,glacier,../textures/soil/glacier_steep.dds
terrain,glacier_steep_n2,glacier,../textures/soil/glacier_steep.dds
terrain,glacier_steep_n3,glacier,../textures/soil/glacier_steep.dds
terrain,glacier_steep_n4,glacier,../textures/soil/glacier_steep.dds
terrain,glacier_steep_n_av,glacier,../textures/soil/glacier_steep.png
terrain,glacier_steep_s1,glacier,../textures/soil/glacier_steep.dds
terrain,glacier_steep_s2,glacier,../textures/soil/glacier_steep.dds
terrain,glacier_steep_s3,glacier,../textures/soil/glacier_steep.dds
terrain,glacier_steep_s4,glacier,../textures/soil/glacier_steep.dds
terrain,glacier_steep_s_av,glacier,../textures/soil/glacier_steep.png
terrain,glacier_steep_sdry_ew1,glacier,../textures/soil/glacier_steep_sdry.dds
terrain,glacier_steep_sdry_ew2,glacier,../textures/soil/glacier_steep_sdry.dds
terrain,glacier_steep_sdry_ew3,glacier,../textures/soil/glacier_steep_sdry.dds
terrain,glacier_steep_sdry_ew4,glacier,../textures/soil/glacier_steep_sdry.dds
terrain,glacier_steep_sdry_ew_av,glacier,../textures/soil/glacier_steep_sdry.png
terrain,glacier_steep_sdry_n1,glacier,../textures/soil/glacier_steep_sdry.dds
terrain,glacier_steep_sdry_n2,glacier,../textures/soil/glacier_steep_sdry.dds
terrain,glacier_steep_sdry_n3,glacier,../textures/soil/glacier_steep_sdry.dds
terrain,glacier_steep_sdry_n4,glacier,../textures/soil/glacier_steep_sdry.dds
terrain,glacier_steep_sdry_n_av,glacier,../textures/soil/glacier_steep_sdry.png
terrain,glacier_steep_sdry_s1,glacier,../textures/soil/glacier_steep_sdry.dds
terrain,glacier_steep_sdry_s2,glacier,../textures/soil/glacier_steep_sdry.dds
terrain,glacier_steep_sdry_s3,glacier,../textures/soil/glacier_steep_sdry.dds
terrain,glacier_steep_sdry_s4,glacier,../textures/soil/glacier_steep_sdry.dds
terrain,glacier_steep_sdry_s_av,glacier,../textures/soil/glacier_steep_sdry.png
terrain,glacier_steep_wet_ew1,glacier,../textures/soil/glacier_steep.dds
terrain,glacier_steep_wet_ew2,glacier,../textures/soil/glacier_steep.dds
terrain,glacier_steep_wet_ew3,glacier,../textures/soil/glacier_steep.dds
terrain,glacier_steep_wet_ew4,glacier,../textures/soil/glacier_steep.dds
terrain,glacier_steep_wet_ew_av,glacier,../textures/soil/glacier_steep.png
terrain,glacier_steep_wet_n1,glacier,../textures/soil/glacier_steep.dds
terrain,glacier_steep_wet_n2,glacier,../textures/soil/glacier_steep.dds
terrain,glacier_steep_wet_n3,glacier,../textures/soil/glacier_steep.dds
terrain,glacier_steep_wet_n4,glacier,../textures/soil/glacier_steep.dds
terrain,glacier_steep_wet_n_av,glacier,../textures/soil/glacier_steep.png
terrain,glacier_steep_wet_s1,glacier,../textures/soil/glacier_steep.dds
terrain,glacier_steep_wet_s2,glacier,../textures/soil/glacier_steep.dds
terrain,glacier_steep_wet_s3,glacier,../textures/soil/glacier_steep.dds
terrain,glacier_steep_wet_s4,glacier,../textures/soil/glacier_steep.dds
terrain,glacier_steep_wet_s_av,glacier,../textures/soil/glacier_steep.png
terrain,hiland_crp_irr1,hiland,../textures/human/hiland_crp_irr.dds
terrain,hiland_crp_irr2,hiland,../textures/human/hiland_crp_irr.dds
terrain,hiland_crp_irr3,hiland,../textures/human/hiland_crp_irr.dds
terrain,hiland_crp_irr4,hiland,../textures/human/hiland_crp_irr.dds
terrain,hiland_crp_irr_av,hiland,../textures/human/hiland_crp_irr.dds
terrain,hiland_crp_sq1,hiland,../textures/human/north_crp_sq.dds
terrain,hiland_crp_sq2,hiland,../textures/human/north_crp_sq2.dds
terrain,hiland_crp_sq3,hiland,../textures/human/north_crp_sq2.dds
terrain,hiland_crp_sq4,hiland,../textures/human/north_crp_sq.dds
terrain,hiland_crp_sq_av,hiland,../textures/human/north_crp_sq.dds
terrain,hiland_crphill_irr1,hiland,../textures/human/hiland_crphill.dds
terrain,hiland_crphill_irr2,hiland,../textures/human/hiland_crphill.dds
terrain,hiland_crphill_irr3,hiland,../textures/human/hiland_crphill.dds
terrain,hiland_crphill_irr4,hiland,../textures/human/hiland_crphill.dds
terrain,hiland_crphill_irr_av,hiland,../textures/human/hiland_crphill.dds
terrain,hiland_crphill_sq1,hiland,../textures/human/hiland_crphill.dds
terrain,hiland_crphill_sq2,hiland,../textures/human/hiland_crphill.dds
terrain,hiland_crphill_sq3,hiland,../textures/human/hiland_crphill.dds
terrain,hiland_crphill_sq4,hiland,../textures/human/hiland_crphill.dds
terrain,hiland_crphill_sq_av,hiland,../textures/human/hiland_crphill.dds
terrain,hiland_crptwn_irr1,hiland,../textures/human/hiland_crptwn_irr.dds
terrain,hiland_crptwn_irr2,hiland,../textures/human/hiland_crptwn_irr.dds
terrain,hiland_crptwn_irr3,hiland,../textures/human/hiland_crptwn_irr.dds
terrain,hiland_crptwn_irr4,hiland,../textures/human/hiland_crptwn_irr.dds
terrain,hiland_crptwn_irr_av,hiland,../textures/human/hiland_crptwn_irr.dds
terrain,hiland_crptwn_sq1,hiland,../textures/human/north_crp_sq2.dds
terrain,hiland_crptwn_sq2,hiland,../textures/human/north_crp_sq2.dds
terrain,hiland_crptwn_sq3,hiland,../textures/human/north_crp_sq2.dds
terrain,hiland_crptwn_sq4,hiland,../textures/human/north_crp_sq2.dds
terrain,hiland_crptwn_sq_av,hiland,../textures/human/north_crp_sq2.dds
terrain,hiland_crptwnhill_irr1,hiland,../textures/human/hiland_crptwnhill.dds
terrain,hiland_crptwnhill_irr2,hiland,../textures/human/hiland_crptwnhill.dds
terrain,hiland_crptwnhill_irr3,hiland,../textures/human/hiland_crptwnhill.dds
terrain,hiland_crptwnhill_irr4,hiland,../textures/human/hiland_crptwnhill.dds
terrain,hiland_crptwnhill_irr_av,hiland,../textures/human/hiland_crptwnhill.dds
terrain,hiland_crptwnhill_sq1,hiland,../textures/human/hiland_crptwnhill.dds
terrain,hiland_crptwnhill_sq2,hiland,../textures/human/hiland_crptwnhill.dds
terrain,hiland_crptwnhill_sq3,hiland,../textures/human/hiland_crptwnhill.dds
terrain,hiland_crptwnhill_sq4,hiland,../textures/human/hiland_crptwnhill.dds
terrain,hiland_crptwnhill_sq_av,hiland,../textures/human/hiland_crptwnhill.dds
terrain,hiland_flat1,hiland,../textures/loveg/hiland_flat.dds
terrain,hiland_flat2,hiland,../textures/loveg/hiland_flat.dds
terrain,hiland_flat3,hiland,../textures/loveg/hiland_flat.dds
terrain,hiland_flat4,hiland,../textures/loveg/hiland_flat.dds
terrain,hiland_flat_av,hiland,../textures/loveg/hiland_flat.dds
terrain,hiland_flat_dry1,hiland,../textures/soil/desert_cold_flat.dds
terrain,hiland_flat_dry2,hiland,../textures/soil/desert_cold_flat.dds
terrain,hiland_flat_dry3,hiland,../textures/soil/desert_cold_flat.dds
terrain,hiland_flat_dry4,hiland,../textures/soil/desert_cold_flat.dds
terrain,hiland_flat_dry_av,hiland,../textures/soil/desert_cold_flat.dds
terrain,hiland_flat_dry_low1,hiland,../textures/soil/desert_cold_flat.dds
terrain,hiland_flat_dry_low2,hiland,../textures/soil/desert_cold_flat.dds
terrain,hiland_flat_dry_low3,hiland,../textures/soil/desert_cold_flat.dds
terrain,hiland_flat_dry_low4,hiland,../textures/soil/desert_cold_flat.dds
terrain,hiland_flat_dry_low_av,hiland,../textures/soil/desert_cold_flat.dds
terrain,hiland_flat_dry_mid1,hiland,../textures/soil/desert_cold_sflat.dds
terrain,hiland_flat_dry_mid2,hiland,../textures/soil/desert_cold_sflat.dds
terrain,hiland_flat_dry_mid3,hiland,../textures/soil/desert_cold_sflat.dds
terrain,hiland_flat_dry_mid4,hiland,../textures/soil/desert_cold_sflat.dds
terrain,hiland_flat_dry_mid_av,hiland,../textures/soil/desert_cold_sflat.dds
terrain,hiland_flat_dry_top1,hiland,../textures/soil/desert_cold_hill.dds
terrain,hiland_flat_dry_top2,hiland,../textures/soil/desert_cold_hill.dds
terrain,hiland_flat_dry_top3,hiland,../textures/soil/desert_cold_hill.dds
terrain,hiland_flat_dry_top4,hiland,../textures/soil/desert_cold_hill.dds
terrain,hiland_flat_dry_top_av,hiland,../textures/soil/desert_cold_hill.dds
terrain,hiland_flat_lo1,hiland,../textures/loveg/grassland_cold_flat.dds
terrain,hiland_flat_lo2,hiland,../textures/loveg/grassland_cold_flat.dds
terrain,hiland_flat_lo3,hiland,../textures/loveg/grassland_cold_flat.dds
terrain,hiland_flat_lo4,hiland,../textures/loveg/grassland_cold_flat.dds
terrain,hiland_flat_lo_av,hiland,../textures/loveg/grassland_cold_flat.dds
terrain,hiland_flat_lo_sdry1,hiland,../textures/loveg/grassland_cold_sdry.dds
terrain,hiland_flat_lo_sdry2,hiland,../textures/loveg/grassland_cold_sdry.dds
terrain,hiland_flat_lo_sdry3,hiland,../textures/loveg/grassland_cold_sdry.dds
terrain,hiland_flat_lo_sdry4,hiland,../textures/loveg/grassland_cold_sdry.dds
terrain,hiland_flat_lo_sdry_av,hiland,../textures/loveg/grassland_cold_sdry.dds
terrain,hiland_flat_sdry,hiland,../textures/loveg/hiland_flat_sdry.dds
terrain,hiland_hill,hiland,../textures/loveg/hiland_hill.dds
terrain,hiland_hill_dry1,hiland,../textures/soil/desert_cold_hill.dds
terrain,hiland_hill_dry2,hiland,../textures/soil/desert_cold_hill.dds
terrain,hiland_hill_dry3,hiland,../textures/soil/desert_cold_hill.dds
terrain,hiland_hill_dry4,hiland,../textures/soil/desert_cold_hill.dds
terrain,hiland_hill_dry_av,hiland,../textures/soil/desert_cold_hill.png
terrain,hiland_hill_dry_n,hiland,../textures/soil/desert_cold_hill.png
terrain,hiland_hill_lo,hiland,../textures/loveg/grassland_cold_hill.dds
terrain,hiland_polar_flat1,hiland,../textures/loveg/tundra_flat.dds
terrain,hiland_polar_flat2,hiland,../textures/loveg/tundra_flat.dds
terrain,hiland_polar_flat3,hiland,../textures/loveg/tundra_flat.dds
terrain,hiland_polar_flat4,hiland,../textures/loveg/tundra_flat.dds
terrain,hiland_polar_flat_av,hiland,../textures/loveg/tundra_flat.dds
terrain,hiland_polar_flat_low,hiland,../textures/hiveg/conifer_hill_sdry.dds
terrain,hiland_polar_flat_low1,hiland,../textures/loveg/tundra_sflat.png
terrain,hiland_polar_flat_low2,hiland,../textures/loveg/tundra_sflat.png
terrain,hiland_polar_flat_low3,hiland,../textures/loveg/tundra_sflat.png
terrain,hiland_polar_flat_low4,hiland,../textures/loveg/tundra_sflat.png
terrain,hiland_polar_flat_mid,hiland,../textures/loveg/tundra_sflat.dds
terrain,hiland_polar_flat_top,hiland,../textures/loveg/swamp_cold_woody.dds
terrain,hiland_polar_flat_top1,hiland,../textures/loveg/swamp_cold_woody.png
terrain,hiland_polar_flat_top2,hiland,../textures/loveg/swamp_cold_woody.png
terrain,hiland_polar_flat_top3,hiland,../textures/loveg/swamp_cold_woody.png
terrain,hiland_polar_flat_top4,hiland,../textures/loveg/swamp_cold_woody.png
terrain,hiland_polar_hill,hiland,../textures/loveg/tundra_hill.dds
terrain,hiland_polar_rock1,hiland,../textures/soil/rock_dark_tan_dry.dds
terrain,hiland_polar_rock2,hiland,../textures/soil/rock_dark_tan_dry.dds
terrain,hiland_polar_rock3,hiland,../textures/soil/rock_dark_tan_dry.dds
terrain,hiland_polar_rock4,hiland,../textures/soil/rock_dark_tan_dry.dds
terrain,hiland_polar_rock_av,hiland,../textures/soil/rock_dark_tan_dry.png
terrain,hiland_polar_shill1,hiland,../textures/loveg/tundra_sflat.dds
terrain,hiland_polar_shill2,hiland,../textures/loveg/tundra_sflat.dds
terrain,hiland_polar_shill3,hiland,../textures/loveg/tundra_sflat.dds
terrain,hiland_polar_shill4,hiland,../textures/loveg/tundra_sflat.dds
terrain,hiland_polar_shill_av,hiland,../textures/loveg/tundra_sflat.dds
terrain,hiland_polar_steep,hiland,../textures/loveg/upland_tundra_steep.dds
terrain,hiland_steep_dry1,hiland,../textures/soil/desert_cold_steep.dds
terrain,hiland_steep_dry2,hiland,../textures/soil/desert_cold_steep.dds
terrain,hiland_steep_dry3,hiland,../textures/soil/desert_cold_steep.dds
terrain,hiland_steep_dry4,hiland,../textures/soil/desert_cold_steep.dds
terrain,hiland_steep_dry_av,hiland,../textures/soil/desert_cold_steep.png
terrain,hiland_steep_dry_n,hiland,../textures/soil/desert_cold_steep.png
terrain,hiland_steep_lo,hiland,../textures/loveg/grassland_cold_steep.dds
terrain,hiland_steep_sdry,hiland,../textures/loveg/hiland_hill_sdry.dds
terrain,ice_city1,ice,../textures/human/ice_city.dds
terrain,ice_city2,ice,../textures/human/ice_city.dds
terrain,ice_city3,ice,../textures/human/ice_city.dds
terrain,ice_city4,ice,../textures/human/ice_city.dds
terrain,ice_city_av,ice,../textures/human/ice_city.dds
terrain,l_barren_tundra_flat1,l,../textures/loveg/upland_tundra_flat.png
terrain,l_barren_tundra_flat2,l,../textures/loveg/upland_tundra_flat.png
terrain,l_barren_tundra_flat3,l,../textures/loveg/upland_tundra_flat.png
terrain,l_barren_tundra_flat4,l,../textures/loveg/upland_tundra_flat.png
terrain,l_barren_tundra_hill1,l,../textures/loveg/upland_tundra_hill.png
terrain,l_barren_tundra_hill2,l,../textures/loveg/upland_tundra_hill.png
terrain,l_barren_tundra_hill3,l,../textures/loveg/upland_tundra_hill.png
terrain,l_barren_tundra_hill4,l,../textures/loveg/upland_tundra_hill.png
terrain,l_barren_tundra_rock1,l,../textures/soil/rock_dark_tan_dry.png
terrain,l_barren_tundra_rock2,l,../textures/soil/rock_dark_tan_dry.png
terrain,l_barren_tundra_rock3,l,../textures/soil/rock_dark_tan_dry.png
terrain,l_barren_tundra_rock4,l,../textures/soil/rock_dark_tan_dry.png
terrain,l_barren_tundra_steep,l,../textures/loveg/upland_tundra_steep.png
terrain,l_glacier_flat,l,../textures/soil/ice_flat.dds
terrain,l_glacier_flat1,l,../textures/soil/ice_flat.png
terrain,l_glacier_flat2,l,../textures/soil/ice_flat.png
terrain,l_glacier_flat3,l,../textures/soil/ice_flat.png
terrain,l_glacier_flat4,l,../textures/soil/ice_flat.png
terrain,l_glacier_flat_dry,l,../textures/soil/ice_flat.dds
terrain,l_glacier_flat_dry1,l,../textures/soil/glacier_flat_dry.png
terrain,l_glacier_flat_dry2,l,../textures/soil/glacier_flat_dry.png
terrain,l_glacier_flat_dry3,l,../textures/soil/glacier_flat_dry.png
terrain,l_glacier_flat_dry4,l,../textures/soil/glacier_flat_dry.png
terrain,l_glacier_flat_sdry,l,../textures/soil/glacier_flat_sdry.dds
terrain,l_glacier_flat_sdry1,l,../textures/soil/glacier_flat_sdry.png
terrain,l_glacier_flat_sdry2,l,../textures/soil/glacier_flat_sdry.png
terrain,l_glacier_flat_sdry3,l,../textures/soil/glacier_flat_sdry.png
terrain,l_glacier_flat_sdry4,l,../textures/soil/glacier_flat_sdry.png
terrain,l_glacier_hill1,l,../textures/soil/glacier_flat.dds
terrain,l_glacier_hill2,l,../textures/soil/glacier_flat.dds
terrain,l_glacier_hill3,l,../textures/soil/glacier_flat.dds
terrain,l_glacier_hill4,l,../textures/soil/glacier_flat.dds
terrain,l_glacier_hill_av,l,../textures/soil/glacier_flat.png
terrain,l_glacier_hill_dry,l,../textures/soil/glacier_hill_dry.dds
terrain,l_glacier_hill_dry1,l,../textures/soil/glacier_hill_dry.png
terrain,l_glacier_hill_dry2,l,../textures/soil/glacier_hill_dry.png
terrain,l_glacier_hill_dry3,l,../textures/soil/glacier_hill_dry.png
terrain,l_glacier_hill_dry4,l,../textures/soil/glacier_hill_dry.png
terrain,l_glacier_hill_sdry1,l,../textures/soil/glacier_hill_sdry.dds
terrain,l_glacier_hill_sdry2,l,../textures/soil/glacier_hill_sdry.dds
terrain,l_glacier_hill_sdry3,l,../textures/soil/glacier_hill_sdry.dds
terrain,l_glacier_hill_sdry4,l,../textures/soil/glacier_hill_sdry.dds
terrain,l_glacier_hill_sdry_av,l,../textures/soil/glacier_hill_sdry.png
terrain,l_glacier_lo_flat,l,../textures/soil/rock_ice_flat.dds
terrain,l_glacier_lo_flat1,l,../textures/soil/rock_ice_flat.png
terrain,l_glacier_lo_flat2,l,../textures/soil/rock_ice_flat.png
terrain,l_glacier_lo_flat3,l,../textures/soil/rock_ice_flat.png
terrain,l_glacier_lo_flat4,l,../textures/soil/rock_ice_flat.png
terrain,l_glacier_lo_flat_dry,l,../textures/soil/rock_ice_flat_dry.dds
terrain,l_glacier_lo_flat_dry1,l,../textures/soil/rock_ice_flat_dry.png
terrain,l_glacier_lo_flat_dry2,l,../textures/soil/rock_ice_flat_dry.png
terrain,l_glacier_lo_flat_dry3,l,../textures/soil/rock_ice_flat_dry.png
terrain,l_glacier_lo_flat_dry4,l,../textures/soil/rock_ice_flat_dry.png
terrain,l_glacier_lo_flat_sdry,l,../textures/soil/rock_ice_flat_sdry.dds
terrain,l_glacier_lo_flat_sdry1,l,../textures/soil/rock_ice_flat_sdry.png
terrain,l_glacier_lo_flat_sdry2,l,../textures/soil/rock_ice_flat_sdry.png
terrain,l_glacier_lo_flat_sdry3,l,../textures/soil/rock_ice_flat_sdry.png
terrain,l_glacier_lo_flat_sdry4,l,../textures/soil/rock_ice_flat_sdry.png
terrain,l_glacier_sflat_dry,l,../textures/soil/glacier_flat_dry.dds
terrain,l_glacier_ssteep1,l,../textures/soil/glacier_hill.dds
terrain,l_glacier_ssteep2,l,../textures/soil/glacier_hill.dds
terrain,l_glacier_ssteep3,l,../textures/soil/glacier_hill.dds
terrain,l_glacier_ssteep4,l,../textures/soil/glacier_hill.dds
terrain,l_glacier_ssteep_av,l,../textures/soil/glacier_hill.png
terrain,l_glacier_steep.ns1,l,../textures/soil/glacier_steep.dds
terrain,l_glacier_steep.ns2,l,../textures/soil/glacier_steep.dds
terrain,l_glacier_steep.ns3,l,../textures/soil/glacier_steep.dds
terrain,l_glacier_steep.ns4,l,../textures/soil/glacier_steep.dds
terrain,l_glacier_steep.ns_av,l,../textures/soil/glacier_steep.png
terrain,l_glacier_steep_dry_ew1,l,../textures/soil/glacier_steep_dry.dds
terrain,l_glacier_steep_dry_ew2,l,../textures/soil/glacier_steep_dry.dds
terrain,l_glacier_steep_dry_ew3,l,../textures/soil/glacier_steep_dry.dds
terrain,l_glacier_steep_dry_ew4,l,../textures/soil/glacier_steep_dry.dds
terrain,l_glacier_steep_dry_ew_av,l,../textures/soil/glacier_steep_dry.png
terrain,l_glacier_steep_dry_ns1,l,../textures/soil/glacier_steep_dry.dds
terrain,l_glacier_steep_dry_ns2,l,../textures/soil/glacier_steep_dry.dds
terrain,l_glacier_steep_dry_ns3,l,../textures/soil/glacier_steep_dry.dds
terrain,l_glacier_steep_dry_ns4,l,../textures/soil/glacier_steep_dry.dds
terrain,l_glacier_steep_dry_ns_av,l,../textures/soil/glacier_steep_dry.png
terrain,l_glacier_steep_ew1,l,../textures/soil/glacier_steep.dds
terrain,l_glacier_steep_ew2,l,../textures/soil/glacier_steep.dds
terrain,l_glacier_steep_ew3,l,../textures/soil/glacier_steep.dds
terrain,l_glacier_steep_ew4,l,../textures/soil/glacier_steep.dds
terrain,l_glacier_steep_ew_av,l,../textures/soil/glacier_steep.png
terrain,l_glacier_steep_sdry_ew1,l,../textures/soil/glacier_steep_sdry.dds
terrain,l_glacier_steep_sdry_ew2,l,../textures/soil/glacier_steep_sdry.dds
terrain,l_glacier_steep_sdry_ew3,l,../textures/soil/glacier_steep_sdry.dds
terrain,l_glacier_steep_sdry_ew4,l,../textures/soil/glacier_steep_sdry.dds
terrain,l_glacier_steep_sdry_ew_av,l,../textures/soil/glacier_steep_sdry.png
terrain,l_glacier_steep_sdry_ns1,l,../textures/soil/glacier_steep_sdry.dds
terrain,l_glacier_steep_sdry_ns2,l,../textures/soil/glacier_steep_sdry.dds
terrain,l_glacier_steep_sdry_ns3,l,../textures/soil/glacier_steep_sdry.dds
terrain,l_glacier_steep_sdry_ns4,l,../textures/soil/glacier_steep_sdry.dds
terrain,l_glacier_steep_sdry_ns_av,l,../textures/soil/glacier_steep_sdry.png
terrain,l_polar_ice_flat,l,../textures/soil/ice_flat.dds
terrain,l_polar_ice_flat1,l,../textures/soil/ice_flat.png
terrain,l_polar_ice_flat2,l,../textures/soil/ice_flat.png
terrain,l_polar_ice_flat3,l,../textures/soil/ice_flat.png
terrain,l_polar_ice_flat4,l,../textures/soil/ice_flat.png
terrain,l_polar_ice_hill,l,../textures/soil/ice_hill.dds
terrain,l_polar_ice_hill1,l,../textures/soil/ice_hill.png
terrain,l_polar_ice_hill2,l,../textures/soil/ice_hill.png
terrain,l_polar_ice_hill3,l,../textures/soil/ice_hill.png
terrain,l_polar_ice_hill4,l,../textures/soil/ice_hill.png
terrain,l_polar_ice_lo_flat,l,../textures/soil/rock_ice_flat.dds
terrain,l_polar_ice_lo_flat1,l,../textures/soil/rock_ice_flat.png
terrain,l_polar_ice_lo_flat2,l,../textures/soil/rock_ice_flat.png
terrain,l_polar_ice_lo_flat3,l,../textures/soil/rock_ice_flat.png
terrain,l_polar_ice_lo_flat4,l,../textures/soil/rock_ice_flat.png
terrain,l_polar_ice_steep_ew1,l,../textures/soil/ice_steep.dds
terrain,l_polar_ice_steep_ew2,l,../textures/soil/ice_steep.dds
terrain,l_polar_ice_steep_ew3,l,../textures/soil/ice_steep.dds
terrain,l_polar_ice_steep_ew4,l,../textures/soil/ice_steep.dds
terrain,l_polar_ice_steep_ew_av,l,../textures/soil/ice_steep.png
terrain,l_polar_ice_steep_ns1,l,../textures/soil/ice_steep.dds
terrain,l_polar_ice_steep_ns2,l,../textures/soil/ice_steep.dds
terrain,l_polar_ice_steep_ns3,l,../textures/soil/ice_steep.dds
terrain,l_polar_ice_steep_ns4,l,../textures/soil/ice_steep.dds
terrain,l_polar_ice_steep_ns_av,l,../textures/soil/ice_steep.png
terrain,l_sand_desert_flat1,l,../textures/soil/desert_sand_flat.dds
terrain,l_sand_desert_flat2,l,../textures/soil/desert_sand_flat.dds
terrain,l_sand_desert_flat3,l,../textures/soil/desert_sand_flat.dds
terrain,l_sand_desert_flat4,l,../textures/soil/desert_sand_flat.dds
terrain,l_sand_desert_flat_av,l,../textures/soil/desert_sand_flat.dds
terrain,l_sand_desert_sflat1,l,../textures/soil/desert_sand_sflat.dds
terrain,l_sand_desert_sflat2,l,../textures/soil/desert_sand_sflat.dds
terrain,l_sand_desert_sflat3,l,../textures/soil/desert_sand_sflat.dds
terrain,l_sand_desert_sflat4,l,../textures/soil/desert_sand_sflat.dds
terrain,l_sand_desert_sflat_av,l,../textures/soil/desert_sand_sflat.dds
terrain,l_swamp1,l,../textures/loveg/swamp.dds
terrain,l_swamp2,l,../textures/loveg/swamp.dds
terrain,l_swamp3,l,../textures/loveg/swamp.dds
terrain,l_swamp4,l,../textures/loveg/swamp.dds
terrain,l_swamp_av,l,../textures/loveg/swamp.dds
terrain,l_swamp_cold1,l,../textures/loveg/swamp_cold.dds
terrain,l_swamp_cold2,l,../textures/loveg/swamp_cold.dds
terrain,l_swamp_cold3,l,../textures/loveg/swamp_cold.dds
terrain,l_swamp_cold4,l,../textures/loveg/swamp_cold.dds
terrain,l_swamp_cold_av,l,../textures/loveg/swamp_cold.dds
terrain,l_swamp_cold_woody1,l,../textures/loveg/swamp_cold_woody.dds
terrain,l_swamp_cold_woody2,l,../textures/loveg/swamp_cold_woody.dds
terrain,l_swamp_cold_woody3,l,../textures/loveg/swamp_cold_woody.dds
terrain,l_swamp_cold_woody4,l,../textures/loveg/swamp_cold_woody.dds
terrain,l_swamp_cold_woody_av,l,../textures/loveg/swamp_cold_woody.dds
terrain,l_swamp_dry1,l,../textures/loveg/swamp_dry.dds
terrain,l_swamp_dry2,l,../textures/loveg/swamp_dry.dds
terrain,l_swamp_dry3,l,../textures/loveg/swamp_dry.dds
terrain,l_swamp_dry4,l,../textures/loveg/swamp_dry.dds
terrain,l_swamp_dry_av,l,../textures/loveg/swamp_dry.dds
terrain,l_swamp_hot_woody1,l,../textures/loveg/swamp_woody.dds
terrain,l_swamp_hot_woody2,l,../textures/loveg/swamp_woody.dds
terrain,l_swamp_hot_woody3,l,../textures/loveg/swamp_woody.dds
terrain,l_swamp_hot_woody4,l,../textures/loveg/swamp_woody.dds
terrain,l_swamp_hot_woody_av,l,../textures/loveg/swamp_woody.dds
terrain,l_swamp_warm_woody1,l,../textures/loveg/swamp_woody.dds
terrain,l_swamp_warm_woody2,l,../textures/loveg/swamp_woody.dds
terrain,l_swamp_warm_woody3,l,../textures/loveg/swamp_woody.dds
terrain,l_swamp_warm_woody4,l,../textures/loveg/swamp_woody.dds
terrain,l_swamp_warm_woody_av,l,../textures/loveg/swamp_woody.dds
terrain,l_swamp_woody1,l,../textures/loveg/swamp_woody.dds
terrain,l_swamp_woody2,l,../textures/loveg/swamp_woody.dds
terrain,l_swamp_woody3,l,../textures/loveg/swamp_woody.dds
terrain,l_swamp_woody4,l,../textures/loveg/swamp_woody.dds
terrain,l_swamp_woody_av,l,../textures/loveg/swamp_woody.dds
terrain,l_tundra_flat,l,../textures/loveg/tundra_flat.dds
terrain,l_tundra_flat1,l,../textures/loveg/tundra_flat.png
terrain,l_tundra_flat2,l,../textures/loveg/tundra_flat.png
terrain,l_tundra_flat3,l,../textures/loveg/tundra_flat.png
terrain,l_tundra_flat4,l,../textures/loveg/tundra_flat.png
terrain,l_tundra_flat_low,l,../textures/hiveg/conifer_hill_sdry.dds
terrain,l_tundra_flat_low1,l,../textures/loveg/tundra_sflat.png
terrain,l_tundra_flat_low2,l,../textures/loveg/tundra_sflat.png
terrain,l_tundra_flat_low3,l,../textures/loveg/tundra_sflat.png
terrain,l_tundra_flat_low4,l,../textures/loveg/tundra_sflat.png
terrain,l_tundra_flat_mid,l,../textures/loveg/swamp_cold_woody.dds
terrain,l_tundra_flat_top,l,../textures/loveg/tundra_flat.dds
terrain,l_tundra_flat_top1,l,../textures/loveg/swamp_cold_woody.png
terrain,l_tundra_flat_top2,l,../textures/loveg/swamp_cold_woody.png
terrain,l_tundra_flat_top3,l,../textures/loveg/swamp_cold_woody.png
terrain,l_tundra_flat_top4,l,../textures/loveg/swamp_cold_woody.png
terrain,l_tundra_hill,l,../textures/loveg/tundra_hill.dds
terrain,l_tundra_hill1,l,../textures/loveg/tundra_hill.png
terrain,l_tundra_hill2,l,../textures/loveg/tundra_hill.png
terrain,l_tundra_hill3,l,../textures/loveg/tundra_hill.png
terrain,l_tundra_hill4,l,../textures/loveg/tundra_hill.png
terrain,l_tundra_rock1,l,../textures/soil/rock_dark_tan_dry.dds
terrain,l_tundra_rock2,l,../textures/soil/rock_dark_tan_dry.dds
terrain,l_tundra_rock3,l,../textures/soil/rock_dark_tan_dry.dds
terrain,l_tundra_rock4,l,../textures/soil/rock_dark_tan_dry.dds
terrain,l_tundra_rock_av,l,../textures/soil/rock_dark_tan_dry.png
terrain,l_tundra_sflat,l,../textures/loveg/tundra_sflat.dds
terrain,l_tundra_steep,l,../textures/loveg/tundra_steep.dds
terrain,l_utundra_flat,l,../textures/loveg/upland_tundra_flat.dds
terrain,l_utundra_flat_low,l,../textures/loveg/sdesert_cold_sflat.dds
terrain,l_utundra_flat_mid,l,../textures/loveg/upland_tundra_flat.dds
terrain,l_utundra_flat_top,l,../textures/loveg/grass_cold.dds
terrain,l_utundra_hill,l,../textures/loveg/upland_tundra_hill.dds
terrain,l_utundra_rock1,l,../textures/soil/rock_dark_tan_dry.dds
terrain,l_utundra_rock2,l,../textures/soil/rock_dark_tan_dry.dds
terrain,l_utundra_rock3,l,../textures/soil/rock_dark_tan_dry.dds
terrain,l_utundra_rock4,l,../textures/soil/rock_dark_tan_dry.dds
terrain,l_utundra_rock_av,l,../textures/soil/rock_dark_tan_dry.png
terrain,l_utundra_sflat,l,../textures/loveg/upland_tundra_flat.dds
terrain,l_utundra_steep,l,../textures/loveg/upland_tundra_steep.dds
terrain,north2_city_irr_in1,north2,../textures/human/north_city_irr_in.dds
terrain,north2_city_irr_in2,north2,../textures/human/north_city_irr_in.dds
terrain,north2_city_irr_in3,north2,../textures/human/north_city_irr_in.dds
terrain,north2_city_irr_in4,north2,../textures/human/north_city_irr_in.dds
terrain,north2_city_irr_in_av,north2,../textures/human/north_city_irr_in.dds
terrain,north2_city_irr_ind1,north2,../textures/human/temp_city_irr_ind.dds
terrain,north2_city_irr_ind2,north2,../textures/human/temp_city_irr_ind.dds
terrain,north2_city_irr_ind3,north2,../textures/human/temp_city_irr_ind.dds
terrain,north2_city_irr_ind4,north2,../textures/human/temp_city_irr_ind.dds
terrain,north2_city_irr_ind_av,north2,../textures/human/temp_city_irr_ind.dds
terrain,north2_city_irr_out1,north2,../textures/human/north_city_irr_out.dds
terrain,north2_city_irr_out2,north2,../textures/human/north_city_irr_out.dds
terrain,north2_city_irr_out3,north2,../textures/human/north_city_irr_out.dds
terrain,north2_city_irr_out4,north2,../textures/human/north_city_irr_out.dds
terrain,north2_city_irr_out_av,north2,../textures/human/north_city_irr_out.dds
terrain,north2_city_irr_twn1,north2,../textures/human/temp_city_irr_twn.dds
terrain,north2_city_irr_twn2,north2,../textures/human/temp_city_irr_twn.dds
terrain,north2_city_irr_twn3,north2,../textures/human/temp_city_irr_twn.dds
terrain,north2_city_irr_twn4,north2,../textures/human/temp_city_irr_twn.dds
terrain,north2_city_irr_twn_av,north2,../textures/human/temp_city_irr_twn.dds
terrain,north_city_irr_in1,north,../textures/human/north_city_irr_in.dds
terrain,north_city_irr_in2,north,../textures/human/north_city_irr_in.dds
terrain,north_city_irr_in3,north,../textures/human/north_city_irr_in.dds
terrain,north_city_irr_in4,north,../textures/human/north_city_irr_in.dds
terrain,north_city_irr_in_av,north,../textures/human/north_city_irr_in.dds
terrain,north_city_irr_ind1,north,../textures/human/temp_city_irr_ind.dds
terrain,north_city_irr_ind2,north,../textures/human/temp_city_irr_ind.dds
terrain,north_city_irr_ind3,north,../textures/human/temp_city_irr_ind.dds
terrain,north_city_irr_ind4,north,../textures/human/temp_city_irr_ind.dds
terrain,north_city_irr_ind_av,north,../textures/human/temp_city_irr_ind.dds
terrain,north_city_irr_out1,north,../textures/human/north_city_irr_out.dds
terrain,north_city_irr_out2,north,../textures/human/north_city_irr_out.dds
terrain,north_city_irr_out3,north,../textures/human/north_city_irr_out.dds
terrain,north_city_irr_out4,north,../textures/human/north_city_irr_out.dds
terrain,north_city_irr_out_av,north,../textures/human/north_city_irr_out.dds
terrain,north_city_irr_twn1,north,../textures/human/temp_city_irr_twn.dds
terrain,north_city_irr_twn2,north,../textures/human/temp_city_irr_twn.dds
terrain,north_city_irr_twn3,north,../textures/human/temp_city_irr_twn.dds
terrain,north_city_irr_twn4,north,../textures/human/temp_city_irr_twn.dds
terrain,north_city_irr_twn_av,north,../textures/human/temp_city_irr_twn.dds
terrain,north_crp_irr1,north,../textures/human/north_crp_irr.dds
terrain,north_crp_irr2,north,../textures/human/north_crp_irr2.dds
terrain,north_crp_irr3,north,../textures/human/north_crp_irr2.dds
terrain,north_crp_irr4,north,../textures/human/north_crp_irr.dds
terrain,north_crp_irr_av,north,../textures/human/north_crp_irr.dds
terrain,north_crp_sq1,north,../textures/human/north_crp_sq.dds
terrain,north_crp_sq2,north,../textures/human/north_crp_sq2.dds
terrain,north_crp_sq3,north,../textures/human/north_crp_sq2.dds
terrain,north_crp_sq4,north,../textures/human/north_crp_sq.dds
terrain,north_crp_sq_av,north,../textures/human/north_crp_sq.dds
terrain,north_crphill_irr1,north,../textures/human/north_crphill.dds
terrain,north_crphill_irr2,north,../textures/human/north_crphill.dds
terrain,north_crphill_irr3,north,../textures/human/north_crphill.dds
terrain,north_crphill_irr4,north,../textures/human/north_crphill.dds
terrain,north_crphill_irr_av,north,../textures/human/north_crphill.dds
terrain,north_crphill_sq1,north,../textures/human/north_crphill.dds
terrain,north_crphill_sq2,north,../textures/human/north_crphill.dds
terrain,north_crphill_sq3,north,../textures/human/north_crphill.dds
terrain,north_crphill_sq4,north,../textures/human/north_crphill.dds
terrain,north_crphill_sq_av,north,../textures/human/north_crphill.dds
terrain,north_crptwn_irr1,north,../textures/human/north_crptwn_irr.dds
terrain,north_crptwn_irr2,north,../textures/human/north_crptwn_irr.dds
terrain,north_crptwn_irr3,north,../textures/human/north_crptwn_irr.dds
terrain,north_crptwn_irr4,north,../textures/human/north_crptwn_irr.dds
terrain,north_crptwn_irr_av,north,../textures/human/north_crptwn_irr.dds
terrain,north_crptwn_sq1,north,../textures/human/north_crp_sq.dds
terrain,north_crptwn_sq2,north,../textures/human/north_crp_sq.dds
terrain,north_crptwn_sq3,north,../textures/human/north_crp_sq.dds
terrain,north_crptwn_sq4,north,../textures/human/north_crp_sq.dds
terrain,north_crptwn_sq_av,north,../textures/human/north_crp_sq.dds
terrain,north_crptwnhill_irr1,north,../textures/human/north_crptwnhill.dds
terrain,north_crptwnhill_irr2,north,../textures/human/north_crptwnhill.dds
terrain,north_crptwnhill_irr3,north,../textures/human/north_crptwnhill.dds
terrain,north_crptwnhill_irr4,north,../textures/human/north_crptwnhill.dds
terrain,north_crptwnhill_irr_av,north,../textures/human/north_crptwnhill.dds
terrain,north_crptwnhill_sq1,north,../textures/human/north_crptwnhill.dds
terrain,north_crptwnhill_sq2,north,../textures/human/north_crptwnhill.dds
terrain,north_crptwnhill_sq3,north,../textures/human/north_crptwnhill.dds
terrain,north_crptwnhill_sq4,north,../textures/human/north_crptwnhill.dds
terrain,north_crptwnhill_sq_av,north,../textures/human/north_crptwnhill.dds
terrain,polar_ice_flat_ew1,polar,../textures/soil/ice_flat.dds
terrain,polar_ice_flat_ew2,polar,../textures/soil/ice_flat.dds
terrain,polar_ice_flat_ew3,polar,../textures/soil/ice_flat.dds
terrain,polar_ice_flat_ew4,polar,../textures/soil/ice_flat.dds
terrain,polar_ice_flat_ew_av,polar,../textures/soil/ice_flat.png
terrain,polar_ice_flat_n1,polar,../textures/soil/ice_flat.dds
terrain,polar_ice_flat_n2,polar,../textures/soil/ice_flat.dds
terrain,polar_ice_flat_n3,polar,../textures/soil/ice_flat.dds
terrain,polar_ice_flat_n4,polar,../textures/soil/ice_flat.dds
terrain,polar_ice_flat_n_av,polar,../textures/soil/ice_flat.png
terrain,polar_ice_flat_s1,polar,../textures/soil/ice_flat.dds
terrain,polar_ice_flat_s2,polar,../textures/soil/ice_flat.dds
terrain,polar_ice_flat_s3,polar,../textures/soil/ice_flat.dds
terrain,polar_ice_flat_s4,polar,../textures/soil/ice_flat.dds
terrain,polar_ice_flat_s_av,polar,../textures/soil/ice_flat.png
terrain,polar_ice_hill_ew1,polar,../textures/soil/ice_hill.dds
terrain,polar_ice_hill_ew2,polar,../textures/soil/ice_hill.dds
terrain,polar_ice_hill_ew3,polar,../textures/soil/ice_hill.dds
terrain,polar_ice_hill_ew4,polar,../textures/soil/ice_hill.dds
terrain,polar_ice_hill_ew_av,polar,../textures/soil/ice_hill.png
terrain,polar_ice_hill_n1,polar,../textures/soil/ice_hill.dds
terrain,polar_ice_hill_n2,polar,../textures/soil/ice_hill.dds
terrain,polar_ice_hill_n3,polar,../textures/soil/ice_hill.dds
terrain,polar_ice_hill_n4,polar,../textures/soil/ice_hill.dds
terrain,polar_ice_hill_n_av,polar,../textures/soil/ice_hill.png
terrain,polar_ice_hill_s1,polar,../textures/soil/ice_hill.dds
terrain,polar_ice_hill_s2,polar,../textures/soil/ice_hill.dds
terrain,polar_ice_hill_s3,polar,../textures/soil/ice_hill.dds
terrain,polar_ice_hill_s4,polar,../textures/soil/ice_hill.dds
terrain,polar_ice_hill_s_av,polar,../textures/soil/ice_hill.png
terrain,polar_ice_steep_ew1,polar,../textures/soil/ice_steep.dds
terrain,polar_ice_steep_ew2,polar,../textures/soil/ice_steep.dds
terrain,polar_ice_steep_ew3,polar,../textures/soil/ice_steep.dds
terrain,polar_ice_steep_ew4,polar,../textures/soil/ice_steep.dds
terrain,polar_ice_steep_ew_av,polar,../textures/soil/ice_steep.png
terrain,polar_ice_steep_n1,polar,../textures/soil/ice_steep.dds
terrain,polar_ice_steep_n2,polar,../textures/soil/ice_steep.dds
terrain,polar_ice_steep_n3,polar,../textures/soil/ice_steep.dds
terrain,polar_ice_steep_n4,polar,../textures/soil/ice_steep.dds
terrain,polar_ice_steep_n_av,polar,../textures/soil/ice_steep.png
terrain,polar_ice_steep_s1,polar,../textures/soil/ice_steep.dds
terrain,polar_ice_steep_s2,polar,../textures/soil/ice_steep.dds
terrain,polar_ice_steep_s3,polar,../textures/soil/ice_steep.dds
terrain,polar_ice_steep_s4,polar,../textures/soil/ice_steep.dds
terrain,polar_ice_steep_s_av,polar,../textures/soil/ice_steep.png
terrain,polar_rock_flat_ew1,polar,../textures/soil/rock_flat.png
terrain,polar_rock_flat_ew2,polar,../textures/soil/rock_flat.png
terrain,polar_rock_flat_ew3,polar,../textures/soil/rock_flat.png
terrain,polar_rock_flat_ew4,polar,../textures/soil/rock_flat.png
terrain,polar_rock_flat_n1,polar,../textures/soil/rock_flat.png
terrain,polar_rock_flat_n2,polar,../textures/soil/rock_flat.png
terrain,polar_rock_flat_n3,polar,../textures/soil/rock_flat.png
terrain,polar_rock_flat_n4,polar,../textures/soil/rock_flat.png
terrain,polar_rock_flat_s1,polar,../textures/soil/rock_flat.png
terrain,polar_rock_flat_s2,polar,../textures/soil/rock_flat.png
terrain,polar_rock_flat_s3,polar,../textures/soil/rock_flat.png
terrain,polar_rock_flat_s4,polar,../textures/soil/rock_flat.png
terrain,polar_rock_hill_ew1,polar,../textures/soil/rock_hill.png
terrain,polar_rock_hill_ew2,polar,../textures/soil/rock_hill.png
terrain,polar_rock_hill_ew3,polar,../textures/soil/rock_hill.png
terrain,polar_rock_hill_ew4,polar,../textures/soil/rock_hill.png
terrain,polar_rock_hill_n1,polar,../textures/soil/rock_hill.png
terrain,polar_rock_hill_n2,polar,../textures/soil/rock_hill.png
terrain,polar_rock_hill_n3,polar,../textures/soil/rock_hill.png
terrain,polar_rock_hill_n4,polar,../textures/soil/rock_hill.png
terrain,polar_rock_hill_s1,polar,../textures/soil/rock_hill.png
terrain,polar_rock_hill_s2,polar,../textures/soil/rock_hill.png
terrain,polar_rock_hill_s3,polar,../textures/soil/rock_hill.png
terrain,polar_rock_hill_s4,polar,../textures/soil/rock_hill.png
terrain,polar_rock_ice_flat_ew,polar,../textures/soil/rock_ice_flat.dds
terrain,polar_rock_ice_flat_ew1,polar,../textures/soil/rock_ice_flat.png
terrain,polar_rock_ice_flat_ew2,polar,../textures/soil/rock_ice_flat.png
terrain,polar_rock_ice_flat_ew3,polar,../textures/soil/rock_ice_flat.png
terrain,polar_rock_ice_flat_ew4,polar,../textures/soil/rock_ice_flat.png
terrain,polar_rock_ice_flat_n,polar,../textures/soil/rock_ice_flat.dds
terrain,polar_rock_ice_flat_n1,polar,../textures/soil/rock_ice_flat.png
terrain,polar_rock_ice_flat_n2,polar,../textures/soil/rock_ice_flat.png
terrain,polar_rock_ice_flat_n3,polar,../textures/soil/rock_ice_flat.png
terrain,polar_rock_ice_flat_n4,polar,../textures/soil/rock_ice_flat.png
terrain,polar_rock_ice_flat_s,polar,../textures/soil/rock_ice_flat.dds
terrain,polar_rock_ice_flat_s1,polar,../textures/soil/rock_ice_flat.png
terrain,polar_rock_ice_flat_s2,polar,../textures/soil/rock_ice_flat.png
terrain,polar_rock_ice_flat_s3,polar,../textures/soil/rock_ice_flat.png
terrain,polar_rock_ice_flat_s4,polar,../textures/soil/rock_ice_flat.png
terrain,polar_rock_ice_hill_ew1,polar,../textures/soil/rock_ice_hill.dds
terrain,polar_rock_ice_hill_ew2,polar,../textures/soil/rock_ice_hill.dds
terrain,polar_rock_ice_hill_ew3,polar,../textures/soil/rock_ice_hill.dds
terrain,polar_rock_ice_hill_ew4,polar,../textures/soil/rock_ice_hill.dds
terrain,polar_rock_ice_hill_ew_av,polar,../textures/soil/rock_ice_hill.png
terrain,polar_rock_ice_hill_n1,polar,../textures/soil/rock_ice_hill.dds
terrain,polar_rock_ice_hill_n2,polar,../textures/soil/rock_ice_hill.dds
terrain,polar_rock_ice_hill_n3,polar,../textures/soil/rock_ice_hill.dds
terrain,polar_rock_ice_hill_n4,polar,../textures/soil/rock_ice_hill.dds
terrain,polar_rock_ice_hill_n_av,polar,../textures/soil/rock_ice_hill.png
terrain,polar_rock_ice_hill_s1,polar,../textures/soil/rock_ice_hill.dds
terrain,polar_rock_ice_hill_s2,polar,../textures/soil/rock_ice_hill.dds
terrain,polar_rock_ice_hill_s3,polar,../textures/soil/rock_ice_hill.dds
terrain,polar_rock_ice_hill_s4,polar,../textures/soil/rock_ice_hill.dds
terrain,polar_rock_ice_hill_s_av,polar,../textures/soil/rock_ice_hill.png
terrain,polar_tundra_flat,polar,../textures/loveg/upland_tundra_flat.dds
terrain,polar_tundra_flat1,polar,../textures/loveg/upland_tundra_flat.png
terrain,polar_tundra_flat2,polar,../textures/loveg/upland_tundra_flat.png
terrain,polar_tundra_flat3,polar,../textures/loveg/upland_tundra_flat.png
terrain,polar_tundra_flat4,polar,../textures/loveg/upland_tundra_flat.png
terrain,polar_tundra_flat_low,polar,../textures/loveg/sdesert_cold_sflat.dds
terrain,polar_tundra_flat_mid,polar,../textures/loveg/upland_tundra_flat.dds
terrain,polar_tundra_flat_top,polar,../textures/loveg/grassland_cold_sdry.dds
terrain,polar_tundra_grass_flat1,polar,../textures/loveg/sdesert_cold_flat.png
terrain,polar_tundra_grass_flat2,polar,../textures/loveg/sdesert_cold_flat.png
terrain,polar_tundra_grass_flat3,polar,../textures/loveg/sdesert_cold_flat.png
terrain,polar_tundra_grass_flat4,polar,../textures/loveg/sdesert_cold_flat.png
terrain,polar_tundra_grass_hill,polar,../textures/loveg/sdesert_cold_hill.png
terrain,polar_tundra_hill,polar,../textures/loveg/upland_tundra_hill.dds
terrain,polar_tundra_lo_hill,polar,../textures/loveg/sdesert_cold_hill.dds
terrain,polar_tundra_rock1,polar,../textures/soil/rock_dark_tan_dry.dds
terrain,polar_tundra_rock2,polar,../textures/soil/rock_dark_tan_dry.dds
terrain,polar_tundra_rock3,polar,../textures/soil/rock_dark_tan_dry.dds
terrain,polar_tundra_rock4,polar,../textures/soil/rock_dark_tan_dry.dds
terrain,polar_tundra_rock_av,polar,../textures/soil/rock_dark_tan_dry.png
terrain,polar_tundra_sflat,polar,../textures/loveg/grass_cold.dds
terrain,polar_tundra_steep,polar,../textures/loveg/upland_tundra_steep.dds
terrain,polar_utundra_flat,polar,../textures/loveg/grass_cold.dds
terrain,polar_utundra_hill1,polar,../textures/loveg/upland_tundra_hill.dds
terrain,polar_utundra_hill2,polar,../textures/loveg/upland_tundra_hill.dds
terrain,polar_utundra_hill3,polar,../textures/loveg/upland_tundra_hill.dds
terrain,polar_utundra_hill4,polar,../textures/loveg/upland_tundra_hill.dds
terrain,polar_utundra_hill_av,polar,../textures/loveg/upland_tundra_hill.png
terrain,polar_utundra_sflat1,polar,../textures/loveg/upland_tundra_flat.dds
terrain,polar_utundra_sflat2,polar,../textures/loveg/upland_tundra_flat.dds
terrain,polar_utundra_sflat3,polar,../textures/loveg/upland_tundra_flat.dds
terrain,polar_utundra_sflat4,polar,../textures/loveg/upland_tundra_flat.dds
terrain,polar_utundra_sflat_av,polar,../textures/loveg/upland_tundra_flat.png
terrain,rainf_crp_irr1,rainf,../textures/human/rainf_crp.dds
terrain,rainf_crp_irr2,rainf,../textures/human/rainf_crp.dds
terrain,rainf_crp_irr3,rainf,../textures/human/rainf_crp.dds
terrain,rainf_crp_irr4,rainf,../textures/human/rainf_crp.dds
terrain,rainf_crp_irr_av,rainf,../textures/human/rainf_crp.dds
terrain,rainf_crp_sq1,rainf,../textures/human/rainf_crp.dds
terrain,rainf_crp_sq2,rainf,../textures/human/rainf_crp.dds
terrain,rainf_crp_sq3,rainf,../textures/human/rainf_crp.dds
terrain,rainf_crp_sq4,rainf,../textures/human/rainf_crp.dds
terrain,rainf_crp_sq_av,rainf,../textures/human/rainf_crp.dds
terrain,rainf_crphill_irr1,rainf,../textures/human/rainf_crp.dds
terrain,rainf_crphill_irr2,rainf,../textures/human/rainf_crp.dds
terrain,rainf_crphill_irr3,rainf,../textures/human/rainf_crp.dds
terrain,rainf_crphill_irr4,rainf,../textures/human/rainf_crp.dds
terrain,rainf_crphill_irr_av,rainf,../textures/human/rainf_crp.dds
terrain,rainf_crphill_sq1,rainf,../textures/human/rainf_crp.dds
terrain,rainf_crphill_sq2,rainf,../textures/human/rainf_crp.dds
terrain,rainf_crphill_sq3,rainf,../textures/human/rainf_crp.dds
terrain,rainf_crphill_sq4,rainf,../textures/human/rainf_crp.dds
terrain,rainf_crphill_sq_av,rainf,../textures/human/rainf_crp.dds
terrain,rainf_crptwn_irr1,rainf,../textures/human/rainf_crp.dds
terrain,rainf_crptwn_irr2,rainf,../textures/human/rainf_crp.dds
terrain,rainf_crptwn_irr3,rainf,../textures/human/rainf_crp.dds
terrain,rainf_crptwn_irr4,rainf,../textures/human/rainf_crp.dds
terrain,rainf_crptwn_irr_av,rainf,../textures/human/rainf_crp.dds
terrain,rainf_crptwn_sq1,rainf,../textures/human/rainf_crp.dds
terrain,rainf_crptwn_sq2,rainf,../textures/human/rainf_crp.dds
terrain,rainf_crptwn_sq3,rainf,../textures/human/rainf_crp.dds
terrain,rainf_crptwn_sq4,rainf,../textures/human/rainf_crp.dds
terrain,rainf_crptwn_sq_av,rainf,../textures/human/rainf_crp.dds
terrain,rainf_crptwnhill_irr1,rainf,../textures/human/rainf_crp.dds
terrain,rainf_crptwnhill_irr2,rainf,../textures/human/rainf_crp.dds
terrain,rainf_crptwnhill_irr3,rainf,../textures/human/rainf_crp.dds
terrain,rainf_crptwnhill_irr4,rainf,../textures/human/rainf_crp.dds
terrain,rainf_crptwnhill_irr_av,rainf,../textures/human/rainf_crp.dds
terrain,rainf_crptwnhill_sq1,rainf,../textures/human/rainf_crp.dds
terrain,rainf_crptwnhill_sq2,rainf,../textures/human/rainf_crp.dds
terrain,rainf_crptwnhill_sq3,rainf,../textures/human/rainf_crp.dds
terrain,rainf_crptwnhill_sq4,rainf,../textures/human/rainf_crp.dds
terrain,rainf_crptwnhill_sq_av,rainf,../textures/human/rainf_crp.dds
terrain,rainforest_flat1,rainforest,../textures/loveg/rainforest_grass.dds
terrain,rainforest_flat2,rainforest,../textures/loveg/rainforest_grass.dds
terrain,rainforest_flat3,rainforest,../textures/loveg/rainforest_grass.dds
terrain,rainforest_flat4,rainforest,../textures/loveg/rainforest_grass.dds
terrain,rainforest_flat_av,rainforest,../textures/loveg/rainforest_grass.dds
terrain,rainforest_flat_low,rainforest,../textures/hiveg/rainforest_flat.dds
terrain,rainforest_flat_low1,rainforest,../textures/hiveg/rainforest_flat.png
terrain,rainforest_flat_low2,rainforest,../textures/hiveg/rainforest_flat.png
terrain,rainforest_flat_low3,rainforest,../textures/hiveg/rainforest_flat.png
terrain,rainforest_flat_low4,rainforest,../textures/hiveg/rainforest_flat.png
terrain,rainforest_flat_mid,rainforest,../textures/hiveg/rainforest_hill.dds
terrain,rainforest_flat_mid1,rainforest,../textures/hiveg/rainforest_hill.png
terrain,rainforest_flat_mid2,rainforest,../textures/hiveg/rainforest_hill.png
terrain,rainforest_flat_mid3,rainforest,../textures/hiveg/rainforest_hill.png
terrain,rainforest_flat_mid4,rainforest,../textures/hiveg/rainforest_hill.png
terrain,rainforest_flat_top,rainforest,../textures/loveg/rainforest_grass.dds
terrain,rainforest_flat_top1,rainforest,../textures/loveg/rainforest_grass.png
terrain,rainforest_flat_top2,rainforest,../textures/loveg/rainforest_grass.png
terrain,rainforest_flat_top3,rainforest,../textures/loveg/rainforest_grass.png
terrain,rainforest_flat_top4,rainforest,../textures/loveg/rainforest_grass.png
terrain,rainforest_hill,rainforest,../textures/hiveg/rainforest_hill.dds
terrain,rainforest_sflat,rainforest,../textures/hiveg/rainforest_sflat.png
terrain,rainforest_sflat1,rainforest,../textures/hiveg/rainforest_sflat.dds
terrain,rainforest_sflat2,rainforest,../textures/hiveg/rainforest_sflat.dds
terrain,rainforest_sflat3,rainforest,../textures/hiveg/rainforest_sflat.dds
terrain,rainforest_sflat4,rainforest,../textures/hiveg/rainforest_sflat.dds
terrain,rainforest_sflat_av,rainforest,../textures/hiveg/rainforest_sflat.dds
terrain,rainforest_steep,rainforest,../textures/hiveg/rainforest_steep.dds
terrain,rock_flat_dry1,rock,../textures/soil/rock_flat_dry.dds
terrain,rock_flat_dry2,rock,../textures/soil/rock_flat_dry.dds
terrain,rock_flat_dry3,rock,../textures/soil/rock_flat_dry.dds
terrain,rock_flat_dry4,rock,../textures/soil/rock_flat_dry.dds
terrain,rock_flat_dry_av,rock,../textures/soil/rock_flat_dry.png
terrain,rock_flat_dry_ew1,rock,../textures/soil/rock_flat_dry.png
terrain,rock_flat_dry_ew2,rock,../textures/soil/rock_flat_dry.png
terrain,rock_flat_dry_ew3,rock,../textures/soil/rock_flat_dry.png
terrain,rock_flat_dry_ew4,rock,../textures/soil/rock_flat_dry.png
terrain,rock_flat_dry_low1,rock,../textures/soil/desert_cold_flat.dds
terrain,rock_flat_dry_low2,rock,../textures/soil/desert_cold_flat.dds
terrain,rock_flat_dry_low3,rock,../textures/soil/desert_cold_flat.dds
terrain,rock_flat_dry_low4,rock,../textures/soil/desert_cold_flat.dds
terrain,rock_flat_dry_low_av,rock,../textures/soil/desert_cold_flat.png
terrain,rock_flat_dry_mid1,rock,../textures/soil/desert_cold_sflat.dds
terrain,rock_flat_dry_mid2,rock,../textures/soil/desert_cold_sflat.dds
terrain,rock_flat_dry_mid3,rock,../textures/soil/desert_cold_sflat.dds
terrain,rock_flat_dry_mid4,rock,../textures/soil/desert_cold_sflat.dds
terrain,rock_flat_dry_mid_av,rock,../textures/soil/desert_cold_sflat.png
terrain,rock_flat_dry_n1,rock,../textures/soil/rock_flat_dry.png
terrain,rock_flat_dry_n2,rock,../textures/soil/rock_flat_dry.png
terrain,rock_flat_dry_n3,rock,../textures/soil/rock_flat_dry.png
terrain,rock_flat_dry_n4,rock,../textures/soil/rock_flat_dry.png
terrain,rock_flat_dry_s1,rock,../textures/soil/rock_flat_dry.png
terrain,rock_flat_dry_s2,rock,../textures/soil/rock_flat_dry.png
terrain,rock_flat_dry_s3,rock,../textures/soil/rock_flat_dry.png
terrain,rock_flat_dry_s4,rock,../textures/soil/rock_flat_dry.png
terrain,rock_flat_dry_top1,rock,../textures/soil/desert_cold_hill.dds
terrain,rock_flat_dry_top2,rock,../textures/soil/desert_cold_hill.dds
terrain,rock_flat_dry_top3,rock,../textures/soil/desert_cold_hill.dds
terrain,rock_flat_dry_top4,rock,../textures/soil/desert_cold_hill.dds
terrain,rock_flat_dry_top_av,rock,../textures/soil/desert_cold_hill.png
terrain,rock_flat_ew1,rock,../textures/soil/rock_flat.dds
terrain,rock_flat_ew2,rock,../textures/soil/rock_flat.dds
terrain,rock_flat_ew3,rock,../textures/soil/rock_flat.dds
terrain,rock_flat_ew4,rock,../textures/soil/rock_flat.dds
terrain,rock_flat_ew_av,rock,../textures/soil/rock_flat.dds
terrain,rock_flat_n1,rock,../textures/soil/rock_flat.dds
terrain,rock_flat_n2,rock,../textures/soil/rock_flat.dds
terrain,rock_flat_n3,rock,../textures/soil/rock_flat.dds
terrain,rock_flat_n4,rock,../textures/soil/rock_flat.dds
terrain,rock_flat_n_av,rock,../textures/soil/rock_flat.dds
terrain,rock_flat_s1,rock,../textures/soil/rock_flat.dds
terrain,rock_flat_s2,rock,../textures/soil/rock_flat.dds
terrain,rock_flat_s3,rock,../textures/soil/rock_flat.dds
terrain,rock_flat_s4,rock,../textures/soil/rock_flat.dds
terrain,rock_flat_s_av,rock,../textures/soil/rock_flat.dds
terrain,rock_flat_sdry_ew1,rock,../textures/soil/rock_flat_sdry.dds
terrain,rock_flat_sdry_ew2,rock,../textures/soil/rock_flat_sdry.dds
terrain,rock_flat_sdry_ew3,rock,../textures/soil/rock_flat_sdry.dds
terrain,rock_flat_sdry_ew4,rock,../textures/soil/rock_flat_sdry.dds
terrain,rock_flat_sdry_ew_av,rock,../textures/soil/rock_flat_sdry.dds
terrain,rock_flat_sdry_n1,rock,../textures/soil/rock_flat_sdry.dds
terrain,rock_flat_sdry_n2,rock,../textures/soil/rock_flat_sdry.dds
terrain,rock_flat_sdry_n3,rock,../textures/soil/rock_flat_sdry.dds
terrain,rock_flat_sdry_n4,rock,../textures/soil/rock_flat_sdry.dds
terrain,rock_flat_sdry_n_av,rock,../textures/soil/rock_flat_sdry.dds
terrain,rock_flat_sdry_s1,rock,../textures/soil/rock_flat_sdry.dds
terrain,rock_flat_sdry_s2,rock,../textures/soil/rock_flat_sdry.dds
terrain,rock_flat_sdry_s3,rock,../textures/soil/rock_flat_sdry.dds
terrain,rock_flat_sdry_s4,rock,../textures/soil/rock_flat_sdry.dds
terrain,rock_flat_sdry_s_av,rock,../textures/soil/rock_flat_sdry.dds
terrain,rock_flat_wet_ew1,rock,../textures/soil/rock_flat.dds
terrain,rock_flat_wet_ew2,rock,../textures/soil/rock_flat.dds
terrain,rock_flat_wet_ew3,rock,../textures/soil/rock_flat.dds
terrain,rock_flat_wet_ew4,rock,../textures/soil/rock_flat.dds
terrain,rock_flat_wet_ew_av,rock,../textures/soil/rock_flat.dds
terrain,rock_flat_wet_n1,rock,../textures/soil/rock_flat.dds
terrain,rock_flat_wet_n2,rock,../textures/soil/rock_flat.dds
terrain,rock_flat_wet_n3,rock,../textures/soil/rock_flat.dds
terrain,rock_flat_wet_n4,rock,../textures/soil/rock_flat.dds
terrain,rock_flat_wet_n_av,rock,../textures/soil/rock_flat.dds
terrain,rock_flat_wet_s1,rock,../textures/soil/rock_flat.dds
terrain,rock_flat_wet_s2,rock,../textures/soil/rock_flat.dds
terrain,rock_flat_wet_s3,rock,../textures/soil/rock_flat.dds
terrain,rock_flat_wet_s4,rock,../textures/soil/rock_flat.dds
terrain,rock_flat_wet_s_av,rock,../textures/soil/rock_flat.dds
terrain,rock_hill_dry1,rock,../textures/soil/rock_hill_dry.dds
terrain,rock_hill_dry2,rock,../textures/soil/rock_hill_dry.dds
terrain,rock_hill_dry3,rock,../textures/soil/rock_hill_dry.dds
terrain,rock_hill_dry4,rock,../textures/soil/rock_hill_dry.dds
terrain,rock_hill_dry_av,rock,../textures/soil/rock_hill_dry.png
terrain,rock_hill_dry_ew1,rock,../textures/soil/rock_hill_dry.png
terrain,rock_hill_dry_ew2,rock,../textures/soil/rock_hill_dry.png
terrain,rock_hill_dry_ew3,rock,../textures/soil/rock_hill_dry.png
terrain,rock_hill_dry_ew4,rock,../textures/soil/rock_hill_dry.png
terrain,rock_hill_dry_n1,rock,../textures/soil/rock_hill_dry.png
terrain,rock_hill_dry_n2,rock,../textures/soil/rock_hill_dry.png
terrain,rock_hill_dry_n3,rock,../textures/soil/rock_hill_dry.png
terrain,rock_hill_dry_n4,rock,../textures/soil/rock_hill_dry.png
terrain,rock_hill_dry_s1,rock,../textures/soil/rock_hill_dry.png
terrain,rock_hill_dry_s2,rock,../textures/soil/rock_hill_dry.png
terrain,rock_hill_dry_s3,rock,../textures/soil/rock_hill_dry.png
terrain,rock_hill_dry_s4,rock,../textures/soil/rock_hill_dry.png
terrain,rock_hill_ew1,rock,../textures/soil/rock.dds
terrain,rock_hill_ew2,rock,../textures/soil/rock.dds
terrain,rock_hill_ew3,rock,../textures/soil/rock.dds
terrain,rock_hill_ew4,rock,../textures/soil/rock.dds
terrain,rock_hill_ew_av,rock,../textures/soil/rock.png
terrain,rock_hill_n1,rock,../textures/soil/rock.dds
terrain,rock_hill_n2,rock,../textures/soil/rock.dds
terrain,rock_hill_n3,rock,../textures/soil/rock.dds
terrain,rock_hill_n4,rock,../textures/soil/rock.dds
terrain,rock_hill_n_av,rock,../textures/soil/rock.png
terrain,rock_hill_s1,rock,../textures/soil/rock.dds
terrain,rock_hill_s2,rock,../textures/soil/rock.dds
terrain,rock_hill_s3,rock,../textures/soil/rock.dds
terrain,rock_hill_s4,rock,../textures/soil/rock.dds
terrain,rock_hill_s_av,rock,../textures/soil/rock.png
terrain,rock_hill_sdry_ew1,rock,../textures/soil/rock_hill_sdry.dds
terrain,rock_hill_sdry_ew2,rock,../textures/soil/rock_hill_sdry.dds
terrain,rock_hill_sdry_ew3,rock,../textures/soil/rock_hill_sdry.dds
terrain,rock_hill_sdry_ew4,rock,../textures/soil/rock_hill_sdry.dds
terrain,rock_hill_sdry_ew_av,rock,../textures/soil/rock_hill_sdry.png
terrain,rock_hill_sdry_n1,rock,../textures/soil/rock_hill_sdry.dds
terrain,rock_hill_sdry_n2,rock,../textures/soil/rock_hill_sdry.dds
terrain,rock_hill_sdry_n3,rock,../textures/soil/rock_hill_sdry.dds
terrain,rock_hill_sdry_n4,rock,../textures/soil/rock_hill_sdry.dds
terrain,rock_hill_sdry_n_av,rock,../textures/soil/rock_hill_sdry.png
terrain,rock_hill_sdry_s1,rock,../textures/soil/rock_hill_sdry.dds
terrain,rock_hill_sdry_s2,rock,../textures/soil/rock_hill_sdry.dds
terrain,rock_hill_sdry_s3,rock,../textures/soil/rock_hill_sdry.dds
terrain,rock_hill_sdry_s4,rock,../textures/soil/rock_hill_sdry.dds
terrain,rock_hill_sdry_s_av,rock,../textures/soil/rock_hill_sdry.png
terrain,rock_hill_wet_ew1,rock,../textures/soil/rock_hill.dds
terrain,rock_hill_wet_ew2,rock,../textures/soil/rock_hill.dds
terrain,rock_hill_wet_ew3,rock,../textures/soil/rock_hill.dds
terrain,rock_hill_wet_ew4,rock,../textures/soil/rock_hill.dds
terrain,rock_hill_wet_ew_av,rock,../textures/soil/rock_hill.png
terrain,rock_hill_wet_n1,rock,../textures/soil/rock_hill.dds
terrain,rock_hill_wet_n2,rock,../textures/soil/rock_hill.dds
terrain,rock_hill_wet_n3,rock,../textures/soil/rock_hill.dds
terrain,rock_hill_wet_n4,rock,../textures/soil/rock_hill.dds
terrain,rock_hill_wet_n_av,rock,../textures/soil/rock_hill.png
terrain,rock_hill_wet_s1,rock,../textures/soil/rock_hill.dds
terrain,rock_hill_wet_s2,rock,../textures/soil/rock_hill.dds
terrain,rock_hill_wet_s3,rock,../textures/soil/rock_hill.dds
terrain,rock_hill_wet_s4,rock,../textures/soil/rock_hill.dds
terrain,rock_hill_wet_s_av,rock,../textures/soil/rock_hill.png
terrain,rock_ice_flat_dry_ew,rock,../textures/soil/rock_ice_flat_dry.dds
terrain,rock_ice_flat_dry_ew1,rock,../textures/soil/rock_ice_flat_dry.png
terrain,rock_ice_flat_dry_ew2,rock,../textures/soil/rock_ice_flat_dry.png
terrain,rock_ice_flat_dry_ew3,rock,../textures/soil/rock_ice_flat_dry.png
terrain,rock_ice_flat_dry_ew4,rock,../textures/soil/rock_ice_flat_dry.png
terrain,rock_ice_flat_dry_n,rock,../textures/soil/rock_ice_flat_dry.dds
terrain,rock_ice_flat_dry_n1,rock,../textures/soil/rock_ice_flat_dry.png
terrain,rock_ice_flat_dry_n2,rock,../textures/soil/rock_ice_flat_dry.png
terrain,rock_ice_flat_dry_n3,rock,../textures/soil/rock_ice_flat_dry.png
terrain,rock_ice_flat_dry_n4,rock,../textures/soil/rock_ice_flat_dry.png
terrain,rock_ice_flat_dry_s,rock,../textures/soil/rock_ice_flat_dry.dds
terrain,rock_ice_flat_dry_s1,rock,../textures/soil/rock_ice_flat_dry.png
terrain,rock_ice_flat_dry_s2,rock,../textures/soil/rock_ice_flat_dry.png
terrain,rock_ice_flat_dry_s3,rock,../textures/soil/rock_ice_flat_dry.png
terrain,rock_ice_flat_dry_s4,rock,../textures/soil/rock_ice_flat_dry.png
terrain,rock_ice_flat_ew1,rock,../textures/soil/rock_ice_flat.dds
terrain,rock_ice_flat_ew2,rock,../textures/soil/rock_ice_flat.dds
terrain,rock_ice_flat_ew3,rock,../textures/soil/rock_ice_flat.dds
terrain,rock_ice_flat_ew4,rock,../textures/soil/rock_ice_flat.dds
terrain,rock_ice_flat_ew_av,rock,../textures/soil/rock_ice_flat.dds
terrain,rock_ice_flat_n1,rock,../textures/soil/rock_ice_flat.dds
terrain,rock_ice_flat_n2,rock,../textures/soil/rock_ice_flat.dds
terrain,rock_ice_flat_n3,rock,../textures/soil/rock_ice_flat.dds
terrain,rock_ice_flat_n4,rock,../textures/soil/rock_ice_flat.dds
terrain,rock_ice_flat_n_av,rock,../textures/soil/rock_ice_flat.dds
terrain,rock_ice_flat_s1,rock,../textures/soil/rock_ice_flat.dds
terrain,rock_ice_flat_s2,rock,../textures/soil/rock_ice_flat.dds
terrain,rock_ice_flat_s3,rock,../textures/soil/rock_ice_flat.dds
terrain,rock_ice_flat_s4,rock,../textures/soil/rock_ice_flat.dds
terrain,rock_ice_flat_s_av,rock,../textures/soil/rock_ice_flat.dds
terrain,rock_ice_flat_sdry_ew1,rock,../textures/soil/rock_ice_flat_sdry.dds
terrain,rock_ice_flat_sdry_ew2,rock,../textures/soil/rock_ice_flat_sdry.dds
terrain,rock_ice_flat_sdry_ew3,rock,../textures/soil/rock_ice_flat_sdry.dds
terrain,rock_ice_flat_sdry_ew4,rock,../textures/soil/rock_ice_flat_sdry.dds
terrain,rock_ice_flat_sdry_ew_av,rock,../textures/soil/rock_ice_flat_sdry.dds
terrain,rock_ice_flat_sdry_n1,rock,../textures/soil/rock_ice_flat_sdry.dds
terrain,rock_ice_flat_sdry_n2,rock,../textures/soil/rock_ice_flat_sdry.dds
terrain,rock_ice_flat_sdry_n3,rock,../textures/soil/rock_ice_flat_sdry.dds
terrain,rock_ice_flat_sdry_n4,rock,../textures/soil/rock_ice_flat_sdry.dds
terrain,rock_ice_flat_sdry_n_av,rock,../textures/soil/rock_ice_flat_sdry.dds
terrain,rock_ice_flat_sdry_s1,rock,../textures/soil/rock_ice_flat_sdry.dds
terrain,rock_ice_flat_sdry_s2,rock,../textures/soil/rock_ice_flat_sdry.dds
terrain,rock_ice_flat_sdry_s3,rock,../textures/soil/rock_ice_flat_sdry.dds
terrain,rock_ice_flat_sdry_s4,rock,../textures/soil/rock_ice_flat_sdry.dds
terrain,rock_ice_flat_sdry_s_av,rock,../textures/soil/rock_ice_flat_sdry.dds
terrain,rock_ice_flat_wet_ew1,rock,../textures/soil/rock_ice_flat.dds
terrain,rock_ice_flat_wet_ew2,rock,../textures/soil/rock_ice_flat.dds
terrain,rock_ice_flat_wet_ew3,rock,../textures/soil/rock_ice_flat.dds
terrain,rock_ice_flat_wet_ew4,rock,../textures/soil/rock_ice_flat.dds
terrain,rock_ice_flat_wet_ew_av,rock,../textures/soil/rock_ice_flat.dds
terrain,rock_ice_flat_wet_n1,rock,../textures/soil/rock_ice_flat.dds
terrain,rock_ice_flat_wet_n2,rock,../textures/soil/rock_ice_flat.dds
terrain,rock_ice_flat_wet_n3,rock,../textures/soil/rock_ice_flat.dds
terrain,rock_ice_flat_wet_n4,rock,../textures/soil/rock_ice_flat.dds
terrain,rock_ice_flat_wet_n_av,rock,../textures/soil/rock_ice_flat.dds
terrain,rock_ice_flat_wet_s1,rock,../textures/soil/rock_ice_flat.dds
terrain,rock_ice_flat_wet_s2,rock,../textures/soil/rock_ice_flat.dds
terrain,rock_ice_flat_wet_s3,rock,../textures/soil/rock_ice_flat.dds
terrain,rock_ice_flat_wet_s4,rock,../textures/soil/rock_ice_flat.dds
terrain,rock_ice_flat_wet_s_av,rock,../textures/soil/rock_ice_flat.dds
terrain,rock_ice_hill_dry_ew1,rock,../textures/soil/rock_ice_hill_dry.dds
terrain,rock_ice_hill_dry_ew2,rock,../textures/soil/rock_ice_hill_dry.dds
terrain,rock_ice_hill_dry_ew3,rock,../textures/soil/rock_ice_hill_dry.dds
terrain,rock_ice_hill_dry_ew4,rock,../textures/soil/rock_ice_hill_dry.dds
terrain,rock_ice_hill_dry_ew_av,rock,../textures/soil/rock_ice_hill_dry.png
terrain,rock_ice_hill_dry_n1,rock,../textures/soil/rock_ice_hill_dry.dds
terrain,rock_ice_hill_dry_n2,rock,../textures/soil/rock_ice_hill_dry.dds
terrain,rock_ice_hill_dry_n3,rock,../textures/soil/rock_ice_hill_dry.dds
terrain,rock_ice_hill_dry_n4,rock,../textures/soil/rock_ice_hill_dry.dds
terrain,rock_ice_hill_dry_n_av,rock,../textures/soil/rock_ice_hill_dry.png
terrain,rock_ice_hill_dry_s1,rock,../textures/soil/rock_ice_hill_dry.dds
terrain,rock_ice_hill_dry_s2,rock,../textures/soil/rock_ice_hill_dry.dds
terrain,rock_ice_hill_dry_s3,rock,../textures/soil/rock_ice_hill_dry.dds
terrain,rock_ice_hill_dry_s4,rock,../textures/soil/rock_ice_hill_dry.dds
terrain,rock_ice_hill_dry_s_av,rock,../textures/soil/rock_ice_hill_dry.png
terrain,rock_ice_hill_ew1,rock,../textures/soil/rock_ice_hill.dds
terrain,rock_ice_hill_ew2,rock,../textures/soil/rock_ice_hill.dds
terrain,rock_ice_hill_ew3,rock,../textures/soil/rock_ice_hill.dds
terrain,rock_ice_hill_ew4,rock,../textures/soil/rock_ice_hill.dds
terrain,rock_ice_hill_ew_av,rock,../textures/soil/rock_ice_hill.png
terrain,rock_ice_hill_n1,rock,../textures/soil/rock_ice_hill.dds
terrain,rock_ice_hill_n2,rock,../textures/soil/rock_ice_hill.dds
terrain,rock_ice_hill_n3,rock,../textures/soil/rock_ice_hill.dds
terrain,rock_ice_hill_n4,rock,../textures/soil/rock_ice_hill.dds
terrain,rock_ice_hill_n_av,rock,../textures/soil/rock_ice_hill.png
terrain,rock_ice_hill_s1,rock,../textures/soil/rock_ice_hill.dds
terrain,rock_ice_hill_s2,rock,../textures/soil/rock_ice_hill.dds
terrain,rock_ice_hill_s3,rock,../textures/soil/rock_ice_hill.dds
terrain,rock_ice_hill_s4,rock,../textures/soil/rock_ice_hill.dds
terrain,rock_ice_hill_s_av,rock,../textures/soil/rock_ice_hill.png
terrain,rock_ice_hill_sdry_ew1,rock,../textures/soil/rock_ice_hill_sdry.dds
terrain,rock_ice_hill_sdry_ew2,rock,../textures/soil/rock_ice_hill_sdry.dds
terrain,rock_ice_hill_sdry_ew3,rock,../textures/soil/rock_ice_hill_sdry.dds
terrain,rock_ice_hill_sdry_ew4,rock,../textures/soil/rock_ice_hill_sdry.dds
terrain,rock_ice_hill_sdry_ew_av,rock,../textures/soil/rock_ice_hill_sdry.png
terrain,rock_ice_hill_sdry_n1,rock,../textures/soil/rock_ice_hill_sdry.dds
terrain,rock_ice_hill_sdry_n2,rock,../textures/soil/rock_ice_hill_sdry.dds
terrain,rock_ice_hill_sdry_n3,rock,../textures/soil/rock_ice_hill_sdry.dds
terrain,rock_ice_hill_sdry_n4,rock,../textures/soil/rock_ice_hill_sdry.dds
terrain,rock_ice_hill_sdry_n_av,rock,../textures/soil/rock_ice_hill_sdry.png
terrain,rock_ice_hill_sdry_s1,rock,../textures/soil/rock_ice_hill_sdry.dds
terrain,rock_ice_hill_sdry_s2,rock,../textures/soil/rock_ice_hill_sdry.dds
terrain,rock_ice_hill_sdry_s3,rock,../textures/soil/rock_ice_hill_sdry.dds
terrain,rock_ice_hill_sdry_s4,rock,../textures/soil/rock_ice_hill_sdry.dds
terrain,rock_ice_hill_sdry_s_av,rock,../textures/soil/rock_ice_hill_sdry.png
terrain,rock_ice_hill_wet_ew1,rock,../textures/soil/rock_ice_hill.dds
terrain,rock_ice_hill_wet_ew2,rock,../textures/soil/rock_ice_hill.dds
terrain,rock_ice_hill_wet_ew3,rock,../textures/soil/rock_ice_hill.dds
terrain,rock_ice_hill_wet_ew4,rock,../textures/soil/rock_ice_hill.dds
terrain,rock_ice_hill_wet_ew_av,rock,../textures/soil/rock_ice_hill.png
terrain,rock_ice_hill_wet_n1,rock,../textures/soil/rock_ice_hill.dds
terrain,rock_ice_hill_wet_n2,rock,../textures/soil/rock_ice_hill.dds
terrain,rock_ice_hill_wet_n3,rock,../textures/soil/rock_ice_hill.dds
terrain,rock_ice_hill_wet_n4,rock,../textures/soil/rock_ice_hill.dds
terrain,rock_ice_hill_wet_n_av,rock,../textures/soil/rock_ice_hill.png
terrain,rock_ice_hill_wet_s1,rock,../textures/soil/rock_ice_hill.dds
terrain,rock_ice_hill_wet_s2,rock,../textures/soil/rock_ice_hill.dds
terrain,rock_ice_hill_wet_s3,rock,../textures/soil/rock_ice_hill.dds
terrain,rock_ice_hill_wet_s4,rock,../textures/soil/rock_ice_hill.dds
terrain,rock_ice_hill_wet_s_av,rock,../textures/soil/rock_ice_hill.png
terrain,scree_hiland1,scree,../textures/soil/scree.dds
terrain,scree_hiland2,scree,../textures/soil/scree.dds
terrain,scree_hiland3,scree,../textures/soil/scree.dds
terrain,scree_hiland4,scree,../textures/soil/scree.dds
terrain,scree_hiland_av,scree,../textures/soil/scree.png
terrain,scree_hiland_dry1,scree,../textures/soil/scree_dry.dds
terrain,scree_hiland_dry2,scree,../textures/soil/scree_dry.dds
terrain,scree_hiland_dry3,scree,../textures/soil/scree_dry.dds
terrain,scree_hiland_dry4,scree,../textures/soil/scree_dry.dds
terrain,scree_hiland_dry_av,scree,../textures/soil/scree_dry.png
terrain,scree_hiland_sdry1,scree,../textures/soil/scree_sdry.dds
terrain,scree_hiland_sdry2,scree,../textures/soil/scree_sdry.dds
terrain,scree_hiland_sdry3,scree,../textures/soil/scree_sdry.dds
terrain,scree_hiland_sdry4,scree,../textures/soil/scree_sdry.dds
terrain,scree_hiland_sdry_av,scree,../textures/soil/scree_sdry.png
terrain,sdesert2_cold_flat1,sdesert2,../textures/loveg/shrub_cool_flat_dry.dds
terrain,sdesert2_cold_flat2,sdesert2,../textures/loveg/shrub_cool_flat_dry.dds
terrain,sdesert2_cold_flat3,sdesert2,../textures/loveg/shrub_cool_flat_dry.dds
terrain,sdesert2_cold_flat4,sdesert2,../textures/loveg/shrub_cool_flat_dry.dds
terrain,sdesert2_cold_flat_av,sdesert2,../textures/loveg/shrub_cool_flat_dry.dds
terrain,sdesert2_cold_hill_ews,sdesert2,../textures/loveg/shrub_cool_hill_dry.dds
terrain,sdesert2_cold_hill_ews1,sdesert2,../textures/loveg/shrub_cool_hill_dry.png
terrain,sdesert2_cold_hill_ews2,sdesert2,../textures/loveg/shrub_cool_hill_dry.png
terrain,sdesert2_cold_hill_ews3,sdesert2,../textures/loveg/shrub_cool_hill_dry.png
terrain,sdesert2_cold_hill_ews4,sdesert2,../textures/loveg/shrub_cool_hill_dry.png
terrain,sdesert2_cold_hill_n,sdesert2,../textures/hiveg/conifer_hill_dry.dds
terrain,sdesert2_cold_hill_n1,sdesert2,../textures/hiveg/conifer_hill_dry.png
terrain,sdesert2_cold_hill_n2,sdesert2,../textures/hiveg/conifer_hill_dry.png
terrain,sdesert2_cold_hill_n3,sdesert2,../textures/hiveg/conifer_hill_dry.png
terrain,sdesert2_cold_hill_n4,sdesert2,../textures/hiveg/conifer_hill_dry.png
terrain,sdesert2_cold_rock1,sdesert2,../textures/soil/rock_dry.dds
terrain,sdesert2_cold_rock2,sdesert2,../textures/soil/rock_dry.dds
terrain,sdesert2_cold_rock3,sdesert2,../textures/soil/rock_dry.dds
terrain,sdesert2_cold_rock4,sdesert2,../textures/soil/rock_dry.dds
terrain,sdesert2_cold_rock_av,sdesert2,../textures/soil/rock_dry.png
terrain,sdesert2_cold_scree1,sdesert2,../textures/soil/scree_dry.dds
terrain,sdesert2_cold_scree2,sdesert2,../textures/soil/scree_dry.dds
terrain,sdesert2_cold_scree3,sdesert2,../textures/soil/scree_dry.dds
terrain,sdesert2_cold_scree4,sdesert2,../textures/soil/scree_dry.dds
terrain,sdesert2_cold_scree_av,sdesert2,../textures/soil/scree_dry.png
terrain,sdesert2_cold_sflat1,sdesert2,../textures/hiveg/conifer_sflat_dry.dds
terrain,sdesert2_cold_sflat2,sdesert2,../textures/hiveg/conifer_sflat_dry.dds
terrain,sdesert2_cold_sflat3,sdesert2,../textures/hiveg/conifer_sflat_dry.dds
terrain,sdesert2_cold_sflat4,sdesert2,../textures/hiveg/conifer_sflat_dry.dds
terrain,sdesert2_cold_sflat_av,sdesert2,../textures/hiveg/conifer_sflat_dry.dds
terrain,sdesert2_cold_steep_ews,sdesert2,../textures/loveg/shrub_cool_steep_dry.dds
terrain,sdesert2_cold_steep_n,sdesert2,../textures/hiveg/conifer_steep_dry.dds
terrain,sdesert_cold_flat1,sdesert,../textures/loveg/sdesert_cold_flat.dds
terrain,sdesert_cold_flat2,sdesert,../textures/loveg/sdesert_cold_flat.dds
terrain,sdesert_cold_flat3,sdesert,../textures/loveg/sdesert_cold_flat.dds
terrain,sdesert_cold_flat4,sdesert,../textures/loveg/sdesert_cold_flat.dds
terrain,sdesert_cold_flat_av,sdesert,../textures/loveg/sdesert_cold_flat.dds
terrain,sdesert_cold_hill_ews,sdesert,../textures/loveg/sdesert_cold_hill.dds
terrain,sdesert_cold_hill_ews1,sdesert,../textures/loveg/sdesert_cold_hill.png
terrain,sdesert_cold_hill_ews2,sdesert,../textures/loveg/sdesert_cold_hill.png
terrain,sdesert_cold_hill_ews3,sdesert,../textures/loveg/sdesert_cold_hill.png
terrain,sdesert_cold_hill_ews4,sdesert,../textures/loveg/sdesert_cold_hill.png
terrain,sdesert_cold_hill_n,sdesert,../textures/loveg/shrub_cool_hill_dry.dds
terrain,sdesert_cold_hill_n1,sdesert,../textures/loveg/shrub_cool_hill_dry.png
terrain,sdesert_cold_hill_n2,sdesert,../textures/loveg/shrub_cool_hill_dry.png
terrain,sdesert_cold_hill_n3,sdesert,../textures/loveg/shrub_cool_hill_dry.png
terrain,sdesert_cold_hill_n4,sdesert,../textures/loveg/shrub_cool_hill_dry.png
terrain,sdesert_cold_rock1,sdesert,../textures/soil/rock_dry.dds
terrain,sdesert_cold_rock2,sdesert,../textures/soil/rock_dry.dds
terrain,sdesert_cold_rock3,sdesert,../textures/soil/rock_dry.dds
terrain,sdesert_cold_rock4,sdesert,../textures/soil/rock_dry.dds
terrain,sdesert_cold_rock_av,sdesert,../textures/soil/rock_dry.png
terrain,sdesert_cold_scree1,sdesert,../textures/soil/scree_dry.dds
terrain,sdesert_cold_scree2,sdesert,../textures/soil/scree_dry.dds
terrain,sdesert_cold_scree3,sdesert,../textures/soil/scree_dry.dds
terrain,sdesert_cold_scree4,sdesert,../textures/soil/scree_dry.dds
terrain,sdesert_cold_scree_av,sdesert,../textures/soil/scree_dry.png
terrain,sdesert_cold_sflat1,sdesert,../textures/loveg/sdesert_cold_sflat.dds
terrain,sdesert_cold_sflat2,sdesert,../textures/loveg/sdesert_cold_sflat.dds
terrain,sdesert_cold_sflat3,sdesert,../textures/loveg/sdesert_cold_sflat.dds
terrain,sdesert_cold_sflat4,sdesert,../textures/loveg/sdesert_cold_sflat.dds
terrain,sdesert_cold_sflat_av,sdesert,../textures/loveg/sdesert_cold_sflat.dds
terrain,sdesert_cold_steep_ews,sdesert,../textures/loveg/sdesert_cold_steep.dds
terrain,sdesert_cold_steep_n,sdesert,../textures/loveg/shrub_cool_steep_dry.dds
terrain,sdesert_cool_flat1,sdesert,../textures/loveg/sdesert_cool_flat.dds
terrain,sdesert_cool_flat2,sdesert,../textures/loveg/sdesert_cool_flat.dds
terrain,sdesert_cool_flat3,sdesert,../textures/loveg/sdesert_cool_flat.dds
terrain,sdesert_cool_flat4,sdesert,../textures/loveg/sdesert_cool_flat.dds
terrain,sdesert_cool_flat_av,sdesert,../textures/loveg/sdesert_cool_flat.dds
terrain,sdesert_cool_hill_esw,sdesert,../textures/loveg/sdesert_cool_hill.dds
terrain,sdesert_cool_hill_esw1,sdesert,../textures/loveg/sdesert_cool_hill.png
terrain,sdesert_cool_hill_esw2,sdesert,../textures/loveg/sdesert_cool_hill.png
terrain,sdesert_cool_hill_esw3,sdesert,../textures/loveg/sdesert_cool_hill.png
terrain,sdesert_cool_hill_esw4,sdesert,../textures/loveg/sdesert_cool_hill.png
terrain,sdesert_cool_hill_n,sdesert,../textures/loveg/shrub_cool_hill_dry.dds
terrain,sdesert_cool_hill_n1,sdesert,../textures/loveg/shrub_cool_hill_dry.png
terrain,sdesert_cool_hill_n2,sdesert,../textures/loveg/shrub_cool_hill_dry.png
terrain,sdesert_cool_hill_n3,sdesert,../textures/loveg/shrub_cool_hill_dry.png
terrain,sdesert_cool_hill_n4,sdesert,../textures/loveg/shrub_cool_hill_dry.png
terrain,sdesert_cool_rock1,sdesert,../textures/soil/rock_red_dry.dds
terrain,sdesert_cool_rock2,sdesert,../textures/soil/rock_red_dry.dds
terrain,sdesert_cool_rock3,sdesert,../textures/soil/rock_red_dry.dds
terrain,sdesert_cool_rock4,sdesert,../textures/soil/rock_red_dry.dds
terrain,sdesert_cool_rock_av,sdesert,../textures/soil/rock_red_dry.png
terrain,sdesert_cool_scree1,sdesert,../textures/soil/scree_dry.dds
terrain,sdesert_cool_scree2,sdesert,../textures/soil/scree_dry.dds
terrain,sdesert_cool_scree3,sdesert,../textures/soil/scree_dry.dds
terrain,sdesert_cool_scree4,sdesert,../textures/soil/scree_dry.dds
terrain,sdesert_cool_scree_av,sdesert,../textures/soil/scree_dry.png
terrain,sdesert_cool_sflat1,sdesert,../textures/loveg/sdesert_cool_sflat.dds
terrain,sdesert_cool_sflat2,sdesert,../textures/loveg/sdesert_cool_sflat.dds
terrain,sdesert_cool_sflat3,sdesert,../textures/loveg/sdesert_cool_sflat.dds
terrain,sdesert_cool_sflat4,sdesert,../textures/loveg/sdesert_cool_sflat.dds
terrain,sdesert_cool_sflat_av,sdesert,../textures/loveg/sdesert_cool_sflat.dds
terrain,sdesert_cool_steep_esw,sdesert,../textures/loveg/sdesert_cool_steep.dds
terrain,sdesert_cool_steep_n,sdesert,../textures/loveg/shrub_cool_steep_dry.dds
terrain,sdesert_flat1,sdesert,../textures/loveg/sdesert_temp_flat.dds
terrain,sdesert_flat2,sdesert,../textures/loveg/sdesert_temp_flat.dds
terrain,sdesert_flat21,sdesert,../textures/loveg/sdesert_temp_flat2.dds
terrain,sdesert_flat22,sdesert,../textures/loveg/sdesert_temp_flat2.dds
terrain,sdesert_flat23,sdesert,../textures/loveg/sdesert_temp_flat2.dds
terrain,sdesert_flat24,sdesert,../textures/loveg/sdesert_temp_flat2.dds
terrain,sdesert_flat2_av,sdesert,../textures/loveg/sdesert_temp_flat2.dds
terrain,sdesert_flat3,sdesert,../textures/loveg/sdesert_temp_flat.dds
terrain,sdesert_flat4,sdesert,../textures/loveg/sdesert_temp_flat.dds
terrain,sdesert_flat_av,sdesert,../textures/loveg/sdesert_temp_flat.dds
terrain,sdesert_hill_esw,sdesert,../textures/loveg/sdesert_temp_hill.dds
terrain,sdesert_hill_esw1,sdesert,../textures/loveg/sdesert_temp_hill.png
terrain,sdesert_hill_esw2,sdesert,../textures/loveg/sdesert_temp_hill.png
terrain,sdesert_hill_esw3,sdesert,../textures/loveg/sdesert_temp_hill.png
terrain,sdesert_hill_esw4,sdesert,../textures/loveg/sdesert_temp_hill.png
terrain,sdesert_hill_n,sdesert,../textures/loveg/shrub_sflat_dry.dds
terrain,sdesert_hill_n1,sdesert,../textures/loveg/shrub_sflat_dry.png
terrain,sdesert_hill_n2,sdesert,../textures/loveg/shrub_sflat_dry.png
terrain,sdesert_hill_n3,sdesert,../textures/loveg/shrub_sflat_dry.png
terrain,sdesert_hill_n4,sdesert,../textures/loveg/shrub_sflat_dry.png
terrain,sdesert_hot_flat1,sdesert,../textures/loveg/sdesert_warm_flat.dds
terrain,sdesert_hot_flat2,sdesert,../textures/loveg/sdesert_warm_flat.dds
terrain,sdesert_hot_flat3,sdesert,../textures/loveg/sdesert_warm_flat.dds
terrain,sdesert_hot_flat4,sdesert,../textures/loveg/sdesert_warm_flat.dds
terrain,sdesert_hot_flat_av,sdesert,../textures/loveg/sdesert_warm_flat.dds
terrain,sdesert_hot_hill_esw,sdesert,../textures/loveg/sdesert_warm_hill.dds
terrain,sdesert_hot_hill_esw1,sdesert,../textures/loveg/sdesert_warm_hill.png
terrain,sdesert_hot_hill_esw2,sdesert,../textures/loveg/sdesert_warm_hill.png
terrain,sdesert_hot_hill_esw3,sdesert,../textures/loveg/sdesert_warm_hill.png
terrain,sdesert_hot_hill_esw4,sdesert,../textures/loveg/sdesert_warm_hill.png
terrain,sdesert_hot_hill_n,sdesert,../textures/loveg/savanna_hill.dds
terrain,sdesert_hot_hill_n1,sdesert,../textures/loveg/savanna_hill.png
terrain,sdesert_hot_hill_n2,sdesert,../textures/loveg/savanna_hill.png
terrain,sdesert_hot_hill_n3,sdesert,../textures/loveg/savanna_hill.png
terrain,sdesert_hot_hill_n4,sdesert,../textures/loveg/savanna_hill.png
terrain,sdesert_hot_rock1,sdesert,../textures/soil/rock_red_dry.dds
terrain,sdesert_hot_rock2,sdesert,../textures/soil/rock_red_dry.dds
terrain,sdesert_hot_rock3,sdesert,../textures/soil/rock_red_dry.dds
terrain,sdesert_hot_rock4,sdesert,../textures/soil/rock_red_dry.dds
terrain,sdesert_hot_rock_av,sdesert,../textures/soil/rock_red_dry.png
terrain,sdesert_hot_scree1,sdesert,../textures/soil/scree_dry.dds
terrain,sdesert_hot_scree2,sdesert,../textures/soil/scree_dry.dds
terrain,sdesert_hot_scree3,sdesert,../textures/soil/scree_dry.dds
terrain,sdesert_hot_scree4,sdesert,../textures/soil/scree_dry.dds
terrain,sdesert_hot_scree_av,sdesert,../textures/soil/scree_dry.png
terrain,sdesert_hot_sflat1,sdesert,../textures/loveg/sdesert_warm_sflat.dds
terrain,sdesert_hot_sflat2,sdesert,../textures/loveg/sdesert_warm_sflat.dds
terrain,sdesert_hot_sflat3,sdesert,../textures/loveg/sdesert_warm_sflat.dds
terrain,sdesert_hot_sflat4,sdesert,../textures/loveg/sdesert_warm_sflat.dds
terrain,sdesert_hot_sflat_av,sdesert,../textures/loveg/sdesert_warm_sflat.dds
terrain,sdesert_hot_steep_esw,sdesert,../textures/loveg/sdesert_warm_steep.dds
terrain,sdesert_hot_steep_n,sdesert,../textures/loveg/savanna_steep.dds
terrain,sdesert_rock1,sdesert,../textures/soil/rock_red_dry.dds
terrain,sdesert_rock2,sdesert,../textures/soil/rock_red_dry.dds
terrain,sdesert_rock3,sdesert,../textures/soil/rock_red_dry.dds
terrain,sdesert_rock4,sdesert,../textures/soil/rock_red_dry.dds
terrain,sdesert_rock_av,sdesert,../textures/soil/rock_red_dry.png
terrain,sdesert_scree1,sdesert,../textures/soil/scree_dry.dds
terrain,sdesert_scree2,sdesert,../textures/soil/scree_dry.dds
terrain,sdesert_scree3,sdesert,../textures/soil/scree_dry.dds
terrain,sdesert_scree4,sdesert,../textures/soil/scree_dry.dds
terrain,sdesert_scree_av,sdesert,../textures/soil/scree_dry.png
terrain,sdesert_sflat1,sdesert,../textures/loveg/sdesert_temp_sflat.dds
terrain,sdesert_sflat2,sdesert,../textures/loveg/sdesert_temp_sflat.dds
terrain,sdesert_sflat3,sdesert,../textures/loveg/sdesert_temp_sflat.dds
terrain,sdesert_sflat4,sdesert,../textures/loveg/sdesert_temp_sflat.dds
terrain,sdesert_sflat_av,sdesert,../textures/loveg/sdesert_temp_sflat.dds
terrain,sdesert_steep_esw,sdesert,../textures/loveg/sdesert_temp_steep.dds
terrain,sdesert_steep_n,sdesert,../textures/loveg/shrub_hill_dry.dds
terrain,sdesert_temp_flat1,sdesert,../textures/loveg/sdesert_temp_flat.dds
terrain,sdesert_temp_flat2,sdesert,../textures/loveg/sdesert_temp_flat.dds
terrain,sdesert_temp_flat3,sdesert,../textures/loveg/sdesert_temp_flat.dds
terrain,sdesert_temp_flat4,sdesert,../textures/loveg/sdesert_temp_flat.dds
terrain,sdesert_temp_flat_av,sdesert,../textures/loveg/sdesert_temp_flat.dds
terrain,sdesert_temp_hill_esw,sdesert,../textures/loveg/sdesert_temp_hill.dds
terrain,sdesert_temp_hill_esw1,sdesert,../textures/loveg/sdesert_temp_hill.png
terrain,sdesert_temp_hill_esw2,sdesert,../textures/loveg/sdesert_temp_hill.png
terrain,sdesert_temp_hill_esw3,sdesert,../textures/loveg/sdesert_temp_hill.png
terrain,sdesert_temp_hill_esw4,sdesert,../textures/loveg/sdesert_temp_hill.png
terrain,sdesert_temp_hill_n,sdesert,../textures/loveg/shrub_flat_dry.dds
terrain,sdesert_temp_hill_n1,sdesert,../textures/loveg/shrub_flat_dry.png
terrain,sdesert_temp_hill_n2,sdesert,../textures/loveg/shrub_flat_dry.png
terrain,sdesert_temp_hill_n3,sdesert,../textures/loveg/shrub_flat_dry.png
terrain,sdesert_temp_hill_n4,sdesert,../textures/loveg/shrub_flat_dry.png
terrain,sdesert_temp_rock1,sdesert,../textures/soil/rock_red_dry.dds
terrain,sdesert_temp_rock2,sdesert,../textures/soil/rock_red_dry.dds
terrain,sdesert_temp_rock3,sdesert,../textures/soil/rock_red_dry.dds
terrain,sdesert_temp_rock4,sdesert,../textures/soil/rock_red_dry.dds
terrain,sdesert_temp_rock_av,sdesert,../textures/soil/rock_red_dry.png
terrain,sdesert_temp_scree1,sdesert,../textures/soil/scree_dry.dds
terrain,sdesert_temp_scree2,sdesert,../textures/soil/scree_dry.dds
terrain,sdesert_temp_scree3,sdesert,../textures/soil/scree_dry.dds
terrain,sdesert_temp_scree4,sdesert,../textures/soil/scree_dry.dds
terrain,sdesert_temp_scree_av,sdesert,../textures/soil/scree_dry.png
terrain,sdesert_temp_sflat1,sdesert,../textures/loveg/sdesert_temp_sflat.dds
terrain,sdesert_temp_sflat2,sdesert,../textures/loveg/sdesert_temp_sflat.dds
terrain,sdesert_temp_sflat3,sdesert,../textures/loveg/sdesert_temp_sflat.dds
terrain,sdesert_temp_sflat4,sdesert,../textures/loveg/sdesert_temp_sflat.dds
terrain,sdesert_temp_sflat_av,sdesert,../textures/loveg/sdesert_temp_sflat.png
terrain,sdesert_temp_steep_esw,sdesert,../textures/loveg/sdesert_temp_steep.dds
terrain,sdesert_temp_steep_n,sdesert,../textures/loveg/sdesert_warm_steep.dds
terrain,sdesert_vhot_flat1,sdesert,../textures/loveg/savanna_flat.dds
terrain,sdesert_vhot_flat2,sdesert,../textures/loveg/savanna_flat.dds
terrain,sdesert_vhot_flat3,sdesert,../textures/loveg/savanna_flat.dds
terrain,sdesert_vhot_flat4,sdesert,../textures/loveg/savanna_flat.dds
terrain,sdesert_vhot_flat_av,sdesert,../textures/loveg/savanna_flat.dds
terrain,sdesert_vhot_hill_esw,sdesert,../textures/loveg/savanna_hill.dds
terrain,sdesert_vhot_hill_esw1,sdesert,../textures/loveg/savanna_hill.png
terrain,sdesert_vhot_hill_esw2,sdesert,../textures/loveg/savanna_hill.png
terrain,sdesert_vhot_hill_esw3,sdesert,../textures/loveg/savanna_hill.png
terrain,sdesert_vhot_hill_esw4,sdesert,../textures/loveg/savanna_hill.png
terrain,sdesert_vhot_hill_n,sdesert,../textures/loveg/savanna_woody_hill.dds
terrain,sdesert_vhot_hill_n1,sdesert,../textures/loveg/savanna_woody_hill.png
terrain,sdesert_vhot_hill_n2,sdesert,../textures/loveg/savanna_woody_hill.png
terrain,sdesert_vhot_hill_n3,sdesert,../textures/loveg/savanna_woody_hill.png
terrain,sdesert_vhot_hill_n4,sdesert,../textures/loveg/savanna_woody_hill.png
terrain,sdesert_vhot_rock1,sdesert,../textures/soil/rock_red_dry.dds
terrain,sdesert_vhot_rock2,sdesert,../textures/soil/rock_red_dry.dds
terrain,sdesert_vhot_rock3,sdesert,../textures/soil/rock_red_dry.dds
terrain,sdesert_vhot_rock4,sdesert,../textures/soil/rock_red_dry.dds
terrain,sdesert_vhot_rock_av,sdesert,../textures/soil/rock_red_dry.png
terrain,sdesert_vhot_scree1,sdesert,../textures/soil/scree_dry.dds
terrain,sdesert_vhot_scree2,sdesert,../textures/soil/scree_dry.dds
terrain,sdesert_vhot_scree3,sdesert,../textures/soil/scree_dry.dds
terrain,sdesert_vhot_scree4,sdesert,../textures/soil/scree_dry.dds
terrain,sdesert_vhot_scree_av,sdesert,../textures/soil/scree_dry.png
terrain,sdesert_vhot_sflat1,sdesert,../textures/loveg/savanna_sflat.dds
terrain,sdesert_vhot_sflat2,sdesert,../textures/loveg/savanna_sflat.dds
terrain,sdesert_vhot_sflat3,sdesert,../textures/loveg/savanna_sflat.dds
terrain,sdesert_vhot_sflat4,sdesert,../textures/loveg/savanna_sflat.dds
terrain,sdesert_vhot_sflat_av,sdesert,../textures/loveg/savanna_sflat.dds
terrain,sdesert_vhot_steep_esw,sdesert,../textures/loveg/savanna_steep.dds
terrain,sdesert_vhot_steep_n,sdesert,../textures/loveg/savanna_woody_steep.dds
terrain,sdesert_warm_flat1,sdesert,../textures/loveg/sdesert_warm_flat.dds
terrain,sdesert_warm_flat2,sdesert,../textures/loveg/sdesert_warm_flat.dds
terrain,sdesert_warm_flat3,sdesert,../textures/loveg/sdesert_warm_flat.dds
terrain,sdesert_warm_flat4,sdesert,../textures/loveg/sdesert_warm_flat.dds
terrain,sdesert_warm_flat_av,sdesert,../textures/loveg/sdesert_warm_flat.dds
terrain,sdesert_warm_hill_esw,sdesert,../textures/loveg/sdesert_warm_hill.dds
terrain,sdesert_warm_hill_esw1,sdesert,../textures/loveg/sdesert_warm_hill.png
terrain,sdesert_warm_hill_esw2,sdesert,../textures/loveg/sdesert_warm_hill.png
terrain,sdesert_warm_hill_esw3,sdesert,../textures/loveg/sdesert_warm_hill.png
terrain,sdesert_warm_hill_esw4,sdesert,../textures/loveg/sdesert_warm_hill.png
terrain,sdesert_warm_hill_n,sdesert,../textures/loveg/shrub_warm_sflat_dry.dds
terrain,sdesert_warm_hill_n1,sdesert,../textures/loveg/shrub_warm_sflat_dry.png
terrain,sdesert_warm_hill_n2,sdesert,../textures/loveg/shrub_warm_sflat_dry.png
terrain,sdesert_warm_hill_n3,sdesert,../textures/loveg/shrub_warm_sflat_dry.png
terrain,sdesert_warm_hill_n4,sdesert,../textures/loveg/shrub_warm_sflat_dry.png
terrain,sdesert_warm_rock1,sdesert,../textures/soil/rock_red_dry.dds
terrain,sdesert_warm_rock2,sdesert,../textures/soil/rock_red_dry.dds
terrain,sdesert_warm_rock3,sdesert,../textures/soil/rock_red_dry.dds
terrain,sdesert_warm_rock4,sdesert,../textures/soil/rock_red_dry.dds
terrain,sdesert_warm_rock_av,sdesert,../textures/soil/rock_red_dry.png
terrain,sdesert_warm_scree1,sdesert,../textures/soil/scree_dry.dds
terrain,sdesert_warm_scree2,sdesert,../textures/soil/scree_dry.dds
terrain,sdesert_warm_scree3,sdesert,../textures/soil/scree_dry.dds
terrain,sdesert_warm_scree4,sdesert,../textures/soil/scree_dry.dds
terrain,sdesert_warm_scree_av,sdesert,../textures/soil/scree_dry.png
terrain,sdesert_warm_sflat1,sdesert,../textures/loveg/sdesert_warm_sflat.dds
terrain,sdesert_warm_sflat2,sdesert,../textures/loveg/sdesert_warm_sflat.dds
terrain,sdesert_warm_sflat3,sdesert,../textures/loveg/sdesert_warm_sflat.dds
terrain,sdesert_warm_sflat4,sdesert,../textures/loveg/sdesert_warm_sflat.dds
terrain,sdesert_warm_sflat_av,sdesert,../textures/loveg/sdesert_warm_sflat.dds
terrain,sdesert_warm_steep_esw,sdesert,../textures/loveg/sdesert_warm_steep.dds
terrain,sdesert_warm_steep_n,sdesert,../textures/loveg/shrub_hill_dry.dds
terrain,sdry_cold_bor_flat1,sdry,../textures/hiveg/conifer_fields_flat_sdry.dds
terrain,sdry_cold_bor_flat2,sdry,../textures/hiveg/conifer_fields_flat_sdry.dds
terrain,sdry_cold_bor_flat3,sdry,../textures/hiveg/conifer_fields_flat_sdry.dds
terrain,sdry_cold_bor_flat4,sdry,../textures/hiveg/conifer_fields_flat_sdry.dds
terrain,sdry_cold_bor_flat_av,sdry,../textures/hiveg/conifer_fields_flat_sdry.dds
terrain,sdry_cold_bor_flat_low,sdry,../textures/hiveg/conifer_flat_sdry.dds
terrain,sdry_cold_bor_flat_low1,sdry,../textures/hiveg/conifer_flat_sdry.png
terrain,sdry_cold_bor_flat_low2,sdry,../textures/hiveg/conifer_flat_sdry.png
terrain,sdry_cold_bor_flat_low3,sdry,../textures/hiveg/conifer_flat_sdry.png
terrain,sdry_cold_bor_flat_low4,sdry,../textures/hiveg/conifer_flat_sdry.png
terrain,sdry_cold_bor_flat_top,sdry,../textures/hiveg/conifer_fields_flat_sdry.dds
terrain,sdry_cold_bor_flat_top1,sdry,../textures/hiveg/conifer_fields_flat_sdry.png
terrain,sdry_cold_bor_flat_top2,sdry,../textures/hiveg/conifer_fields_flat_sdry.png
terrain,sdry_cold_bor_flat_top3,sdry,../textures/hiveg/conifer_fields_flat_sdry.png
terrain,sdry_cold_bor_flat_top4,sdry,../textures/hiveg/conifer_fields_flat_sdry.png
terrain,sdry_cold_bor_hill_esw,sdry,../textures/hiveg/conifer_hill_sdry.dds
terrain,sdry_cold_bor_hill_n,sdry,../textures/hiveg/conifer_hill.dds
terrain,sdry_cold_bor_sflat,sdry,../textures/hiveg/conifer_sflat_sdry.png
terrain,sdry_cold_bor_sflat1,sdry,../textures/hiveg/conifer_sflat_sdry.dds
terrain,sdry_cold_bor_sflat2,sdry,../textures/hiveg/conifer_sflat_sdry.dds
terrain,sdry_cold_bor_sflat3,sdry,../textures/hiveg/conifer_sflat_sdry.dds
terrain,sdry_cold_bor_sflat4,sdry,../textures/hiveg/conifer_sflat_sdry.dds
terrain,sdry_cold_bor_sflat_av,sdry,../textures/hiveg/conifer_sflat_sdry.dds
terrain,sdry_cold_bor_steep,sdry,../textures/hiveg/conifer_steep_sdry.dds
terrain,sdry_cold_flat1,sdry,../textures/hiveg/conifer_fields_flat_sdry.dds
terrain,sdry_cold_flat2,sdry,../textures/hiveg/conifer_fields_flat_sdry.dds
terrain,sdry_cold_flat3,sdry,../textures/hiveg/conifer_fields_flat_sdry.dds
terrain,sdry_cold_flat4,sdry,../textures/hiveg/conifer_fields_flat_sdry.dds
terrain,sdry_cold_flat_av,sdry,../textures/hiveg/conifer_fields_flat_sdry.dds
terrain,sdry_cold_flat_low,sdry,../textures/hiveg/conifer_flat_sdry.dds
terrain,sdry_cold_flat_low1,sdry,../textures/hiveg/conifer_flat_sdry.png
terrain,sdry_cold_flat_low2,sdry,../textures/hiveg/conifer_flat_sdry.png
terrain,sdry_cold_flat_low3,sdry,../textures/hiveg/conifer_flat_sdry.png
terrain,sdry_cold_flat_low4,sdry,../textures/hiveg/conifer_flat_sdry.png
terrain,sdry_cold_flat_top,sdry,../textures/hiveg/conifer_fields_flat_sdry.dds
terrain,sdry_cold_flat_top1,sdry,../textures/hiveg/conifer_fields_flat_sdry.png
terrain,sdry_cold_flat_top2,sdry,../textures/hiveg/conifer_fields_flat_sdry.png
terrain,sdry_cold_flat_top3,sdry,../textures/hiveg/conifer_fields_flat_sdry.png
terrain,sdry_cold_flat_top4,sdry,../textures/hiveg/conifer_fields_flat_sdry.png
terrain,sdry_cold_hill_esw,sdry,../textures/hiveg/conifer_hill_sdry.dds
terrain,sdry_cold_hill_n,sdry,../textures/hiveg/conifer_sflat_sdry.dds
terrain,sdry_cold_sflat,sdry,../textures/hiveg/conifer_sflat_sdry.png
terrain,sdry_cold_sflat1,sdry,../textures/hiveg/conifer_sflat_sdry.dds
terrain,sdry_cold_sflat2,sdry,../textures/hiveg/conifer_sflat_sdry.dds
terrain,sdry_cold_sflat3,sdry,../textures/hiveg/conifer_sflat_sdry.dds
terrain,sdry_cold_sflat4,sdry,../textures/hiveg/conifer_sflat_sdry.dds
terrain,sdry_cold_sflat_av,sdry,../textures/hiveg/conifer_sflat_sdry.dds
terrain,sdry_cold_steep,sdry,../textures/hiveg/conifer_steep_sdry.dds
terrain,sdry_cool_flat1,sdry,../textures/hiveg/conifer_fields_flat_sdry.dds
terrain,sdry_cool_flat2,sdry,../textures/hiveg/conifer_fields_flat_sdry.dds
terrain,sdry_cool_flat3,sdry,../textures/hiveg/conifer_fields_flat_sdry.dds
terrain,sdry_cool_flat4,sdry,../textures/hiveg/conifer_fields_flat_sdry.dds
terrain,sdry_cool_flat_av,sdry,../textures/hiveg/conifer_fields_flat_sdry.dds
terrain,sdry_cool_flat_low,sdry,../textures/hiveg/conifer_flat_sdry.dds
terrain,sdry_cool_flat_low1,sdry,../textures/hiveg/conifer_flat_sdry.png
terrain,sdry_cool_flat_low2,sdry,../textures/hiveg/conifer_flat_sdry.png
terrain,sdry_cool_flat_low3,sdry,../textures/hiveg/conifer_flat_sdry.png
terrain,sdry_cool_flat_low4,sdry,../textures/hiveg/conifer_flat_sdry.png
terrain,sdry_cool_flat_top,sdry,../textures/hiveg/conifer_fields_flat_sdry.dds
terrain,sdry_cool_flat_top1,sdry,../textures/hiveg/conifer_fields_flat_sdry.png
terrain,sdry_cool_flat_top2,sdry,../textures/hiveg/conifer_fields_flat_sdry.png
terrain,sdry_cool_flat_top3,sdry,../textures/hiveg/conifer_fields_flat_sdry.png
terrain,sdry_cool_flat_top4,sdry,../textures/hiveg/conifer_fields_flat_sdry.png
terrain,sdry_cool_hill_esw,sdry,../textures/hiveg/conifer_hill_dry.dds
terrain,sdry_cool_hill_n,sdry,../textures/hiveg/conifer_hill_sdry.dds
terrain,sdry_cool_sflat,sdry,../textures/hiveg/conifer_sflat_sdry.png
terrain,sdry_cool_sflat1,sdry,../textures/hiveg/conifer_sflat_sdry.dds
terrain,sdry_cool_sflat2,sdry,../textures/hiveg/conifer_sflat_sdry.dds
terrain,sdry_cool_sflat3,sdry,../textures/hiveg/conifer_sflat_sdry.dds
terrain,sdry_cool_sflat4,sdry,../textures/hiveg/conifer_sflat_sdry.dds
terrain,sdry_cool_sflat_av,sdry,../textures/hiveg/conifer_sflat_sdry.dds
terrain,sdry_cool_steep,sdry,../textures/hiveg/conifer_steep_sdry.dds
terrain,sdry_flat1,sdry,../textures/loveg/shrub_cool_flat_sdry.dds
terrain,sdry_flat2,sdry,../textures/loveg/shrub_cool_flat_sdry.dds
terrain,sdry_flat3,sdry,../textures/loveg/shrub_cool_flat_sdry.dds
terrain,sdry_flat4,sdry,../textures/loveg/shrub_cool_flat_sdry.dds
terrain,sdry_flat_av,sdry,../textures/loveg/shrub_cool_flat_sdry.dds
terrain,sdry_flat_low,sdry,../textures/hiveg/broadleaf_sflat_sdry.dds
terrain,sdry_flat_low1,sdry,../textures/hiveg/broadleaf_sflat_sdry.png
terrain,sdry_flat_low2,sdry,../textures/hiveg/broadleaf_sflat_sdry.png
terrain,sdry_flat_low3,sdry,../textures/hiveg/broadleaf_sflat_sdry.png
terrain,sdry_flat_low4,sdry,../textures/hiveg/broadleaf_sflat_sdry.png
terrain,sdry_flat_top,sdry,../textures/hiveg/broadleaf_flat_sdry.dds
terrain,sdry_flat_top1,sdry,../textures/hiveg/broadleaf_flat_sdry.png
terrain,sdry_flat_top2,sdry,../textures/hiveg/broadleaf_flat_sdry.png
terrain,sdry_flat_top3,sdry,../textures/hiveg/broadleaf_flat_sdry.png
terrain,sdry_flat_top4,sdry,../textures/hiveg/broadleaf_flat_sdry.png
terrain,sdry_hill_esw,sdry,../textures/hiveg/broadleaf_flat_sdry.dds
terrain,sdry_hill_n,sdry,../textures/hiveg/broadleaf_hill.dds
terrain,sdry_hot_flat1,sdry,../textures/loveg/shrub_tropical_sflat_sdry.dds
terrain,sdry_hot_flat2,sdry,../textures/loveg/shrub_tropical_sflat_sdry.dds
terrain,sdry_hot_flat3,sdry,../textures/loveg/shrub_tropical_sflat_sdry.dds
terrain,sdry_hot_flat4,sdry,../textures/loveg/shrub_tropical_sflat_sdry.dds
terrain,sdry_hot_flat_av,sdry,../textures/loveg/shrub_tropical_sflat_sdry.dds
terrain,sdry_hot_flat_low,sdry,../textures/loveg/shrub_tropical_sflat_sdry.dds
terrain,sdry_hot_flat_low1,sdry,../textures/loveg/shrub_tropical_sflat_sdry.png
terrain,sdry_hot_flat_low2,sdry,../textures/loveg/shrub_tropical_sflat_sdry.png
terrain,sdry_hot_flat_low3,sdry,../textures/loveg/shrub_tropical_sflat_sdry.png
terrain,sdry_hot_flat_low4,sdry,../textures/loveg/shrub_tropical_sflat_sdry.png
terrain,sdry_hot_flat_top,sdry,../textures/loveg/shrub_tropical_flat_sdry.dds
terrain,sdry_hot_flat_top1,sdry,../textures/loveg/shrub_tropical_flat_sdry.png
terrain,sdry_hot_flat_top2,sdry,../textures/loveg/shrub_tropical_flat_sdry.png
terrain,sdry_hot_flat_top3,sdry,../textures/loveg/shrub_tropical_flat_sdry.png
terrain,sdry_hot_flat_top4,sdry,../textures/loveg/shrub_tropical_flat_sdry.png
terrain,sdry_hot_hill_esw,sdry,../textures/hiveg/tropical_hill_sdry.dds
terrain,sdry_hot_hill_n,sdry,../textures/hiveg/tropical_hill.dds
terrain,sdry_hot_sflat,sdry,../textures/loveg/shrub_tropical_sflat_sdry.png
terrain,sdry_hot_sflat1,sdry,../textures/loveg/shrub_tropical_sflat_sdry.dds
terrain,sdry_hot_sflat2,sdry,../textures/loveg/shrub_tropical_sflat_sdry.dds
terrain,sdry_hot_sflat3,sdry,../textures/loveg/shrub_tropical_sflat_sdry.dds
terrain,sdry_hot_sflat4,sdry,../textures/loveg/shrub_tropical_sflat_sdry.dds
terrain,sdry_hot_sflat_av,sdry,../textures/loveg/shrub_tropical_sflat_sdry.dds
terrain,sdry_hot_steep,sdry,../textures/hiveg/tropical_steep_sdry.dds
terrain,sdry_sflat,sdry,../textures/loveg/shrub_cool_sflat_sdry.png
terrain,sdry_sflat1,sdry,../textures/loveg/shrub_cool_sflat_sdry.dds
terrain,sdry_sflat2,sdry,../textures/loveg/shrub_cool_sflat_sdry.dds
terrain,sdry_sflat3,sdry,../textures/loveg/shrub_cool_sflat_sdry.dds
terrain,sdry_sflat4,sdry,../textures/loveg/shrub_cool_sflat_sdry.dds
terrain,sdry_sflat_av,sdry,../textures/loveg/shrub_cool_sflat_sdry.dds
terrain,sdry_steep,sdry,../textures/hiveg/broadleaf_steep_sdry.dds
terrain,sdry_temp_flat1,sdry,../textures/loveg/shrub_flat_sdry.dds
terrain,sdry_temp_flat2,sdry,../textures/loveg/shrub_flat_sdry.dds
terrain,sdry_temp_flat3,sdry,../textures/loveg/shrub_flat_sdry.dds
terrain,sdry_temp_flat4,sdry,../textures/loveg/shrub_flat_sdry.dds
terrain,sdry_temp_flat_av,sdry,../textures/loveg/shrub_flat_sdry.dds
terrain,sdry_temp_flat_hi,sdry,../textures/hiveg/broadleaf_flat_sdry.dds
terrain,sdry_temp_flat_hi1,sdry,../textures/hiveg/broadleaf_flat_sdry.png
terrain,sdry_temp_flat_hi2,sdry,../textures/hiveg/broadleaf_flat_sdry.png
terrain,sdry_temp_flat_hi3,sdry,../textures/hiveg/broadleaf_flat_sdry.png
terrain,sdry_temp_flat_hi4,sdry,../textures/hiveg/broadleaf_flat_sdry.png
terrain,sdry_temp_flat_low,sdry,../textures/hiveg/broadleaf_sflat_sdry.dds
terrain,sdry_temp_flat_low1,sdry,../textures/hiveg/broadleaf_sflat_sdry.png
terrain,sdry_temp_flat_low2,sdry,../textures/hiveg/broadleaf_sflat_sdry.png
terrain,sdry_temp_flat_low3,sdry,../textures/hiveg/broadleaf_sflat_sdry.png
terrain,sdry_temp_flat_low4,sdry,../textures/hiveg/broadleaf_sflat_sdry.png
terrain,sdry_temp_hill_esw,sdry,../textures/hiveg/broadleaf_flat_sdry.dds
terrain,sdry_temp_hill_n,sdry,../textures/hiveg/broadleaf_hill.dds
terrain,sdry_temp_sflat,sdry,../textures/loveg/shrub_sflat_dry.png
terrain,sdry_temp_sflat1,sdry,../textures/loveg/shrub_sflat_dry.dds
terrain,sdry_temp_sflat2,sdry,../textures/loveg/shrub_sflat_dry.dds
terrain,sdry_temp_sflat3,sdry,../textures/loveg/shrub_sflat_dry.dds
terrain,sdry_temp_sflat4,sdry,../textures/loveg/shrub_sflat_dry.dds
terrain,sdry_temp_sflat_av,sdry,../textures/loveg/shrub_sflat_dry.dds
terrain,sdry_temp_steep,sdry,../textures/hiveg/broadleaf_steep_sdry.dds
terrain,sdry_vhot_flat1,sdry,../textures/loveg/shrub_tropical_sflat_sdry.dds
terrain,sdry_vhot_flat2,sdry,../textures/loveg/shrub_tropical_sflat_sdry.dds
terrain,sdry_vhot_flat3,sdry,../textures/loveg/shrub_tropical_sflat_sdry.dds
terrain,sdry_vhot_flat4,sdry,../textures/loveg/shrub_tropical_sflat_sdry.dds
terrain,sdry_vhot_flat_av,sdry,../textures/loveg/shrub_tropical_sflat_sdry.dds
terrain,sdry_vhot_flat_low,sdry,../textures/loveg/shrub_tropical_sflat_sdry.dds
terrain,sdry_vhot_flat_low1,sdry,../textures/loveg/shrub_tropical_sflat_sdry.png
terrain,sdry_vhot_flat_low2,sdry,../textures/loveg/shrub_tropical_sflat_sdry.png
terrain,sdry_vhot_flat_low3,sdry,../textures/loveg/shrub_tropical_sflat_sdry.png
terrain,sdry_vhot_flat_low4,sdry,../textures/loveg/shrub_tropical_sflat_sdry.png
terrain,sdry_vhot_flat_top,sdry,../textures/loveg/shrub_tropical_flat_sdry.dds
terrain,sdry_vhot_flat_top1,sdry,../textures/loveg/shrub_tropical_flat_sdry.png
terrain,sdry_vhot_flat_top2,sdry,../textures/loveg/shrub_tropical_flat_sdry.png
terrain,sdry_vhot_flat_top3,sdry,../textures/loveg/shrub_tropical_flat_sdry.png
terrain,sdry_vhot_flat_top4,sdry,../textures/loveg/shrub_tropical_flat_sdry.png
terrain,sdry_vhot_hill_esw,sdry,../textures/hiveg/tropical_hill_sdry.dds
terrain,sdry_vhot_hill_n,sdry,../textures/hiveg/tropical_hill.dds
terrain,sdry_vhot_sflat,sdry,../textures/loveg/shrub_tropical_sflat_sdry.png
terrain,sdry_vhot_sflat1,sdry,../textures/loveg/shrub_tropical_sflat_sdry.dds
terrain,sdry_vhot_sflat2,sdry,../textures/loveg/shrub_tropical_sflat_sdry.dds
terrain,sdry_vhot_sflat3,sdry,../textures/loveg/shrub_tropical_sflat_sdry.dds
terrain,sdry_vhot_sflat4,sdry,../textures/loveg/shrub_tropical_sflat_sdry.dds
terrain,sdry_vhot_sflat_av,sdry,../textures/loveg/shrub_tropical_sflat_sdry.dds
terrain,sdry_vhot_steep,sdry,../textures/hiveg/tropical_steep_sdry.dds
terrain,sdry_warm_flat1,sdry,../textures/loveg/shrub_flat_sdry.dds
terrain,sdry_warm_flat2,sdry,../textures/loveg/shrub_flat_sdry.dds
terrain,sdry_warm_flat3,sdry,../textures/loveg/shrub_flat_sdry.dds
terrain,sdry_warm_flat4,sdry,../textures/loveg/shrub_flat_sdry.dds
terrain,sdry_warm_flat_av,sdry,../textures/loveg/shrub_flat_sdry.dds
terrain,sdry_warm_flat_low,sdry,../textures/hiveg/broadleaf_sflat_sdry.dds
terrain,sdry_warm_flat_low1,sdry,../textures/hiveg/broadleaf_sflat_sdry.png
terrain,sdry_warm_flat_low2,sdry,../textures/hiveg/broadleaf_sflat_sdry.png
terrain,sdry_warm_flat_low3,sdry,../textures/hiveg/broadleaf_sflat_sdry.png
terrain,sdry_warm_flat_low4,sdry,../textures/hiveg/broadleaf_sflat_sdry.png
terrain,sdry_warm_flat_top,sdry,../textures/hiveg/broadleaf_flat_sdry.dds
terrain,sdry_warm_flat_top1,sdry,../textures/hiveg/broadleaf_flat_sdry.png
terrain,sdry_warm_flat_top2,sdry,../textures/hiveg/broadleaf_flat_sdry.png
terrain,sdry_warm_flat_top3,sdry,../textures/hiveg/broadleaf_flat_sdry.png
terrain,sdry_warm_flat_top4,sdry,../textures/hiveg/broadleaf_flat_sdry.png
terrain,sdry_warm_hill_esw,sdry,../textures/hiveg/broadleaf_hill_sdry.dds
terrain,sdry_warm_hill_n,sdry,../textures/loveg/shrub_hill_sdry.dds
terrain,sdry_warm_sflat,sdry,../textures/loveg/shrub_sflat_sdry.png
terrain,sdry_warm_sflat1,sdry,../textures/loveg/shrub_sflat_sdry.dds
terrain,sdry_warm_sflat2,sdry,../textures/loveg/shrub_sflat_sdry.dds
terrain,sdry_warm_sflat3,sdry,../textures/loveg/shrub_sflat_sdry.dds
terrain,sdry_warm_sflat4,sdry,../textures/loveg/shrub_sflat_sdry.dds
terrain,sdry_warm_sflat_av,sdry,../textures/loveg/shrub_sflat_sdry.dds
terrain,sdry_warm_steep,sdry,../textures/hiveg/broadleaf_steep_sdry.dds
terrain,semidry_crp_irr1,semidry,../textures/human/dry_crp_irr.dds
terrain,semidry_crp_irr2,semidry,../textures/human/dry_crp_irr2.dds
terrain,semidry_crp_irr3,semidry,../textures/human/dry_crp_irr2.dds
terrain,semidry_crp_irr4,semidry,../textures/human/dry_crp_irr.dds
terrain,semidry_crp_irr_av,semidry,../textures/human/dry_crp_irr.dds
terrain,semidry_crp_sq1,semidry,../textures/human/dry_crp_sq.dds
terrain,semidry_crp_sq2,semidry,../textures/human/dry_crp_sq2.dds
terrain,semidry_crp_sq3,semidry,../textures/human/dry_crp_sq2.dds
terrain,semidry_crp_sq4,semidry,../textures/human/dry_crp_sq.dds
terrain,semidry_crp_sq_av,semidry,../textures/human/dry_crp_sq.dds
terrain,semidry_crphill_irr1,semidry,../textures/human/dry_crphill.dds
terrain,semidry_crphill_irr2,semidry,../textures/human/dry_crphill2.dds
terrain,semidry_crphill_irr3,semidry,../textures/human/dry_crphill2.dds
terrain,semidry_crphill_irr4,semidry,../textures/human/dry_crphill.dds
terrain,semidry_crphill_irr_av,semidry,../textures/human/dry_crphill.dds
terrain,semidry_crphill_sq1,semidry,../textures/human/dry_crphill.dds
terrain,semidry_crphill_sq2,semidry,../textures/human/dry_crphill.dds
terrain,semidry_crphill_sq3,semidry,../textures/human/dry_crphill.dds
terrain,semidry_crphill_sq4,semidry,../textures/human/dry_crphill.dds
terrain,semidry_crphill_sq_av,semidry,../textures/human/dry_crphill.dds
terrain,semidry_crptwn_irr1,semidry,../textures/human/dry_crp_irr.dds
terrain,semidry_crptwn_irr2,semidry,../textures/human/dry_crp_irr.dds
terrain,semidry_crptwn_irr3,semidry,../textures/human/dry_crp_irr.dds
terrain,semidry_crptwn_irr4,semidry,../textures/human/dry_crp_irr.dds
terrain,semidry_crptwn_irr_av,semidry,../textures/human/dry_crp_irr.dds
terrain,semidry_crptwn_sq1,semidry,../textures/human/temp_city_sq_twn.dds
terrain,semidry_crptwn_sq2,semidry,../textures/human/temp_city_sq_twn.dds
terrain,semidry_crptwn_sq3,semidry,../textures/human/temp_city_sq_twn.dds
terrain,semidry_crptwn_sq4,semidry,../textures/human/temp_city_sq_twn.dds
terrain,semidry_crptwn_sq_av,semidry,../textures/human/temp_city_sq_twn.dds
terrain,semidry_crptwnhill_irr1,semidry,../textures/human/dry_crptwnhill.dds
terrain,semidry_crptwnhill_irr2,semidry,../textures/human/dry_crptwnhill.dds
terrain,semidry_crptwnhill_irr3,semidry,../textures/human/dry_crptwnhill.dds
terrain,semidry_crptwnhill_irr4,semidry,../textures/human/dry_crptwnhill.dds
terrain,semidry_crptwnhill_irr_av,semidry,../textures/human/dry_crptwnhill.dds
terrain,semidry_crptwnhill_sq1,semidry,../textures/human/dry_crptwnhill.dds
terrain,semidry_crptwnhill_sq2,semidry,../textures/human/dry_crptwnhill.dds
terrain,semidry_crptwnhill_sq3,semidry,../textures/human/dry_crptwnhill.dds
terrain,semidry_crptwnhill_sq4,semidry,../textures/human/dry_crptwnhill.dds
terrain,semidry_crptwnhill_sq_av,semidry,../textures/human/dry_crptwnhill.dds
terrain,temp_city_golf,temp,../textures/human/temp_flat.dds
terrain,temp_city_irr_in1,temp,../textures/human/temp_city_irr_in.dds
terrain,temp_city_irr_in2,temp,../textures/human/temp_city_irr_in.dds
terrain,temp_city_irr_in3,temp,../textures/human/temp_city_irr_in.dds
terrain,temp_city_irr_in4,temp,../textures/human/temp_city_irr_in.dds
terrain,temp_city_irr_in_av,temp,../textures/human/temp_city_irr_in.dds
terrain,temp_city_irr_ind1,temp,../textures/human/temp_city_irr_ind.dds
terrain,temp_city_irr_ind2,temp,../textures/human/temp_city_irr_ind.dds
terrain,temp_city_irr_ind3,temp,../textures/human/temp_city_irr_ind.dds
terrain,temp_city_irr_ind4,temp,../textures/human/temp_city_irr_ind.dds
terrain,temp_city_irr_ind_av,temp,../textures/human/temp_city_irr_ind.dds
terrain,temp_city_irr_out1,temp,../textures/human/temp_city_irr_out.dds
terrain,temp_city_irr_out2,temp,../textures/human/temp_city_irr_out.dds
terrain,temp_city_irr_out3,temp,../textures/human/temp_city_irr_out.dds
terrain,temp_city_irr_out4,temp,../textures/human/temp_city_irr_out.dds
terrain,temp_city_irr_out_av,temp,../textures/human/temp_city_irr_out.dds
terrain,temp_city_irr_twn1,temp,../textures/human/temp_city_irr_twn.dds
terrain,temp_city_irr_twn2,temp,../textures/human/temp_city_irr_twn.dds
terrain,temp_city_irr_twn3,temp,../textures/human/temp_city_irr_twn.dds
terrain,temp_city_irr_twn4,temp,../textures/human/temp_city_irr_twn.dds
terrain,temp_city_irr_twn_av,temp,../textures/human/temp_city_irr_twn.dds
terrain,temp_city_park,temp,../textures/human/temp_flat.dds
terrain,temp_city_sq_in1,temp,../textures/human/temp_city_sq_in.dds
terrain,temp_city_sq_in2,temp,../textures/human/temp_city_sq_in.dds
terrain,temp_city_sq_in3,temp,../textures/human/temp_city_sq_in.dds
terrain,temp_city_sq_in4,temp,../textures/human/temp_city_sq_in.dds
terrain,temp_city_sq_in_av,temp,../textures/human/temp_city_sq_in.dds
terrain,temp_city_sq_ind1,temp,../textures/human/temp_city_sq_ind.dds
terrain,temp_city_sq_ind2,temp,../textures/human/temp_city_sq_ind.dds
terrain,temp_city_sq_ind3,temp,../textures/human/temp_city_sq_ind.dds
terrain,temp_city_sq_ind4,temp,../textures/human/temp_city_sq_ind.dds
terrain,temp_city_sq_ind_av,temp,../textures/human/temp_city_sq_ind.dds
terrain,temp_city_sq_out1,temp,../textures/human/temp_city_sq_out.dds
terrain,temp_city_sq_out2,temp,../textures/human/temp_city_sq_out.dds
terrain,temp_city_sq_out3,temp,../textures/human/temp_city_sq_out.dds
terrain,temp_city_sq_out4,temp,../textures/human/temp_city_sq_out.dds
terrain,temp_city_sq_out_av,temp,../textures/human/temp_city_sq_out.dds
terrain,temp_city_sq_twn1,temp,../textures/human/temp_city_sq_twn.dds
terrain,temp_city_sq_twn2,temp,../textures/human/temp_city_sq_twn.dds
terrain,temp_city_sq_twn3,temp,../textures/human/temp_city_sq_twn.dds
terrain,temp_city_sq_twn4,temp,../textures/human/temp_city_sq_twn.dds
terrain,temp_city_sq_twn_av,temp,../textures/human/temp_city_sq_twn.dds
terrain,temp_cityhill_irr1,temp,../textures/human/temp_cityhill_irr.dds
terrain,temp_cityhill_irr2,temp,../textures/human/temp_cityhill_irr.dds
terrain,temp_cityhill_irr3,temp,../textures/human/temp_cityhill_irr.dds
terrain,temp_cityhill_irr4,temp,../textures/human/temp_cityhill_irr.dds
terrain,temp_cityhill_irr_av,temp,../textures/human/temp_cityhill_irr.dds
terrain,temp_cityhill_sq1,temp,../textures/human/temp_cityhill_sq.dds
terrain,temp_cityhill_sq2,temp,../textures/human/temp_cityhill_sq.dds
terrain,temp_cityhill_sq3,temp,../textures/human/temp_cityhill_sq.dds
terrain,temp_cityhill_sq4,temp,../textures/human/temp_cityhill_sq.dds
terrain,temp_cityhill_sq_av,temp,../textures/human/temp_cityhill_sq.dds
terrain,temp_crp_irr1,temp,../textures/human/temp_crp_irr.dds
terrain,temp_crp_irr2,temp,../textures/human/temp_crp_irr2.dds
terrain,temp_crp_irr3,temp,../textures/human/temp_crp_irr2.dds
terrain,temp_crp_irr4,temp,../textures/human/temp_crp_irr.dds
terrain,temp_crp_irr_av,temp,../textures/human/temp_crp_irr.dds
terrain,temp_crp_sq1,temp,../textures/human/temp_crp_sq.dds
terrain,temp_crp_sq2,temp,../textures/human/temp_crp_sq2.dds
terrain,temp_crp_sq3,temp,../textures/human/temp_crp_sq2.dds
terrain,temp_crp_sq4,temp,../textures/human/temp_crp_sq.dds
terrain,temp_crp_sq_av,temp,../textures/human/temp_crp_sq.dds
terrain,temp_crphill_irr1,temp,../textures/human/temp_crphill.dds
terrain,temp_crphill_irr2,temp,../textures/human/temp_crphill2.dds
terrain,temp_crphill_irr3,temp,../textures/human/temp_crphill2.dds
terrain,temp_crphill_irr4,temp,../textures/human/temp_crphill.dds
terrain,temp_crphill_irr_av,temp,../textures/human/temp_crphill.dds
terrain,temp_crphill_sq1,temp,../textures/human/temp_crphill.dds
terrain,temp_crphill_sq2,temp,../textures/human/temp_crphill.dds
terrain,temp_crphill_sq3,temp,../textures/human/temp_crphill.dds
terrain,temp_crphill_sq4,temp,../textures/human/temp_crphill.dds
terrain,temp_crphill_sq_av,temp,../textures/human/temp_crphill.dds
terrain,temp_crptwn_irr1,temp,../textures/human/temp_city_irr_twn.dds
terrain,temp_crptwn_irr2,temp,../textures/human/temp_city_irr_twn.dds
terrain,temp_crptwn_irr3,temp,../textures/human/temp_city_irr_twn.dds
terrain,temp_crptwn_irr4,temp,../textures/human/temp_city_irr_twn.dds
terrain,temp_crptwn_irr_av,temp,../textures/human/temp_city_irr_twn.dds
terrain,temp_crptwn_sq1,temp,../textures/human/temp_city_sq_twn.dds
terrain,temp_crptwn_sq2,temp,../textures/human/temp_city_sq_twn.dds
terrain,temp_crptwn_sq3,temp,../textures/human/temp_city_sq_twn.dds
terrain,temp_crptwn_sq4,temp,../textures/human/temp_city_sq_twn.dds
terrain,temp_crptwn_sq_av,temp,../textures/human/temp_city_sq_twn.dds
terrain,temp_crptwnhill_irr1,temp,../textures/human/temp_cityhill_irr.dds
terrain,temp_crptwnhill_irr2,temp,../textures/human/temp_cityhill_irr.dds
terrain,temp_crptwnhill_irr3,temp,../textures/human/temp_cityhill_irr.dds
terrain,temp_crptwnhill_irr4,temp,../textures/human/temp_cityhill_irr.dds
terrain,temp_crptwnhill_irr_av,temp,../textures/human/temp_cityhill_irr.dds
terrain,temp_crptwnhill_sq1,temp,../textures/human/temp_cityhill_irr.dds
terrain,temp_crptwnhill_sq2,temp,../textures/human/temp_cityhill_irr.dds
terrain,temp_crptwnhill_sq3,temp,../textures/human/temp_cityhill_irr.dds
terrain,temp_crptwnhill_sq4,temp,../textures/human/temp_cityhill_irr.dds
terrain,temp_crptwnhill_sq_av,temp,../textures/human/temp_cityhill_irr.dds
terrain,trop_crp_irr1,trop,../textures/human/trop_crp.dds
terrain,trop_crp_irr2,trop,../textures/human/trop_crp.dds
terrain,trop_crp_irr3,trop,../textures/human/trop_crp.dds
terrain,trop_crp_irr4,trop,../textures/human/trop_crp.dds
terrain,trop_crp_irr_av,trop,../textures/human/trop_crp.dds
terrain,trop_crp_sq1,trop,../textures/human/trop_crp.dds
terrain,trop_crp_sq2,trop,../textures/human/trop_crp.dds
terrain,trop_crp_sq3,trop,../textures/human/trop_crp.dds
terrain,trop_crp_sq4,trop,../textures/human/trop_crp.dds
terrain,trop_crp_sq_av,trop,../textures/human/trop_crp.dds
terrain,trop_crphill_irr1,trop,../textures/human/trop_crp.dds
terrain,trop_crphill_irr2,trop,../textures/human/trop_crp.dds
terrain,trop_crphill_irr3,trop,../textures/human/trop_crp.dds
terrain,trop_crphill_irr4,trop,../textures/human/trop_crp.dds
terrain,trop_crphill_irr_av,trop,../textures/human/trop_crp.dds
terrain,trop_crphill_sq1,trop,../textures/human/trop_crp.dds
terrain,trop_crphill_sq2,trop,../textures/human/trop_crp.dds
terrain,trop_crphill_sq3,trop,../textures/human/trop_crp.dds
terrain,trop_crphill_sq4,trop,../textures/human/trop_crp.dds
terrain,trop_crphill_sq_av,trop,../textures/human/trop_crp.dds
terrain,trop_crptwn_irr1,trop,../textures/human/trop_crp.dds
terrain,trop_crptwn_irr2,trop,../textures/human/trop_crp.dds
terrain,trop_crptwn_irr3,trop,../textures/human/trop_crp.dds
terrain,trop_crptwn_irr4,trop,../textures/human/trop_crp.dds
terrain,trop_crptwn_irr_av,trop,../textures/human/trop_crp.dds
terrain,trop_crptwn_sq1,trop,../textures/human/trop_crp.dds
terrain,trop_crptwn_sq2,trop,../textures/human/trop_crp.dds
terrain,trop_crptwn_sq3,trop,../textures/human/trop_crp.dds
terrain,trop_crptwn_sq4,trop,../textures/human/trop_crp.dds
terrain,trop_crptwn_sq_av,trop,../textures/human/trop_crp.dds
terrain,trop_crptwnhill_irr1,trop,../textures/human/trop_crp.dds
terrain,trop_crptwnhill_irr2,trop,../textures/human/trop_crp.dds
terrain,trop_crptwnhill_irr3,trop,../textures/human/trop_crp.dds
terrain,trop_crptwnhill_irr4,trop,../textures/human/trop_crp.dds
terrain,trop_crptwnhill_irr_av,trop,../textures/human/trop_crp.dds
terrain,trop_crptwnhill_sq1,trop,../textures/human/trop_crp.dds
terrain,trop_crptwnhill_sq2,trop,../textures/human/trop_crp.dds
terrain,trop_crptwnhill_sq3,trop,../textures/human/trop_crp.dds
terrain,trop_crptwnhill_sq4,trop,../textures/human/trop_crp.dds
terrain,trop_crptwnhill_sq_av,trop,../textures/human/trop_crp.dds
terrain,wet_city_irr_in1,wet,../textures/human/des_city_irr_in.dds
terrain,wet_city_irr_in2,wet,../textures/human/des_city_irr_in.dds
terrain,wet_city_irr_in3,wet,../textures/human/des_city_irr_in.dds
terrain,wet_city_irr_in4,wet,../textures/human/des_city_irr_in.dds
terrain,wet_city_irr_in_av,wet,../textures/human/des_city_irr_in.dds
terrain,wet_city_irr_ind1,wet,../textures/human/des_city_irr_in.dds
terrain,wet_city_irr_ind2,wet,../textures/human/des_city_irr_in.dds
terrain,wet_city_irr_ind3,wet,../textures/human/des_city_irr_in.dds
terrain,wet_city_irr_ind4,wet,../textures/human/des_city_irr_in.dds
terrain,wet_city_irr_ind_av,wet,../textures/human/des_city_irr_in.dds
terrain,wet_city_irr_out1,wet,../textures/human/des_city_irr_out.dds
terrain,wet_city_irr_out2,wet,../textures/human/des_city_irr_out.dds
terrain,wet_city_irr_out3,wet,../textures/human/des_city_irr_out.dds
terrain,wet_city_irr_out4,wet,../textures/human/des_city_irr_out.dds
terrain,wet_city_irr_out_av,wet,../textures/human/des_city_irr_out.dds
terrain,wet_city_irr_twn1,wet,../textures/human/des_city_irr_out.dds
terrain,wet_city_irr_twn2,wet,../textures/human/des_city_irr_out.dds
terrain,wet_city_irr_twn3,wet,../textures/human/des_city_irr_out.dds
terrain,wet_city_irr_twn4,wet,../textures/human/des_city_irr_out.dds
terrain,wet_city_irr_twn_av,wet,../textures/human/des_city_irr_out.dds
terrain,wet_cold_bor_flat1,wet,../textures/hiveg/conifer_fields_flat.dds
terrain,wet_cold_bor_flat2,wet,../textures/hiveg/conifer_fields_flat.dds
terrain,wet_cold_bor_flat3,wet,../textures/hiveg/conifer_fields_flat.dds
terrain,wet_cold_bor_flat4,wet,../textures/hiveg/conifer_fields_flat.dds
terrain,wet_cold_bor_flat_av,wet,../textures/hiveg/conifer_fields_flat.dds
terrain,wet_cold_bor_flat_hi,wet,../textures/hiveg/conifer_fields_flat.png
terrain,wet_cold_bor_flat_hi1,wet,../textures/hiveg/conifer_fields_flat.dds
terrain,wet_cold_bor_flat_hi2,wet,../textures/hiveg/conifer_fields_flat.dds
terrain,wet_cold_bor_flat_hi3,wet,../textures/hiveg/conifer_fields_flat.dds
terrain,wet_cold_bor_flat_hi4,wet,../textures/hiveg/conifer_fields_flat.dds
terrain,wet_cold_bor_flat_hi_av,wet,../textures/hiveg/conifer_fields_flat.dds
terrain,wet_cold_bor_flat_low,wet,../textures/hiveg/conifer_fields_low.dds
terrain,wet_cold_bor_flat_low1,wet,../textures/hiveg/conifer_fields_low.png
terrain,wet_cold_bor_flat_low2,wet,../textures/hiveg/conifer_fields_low.png
terrain,wet_cold_bor_flat_low3,wet,../textures/hiveg/conifer_fields_low.png
terrain,wet_cold_bor_flat_low4,wet,../textures/hiveg/conifer_fields_low.png
terrain,wet_cold_bor_flat_mid,wet,../textures/hiveg/conifer_flat.dds
terrain,wet_cold_bor_flat_mid1,wet,../textures/hiveg/conifer_flat.png
terrain,wet_cold_bor_flat_mid2,wet,../textures/hiveg/conifer_flat.png
terrain,wet_cold_bor_flat_mid3,wet,../textures/hiveg/conifer_flat.png
terrain,wet_cold_bor_flat_mid4,wet,../textures/hiveg/conifer_flat.png
terrain,wet_cold_bor_flat_top,wet,../textures/hiveg/conifer_fields_low.dds
terrain,wet_cold_bor_flat_top1,wet,../textures/hiveg/conifer_fields_low.png
terrain,wet_cold_bor_flat_top2,wet,../textures/hiveg/conifer_fields_low.png
terrain,wet_cold_bor_flat_top3,wet,../textures/hiveg/conifer_fields_low.png
terrain,wet_cold_bor_flat_top4,wet,../textures/hiveg/conifer_fields_low.png
terrain,wet_cold_bor_hill,wet,../textures/hiveg/conifer_hill.dds
terrain,wet_cold_bor_sflat,wet,../textures/hiveg/conifer_fields_hill.dds
terrain,wet_cold_bor_steep,wet,../textures/hiveg/conifer_steep.dds
terrain,wet_cold_flat1,wet,../textures/hiveg/conifer_fields_flat.dds
terrain,wet_cold_flat2,wet,../textures/hiveg/conifer_fields_flat.dds
terrain,wet_cold_flat3,wet,../textures/hiveg/conifer_fields_flat.dds
terrain,wet_cold_flat4,wet,../textures/hiveg/conifer_fields_flat.dds
terrain,wet_cold_flat_av,wet,../textures/hiveg/conifer_fields_flat.dds
terrain,wet_cold_flat_hi,wet,../textures/hiveg/conifer_fields_flat.png
terrain,wet_cold_flat_hi1,wet,../textures/hiveg/conifer_fields_flat.dds
terrain,wet_cold_flat_hi2,wet,../textures/hiveg/conifer_fields_flat.dds
terrain,wet_cold_flat_hi3,wet,../textures/hiveg/conifer_fields_flat.dds
terrain,wet_cold_flat_hi4,wet,../textures/hiveg/conifer_fields_flat.dds
terrain,wet_cold_flat_hi_av,wet,../textures/hiveg/conifer_fields_flat.dds
terrain,wet_cold_flat_low,wet,../textures/hiveg/conifer_fields_low.dds
terrain,wet_cold_flat_low1,wet,../textures/hiveg/conifer_fields_low.png
terrain,wet_cold_flat_low2,wet,../textures/hiveg/conifer_fields_low.png
terrain,wet_cold_flat_low3,wet,../textures/hiveg/conifer_fields_low.png
terrain,wet_cold_flat_low4,wet,../textures/hiveg/conifer_fields_low.png
terrain,wet_cold_flat_mid,wet,../textures/hiveg/conifer_flat.dds
terrain,wet_cold_flat_mid1,wet,../textures/hiveg/conifer_flat.png
terrain,wet_cold_flat_mid2,wet,../textures/hiveg/conifer_flat.png
terrain,wet_cold_flat_mid3,wet,../textures/hiveg/conifer_flat.png
terrain,wet_cold_flat_mid4,wet,../textures/hiveg/conifer_flat.png
terrain,wet_cold_flat_top,wet,../textures/hiveg/conifer_fields_low.dds
terrain,wet_cold_flat_top1,wet,../textures/hiveg/conifer_fields_low.png
terrain,wet_cold_flat_top2,wet,../textures/hiveg/conifer_fields_low.png
terrain,wet_cold_flat_top3,wet,../textures/hiveg/conifer_fields_low.png
terrain,wet_cold_flat_top4,wet,../textures/hiveg/conifer_fields_low.png
terrain,wet_cold_hill,wet,../textures/hiveg/conifer_hill.dds
terrain,wet_cold_sflat,wet,../textures/hiveg/conifer_fields_hill.dds
terrain,wet_cold_steep,wet,../textures/hiveg/conifer_steep.dds
terrain,wet_cool_bor_flat1,wet,../textures/hiveg/broadleaf_fields_flat.dds
terrain,wet_cool_bor_flat2,wet,../textures/hiveg/broadleaf_fields_flat.dds
terrain,wet_cool_bor_flat3,wet,../textures/hiveg/broadleaf_fields_flat.dds
terrain,wet_cool_bor_flat4,wet,../textures/hiveg/broadleaf_fields_flat.dds
terrain,wet_cool_bor_flat_av,wet,../textures/hiveg/broadleaf_fields_flat.dds
terrain,wet_cool_bor_flat_hi1,wet,../textures/hiveg/broadleaf_fields_flat.dds
terrain,wet_cool_bor_flat_hi2,wet,../textures/hiveg/broadleaf_fields_flat.dds
terrain,wet_cool_bor_flat_hi3,wet,../textures/hiveg/broadleaf_fields_flat.dds
terrain,wet_cool_bor_flat_hi4,wet,../textures/hiveg/broadleaf_fields_flat.dds
terrain,wet_cool_bor_flat_hi_av,wet,../textures/hiveg/broadleaf_fields_flat.dds
terrain,wet_cool_bor_flat_low,wet,../textures/hiveg/broadleaf_fields_low.dds
terrain,wet_cool_bor_flat_low1,wet,../textures/hiveg/broadleaf_fields_low.png
terrain,wet_cool_bor_flat_low2,wet,../textures/hiveg/broadleaf_fields_low.png
terrain,wet_cool_bor_flat_low3,wet,../textures/hiveg/broadleaf_fields_low.png
terrain,wet_cool_bor_flat_low4,wet,../textures/hiveg/broadleaf_fields_low.png
terrain,wet_cool_bor_flat_mid,wet,../textures/hiveg/broadleaf_sflat2.dds
terrain,wet_cool_bor_flat_mid1,wet,../textures/hiveg/broadleaf_sflat2.png
terrain,wet_cool_bor_flat_mid2,wet,../textures/hiveg/broadleaf_sflat2.png
terrain,wet_cool_bor_flat_mid3,wet,../textures/hiveg/broadleaf_sflat2.png
terrain,wet_cool_bor_flat_mid4,wet,../textures/hiveg/broadleaf_sflat2.png
terrain,wet_cool_bor_flat_top,wet,../textures/hiveg/broadleaf_flat.dds
terrain,wet_cool_bor_flat_top1,wet,../textures/hiveg/broadleaf_flat.png
terrain,wet_cool_bor_flat_top2,wet,../textures/hiveg/broadleaf_flat.png
terrain,wet_cool_bor_flat_top3,wet,../textures/hiveg/broadleaf_flat.png
terrain,wet_cool_bor_flat_top4,wet,../textures/hiveg/broadleaf_flat.png
terrain,wet_cool_bor_hill,wet,../textures/hiveg/broadleaf_hill.dds
terrain,wet_cool_bor_sflat,wet,../textures/hiveg/broadleaf_sflat.dds
terrain,wet_cool_bor_steep,wet,../textures/hiveg/broadleaf_steep.dds
terrain,wet_cool_flat1,wet,../textures/hiveg/broadleaf_fields_flat.dds
terrain,wet_cool_flat2,wet,../textures/hiveg/broadleaf_fields_flat.dds
terrain,wet_cool_flat3,wet,../textures/hiveg/broadleaf_fields_flat.dds
terrain,wet_cool_flat4,wet,../textures/hiveg/broadleaf_fields_flat.dds
terrain,wet_cool_flat_av,wet,../textures/hiveg/broadleaf_fields_flat.dds
terrain,wet_cool_flat_hi1,wet,../textures/hiveg/broadleaf_sflat2.dds
terrain,wet_cool_flat_hi2,wet,../textures/hiveg/broadleaf_sflat2.dds
terrain,wet_cool_flat_hi3,wet,../textures/hiveg/broadleaf_sflat2.dds
terrain,wet_cool_flat_hi4,wet,../textures/hiveg/broadleaf_sflat2.dds
terrain,wet_cool_flat_hi_av,wet,../textures/hiveg/broadleaf_sflat2.dds
terrain,wet_cool_flat_low,wet,../textures/hiveg/broadleaf_fields_low.dds
terrain,wet_cool_flat_low1,wet,../textures/hiveg/broadleaf_fields_low.png
terrain,wet_cool_flat_low2,wet,../textures/hiveg/broadleaf_fields_low.png
terrain,wet_cool_flat_low3,wet,../textures/hiveg/broadleaf_fields_low.png
terrain,wet_cool_flat_low4,wet,../textures/hiveg/broadleaf_fields_low.png
terrain,wet_cool_flat_mid,wet,../textures/hiveg/broadleaf_sflat2.dds
terrain,wet_cool_flat_mid1,wet,../textures/hiveg/broadleaf_sflat2.png
terrain,wet_cool_flat_mid2,wet,../textures/hiveg/broadleaf_sflat2.png
terrain,wet_cool_flat_mid3,wet,../textures/hiveg/broadleaf_sflat2.png
terrain,wet_cool_flat_mid4,wet,../textures/hiveg/broadleaf_sflat2.png
terrain,wet_cool_flat_top,wet,../textures/hiveg/broadleaf_flat.dds
terrain,wet_cool_flat_top1,wet,../textures/hiveg/broadleaf_flat.png
terrain,wet_cool_flat_top2,wet,../textures/hiveg/broadleaf_flat.png
terrain,wet_cool_flat_top3,wet,../textures/hiveg/broadleaf_flat.png
terrain,wet_cool_flat_top4,wet,../textures/hiveg/broadleaf_flat.png
terrain,wet_cool_hill1,wet,../textures/hiveg/broadleaf_hill.dds
terrain,wet_cool_hill2,wet,../textures/hiveg/broadleaf_hill.dds
terrain,wet_cool_hill3,wet,../textures/hiveg/broadleaf_hill.dds
terrain,wet_cool_hill4,wet,../textures/hiveg/broadleaf_hill.dds
terrain,wet_cool_hill_av,wet,../textures/hiveg/broadleaf_hill.png
terrain,wet_cool_sflat,wet,../textures/hiveg/broadleaf_sflat.dds
terrain,wet_cool_steep,wet,../textures/hiveg/broadleaf_steep.dds
terrain,wet_hot_flat1,wet,../textures/hiveg/tropical_flat.dds
terrain,wet_hot_flat2,wet,../textures/hiveg/tropical_flat.dds
terrain,wet_hot_flat3,wet,../textures/hiveg/tropical_flat.dds
terrain,wet_hot_flat4,wet,../textures/hiveg/tropical_flat.dds
terrain,wet_hot_flat_av,wet,../textures/hiveg/tropical_flat.dds
terrain,wet_hot_flat_low,wet,../textures/loveg/tropical_grass_wet.dds
terrain,wet_hot_flat_low1,wet,../textures/loveg/tropical_grass_wet.png
terrain,wet_hot_flat_low2,wet,../textures/loveg/tropical_grass_wet.png
terrain,wet_hot_flat_low3,wet,../textures/loveg/tropical_grass_wet.png
terrain,wet_hot_flat_low4,wet,../textures/loveg/tropical_grass_wet.png
terrain,wet_hot_flat_mid,wet,../textures/hiveg/tropical_flat.dds
terrain,wet_hot_flat_mid1,wet,../textures/hiveg/tropical_flat.png
terrain,wet_hot_flat_mid2,wet,../textures/hiveg/tropical_flat.png
terrain,wet_hot_flat_mid3,wet,../textures/hiveg/tropical_flat.png
terrain,wet_hot_flat_mid4,wet,../textures/hiveg/tropical_flat.png
terrain,wet_hot_flat_top,wet,../textures/hiveg/tropical_fields_flat.dds
terrain,wet_hot_flat_top1,wet,../textures/hiveg/tropical_fields_flat.png
terrain,wet_hot_flat_top2,wet,../textures/hiveg/tropical_fields_flat.png
terrain,wet_hot_flat_top3,wet,../textures/hiveg/tropical_fields_flat.png
terrain,wet_hot_flat_top4,wet,../textures/hiveg/tropical_fields_flat.png
terrain,wet_hot_hill,wet,../textures/hiveg/tropical_hill.dds
terrain,wet_hot_sflat,wet,../textures/hiveg/tropical_fields_hill.png
terrain,wet_hot_sflat1,wet,../textures/hiveg/tropical_fields_hill.dds
terrain,wet_hot_sflat2,wet,../textures/hiveg/tropical_fields_hill.dds
terrain,wet_hot_sflat3,wet,../textures/hiveg/tropical_fields_hill.dds
terrain,wet_hot_sflat4,wet,../textures/hiveg/tropical_fields_hill.dds
terrain,wet_hot_sflat_av,wet,../textures/hiveg/tropical_fields_hill.dds
terrain,wet_hot_shill,wet,../textures/hiveg/tropical_sflat.dds
terrain,wet_hot_steep,wet,../textures/hiveg/tropical_steep.dds
terrain,wet_temp_flat1,wet,../textures/hiveg/broadleaf_fields_flat.dds
terrain,wet_temp_flat2,wet,../textures/hiveg/broadleaf_fields_flat.dds
terrain,wet_temp_flat3,wet,../textures/hiveg/broadleaf_fields_flat.dds
terrain,wet_temp_flat4,wet,../textures/hiveg/broadleaf_fields_flat.dds
terrain,wet_temp_flat_av,wet,../textures/hiveg/broadleaf_fields_flat.dds
terrain,wet_temp_flat_hi,wet,../textures/hiveg/broadleaf_sflat2.png
terrain,wet_temp_flat_hi1,wet,../textures/hiveg/broadleaf_sflat2.dds
terrain,wet_temp_flat_hi2,wet,../textures/hiveg/broadleaf_sflat2.dds
terrain,wet_temp_flat_hi3,wet,../textures/hiveg/broadleaf_sflat2.dds
terrain,wet_temp_flat_hi4,wet,../textures/hiveg/broadleaf_sflat2.dds
terrain,wet_temp_flat_hi_av,wet,../textures/hiveg/broadleaf_sflat2.dds
terrain,wet_temp_flat_low,wet,../textures/hiveg/broadleaf_fields_low.dds
terrain,wet_temp_flat_low1,wet,../textures/hiveg/broadleaf_fields_low.png
terrain,wet_temp_flat_low2,wet,../textures/hiveg/broadleaf_fields_low.png
terrain,wet_temp_flat_low3,wet,../textures/hiveg/broadleaf_fields_low.png
terrain,wet_temp_flat_low4,wet,../textures/hiveg/broadleaf_fields_low.png
terrain,wet_temp_flat_mid,wet,../textures/hiveg/broadleaf_sflat2.dds
terrain,wet_temp_flat_mid1,wet,../textures/hiveg/broadleaf_sflat2.png
terrain,wet_temp_flat_mid2,wet,../textures/hiveg/broadleaf_sflat2.png
terrain,wet_temp_flat_mid3,wet,../textures/hiveg/broadleaf_sflat2.png
terrain,wet_temp_flat_mid4,wet,../textures/hiveg/broadleaf_sflat2.png
terrain,wet_temp_flat_top,wet,../textures/hiveg/broadleaf_flat.dds
terrain,wet_temp_flat_top1,wet,../textures/hiveg/broadleaf_flat.png
terrain,wet_temp_flat_top2,wet,../textures/hiveg/broadleaf_flat.png
terrain,wet_temp_flat_top3,wet,../textures/hiveg/broadleaf_flat.png
terrain,wet_temp_flat_top4,wet,../textures/hiveg/broadleaf_flat.png
terrain,wet_temp_hill_n,wet,../textures/hiveg/broadleaf_hill.dds
terrain,wet_temp_hill_s,wet,../textures/hiveg/broadleaf_hill2.dds
terrain,wet_temp_sflat,wet,../textures/hiveg/broadleaf_sflat.dds
terrain,wet_temp_steep,wet,../textures/hiveg/broadleaf_steep.dds
terrain,wet_vhot_flat1,wet,../textures/loveg/tropical_hot_grass_wet.dds
terrain,wet_vhot_flat2,wet,../textures/loveg/tropical_hot_grass_wet.dds
terrain,wet_vhot_flat3,wet,../textures/loveg/tropical_hot_grass_wet.dds
terrain,wet_vhot_flat4,wet,../textures/loveg/tropical_hot_grass_wet.dds
terrain,wet_vhot_flat_av,wet,../textures/loveg/tropical_hot_grass_wet.dds
terrain,wet_vhot_flat_low,wet,../textures/loveg/tropical_hot_grass_wet.dds
terrain,wet_vhot_flat_low1,wet,../textures/loveg/tropical_hot_grass_wet.png
terrain,wet_vhot_flat_low2,wet,../textures/loveg/tropical_hot_grass_wet.png
terrain,wet_vhot_flat_low3,wet,../textures/loveg/tropical_hot_grass_wet.png
terrain,wet_vhot_flat_low4,wet,../textures/loveg/tropical_hot_grass_wet.png
terrain,wet_vhot_flat_mid,wet,../textures/hiveg/tropical_flat.dds
terrain,wet_vhot_flat_mid1,wet,../textures/hiveg/tropical_flat.png
terrain,wet_vhot_flat_mid2,wet,../textures/hiveg/tropical_flat.png
terrain,wet_vhot_flat_mid3,wet,../textures/hiveg/tropical_flat.png
terrain,wet_vhot_flat_mid4,wet,../textures/hiveg/tropical_flat.png
terrain,wet_vhot_flat_top,wet,../textures/hiveg/tropical_fields_flat.dds
terrain,wet_vhot_flat_top1,wet,../textures/hiveg/tropical_fields_flat.png
terrain,wet_vhot_flat_top2,wet,../textures/hiveg/tropical_fields_flat.png
terrain,wet_vhot_flat_top3,wet,../textures/hiveg/tropical_fields_flat.png
terrain,wet_vhot_flat_top4,wet,../textures/hiveg/tropical_fields_flat.png
terrain,wet_vhot_hill,wet,../textures/hiveg/tropical_hill.dds
terrain,wet_vhot_sflat,wet,../textures/hiveg/tropical_fields_hill.png
terrain,wet_vhot_sflat1,wet,../textures/hiveg/tropical_fields_hill.dds
terrain,wet_vhot_sflat2,wet,../textures/hiveg/tropical_fields_hill.dds
terrain,wet_vhot_sflat3,wet,../textures/hiveg/tropical_fields_hill.dds
terrain,wet_vhot_sflat4,wet,../textures/hiveg/tropical_fields_hill.dds
terrain,wet_vhot_sflat_av,wet,../textures/hiveg/tropical_fields_hill.dds
terrain,wet_vhot_shill,wet,../textures/hiveg/tropical_sflat.dds
terrain,wet_vhot_steep,wet,../textures/hiveg/tropical_steep.dds
terrain,wet_warm_flat1,wet,../textures/hiveg/broadleaf_fields_flat.dds
terrain,wet_warm_flat2,wet,../textures/hiveg/broadleaf_fields_flat.dds
terrain,wet_warm_flat3,wet,../textures/hiveg/broadleaf_fields_flat.dds
terrain,wet_warm_flat4,wet,../textures/hiveg/broadleaf_fields_flat.dds
terrain,wet_warm_flat_av,wet,../textures/hiveg/broadleaf_fields_flat.dds
terrain,wet_warm_flat_hi,wet,../textures/hiveg/broadleaf_sflat2.png
terrain,wet_warm_flat_hi1,wet,../textures/hiveg/broadleaf_sflat2.dds
terrain,wet_warm_flat_hi2,wet,../textures/hiveg/broadleaf_sflat2.dds
terrain,wet_warm_flat_hi3,wet,../textures/hiveg/broadleaf_sflat2.dds
terrain,wet_warm_flat_hi4,wet,../textures/hiveg/broadleaf_sflat2.dds
terrain,wet_warm_flat_hi_av,wet,../textures/hiveg/broadleaf_sflat2.dds
terrain,wet_warm_flat_low,wet,../textures/hiveg/broadleaf_fields_low.dds
terrain,wet_warm_flat_low1,wet,../textures/hiveg/broadleaf_fields_low.png
terrain,wet_warm_flat_low2,wet,../textures/hiveg/broadleaf_fields_low.png
terrain,wet_warm_flat_low3,wet,../textures/hiveg/broadleaf_fields_low.png
terrain,wet_warm_flat_low4,wet,../textures/hiveg/broadleaf_fields_low.png
terrain,wet_warm_flat_mid,wet,../textures/hiveg/broadleaf_sflat2.dds
terrain,wet_warm_flat_mid1,wet,../textures/hiveg/broadleaf_sflat2.png
terrain,wet_warm_flat_mid2,wet,../textures/hiveg/broadleaf_sflat2.png
terrain,wet_warm_flat_mid3,wet,../textures/hiveg/broadleaf_sflat2.png
terrain,wet_warm_flat_mid4,wet,../textures/hiveg/broadleaf_sflat2.png
terrain,wet_warm_flat_top,wet,../textures/hiveg/broadleaf_flat.dds
terrain,wet_warm_flat_top1,wet,../textures/hiveg/broadleaf_flat.png
terrain,wet_warm_flat_top2,wet,../textures/hiveg/broadleaf_flat.png
terrain,wet_warm_flat_top3,wet,../textures/hiveg/broadleaf_flat.png
terrain,wet_warm_flat_top4,wet,../textures/hiveg/broadleaf_flat.png
terrain,wet_warm_hill_n,wet,../textures/hiveg/broadleaf_hill.dds
terrain,wet_warm_hill_s,wet,../textures/hiveg/broadleaf_hill2.dds
terrain,wet_warm_sflat,wet,../textures/hiveg/broadleaf_sflat.dds
terrain,wet_warm_steep,wet,../textures/hiveg/broadleaf_steep.dds
terrain10,any_cld_dry_fl,any,../textures10/soil/rock_cld_sdry_flat_c.dds
terrain10,any_cld_dry_fl_md,any,../textures10/loveg/sprs_cld_wet_flat_c.dds
terrain10,any_cld_dry_fl_tp,any,../textures10/soil/rock_cld_sdry_flat_c.dds
terrain10,any_cld_dry_hill,any,../textures10/loveg/sprs_cld_sdry_hill_d.dds
terrain10,any_cld_dry_sflat,any,../textures10/loveg/shrub_tmp_wet_hill_d.dds
terrain10,any_cld_rain_hill,any,../textures10/loveg/sprs_cld_wet_hill_d.dds
terrain10,any_cld_rain_sflat,any,../textures10/loveg/sprs_cld_wet_sflat_d.dds
terrain10,any_cld_sdry_fl,any,../textures10/loveg/sprs_cld_wet_flat_c.dds
terrain10,any_cld_sdry_fl_md,any,../textures10/loveg/sprs_cld_wet_flat_c.dds
terrain10,any_cld_sdry_fl_tp,any,../textures10/loveg/sprs_cld_wet_flat_c.dds
terrain10,any_cld_sdry_hill,any,../textures10/loveg/tund_sp_cld_sdry_hill_d.dds
terrain10,any_cld_sdry_sflat,any,../textures10/loveg/shrub_tmp_wet_hill_d.dds
terrain10,any_cld_wet_fl,any,../textures10/loveg/sprs_cld_wet_flat_c.dds
terrain10,any_cld_wet_fl_md,any,../textures10/loveg/sprs_cld_wet_flat_c.dds
terrain10,any_cld_wet_fl_tp,any,../textures10/loveg/sprs_cld_wet_flat_c.dds
terrain10,any_cld_wet_grass,any,../textures10/loveg/grass_cld_wet_flat_c.dds
terrain10,any_cld_wet_hill,any,../textures10/loveg/sprs_cld_wet_hill_d.dds
terrain10,any_cld_wet_sflat,any,../textures10/loveg/sprs_cld_wet_sflat_d.dds
terrain10,any_hot_dry_fl,any,../textures10/loveg/sprs_hot_dry_flat_c.dds
terrain10,any_hot_dry_fl_md,any,../textures10/loveg/sprs_hot_dry_sflat_d.dds
terrain10,any_hot_dry_fl_tp,any,../textures10/loveg/sprs_hot_dry_flat_c.dds
terrain10,any_hot_dry_hill,any,../textures10/loveg/shrub_hot_dry_hill_d.dds
terrain10,any_hot_dry_sflat,any,../textures10/loveg/sprs_hot_dry_sflat_d.dds
terrain10,any_hot_dry_tr_hill,any,../textures10/loveg/shrub_hot_dry_hill_d.dds
terrain10,any_hot_rain_fl,any,../textures10/loveg/shrub_hot_rain_flat_c.dds
terrain10,any_hot_rain_fl_md,any,../textures10/loveg/shrub_wrm_wet_sflat_d.dds
terrain10,any_hot_rain_fl_tp,any,../textures10/loveg/shrub_hot_rain_flat_c.dds
terrain10,any_hot_rain_hill,any,../textures10/loveg/shrub_wrm_wet_hill_d.dds
terrain10,any_hot_rain_sflat,any,../textures10/loveg/shrub_wrm_wet_sflat_d.dds
terrain10,any_hot_rain_tr_hill,any,../textures10/loveg/shrub_wrm_wet_hill_d.dds
terrain10,any_hot_sdry_fl,any,../textures10/loveg/sprs_hot_dry_flat_c.dds
terrain10,any_hot_sdry_fl_md,any,../textures10/loveg/sprs_wrm_sdry_sflat_d.dds
terrain10,any_hot_sdry_fl_tp,any,../textures10/loveg/sprs_hot_dry_flat_c.dds
terrain10,any_hot_sdry_hill,any,../textures10/loveg/sprs_wrm_dry_hill_d.dds
terrain10,any_hot_sdry_sflat,any,../textures10/loveg/sprs_wrm_sdry_sflat_d.dds
terrain10,any_hot_sdry_tr_hill,any,../textures10/loveg/sprs_wrm_dry_hill_d.dds
terrain10,any_hot_wet_fl,any,../textures10/loveg/shrub_hot_rain_flat_c.dds
terrain10,any_hot_wet_fl_md,any,../textures10/loveg/shrub_wrm_wet_sflat_d.dds
terrain10,any_hot_wet_fl_tp,any,../textures10/loveg/shrub_hot_rain_flat_c.dds
terrain10,any_hot_wet_hill,any,../textures10/loveg/shrub_wrm_wet_hill_d.dds
terrain10,any_hot_wet_sflat,any,../textures10/loveg/shrub_wrm_wet_sflat_d.dds
terrain10,any_hot_wet_tr_hill,any,../textures10/loveg/shrub_wrm_wet_hill_d.dds
terrain10,any_pol_dry_fl,any,../textures10/soil/rock_vcld_rain_flat_c.dds
terrain10,any_pol_dry_fl_md,any,../textures10/soil/rock_vcld_wet_hill_d.dds
terrain10,any_pol_dry_fl_tp,any,../textures10/soil/rock_vcld_rain_flat_c.dds
terrain10,any_pol_dry_hill,any,../textures10/soil/rock_vcld_wet_hill_d.dds
terrain10,any_pol_dry_sflat,any,../textures10/soil/rock_cld_wet_sflat_d.dds
terrain10,any_pol_rain_hill,any,../textures10/soil/rock_pol_wet_hill_d.dds
terrain10,any_pol_rain_sflat,any,../textures10/soil/rock_pol_wet_sflat_d.dds
terrain10,any_pol_sdry_fl,any,../textures10/soil/rock_vcld_rain_flat_c.dds
terrain10,any_pol_sdry_fl_md,any,../textures10/soil/rock_vcld_rain_flat_c.dds
terrain10,any_pol_sdry_fl_tp,any,../textures10/soil/rock_vcld_rain_flat_c.dds
terrain10,any_pol_sdry_hill,any,../textures10/soil/rock_vpol_wet_hill_d.dds
terrain10,any_pol_sdry_sflat,any,../textures10/soil/rock_vcld_rain_flat_c.dds
terrain10,any_pol_wet_fl,any,../textures10/soil/rock_pol_wet_sflat_d.dds
terrain10,any_pol_wet_fl_md,any,../textures10/soil/rock_pol_wet_sflat_d.dds
terrain10,any_pol_wet_fl_tp,any,../textures10/soil/rock_pol_wet_sflat_d.dds
terrain10,any_pol_wet_hill,any,../textures10/soil/rock_pol_wet_hill_d.dds
terrain10,any_pol_wet_sflat,any,../textures10/soil/rock_pol_wet_sflat_d.dds
terrain10,any_tmp_dry_fl,any,../textures10/loveg/sprs_tmp_dry_flat_c.dds
terrain10,any_tmp_dry_fl2,any,../textures10/loveg/sprs_tmp_dry_flat_c.dds
terrain10,any_tmp_dry_fl_md,any,../textures10/loveg/sprs_tmp_dry_sflat_d.dds
terrain10,any_tmp_dry_fl_tp,any,../textures10/loveg/sprs_tmp_dry_flat_c.dds
terrain10,any_tmp_dry_hill,any,../textures10/loveg/sprs_wrm_sdry_hill_d.dds
terrain10,any_tmp_dry_sflat,any,../textures10/loveg/sprs_tmp_dry_sflat_d.dds
terrain10,any_tmp_rain_hill,any,../textures10/loveg/sprs_cld_wet_hill_d.dds
terrain10,any_tmp_sdry_fl,any,../textures10/loveg/grass_cld_wet_flat_c.dds
terrain10,any_tmp_sdry_fl_md,any,../textures10/hiveg/broadl_sp_tmp_wet_flat_c.dds
terrain10,any_tmp_sdry_fl_tp,any,../textures10/loveg/grass_cld_wet_flat_c.dds
terrain10,any_tmp_sdry_hill,any,../textures10/loveg/shrub_tmp_sdry_hill_d.dds
terrain10,any_tmp_sdry_sflat,any,../textures10/loveg/shrub_tmp_dry_sflat_d.dds
terrain10,any_tmp_wet_fl,any,../textures10/loveg/grass_cld_wet_flat_c.dds
terrain10,any_tmp_wet_fl_md,any,../textures10/loveg/sprs_tmp_wet_hill_d.dds
terrain10,any_tmp_wet_fl_tp,any,../textures10/loveg/grass_cld_wet_flat_c.dds
terrain10,any_tmp_wet_grass,any,../textures10/loveg/grass_cld_wet_flat_c.dds
terrain10,any_tmp_wet_hill,any,../textures10/loveg/sprs_tmp_wet_hill_d.dds
terrain10,any_tmp_wet_sflat,any,../textures10/human/pastr_tmp_wet_sflat_d.dds
terrain10,any_vcld_dry_fl,any,../textures10/loveg/sprs_vcld_wet_flat_c.dds
terrain10,any_vcld_dry_fl_md,any,../textures10/loveg/sprs_vcld_wet_flat_c.dds
terrain10,any_vcld_dry_fl_tp,any,../textures10/loveg/sprs_vcld_wet_flat_c.dds
terrain10,any_vcld_dry_hill,any,../textures10/soil/rock_cld_dry_hill_d.dds
terrain10,any_vcld_dry_sflat,any,../textures10/loveg/sprs_cld_wet_hill_d.dds
terrain10,any_vcld_rain_hill,any,../textures10/loveg/sprs_cld_rain_hill_d.dds
terrain10,any_vcld_rain_sflat,any,../textures10/loveg/sprs_cld_wet_sflat_d.dds
terrain10,any_vcld_sdry_fl,any,../textures10/loveg/sprs_vcld_wet_flat_c.dds
terrain10,any_vcld_sdry_fl_md,any,../textures10/loveg/sprs_vcld_wet_flat_c.dds
terrain10,any_vcld_sdry_fl_tp,any,../textures10/loveg/sprs_vcld_wet_flat_c.dds
terrain10,any_vcld_sdry_hill,any,../textures10/loveg/tund_grass_vcld_sdry_hill_d.dds
terrain10,any_vcld_sdry_sflat,any,../textures10/loveg/shrub_tmp_wet_hill_d.dds
terrain10,any_vcld_wet_fl,any,../textures10/loveg/sprs_vcld_wet_flat_c.dds
terrain10,any_vcld_wet_fl_md,any,../textures10/loveg/sprs_vcld_wet_flat_c.dds
terrain10,any_vcld_wet_fl_tp,any,../textures10/loveg/sprs_vcld_wet_flat_c.dds
terrain10,any_vcld_wet_grass,any,../textures10/loveg/grass_cld_wet_flat_c.dds
terrain10,any_vcld_wet_hill,any,../textures10/loveg/sprs_cld_rain_hill_d.dds
terrain10,any_vcld_wet_sflat,any,../textures10/loveg/sprs_cld_wet_sflat_d.dds
terrain10,any_vhot_dry_fl,any,../textures10/loveg/sprs_hot_dry_flat_c.dds
terrain10,any_vhot_dry_fl_md,any,../textures10/loveg/sprs_hot_dry_sflat_d.dds
terrain10,any_vhot_dry_fl_tp,any,../textures10/loveg/sprs_hot_dry_flat_c.dds
terrain10,any_vhot_dry_hill,any,../textures10/loveg/shrub_hot_dry_hill_d.dds
terrain10,any_vhot_dry_sflat,any,../textures10/loveg/sprs_hot_dry_sflat_d.dds
terrain10,any_vhot_dry_tr_hill,any,../textures10/loveg/shrub_hot_dry_hill_d.dds
terrain10,any_vhot_rain_fl,any,../textures10/loveg/shrub_hot_rain_flat_c.dds
terrain10,any_vhot_rain_fl_md,any,../textures10/loveg/shrub_wrm_wet_sflat_d.dds
terrain10,any_vhot_rain_fl_tp,any,../textures10/loveg/shrub_hot_rain_flat_c.dds
terrain10,any_vhot_rain_hill,any,../textures10/loveg/shrub_wrm_wet_hill_d.dds
terrain10,any_vhot_rain_sflat,any,../textures10/loveg/shrub_wrm_wet_sflat_d.dds
terrain10,any_vhot_rain_tr_hill,any,../textures10/loveg/shrub_wrm_wet_hill_d.dds
terrain10,any_vhot_sdry_fl,any,../textures10/loveg/shrub_wrm_sdry_flat_c.dds
terrain10,any_vhot_sdry_fl_md,any,../textures10/loveg/sprs_wrm_sdry_sflat_d.dds
terrain10,any_vhot_sdry_fl_tp,any,../textures10/loveg/shrub_wrm_sdry_flat_c.dds
terrain10,any_vhot_sdry_hill,any,../textures10/soil/rock_wrm_sdry_steep_d.dds
terrain10,any_vhot_sdry_sflat,any,../textures10/loveg/sprs_wrm_sdry_sflat_d.dds
terrain10,any_vhot_sdry_tr_hill,any,../textures10/soil/rock_wrm_sdry_steep_d.dds
terrain10,any_vhot_wet_fl,any,../textures10/loveg/shrub_hot_rain_flat_c.dds
terrain10,any_vhot_wet_fl_md,any,../textures10/loveg/shrub_wrm_wet_sflat_d.dds
terrain10,any_vhot_wet_fl_tp,any,../textures10/loveg/shrub_hot_rain_flat_c.dds
terrain10,any_vhot_wet_hill,any,../textures10/loveg/shrub_wrm_wet_hill_d.dds
terrain10,any_vhot_wet_sflat,any,../textures10/loveg/shrub_wrm_wet_sflat_d.dds
terrain10,any_vhot_wet_tr_hill,any,../textures10/loveg/shrub_wrm_wet_hill_d.dds
terrain10,any_wrm_dry_fl,any,../textures10/loveg/sprs_wrm_dry_flat_c.dds
terrain10,any_wrm_dry_fl_md,any,../textures10/loveg/sprs_wrm_dry_sflat_d.dds
terrain10,any_wrm_dry_fl_tp,any,../textures10/loveg/sprs_wrm_dry_flat_c.dds
terrain10,any_wrm_dry_hill,any,../textures10/loveg/shrub_wrm_dry_hill_d.dds
terrain10,any_wrm_dry_sflat,any,../textures10/loveg/sprs_wrm_dry_sflat_d.dds
terrain10,any_wrm_rain_fl,any,../textures10/loveg/shrub_hot_rain_flat_c.dds
terrain10,any_wrm_rain_fl_md,any,../textures10/loveg/shrub_wrm_wet_sflat_d.dds
terrain10,any_wrm_rain_fl_tp,any,../textures10/loveg/shrub_hot_rain_flat_c.dds
terrain10,any_wrm_rain_hill,any,../textures10/loveg/shrub_wrm_wet_hill_d.dds
terrain10,any_wrm_rain_sflat,any,../textures10/loveg/shrub_wrm_wet_sflat_d.dds
terrain10,any_wrm_sdry_fl,any,../textures10/loveg/sprs_tmp_dry_flat_c.dds
terrain10,any_wrm_sdry_fl_md,any,../textures10/loveg/sprs_wrm_sdry_sflat_d.dds
terrain10,any_wrm_sdry_fl_tp,any,../textures10/loveg/sprs_tmp_dry_flat_c.dds
terrain10,any_wrm_sdry_hill,any,../textures10/loveg/sprs_wrm_sdry_hill_d.dds
terrain10,any_wrm_sdry_sflat,any,../textures10/loveg/sprs_wrm_sdry_sflat_d.dds
terrain10,any_wrm_wet_fl,any,../textures10/loveg/shrub_hot_rain_flat_c.dds
terrain10,any_wrm_wet_fl_md,any,../textures10/loveg/shrub_wrm_wet_sflat_d.dds
terrain10,any_wrm_wet_fl_tp,any,../textures10/loveg/shrub_hot_rain_flat_c.dds
terrain10,any_wrm_wet_hill,any,../textures10/loveg/shrub_wrm_wet_hill_d.dds
terrain10,any_wrm_wet_sflat,any,../textures10/loveg/shrub_wrm_wet_sflat_d.dds
terrain10,apt_cld_dry,apt,../textures10/apt/apt_cld_dry.dds
terrain10,apt_cld_rain,apt,../textures10/apt/apt_cld_wet.dds
terrain10,apt_cld_sdry,apt,../textures10/apt/apt_tmp_sdry.dds
terrain10,apt_cld_wet,apt,../textures10/apt/apt_cld_wet.dds
terrain10,apt_hot_dry,apt,../textures10/apt/apt_hot_dry.dds
terrain10,apt_hot_rain,apt,../textures10/apt/apt_wrm_wet.dds
terrain10,apt_hot_sdry,apt,../textures10/apt/apt_wrm_sdry.dds
terrain10,apt_hot_wet,apt,../textures10/apt/apt_wrm_wet.dds
terrain10,apt_pol_dry,apt,../textures10/apt/apt_cld_dry.dds
terrain10,apt_pol_rain,apt,../textures10/apt/apt_cld_dry.dds
terrain10,apt_pol_sdry,apt,../textures10/apt/apt_cld_dry.dds
terrain10,apt_pol_wet,apt,../textures10/apt/apt_cld_dry.dds
terrain10,apt_tmp_dry,apt,../textures10/apt/apt_tmp_dry.dds
terrain10,apt_tmp_rain,apt,../textures10/apt/apt_tmp_wet.dds
terrain10,apt_tmp_sdry,apt,../textures10/apt/apt_tmp_sdry.dds
terrain10,apt_tmp_wet,apt,../textures10/apt/apt_tmp_wet.dds
terrain10,apt_vcld_dry,apt,../textures10/apt/apt_cld_dry.dds
terrain10,apt_vcld_rain,apt,../textures10/apt/apt_cld_wet.dds
terrain10,apt_vcld_sdry,apt,../textures10/apt/apt_cld_dry.dds
terrain10,apt_vcld_wet,apt,../textures10/apt/apt_cld_wet.dds
terrain10,apt_vhot_dry,apt,../textures10/apt/apt_hot_dry.dds
terrain10,apt_vhot_rain,apt,../textures10/apt/apt_wrm_wet.dds
terrain10,apt_vhot_sdry,apt,../textures10/apt/apt_wrm_sdry.dds
terrain10,apt_vhot_wet,apt,../textures10/apt/apt_wrm_wet.dds
terrain10,apt_vpol_dry,apt,../textures10/apt/apt_cld_dry.dds
terrain10,apt_vpol_rain,apt,../textures10/apt/apt_vpol.dds
terrain10,apt_vpol_sdry,apt,../textures10/apt/apt_cld_dry.dds
terrain10,apt_vpol_wet,apt,../textures10/apt/apt_cld_dry.dds
terrain10,apt_wrm_dry,apt,../textures10/apt/apt_wrm_dry.dds
terrain10,apt_wrm_rain,apt,../textures10/apt/apt_wrm_wet.dds
terrain10,apt_wrm_sdry,apt,../textures10/apt/apt_wrm_sdry.dds
terrain10,apt_wrm_wet,apt,../textures10/apt/apt_wrm_wet.dds
terrain10,bare_scree_cld_dry,bare,../textures10/soil/scree_dry_bare_d.dds
terrain10,bare_scree_cld_rain,bare,../textures10/soil/scree_vcld_wet_d.dds
terrain10,bare_scree_cld_sdry,bare,../textures10/soil/scree_dry_bare_d.dds
terrain10,bare_scree_cld_wet,bare,../textures10/soil/scree_dry_bare_d.dds
terrain10,bare_scree_hot_dry,bare,../textures10/soil/scree_wrm_dry_bare_d.dds
terrain10,bare_scree_hot_rain,bare,../textures10/soil/rock_wrm_wet_steep_d.dds
terrain10,bare_scree_hot_sdry,bare,../textures10/soil/scree_wrm_dry_bare_d.dds
terrain10,bare_scree_hot_wet,bare,../textures10/soil/rock_wrm_wet_steep_d.dds
terrain10,bare_scree_pol_dry,bare,../textures10/soil/rock_pol_wet_hill_d.dds
terrain10,bare_scree_pol_rain,bare,../textures10/soil/snow_vcld_rain_steep_d.dds
terrain10,bare_scree_pol_sdry,bare,../textures10/soil/scree_vcld_wet_d.dds
terrain10,bare_scree_pol_wet,bare,../textures10/soil/scree_pol_wet_d.dds
terrain10,bare_scree_tmp_dry,bare,../textures10/soil/scree_tmp_dry_bare_d.dds
terrain10,bare_scree_tmp_rain,bare,../textures10/soil/scree_tmp_dry_bare_d.dds
terrain10,bare_scree_tmp_sdry,bare,../textures10/soil/scree_tmp_dry_bare_d.dds
terrain10,bare_scree_tmp_wet,bare,../textures10/soil/scree_tmp_dry_bare_d.dds
terrain10,bare_scree_vcld_dry,bare,../textures10/soil/scree_dry_bare_d.dds
terrain10,bare_scree_vcld_rain,bare,../textures10/soil/scree_pol_wet_d.dds
terrain10,bare_scree_vcld_sdry,bare,../textures10/soil/scree_vcld_wet_d.dds
terrain10,bare_scree_vcld_wet,bare,../textures10/soil/scree_vcld_wet_d.dds
terrain10,bare_scree_wrm_dry,bare,../textures10/soil/scree_wrm_dry_bare_d.dds
terrain10,bare_scree_wrm_rain,bare,../textures10/soil/rock_wrm_wet_steep_d.dds
terrain10,bare_scree_wrm_sdry,bare,../textures10/soil/scree_wrm_dry_bare_d.dds
terrain10,bare_scree_wrm_wet,bare,../textures10/soil/rock_wrm_wet_steep_d.dds
terrain10,broad_cld_dry_fl,broad,../textures10/hiveg/broadl_cld_sdry_sflat_d.dds
terrain10,broad_cld_dry_fl_md,broad,../textures10/hiveg/broadl_cld_sdry_sflat_d.dds
terrain10,broad_cld_dry_fl_tp,broad,../textures10/hiveg/broadl_cld_sdry_sflat_d.dds
terrain10,broad_cld_dry_hill,broad,../textures10/hiveg/broadl_sp_tmp_wet_hill_d.dds
terrain10,broad_cld_dry_sflat,broad,../textures10/hiveg/broadl_cld_sdry_sflat_d.dds
terrain10,broad_cld_rain_hill,broad,../textures10/hiveg/broadl_tmp_wet_hill_d.dds
terrain10,broad_cld_rain_hill_sp,broad,../textures10/hiveg/broadl_sp_cld_wet_sflat_d.dds
terrain10,broad_cld_rain_sflat,broad,../textures10/hiveg/broadl_tmp_wet_sflat_d.dds
terrain10,broad_cld_rain_sflat_sp,broad,../textures10/hiveg/broadl_sp_cld_wet_sflat_d.dds
terrain10,broad_cld_sdry_fl,broad,../textures10/hiveg/broadl_tmp_wet_flat_c.dds
terrain10,broad_cld_sdry_fl_md,broad,../textures10/hiveg/broadl_cld_sdry_sflat_d.dds
terrain10,broad_cld_sdry_fl_tp,broad,../textures10/hiveg/broadl_tmp_wet_flat_c.dds
terrain10,broad_cld_sdry_hill,broad,../textures10/hiveg/broadl_sp_tmp_wet_hill_d.dds
terrain10,broad_cld_sdry_sflat,broad,../textures10/hiveg/broadl_cld_sdry_sflat_d.dds
terrain10,broad_cld_wet_fl,broad,../textures10/hiveg/broadl_tmp_wet_flat_c.dds
terrain10,broad_cld_wet_fl_md,broad,../textures10/hiveg/broadl_tmp_wet_sflat_d.dds
terrain10,broad_cld_wet_fl_md_sp,broad,../textures10/hiveg/broadl_sp_cld_wet_sflat_d.dds
terrain10,broad_cld_wet_fl_sp,broad,../textures10/hiveg/broadl_tmp_wet_flat_c.dds
terrain10,broad_cld_wet_fl_tp,broad,../textures10/hiveg/broadl_tmp_wet_sflat_d.dds
terrain10,broad_cld_wet_fl_tp_sp,broad,../textures10/hiveg/broadl_sp_cld_wet_sflat_d.dds
terrain10,broad_cld_wet_hill,broad,../textures10/hiveg/broadl_tmp_wet_hill_d.dds
terrain10,broad_cld_wet_hill_sp,broad,../textures10/hiveg/broadl_sp_tmp_wet_hill_d.dds
terrain10,broad_cld_wet_sflat,broad,../textures10/hiveg/broadl_tmp_wet_sflat_d.dds
terrain10,broad_cld_wet_sflat_sp,broad,../textures10/hiveg/broadl_sp_cld_wet_sflat_d.dds
terrain10,broad_hot_dry_fl,broad,../textures10/hiveg/broadl_wrm_dry_flat_c.dds
terrain10,broad_hot_dry_fl_md,broad,../textures10/hiveg/broadl_wrm_dry_flat_c.dds
terrain10,broad_hot_dry_fl_tp,broad,../textures10/hiveg/broadl_wrm_dry_flat_c.dds
terrain10,broad_hot_dry_hill,broad,../textures10/hiveg/broadl_wrm_dry_hill_d.dds
terrain10,broad_hot_dry_sflat,broad,../textures10/hiveg/broadl_wrm_dry_hill_d.dds
terrain10,broad_hot_rain_fl,broad,../textures10/hiveg/broadl_hot_rain_flat_c.dds
terrain10,broad_hot_rain_fl_md,broad,../textures10/hiveg/broadl_hot_rain_flat_c.dds
terrain10,broad_hot_rain_fl_md_sp,broad,../textures10/hiveg/broadl_sp_wrm_wet_sflat_d.dds
terrain10,broad_hot_rain_fl_sp,broad,../textures10/hiveg/broadl_sp_wrm_wet_sflat_d.dds
terrain10,broad_hot_rain_fl_tp,broad,../textures10/hiveg/broadl_hot_rain_flat_c.dds
terrain10,broad_hot_rain_fl_tp_sp,broad,../textures10/hiveg/broadl_sp_wrm_wet_sflat_d.dds
terrain10,broad_hot_rain_hill,broad,../textures10/hiveg/broadl_hot_rain_hill_d.dds
terrain10,broad_hot_rain_hill_sp,broad,../textures10/hiveg/broadl_sp_wrm_wet_hill_d.dds
terrain10,broad_hot_rain_sflat,broad,../textures10/hiveg/broadl_hot_rain_sflat_d.dds
terrain10,broad_hot_rain_sflat_sp,broad,../textures10/hiveg/broadl_sp_wrm_wet_sflat_d.dds
terrain10,broad_hot_sdry_fl,broad,../textures10/hiveg/broadl_wrm_sdry_flat_c.dds
terrain10,broad_hot_sdry_fl_md,broad,../textures10/hiveg/broadl_wrm_sdry_hill_d.dds
terrain10,broad_hot_sdry_fl_tp,broad,../textures10/hiveg/broadl_wrm_sdry_flat_c.dds
terrain10,broad_hot_sdry_hill,broad,../textures10/hiveg/broadl_wrm_sdry_hill_d.dds
terrain10,broad_hot_sdry_sflat,broad,../textures10/hiveg/broadl_wrm_sdry_hill_d.dds
terrain10,broad_hot_wet_fl,broad,../textures10/hiveg/broadl_wrm_wet_flat_c.dds
terrain10,broad_hot_wet_fl_md,broad,../textures10/hiveg/broadl_sp_wrm_wet_sflat_d.dds
terrain10,broad_hot_wet_fl_md_sp,broad,../textures10/hiveg/broadl_sp_wrm_wet_sflat_d.dds
terrain10,broad_hot_wet_fl_sp,broad,../textures10/hiveg/broadl_sp_wrm_wet_sflat_d.dds
terrain10,broad_hot_wet_fl_tp,broad,../textures10/hiveg/broadl_wrm_wet_flat_c.dds
terrain10,broad_hot_wet_fl_tp_sp,broad,../textures10/hiveg/broadl_sp_wrm_wet_sflat_d.dds
terrain10,broad_hot_wet_hill,broad,../textures10/hiveg/broadl_wrm_wet_hill_d.dds
terrain10,broad_hot_wet_hill_sp,broad,../textures10/hiveg/broadl_sp_wrm_wet_hill_d.dds
terrain10,broad_hot_wet_sflat,broad,../textures10/hiveg/broadl_tmp_wet_sflat_d.dds
terrain10,broad_hot_wet_sflat_sp,broad,../textures10/hiveg/broadl_sp_wrm_wet_sflat_d.dds
terrain10,broad_tmp_dry_fl,broad,../textures10/hiveg/broadl_tmp_dry_sflat_d.dds
terrain10,broad_tmp_dry_fl_md,broad,../textures10/hiveg/broadl_tmp_dry_sflat_d.dds
terrain10,broad_tmp_dry_hill,broad,../textures10/hiveg/broadl_tmp_dry_hill_d.dds
terrain10,broad_tmp_dry_sflat,broad,../textures10/hiveg/broadl_tmp_dry_sflat_d.dds
terrain10,broad_tmp_rain_hill,broad,../textures10/hiveg/broadl_tmp_wet_hill_d.dds
terrain10,broad_tmp_rain_hill_sp,broad,../textures10/hiveg/broadl_sp_tmp_wet_hill_d.dds
terrain10,broad_tmp_rain_sflat,broad,../textures10/hiveg/broadl_tmp_wet_sflat_d.dds
terrain10,broad_tmp_rain_sflat_sp,broad,../textures10/hiveg/broadl_sp_tmp_wet_hill_d.dds
terrain10,broad_tmp_sdry_fl,broad,../textures10/hiveg/broadl_tmp_sdry_sflat.dds
terrain10,broad_tmp_sdry_fl_md,broad,../textures10/hiveg/broadl_tmp_sdry_hill_d.dds
terrain10,broad_tmp_sdry_fl_tp,broad,../textures10/hiveg/broadl_tmp_sdry_sflat.dds
terrain10,broad_tmp_sdry_hill,broad,../textures10/hiveg/broadl_tmp_sdry_hill_d.dds
terrain10,broad_tmp_sdry_sflat,broad,../textures10/hiveg/broadl_tmp_sdry_sflat.dds
terrain10,broad_tmp_wet_fl,broad,../textures10/hiveg/broadl_tmp_wet_flat_c.dds
terrain10,broad_tmp_wet_fl_md,broad,../textures10/hiveg/broadl_tmp_wet_sflat_d.dds
terrain10,broad_tmp_wet_fl_md_sp,broad,../textures10/hiveg/broadl_sp_tmp_wet_hill_d.dds
terrain10,broad_tmp_wet_fl_sp,broad,../textures10/hiveg/broadl_tmp_wet_flat_c.dds
terrain10,broad_tmp_wet_fl_tp,broad,../textures10/hiveg/broadl_tmp_wet_sflat_d.dds
terrain10,broad_tmp_wet_fl_tp_sp,broad,../textures10/hiveg/broadl_sp_tmp_wet_flat_c.dds
terrain10,broad_tmp_wet_hill,broad,../textures10/hiveg/broadl_tmp_wet_hill_d.dds
terrain10,broad_tmp_wet_hill_sp,broad,../textures10/hiveg/broadl_sp_tmp_wet_hill_d.dds
terrain10,broad_tmp_wet_sflat,broad,../textures10/hiveg/broadl_tmp_wet_sflat_d.dds
terrain10,broad_tmp_wet_sflat_sp,broad,../textures10/hiveg/broadl_sp_tmp_wet_hill_d.dds
terrain10,broad_vcld_dry_fl,broad,../textures10/hiveg/broadl_cld_sdry_sflat_d.dds
terrain10,broad_vcld_dry_fl_md,broad,../textures10/hiveg/broadl_cld_sdry_sflat_d.dds
terrain10,broad_vcld_dry_fl_tp,broad,../textures10/hiveg/broadl_cld_sdry_sflat_d.dds
terrain10,broad_vcld_dry_hill,broad,../textures10/hiveg/broadl_cld_sdry_sflat_d.dds
terrain10,broad_vcld_dry_sflat,broad,../textures10/hiveg/broadl_cld_sdry_sflat_d.dds
terrain10,broad_vcld_rain_hill,broad,../textures10/hiveg/broadl_tmp_wet_hill_d.dds
terrain10,broad_vcld_rain_hill_sp,broad,../textures10/hiveg/broadl_sp_cld_wet_sflat_d.dds
terrain10,broad_vcld_rain_sflat,broad,../textures10/hiveg/broadl_cld_sdry_sflat_d.dds
terrain10,broad_vcld_rain_sflat_sp,broad,../textures10/hiveg/broadl_sp_cld_wet_sflat_d.dds
terrain10,broad_vcld_sdry_fl,broad,../textures10/hiveg/broadl_cld_sdry_sflat_d.dds
terrain10,broad_vcld_sdry_fl_md,broad,../textures10/hiveg/broadl_cld_sdry_sflat_d.dds
terrain10,broad_vcld_sdry_fl_tp,broad,../textures10/hiveg/broadl_cld_sdry_sflat_d.dds
terrain10,broad_vcld_sdry_hill,broad,../textures10/hiveg/broadl_cld_sdry_sflat_d.dds
terrain10,broad_vcld_sdry_sflat,broad,../textures10/hiveg/broadl_cld_sdry_sflat_d.dds
terrain10,broad_vcld_wet_fl,broad,../textures10/hiveg/broadl_tmp_wet_flat_c.dds
terrain10,broad_vcld_wet_fl_md,broad,../textures10/hiveg/broadl_cld_sdry_sflat_d.dds
terrain10,broad_vcld_wet_fl_md_sp,broad,../textures10/hiveg/broadl_tmp_wet_flat_c.dds
terrain10,broad_vcld_wet_fl_sp,broad,../textures10/hiveg/broadl_cld_sdry_sflat_d.dds
terrain10,broad_vcld_wet_fl_tp,broad,../textures10/hiveg/broadl_tmp_wet_sflat_d.dds
terrain10,broad_vcld_wet_fl_tp_sp,broad,../textures10/hiveg/broadl_sp_cld_wet_sflat_d.dds
terrain10,broad_vcld_wet_hill,broad,../textures10/hiveg/broadl_tmp_wet_hill_d.dds
terrain10,broad_vcld_wet_hill_sp,broad,../textures10/hiveg/broadl_sp_tmp_wet_hill_d.dds
terrain10,broad_vcld_wet_sflat,broad,../textures10/hiveg/broadl_sp_tmp_wet_hill_d.dds
terrain10,broad_vcld_wet_sflat_sp,broad,../textures10/hiveg/broadl_cld_sdry_sflat_d.dds
terrain10,broad_vhot_rain_fl,broad,../textures10/hiveg/broadl_hot_rain_flat_c.dds
terrain10,broad_vhot_rain_fl_md,broad,../textures10/hiveg/broadl_hot_rain_flat_c.dds
terrain10,broad_vhot_rain_fl_md_sp,broad,../textures10/hiveg/broadl_sp_wrm_wet_sflat_d.dds
terrain10,broad_vhot_rain_fl_sp,broad,../textures10/hiveg/broadl_sp_wrm_wet_sflat_d.dds
terrain10,broad_vhot_rain_fl_tp,broad,../textures10/hiveg/broadl_hot_rain_flat_c.dds
terrain10,broad_vhot_rain_fl_tp_sp,broad,../textures10/hiveg/broadl_sp_wrm_wet_sflat_d.dds
terrain10,broad_vhot_rain_hill,broad,../textures10/hiveg/broadl_hot_rain_hill_d.dds
terrain10,broad_vhot_rain_hill_sp,broad,../textures10/hiveg/broadl_sp_wrm_wet_hill_d.dds
terrain10,broad_vhot_rain_sflat,broad,../textures10/hiveg/broadl_hot_rain_sflat_d.dds
terrain10,broad_vhot_rain_sflat_sp,broad,../textures10/hiveg/broadl_sp_wrm_wet_sflat_d.dds
terrain10,broad_vhot_wet_fl,broad,../textures10/hiveg/broadl_wrm_wet_flat_c.dds
terrain10,broad_vhot_wet_fl_md,broad,../textures10/hiveg/broadl_wrm_wet_flat_c.dds
terrain10,broad_vhot_wet_fl_md_sp,broad,../textures10/hiveg/broadl_sp_wrm_wet_sflat_d.dds
terrain10,broad_vhot_wet_fl_sp,broad,../textures10/hiveg/broadl_sp_wrm_wet_sflat_d.dds
terrain10,broad_vhot_wet_fl_tp,broad,../textures10/hiveg/broadl_wrm_wet_flat_c.dds
terrain10,broad_vhot_wet_fl_tp_sp,broad,../textures10/hiveg/broadl_sp_wrm_wet_sflat_d.dds
terrain10,broad_vhot_wet_hill,broad,../textures10/hiveg/broadl_wrm_wet_hill_d.dds
terrain10,broad_vhot_wet_hill_sp,broad,../textures10/hiveg/broadl_sp_wrm_wet_hill_d.dds
terrain10,broad_vhot_wet_sflat,broad,../textures10/hiveg/broadl_hot_rain_sflat_d.dds
terrain10,broad_vhot_wet_sflat_sp,broad,../textures10/hiveg/broadl_sp_wrm_wet_sflat_d.dds
terrain10,broad_wrm_dry_fl,broad,../textures10/hiveg/broadl_wrm_dry_flat_c.dds
terrain10,broad_wrm_dry_fl_md,broad,../textures10/hiveg/broadl_wrm_dry_flat_c.dds
terrain10,broad_wrm_dry_hill,broad,../textures10/hiveg/broadl_wrm_dry_hill_d.dds
terrain10,broad_wrm_dry_sflat,broad,../textures10/hiveg/broadl_wrm_dry_hill_d.dds
terrain10,broad_wrm_rain_fl,broad,../textures10/hiveg/broadl_wrm_wet_flat_c.dds
terrain10,broad_wrm_rain_fl_md,broad,../textures10/hiveg/broadl_wrm_wet_flat_c.dds
terrain10,broad_wrm_rain_fl_md_sp,broad,../textures10/hiveg/broadl_sp_wrm_wet_sflat_d.dds
terrain10,broad_wrm_rain_fl_sp,broad,../textures10/hiveg/broadl_wrm_wet_flat_c.dds
terrain10,broad_wrm_rain_fl_tp,broad,../textures10/hiveg/broadl_wrm_wet_flat_c.dds
terrain10,broad_wrm_rain_fl_tp_sp,broad,../textures10/hiveg/broadl_wrm_wet_flat_c.dds
terrain10,broad_wrm_rain_hill,broad,../textures10/hiveg/broadl_wrm_wet_hill_d.dds
terrain10,broad_wrm_rain_hill_sp,broad,../textures10/hiveg/broadl_sp_wrm_wet_sflat_d.dds
terrain10,broad_wrm_rain_sflat,broad,../textures10/hiveg/broadl_tmp_wet_sflat_d.dds
terrain10,broad_wrm_rain_sflat_sp,broad,../textures10/hiveg/broadl_sp_wrm_wet_sflat_d.dds
terrain10,broad_wrm_sdry_fl,broad,../textures10/hiveg/broadl_wrm_sdry_flat_c.dds
terrain10,broad_wrm_sdry_fl_md,broad,../textures10/hiveg/broadl_wrm_sdry_hill_d.dds
terrain10,broad_wrm_sdry_fl_tp,broad,../textures10/hiveg/broadl_wrm_sdry_flat_c.dds
terrain10,broad_wrm_sdry_hill,broad,../textures10/hiveg/broadl_wrm_sdry_hill_d.dds
terrain10,broad_wrm_sdry_sflat,broad,../textures10/hiveg/broadl_wrm_sdry_hill_d.dds
terrain10,broad_wrm_wet_fl,broad,../textures10/hiveg/broadl_wrm_wet_flat_c.dds
terrain10,broad_wrm_wet_fl_md,broad,../textures10/hiveg/broadl_wrm_wet_flat_c.dds
terrain10,broad_wrm_wet_fl_md_sp,broad,../textures10/hiveg/broadl_sp_wrm_wet_sflat_d.dds
terrain10,broad_wrm_wet_fl_sp,broad,../textures10/hiveg/broadl_wrm_wet_flat_c.dds
terrain10,broad_wrm_wet_fl_tp,broad,../textures10/hiveg/broadl_wrm_wet_flat_c.dds
terrain10,broad_wrm_wet_fl_tp_sp,broad,../textures10/hiveg/broadl_wrm_wet_flat_c.dds
terrain10,broad_wrm_wet_hill,broad,../textures10/hiveg/broadl_wrm_wet_hill_d.dds
terrain10,broad_wrm_wet_hill_sp,broad,../textures10/hiveg/broadl_sp_wrm_wet_sflat_d.dds
terrain10,broad_wrm_wet_sflat,broad,../textures10/hiveg/broadl_tmp_wet_sflat_d.dds
terrain10,broad_wrm_wet_sflat_sp,broad,../textures10/hiveg/broadl_sp_wrm_wet_sflat_d.dds
terrain10,coni_cld_dry_fl,coni,../textures10/hiveg/coni_cld_dry_flat_c.dds
terrain10,coni_cld_dry_fl_md,coni,../textures10/hiveg/coni_cld_dry_hill_d.dds
terrain10,coni_cld_dry_fl_tp,coni,../textures10/hiveg/coni_cld_dry_flat_c.dds
terrain10,coni_cld_dry_hill,coni,../textures10/hiveg/coni_cld_dry_hill_d.dds
terrain10,coni_cld_dry_sflat,coni,../textures10/hiveg/coni_cld_dry_hill_d.dds
terrain10,coni_cld_rain_hill,coni,../textures10/hiveg/coni_tmp_wet_hill_d.dds
terrain10,coni_cld_rain_hill_sp,coni,../textures10/loveg/shrub_cld_rain_steep_d.dds
terrain10,coni_cld_rain_sflat,coni,../textures10/hiveg/broadl_tmp_wet_sflat_d.dds
terrain10,coni_cld_rain_sflat_sp,coni,../textures10/hiveg/broadl_sp_tmp_wet_hill_d.dds
terrain10,coni_cld_sdry_fl,coni,../textures10/hiveg/coni_cld_sdry_flat_c.dds
terrain10,coni_cld_sdry_fl_md,coni,../textures10/hiveg/coni_tmp_wet_flat_c.dds
terrain10,coni_cld_sdry_fl_md_sp,coni,../textures10/hiveg/coni_cld_sdry_hill_d.dds
terrain10,coni_cld_sdry_fl_sp,coni,../textures10/hiveg/coni_tmp_wet_flat_c.dds
terrain10,coni_cld_sdry_fl_tp,coni,../textures10/hiveg/coni_cld_sdry_flat_c.dds
terrain10,coni_cld_sdry_fl_tp_sp,coni,../textures10/hiveg/coni_cld_sdry_flat_c.dds
terrain10,coni_cld_sdry_hill,coni,../textures10/hiveg/coni_cld_sdry_hill_d.dds
terrain10,coni_cld_sdry_hill_sp,coni,../textures10/hiveg/coni_tmp_wet_hill_d.dds
terrain10,coni_cld_sdry_sflat,coni,../textures10/hiveg/broadl_tmp_wet_sflat_d.dds
terrain10,coni_cld_sdry_sflat_sp,coni,../textures10/hiveg/coni_cld_sdry_flat_c.dds
terrain10,coni_cld_wet_fl,coni,../textures10/hiveg/coni_tmp_wet_flat_c.dds
terrain10,coni_cld_wet_fl_md,coni,../textures10/hiveg/coni_tmp_wet_flat_c.dds
terrain10,coni_cld_wet_fl_md_sp,coni,../textures10/hiveg/coni_cld_sdry_flat_c.dds
terrain10,coni_cld_wet_fl_sp,coni,../textures10/hiveg/coni_cld_sdry_flat_c.dds
terrain10,coni_cld_wet_hill,coni,../textures10/hiveg/coni_tmp_wet_hill_d.dds
terrain10,coni_cld_wet_hill_sp,coni,../textures10/loveg/shrub_cld_rain_steep_d.dds
terrain10,coni_cld_wet_sflat,coni,../textures10/hiveg/broadl_tmp_wet_sflat_d.dds
terrain10,coni_cld_wet_sflat_sp,coni,../textures10/hiveg/coni_cld_sdry_flat_c.dds
terrain10,coni_hot_dry_fl,coni,../textures10/hiveg/coni_wrm_dry_flat_c.dds
terrain10,coni_hot_dry_fl_md,coni,../textures10/hiveg/coni_wrm_sdry_sflat_d.dds
terrain10,coni_hot_dry_fl_tp,coni,../textures10/hiveg/coni_wrm_dry_flat_c.dds
terrain10,coni_hot_dry_hill,coni,../textures10/hiveg/broadl_wrm_dry_hill_d.dds
terrain10,coni_hot_dry_sflat,coni,../textures10/hiveg/coni_wrm_sdry_sflat_d.dds
terrain10,coni_hot_rain_hill,coni,../textures10/hiveg/coni_wrm_wet_hill_d.dds
terrain10,coni_hot_rain_hill_sp,coni,../textures10/hiveg/broadl_sp_wrm_wet_hill_d.dds
terrain10,coni_hot_rain_sflat,coni,../textures10/hiveg/coni_wrm_wet_flat_c.dds
terrain10,coni_hot_rain_sflat_sp,coni,../textures10/hiveg/coni_wrm_wet_flat_c.dds
terrain10,coni_hot_sdry_fl,coni,../textures10/hiveg/coni_wrm_wet_flat_c.dds
terrain10,coni_hot_sdry_fl_md,coni,../textures10/hiveg/coni_tmp_dry_sflat_d.dds
terrain10,coni_hot_sdry_fl_md_sp,coni,../textures10/hiveg/coni_sp_tmp_dry_hill_d.dds
terrain10,coni_hot_sdry_fl_sp,coni,../textures10/hiveg/coni_sp_tmp_dry_flat_c.dds
terrain10,coni_hot_sdry_fl_tp,coni,../textures10/hiveg/coni_tmp_dry_flat_c.dds
terrain10,coni_hot_sdry_fl_tp_sp,coni,../textures10/hiveg/coni_sp_tmp_dry_flat_c.dds
terrain10,coni_hot_sdry_hill,coni,../textures10/hiveg/broadl_wrm_sdry_hill_d.dds
terrain10,coni_hot_sdry_hill_sp,coni,../textures10/hiveg/coni_sp_tmp_dry_hill_d.dds
terrain10,coni_hot_sdry_sflat,coni,../textures10/hiveg/coni_wrm_sdry_sflat_d.dds
terrain10,coni_hot_sdry_sflat_sp,coni,../textures10/hiveg/coni_sp_tmp_dry_hill_d.dds
terrain10,coni_hot_wet_fl,coni,../textures10/hiveg/coni_wrm_wet_flat_c.dds
terrain10,coni_hot_wet_fl_md,coni,../textures10/hiveg/coni_wrm_wet_flat_c.dds
terrain10,coni_hot_wet_fl_md_sp,coni,../textures10/hiveg/coni_wrm_wet_flat_c.dds
terrain10,coni_hot_wet_fl_sp,coni,../textures10/hiveg/coni_wrm_wet_flat_c.dds
terrain10,coni_hot_wet_hill,coni,../textures10/hiveg/coni_wrm_wet_hill_d.dds
terrain10,coni_hot_wet_hill_sp,coni,../textures10/hiveg/broadl_sp_wrm_wet_hill_d.dds
terrain10,coni_hot_wet_sflat,coni,../textures10/hiveg/coni_wrm_wet_flat_c.dds
terrain10,coni_hot_wet_sflat_sp,coni,../textures10/hiveg/coni_wrm_wet_flat_c.dds
terrain10,coni_tmp_dry_fl,coni,../textures10/hiveg/coni_tmp_dry_flat_c.dds
terrain10,coni_tmp_dry_fl_md,coni,../textures10/hiveg/coni_tmp_dry_sflat_d.dds
terrain10,coni_tmp_dry_fl_tp,coni,../textures10/hiveg/coni_tmp_dry_flat_c.dds
terrain10,coni_tmp_dry_hill,coni,../textures10/hiveg/coni_tmp_dry_hill_d.dds
terrain10,coni_tmp_dry_sflat,coni,../textures10/hiveg/coni_tmp_dry_sflat_d.dds
terrain10,coni_tmp_rain_hill,coni,../textures10/hiveg/coni_tmp_wet_hill_d.dds
terrain10,coni_tmp_rain_hill_sp,coni,../textures10/hiveg/broadl_sp_tmp_wet_hill_d.dds
terrain10,coni_tmp_rain_sflat,coni,../textures10/hiveg/broadl_tmp_wet_sflat_d.dds
terrain10,coni_tmp_rain_sflat_sp,coni,../textures10/hiveg/broadl_tmp_wet_sflat_d.dds
terrain10,coni_tmp_sdry_fl,coni,../textures10/hiveg/coni_tmp_dry_flat_c.dds
terrain10,coni_tmp_sdry_fl_md,coni,../textures10/hiveg/coni_tmp_sdry_sflat_d.dds
terrain10,coni_tmp_sdry_fl_md_sp,coni,../textures10/hiveg/coni_sp_tmp_sdry_hill_d.dds
terrain10,coni_tmp_sdry_fl_sp,coni,../textures10/hiveg/coni_tmp_dry_flat_c.dds
terrain10,coni_tmp_sdry_fl_tp,coni,../textures10/hiveg/coni_tmp_dry_flat_c.dds
terrain10,coni_tmp_sdry_fl_tp_sp,coni,../textures10/hiveg/coni_tmp_dry_flat_c.dds
terrain10,coni_tmp_sdry_hill,coni,../textures10/hiveg/coni_tmp_sdry_sflat_d.dds
terrain10,coni_tmp_sdry_hill_sp,coni,../textures10/hiveg/coni_sp_tmp_sdry_hill_d.dds
terrain10,coni_tmp_sdry_sflat,coni,../textures10/hiveg/coni_tmp_sdry_sflat_d.dds
terrain10,coni_tmp_sdry_sflat_sp,coni,../textures10/hiveg/coni_sp_tmp_sdry_hill_d.dds
terrain10,coni_tmp_wet_fl,coni,../textures10/hiveg/coni_tmp_wet_flat_c.dds
terrain10,coni_tmp_wet_fl_md,coni,../textures10/hiveg/coni_tmp_wet_flat_c.dds
terrain10,coni_tmp_wet_fl_md_sp,coni,../textures10/hiveg/coni_tmp_wet_flat_c.dds
terrain10,coni_tmp_wet_fl_sp,coni,../textures10/hiveg/coni_tmp_wet_flat_c.dds
terrain10,coni_tmp_wet_hill,coni,../textures10/hiveg/coni_tmp_wet_hill_d.dds
terrain10,coni_tmp_wet_hill_sp,coni,../textures10/hiveg/broadl_sp_tmp_wet_hill_d.dds
terrain10,coni_tmp_wet_sflat,coni,../textures10/hiveg/broadl_tmp_wet_sflat_d.dds
terrain10,coni_tmp_wet_sflat_sp,coni,../textures10/hiveg/broadl_tmp_wet_sflat_d.dds
terrain10,coni_vcld_dry_fl,coni,../textures10/hiveg/coni_cld_dry_flat_c.dds
terrain10,coni_vcld_dry_fl_md,coni,../textures10/hiveg/coni_cld_dry_hill_d.dds
terrain10,coni_vcld_dry_fl_tp,coni,../textures10/hiveg/coni_cld_dry_flat_c.dds
terrain10,coni_vcld_dry_hill,coni,../textures10/hiveg/coni_cld_dry_hill_d.dds
terrain10,coni_vcld_dry_sflat,coni,../textures10/hiveg/coni_cld_dry_hill_d.dds
terrain10,coni_vcld_rain_hill,coni,../textures10/hiveg/coni_tmp_wet_hill_d.dds
terrain10,coni_vcld_rain_hill_sp,coni,../textures10/loveg/shrub_vcld_rain_steep_d.dds
terrain10,coni_vcld_rain_sflat,coni,../textures10/hiveg/broadl_tmp_wet_sflat_d.dds
terrain10,coni_vcld_rain_sflat_sp,coni,../textures10/hiveg/coni_cld_sdry_flat_c.dds
terrain10,coni_vcld_sdry_fl,coni,../textures10/hiveg/coni_cld_dry_flat_c.dds
terrain10,coni_vcld_sdry_fl_md,coni,../textures10/hiveg/coni_cld_dry_hill_d.dds
terrain10,coni_vcld_sdry_fl_md_sp,coni,../textures10/hiveg/coni_cld_sdry_hill_d.dds
terrain10,coni_vcld_sdry_fl_sp,coni,../textures10/hiveg/coni_cld_dry_flat_c.dds
terrain10,coni_vcld_sdry_fl_tp,coni,../textures10/hiveg/coni_cld_dry_flat_c.dds
terrain10,coni_vcld_sdry_fl_tp_sp,coni,../textures10/hiveg/coni_cld_sdry_flat_c.dds
terrain10,coni_vcld_sdry_hill,coni,../textures10/hiveg/coni_cld_sdry_hill_d.dds
terrain10,coni_vcld_sdry_hill_sp,coni,../textures10/hiveg/coni_cld_dry_hill_d.dds
terrain10,coni_vcld_sdry_sflat,coni,../textures10/hiveg/coni_cld_dry_hill_d.dds
terrain10,coni_vcld_sdry_sflat_sp,coni,../textures10/hiveg/coni_cld_dry_hill_d.dds
terrain10,coni_vcld_wet_fl,coni,../textures10/hiveg/coni_tmp_wet_flat_c.dds
terrain10,coni_vcld_wet_fl_md,coni,../textures10/hiveg/broadl_tmp_wet_sflat_d.dds
terrain10,coni_vcld_wet_fl_md_sp,coni,../textures10/hiveg/coni_cld_sdry_flat_c.dds
terrain10,coni_vcld_wet_fl_sp,coni,../textures10/hiveg/coni_cld_sdry_flat_c.dds
terrain10,coni_vcld_wet_hill,coni,../textures10/hiveg/coni_tmp_wet_hill_d.dds
terrain10,coni_vcld_wet_hill_sp,coni,../textures10/loveg/shrub_vcld_rain_steep_d.dds
terrain10,coni_vcld_wet_sflat,coni,../textures10/hiveg/broadl_tmp_wet_sflat_d.dds
terrain10,coni_vcld_wet_sflat_sp,coni,../textures10/hiveg/coni_cld_sdry_hill_d.dds
terrain10,coni_vhot_dry_fl,coni,../textures10/hiveg/broadl_wrm_dry_flat_c.dds
terrain10,coni_vhot_dry_fl_md,coni,../textures10/hiveg/broadl_wrm_dry_hill_d.dds
terrain10,coni_vhot_dry_fl_tp,coni,../textures10/hiveg/broadl_wrm_dry_flat_c.dds
terrain10,coni_vhot_dry_hill,coni,../textures10/hiveg/broadl_wrm_dry_hill_d.dds
terrain10,coni_vhot_dry_sflat,coni,../textures10/hiveg/broadl_wrm_dry_hill_d.dds
terrain10,coni_vhot_rain_hill,coni,../textures10/hiveg/coni_wrm_wet_hill_d.dds
terrain10,coni_vhot_rain_hill_sp,coni,../textures10/hiveg/broadl_sp_wrm_wet_hill_d.dds
terrain10,coni_vhot_rain_sflat,coni,../textures10/hiveg/coni_wrm_wet_flat_c.dds
terrain10,coni_vhot_rain_sflat_sp,coni,../textures10/hiveg/coni_wrm_wet_flat_c.dds
terrain10,coni_vhot_sdry_fl,coni,../textures10/hiveg/coni_wrm_wet_flat_c.dds
terrain10,coni_vhot_sdry_fl_md,coni,../textures10/hiveg/coni_wrm_sdry_sflat_d.dds
terrain10,coni_vhot_sdry_fl_md_sp,coni,../textures10/hiveg/coni_wrm_sdry_sflat_d.dds
terrain10,coni_vhot_sdry_fl_sp,coni,../textures10/hiveg/coni_wrm_wet_flat_c.dds
terrain10,coni_vhot_sdry_fl_tp,coni,../textures10/hiveg/coni_wrm_wet_flat_c.dds
terrain10,coni_vhot_sdry_fl_tp_sp,coni,../textures10/hiveg/coni_wrm_wet_flat_c.dds
terrain10,coni_vhot_sdry_hill,coni,../textures10/hiveg/coni_wrm_sdry_sflat_d.dds
terrain10,coni_vhot_sdry_hill_sp,coni,../textures10/hiveg/coni_wrm_sdry_sflat_d.dds
terrain10,coni_vhot_sdry_sflat,coni,../textures10/hiveg/coni_wrm_sdry_sflat_d.dds
terrain10,coni_vhot_sdry_sflat_sp,coni,../textures10/hiveg/coni_wrm_sdry_sflat_d.dds
terrain10,coni_vhot_wet_fl,coni,../textures10/hiveg/coni_wrm_wet_flat_c.dds
terrain10,coni_vhot_wet_fl_md,coni,../textures10/hiveg/coni_wrm_wet_flat_c.dds
terrain10,coni_vhot_wet_fl_md_sp,coni,../textures10/hiveg/coni_wrm_wet_flat_c.dds
terrain10,coni_vhot_wet_fl_sp,coni,../textures10/hiveg/coni_wrm_wet_flat_c.dds
terrain10,coni_vhot_wet_hill,coni,../textures10/hiveg/coni_wrm_wet_hill_d.dds
terrain10,coni_vhot_wet_hill_sp,coni,../textures10/hiveg/broadl_sp_wrm_wet_hill_d.dds
terrain10,coni_vhot_wet_sflat,coni,../textures10/hiveg/coni_wrm_wet_flat_c.dds
terrain10,coni_vhot_wet_sflat_sp,coni,../textures10/hiveg/coni_wrm_wet_flat_c.dds
terrain10,coni_wrm_dry_fl,coni,../textures10/hiveg/coni_wrm_dry_flat_c.dds
terrain10,coni_wrm_dry_fl_md,coni,../textures10/hiveg/coni_wrm_dry_hill_d.dds
terrain10,coni_wrm_dry_fl_tp,coni,../textures10/hiveg/coni_wrm_dry_flat_c.dds
terrain10,coni_wrm_dry_hill,coni,../textures10/hiveg/coni_wrm_dry_hill_d.dds
terrain10,coni_wrm_dry_sflat,coni,../textures10/hiveg/coni_wrm_dry_hill_d.dds
terrain10,coni_wrm_rain_hill,coni,../textures10/hiveg/coni_wrm_wet_hill_d.dds
terrain10,coni_wrm_rain_hill_sp,coni,../textures10/hiveg/broadl_sp_wrm_wet_hill_d.dds
terrain10,coni_wrm_rain_sflat,coni,../textures10/hiveg/coni_wrm_wet_flat_c.dds
terrain10,coni_wrm_rain_sflat_sp,coni,../textures10/hiveg/coni_wrm_wet_flat_c.dds
terrain10,coni_wrm_sdry_fl,coni,../textures10/hiveg/coni_wrm_sdry_flat_c.dds
terrain10,coni_wrm_sdry_fl_md,coni,../textures10/hiveg/coni_wrm_sdry_sflat_d.dds
terrain10,coni_wrm_sdry_fl_md_sp,coni,../textures10/hiveg/coni_sp_tmp_sdry_hill_d.dds
terrain10,coni_wrm_sdry_fl_sp,coni,../textures10/hiveg/coni_wrm_dry_flat_c.dds
terrain10,coni_wrm_sdry_fl_tp,coni,../textures10/hiveg/coni_wrm_sdry_flat_c.dds
terrain10,coni_wrm_sdry_fl_tp_sp,coni,../textures10/hiveg/coni_wrm_dry_flat_c.dds
terrain10,coni_wrm_sdry_hill,coni,../textures10/hiveg/coni_wrm_sdry_sflat_d.dds
terrain10,coni_wrm_sdry_hill_sp,coni,../textures10/hiveg/coni_sp_tmp_sdry_hill_d.dds
terrain10,coni_wrm_sdry_sflat,coni,../textures10/hiveg/coni_wrm_sdry_sflat_d.dds
terrain10,coni_wrm_sdry_sflat_sp,coni,../textures10/hiveg/coni_sp_tmp_sdry_hill_d.dds
terrain10,coni_wrm_wet_fl,coni,../textures10/hiveg/coni_wrm_wet_flat_c.dds
terrain10,coni_wrm_wet_fl_md,coni,../textures10/hiveg/coni_wrm_wet_flat_c.dds
terrain10,coni_wrm_wet_fl_md_sp,coni,../textures10/hiveg/coni_wrm_wet_flat_c.dds
terrain10,coni_wrm_wet_fl_sp,coni,../textures10/hiveg/coni_tmp_wet_flat_c.dds
terrain10,coni_wrm_wet_hill,coni,../textures10/hiveg/coni_wrm_wet_hill_d.dds
terrain10,coni_wrm_wet_hill_sp,coni,../textures10/hiveg/broadl_sp_wrm_wet_hill_d.dds
terrain10,coni_wrm_wet_sflat,coni,../textures10/hiveg/coni_wrm_wet_flat_c.dds
terrain10,coni_wrm_wet_sflat_sp,coni,../textures10/hiveg/coni_sp_tmp_sdry_hill_d.dds
terrain10,crp_cld_dry,crp,../textures10/human/crp_cld_sdry_flat_c.dds
terrain10,crp_cld_dry_hill,crp,../textures10/human/crp_cld_sdry_flat_c.dds
terrain10,crp_cld_dry_sflat,crp,../textures10/human/crp_cld_sdry_flat_c.dds
terrain10,crp_cld_rain,crp,../textures10/human/crp_cld_wet_flat_c.dds
terrain10,crp_cld_rain_hill,crp,../textures10/human/crp_tmp_wet_hill_d.dds
terrain10,crp_cld_rain_sflat,crp,../textures10/human/crp_cld_wet_flat_c.dds
terrain10,crp_cld_sdry,crp,../textures10/human/crp_cld_sdry_flat_c.dds
terrain10,crp_cld_sdry_hill,crp,../textures10/human/crp_cld_sdry_flat_c.dds
terrain10,crp_cld_sdry_sflat,crp,../textures10/human/crp_cld_sdry_flat_c.dds
terrain10,crp_cld_wet,crp,../textures10/human/crp_cld_wet_flat_c.dds
terrain10,crp_cld_wet_hill,crp,../textures10/human/crp_tmp_wet_hill_d.dds
terrain10,crp_cld_wet_sflat,crp,../textures10/human/crp_cld_wet_flat_c.dds
terrain10,crp_hot_dry,crp,../textures10/human/crp_wrm_dry_flat_c.dds
terrain10,crp_hot_dry_hill,crp,../textures10/human/crp_wrm_dry_hill_d.dds
terrain10,crp_hot_dry_sflat,crp,../textures10/human/crp_wrm_dry_sflat_d.dds
terrain10,crp_hot_rain,crp,../textures10/human/crp_hot_rain_flat_c.dds
terrain10,crp_hot_rain_hill,crp,../textures10/human/crpmo_hot_rain_hill_d.dds
terrain10,crp_hot_rain_sflat,crp,../textures10/human/crp_hot_rain_sflat_d.dds
terrain10,crp_hot_sdry,crp,../textures10/human/crp_wrm_sdry_flat_c.dds
terrain10,crp_hot_sdry_hill,crp,../textures10/human/crpmo_wrm_sdry_hill_d.dds
terrain10,crp_hot_sdry_sflat,crp,../textures10/human/crp_wrm_sdry_sflat_d.dds
terrain10,crp_hot_wet,crp,../textures10/human/crp_hot_wet_flat_c.dds
terrain10,crp_hot_wet_hill,crp,../textures10/human/crpmo_hot_wet_hill_d.dds
terrain10,crp_hot_wet_sflat,crp,../textures10/human/crp_hot_wet_sflat_d.dds
terrain10,crp_tmp_dry,crp,../textures10/human/crp_tmp_dry_flat_c.dds
terrain10,crp_tmp_dry_hill,crp,../textures10/human/crp_tmp_dry_hill_d.dds
terrain10,crp_tmp_dry_sflat,crp,../textures10/human/crp_tmp_dry_sflat_d.dds
terrain10,crp_tmp_rain,crp,../textures10/human/crp_tmp_wet_flat_c.dds
terrain10,crp_tmp_rain_hill,crp,../textures10/human/crp_tmp_wet_hill_d.dds
terrain10,crp_tmp_rain_sflat,crp,../textures10/human/crp_tmp_wet_sflat_c.dds
terrain10,crp_tmp_sdry,crp,../textures10/human/crp_tmp_sdry_flat_c.dds
terrain10,crp_tmp_sdry_hill,crp,../textures10/human/crpmo_tmp_sdry_sflat_d.dds
terrain10,crp_tmp_sdry_sflat,crp,../textures10/human/crp_tmp_sdry_sflat_d.dds
terrain10,crp_tmp_wet,crp,../textures10/human/crp_tmp_wet_flat_c.dds
terrain10,crp_tmp_wet_hill,crp,../textures10/human/crp_tmp_wet_hill_d.dds
terrain10,crp_tmp_wet_sflat,crp,../textures10/human/crp_tmp_wet_sflat_c.dds
terrain10,crp_vhot_dry,crp,../textures10/human/crp_wrm_dry_flat_c.dds
terrain10,crp_vhot_dry_hill,crp,../textures10/human/crp_wrm_dry_hill_d.dds
terrain10,crp_vhot_dry_sflat,crp,../textures10/human/crp_wrm_dry_sflat_d.dds
terrain10,crp_vhot_rain,crp,../textures10/human/crp_hot_rain_flat_c.dds
terrain10,crp_vhot_rain_hill,crp,../textures10/human/crpmo_hot_rain_hill_d.dds
terrain10,crp_vhot_rain_sflat,crp,../textures10/human/crp_hot_rain_sflat_d.dds
terrain10,crp_vhot_sdry,crp,../textures10/human/crp_wrm_sdry_flat_c.dds
terrain10,crp_vhot_sdry_hill,crp,../textures10/human/crpmo_wrm_sdry_hill_d.dds
terrain10,crp_vhot_sdry_sflat,crp,../textures10/human/crp_wrm_sdry_sflat_d.dds
terrain10,crp_vhot_wet,crp,../textures10/human/crp_hot_wet_flat_c.dds
terrain10,crp_vhot_wet_hill,crp,../textures10/human/crpmo_hot_wet_hill_d.dds
terrain10,crp_vhot_wet_sflat,crp,../textures10/human/crp_hot_wet_sflat_d.dds
terrain10,crp_wrm_dry,crp,../textures10/human/crp_wrm_dry_flat_c.dds
terrain10,crp_wrm_dry_hill,crp,../textures10/human/crp_wrm_dry_hill_d.dds
terrain10,crp_wrm_dry_sflat,crp,../textures10/human/crp_wrm_dry_sflat_d.dds
terrain10,crp_wrm_rain,crp,../textures10/human/crp_hot_rain_flat_c.dds
terrain10,crp_wrm_rain_hill,crp,../textures10/human/crpmo_hot_rain_hill_d.dds
terrain10,crp_wrm_rain_sflat,crp,../textures10/human/crp_hot_rain_sflat_d.dds
terrain10,crp_wrm_sdry,crp,../textures10/human/crp_wrm_sdry_flat_c.dds
terrain10,crp_wrm_sdry_hill,crp,../textures10/human/crpmo_wrm_sdry_hill_d.dds
terrain10,crp_wrm_sdry_sflat,crp,../textures10/human/crp_wrm_sdry_sflat_d.dds
terrain10,crp_wrm_wet,crp,../textures10/human/crp_hot_wet_flat_c.dds
terrain10,crp_wrm_wet_hill,crp,../textures10/human/crpmo_hot_wet_hill_d.dds
terrain10,crp_wrm_wet_sflat,crp,../textures10/human/crp_hot_wet_sflat_d.dds
terrain10,crpirg_cld_dry,crpirg,../textures10/human/crp_cld_wet_flat_c.dds
terrain10,crpirg_cld_dry_hill,crpirg,../textures10/human/crp_cld_sdry_flat_c.dds
terrain10,crpirg_cld_dry_sflat,crpirg,../textures10/human/crp_tmp_wet_sflat_c.dds
terrain10,crpirg_cld_rain,crpirg,../textures10/human/crp_cld_wet_flat_c.dds
terrain10,crpirg_cld_rain_hill,crpirg,../textures10/human/crp_tmp_wet_hill_d.dds
terrain10,crpirg_cld_rain_sflat,crpirg,../textures10/human/crp_cld_wet_flat_c.dds
terrain10,crpirg_cld_sdry,crpirg,../textures10/human/crp_cld_wet_flat_c.dds
terrain10,crpirg_cld_sdry_hill,crpirg,../textures10/human/crp_cld_sdry_flat_c.dds
terrain10,crpirg_cld_sdry_sflat,crpirg,../textures10/human/crp_tmp_wet_sflat_c.dds
terrain10,crpirg_cld_wet,crpirg,../textures10/human/crp_cld_wet_flat_c.dds
terrain10,crpirg_cld_wet_hill,crpirg,../textures10/human/crp_tmp_wet_hill_d.dds
terrain10,crpirg_cld_wet_sflat,crpirg,../textures10/human/crp_cld_wet_flat_c.dds
terrain10,crpirg_hot_dry,crpirg,../textures10/human/crpirg_wrm_wet_flat_c2.dds
terrain10,crpirg_hot_dry_hill,crpirg,../textures10/human/crp_wrm_dry_hill_d.dds
terrain10,crpirg_hot_dry_sflat,crpirg,../textures10/human/crp_hot_wet_sflat_d.dds
terrain10,crpirg_hot_rain,crpirg,../textures10/human/crpirg_wrm_wet_flat_c.dds
terrain10,crpirg_hot_rain_hill,crpirg,../textures10/human/crpmo_hot_rain_hill_d.dds
terrain10,crpirg_hot_rain_sflat,crpirg,../textures10/human/crp_hot_rain_sflat_d.dds
terrain10,crpirg_hot_sdry,crpirg,../textures10/human/crpirg_wrm_wet_flat_c2.dds
terrain10,crpirg_hot_sdry_hill,crpirg,../textures10/human/crpmo_wrm_sdry_hill_d.dds
terrain10,crpirg_hot_sdry_sflat,crpirg,../textures10/human/crp_hot_wet_sflat_d.dds
terrain10,crpirg_hot_wet,crpirg,../textures10/human/crpirg_wrm_wet_flat_c.dds
terrain10,crpirg_hot_wet_hill,crpirg,../textures10/human/crpmo_hot_wet_hill_d.dds
terrain10,crpirg_hot_wet_sflat,crpirg,../textures10/human/crp_hot_wet_sflat_d.dds
terrain10,crpirg_tmp_dry,crpirg,../textures10/human/crpirg_wrm_wet_flat_c.dds
terrain10,crpirg_tmp_dry_hill,crpirg,../textures10/human/crp_tmp_dry_hill_d.dds
terrain10,crpirg_tmp_dry_sflat,crpirg,../textures10/human/crp_tmp_wet_sflat_c.dds
terrain10,crpirg_tmp_rain,crpirg,../textures10/human/crp_tmp_wet_flat_c.dds
terrain10,crpirg_tmp_rain_hill,crpirg,../textures10/human/crp_tmp_wet_hill_d.dds
terrain10,crpirg_tmp_rain_sflat,crpirg,../textures10/human/crp_hot_wet_sflat_d.dds
terrain10,crpirg_tmp_sdry,crpirg,../textures10/human/crpirg_wrm_wet_flat_c.dds
terrain10,crpirg_tmp_sdry_hill,crpirg,../textures10/human/crpmo_tmp_sdry_sflat_d.dds
terrain10,crpirg_tmp_sdry_sflat,crpirg,../textures10/human/crp_hot_wet_sflat_d.dds
terrain10,crpirg_tmp_wet,crpirg,../textures10/human/crp_tmp_wet_flat_c.dds
terrain10,crpirg_tmp_wet_hill,crpirg,../textures10/human/crp_tmp_wet_hill_d.dds
terrain10,crpirg_tmp_wet_sflat,crpirg,../textures10/human/crp_hot_wet_sflat_d.dds
terrain10,crpirg_vhot_dry,crpirg,../textures10/human/crpirg_wrm_wet_flat_c2.dds
terrain10,crpirg_vhot_dry_hill,crpirg,../textures10/human/crp_wrm_dry_hill_d.dds
terrain10,crpirg_vhot_dry_sflat,crpirg,../textures10/human/crp_hot_wet_sflat_d.dds
terrain10,crpirg_vhot_rain,crpirg,../textures10/human/crpirg_wrm_wet_flat_c.dds
terrain10,crpirg_vhot_rain_hill,crpirg,../textures10/human/crpmo_hot_rain_hill_d.dds
terrain10,crpirg_vhot_rain_sflat,crpirg,../textures10/human/crp_hot_rain_sflat_d.dds
terrain10,crpirg_vhot_sdry,crpirg,../textures10/human/crpirg_wrm_wet_flat_c2.dds
terrain10,crpirg_vhot_sdry_hill,crpirg,../textures10/human/crpmo_wrm_sdry_hill_d.dds
terrain10,crpirg_vhot_sdry_sflat,crpirg,../textures10/human/crp_hot_wet_sflat_d.dds
terrain10,crpirg_vhot_wet,crpirg,../textures10/human/crpirg_wrm_wet_flat_c.dds
terrain10,crpirg_vhot_wet_hill,crpirg,../textures10/human/crpmo_hot_wet_hill_d.dds
terrain10,crpirg_vhot_wet_sflat,crpirg,../textures10/human/crp_hot_wet_sflat_d.dds
terrain10,crpirg_wrm_dry,crpirg,../textures10/human/crpirg_wrm_wet_flat_c2.dds
terrain10,crpirg_wrm_dry_hill,crpirg,../textures10/human/crp_wrm_dry_hill_d.dds
terrain10,crpirg_wrm_dry_sflat,crpirg,../textures10/human/crp_hot_wet_sflat_d.dds
terrain10,crpirg_wrm_rain,crpirg,../textures10/human/crpirg_wrm_wet_flat_c.dds
terrain10,crpirg_wrm_rain_hill,crpirg,../textures10/human/crpmo_hot_rain_hill_d.dds
terrain10,crpirg_wrm_rain_sflat,crpirg,../textures10/human/crp_hot_rain_sflat_d.dds
terrain10,crpirg_wrm_sdry,crpirg,../textures10/human/crpirg_wrm_wet_flat_c2.dds
terrain10,crpirg_wrm_sdry_hill,crpirg,../textures10/human/crpmo_wrm_sdry_hill_d.dds
terrain10,crpirg_wrm_sdry_sflat,crpirg,../textures10/human/crp_hot_wet_sflat_d.dds
terrain10,crpirg_wrm_wet,crpirg,../textures10/human/crpirg_wrm_wet_flat_c.dds
terrain10,crpirg_wrm_wet_hill,crpirg,../textures10/human/crpmo_hot_wet_hill_d.dds
terrain10,crpirg_wrm_wet_sflat,crpirg,../textures10/human/crp_hot_wet_sflat_d.dds
terrain10,crpm_cld_dry,crpm,../textures10/human/crp_cld_sdry_flat_c.dds
terrain10,crpm_cld_dry_hill,crpm,../textures10/human/crp_cld_sdry_flat_c.dds
terrain10,crpm_cld_dry_sflat,crpm,../textures10/human/crp_cld_sdry_flat_c.dds
terrain10,crpm_cld_rain,crpm,../textures10/human/crp_cld_wet_flat_c.dds
terrain10,crpm_cld_rain_hill,crpm,../textures10/human/crpmo_tmp_wet_sflat_d.dds
terrain10,crpm_cld_rain_sflat,crpm,../textures10/human/crpmo_tmp_wet_sflat_d.dds
terrain10,crpm_cld_sdry,crpm,../textures10/human/crp_cld_sdry_flat_c.dds
terrain10,crpm_cld_sdry_hill,crpm,../textures10/human/crp_cld_sdry_flat_c.dds
terrain10,crpm_cld_sdry_sflat,crpm,../textures10/human/crp_tmp_dry_sflat_d.dds
terrain10,crpm_cld_wet,crpm,../textures10/human/crp_cld_wet_flat_c.dds
terrain10,crpm_cld_wet_hill,crpm,../textures10/human/crpmo_tmp_wet_sflat_d.dds
terrain10,crpm_cld_wet_sflat,crpm,../textures10/human/crpmo_tmp_wet_sflat_d.dds
terrain10,crpm_hot_dry,crpm,../textures10/human/crpmo_wrm_dry_sflat_d.dds
terrain10,crpm_hot_dry_hill,crpm,../textures10/human/crp_wrm_dry_hill_d.dds
terrain10,crpm_hot_dry_sflat,crpm,../textures10/human/crpmo_wrm_dry_sflat_d.dds
terrain10,crpm_hot_rain,crpm,../textures10/human/crpmo_hot_rain_flat_c.dds
terrain10,crpm_hot_rain_hill,crpm,../textures10/human/crpmo_hot_rain_hill_d.dds
terrain10,crpm_hot_rain_sflat,crpm,../textures10/human/crpmo_hot_rain_sflat_d.dds
terrain10,crpm_hot_sdry,crpm,../textures10/human/crpmo_wrm_sdry_flat_c.dds
terrain10,crpm_hot_sdry_hill,crpm,../textures10/human/crpmo_wrm_sdry_hill_d.dds
terrain10,crpm_hot_sdry_sflat,crpm,../textures10/human/crpmo_wrm_sdry_sflat_d.dds
terrain10,crpm_hot_wet,crpm,../textures10/human/crpmo_hot_wet_flat_c.dds
terrain10,crpm_hot_wet_hill,crpm,../textures10/human/crpmo_hot_wet_hill_d.dds
terrain10,crpm_hot_wet_sflat,crpm,../textures10/human/crpmo_hot_wet_sflat_d.dds
terrain10,crpm_tmp_dry,crpm,../textures10/human/crp_tmp_dry_flat_c.dds
terrain10,crpm_tmp_dry_hill,crpm,../textures10/human/crp_tmp_dry_hill_d.dds
terrain10,crpm_tmp_dry_sflat,crpm,../textures10/human/crp_tmp_dry_sflat_d.dds
terrain10,crpm_tmp_rain,crpm,../textures10/human/crpmo_tmp_wet_flat_c.dds
terrain10,crpm_tmp_rain_hill,crpm,../textures10/human/crpmo_tmp_wet_sflat_d.dds
terrain10,crpm_tmp_rain_sflat,crpm,../textures10/human/crpmo_tmp_wet_sflat_d.dds
terrain10,crpm_tmp_sdry,crpm,../textures10/human/crpmo_tmp_sdry_flat_c.dds
terrain10,crpm_tmp_sdry_hill,crpm,../textures10/human/crpmo_tmp_sdry_sflat_d.dds
terrain10,crpm_tmp_sdry_sflat,crpm,../textures10/human/crpmo_tmp_sdry_sflat_d.dds
terrain10,crpm_tmp_wet,crpm,../textures10/human/crpmo_tmp_wet_flat_c.dds
terrain10,crpm_tmp_wet_hill,crpm,../textures10/human/crpmo_tmp_wet_sflat_d.dds
terrain10,crpm_tmp_wet_sflat,crpm,../textures10/human/crpmo_tmp_wet_sflat_d.dds
terrain10,crpm_vhot_dry,crpm,../textures10/human/crpmo_wrm_dry_sflat_d.dds
terrain10,crpm_vhot_dry_hill,crpm,../textures10/human/crp_wrm_dry_hill_d.dds
terrain10,crpm_vhot_dry_sflat,crpm,../textures10/human/crpmo_wrm_dry_sflat_d.dds
terrain10,crpm_vhot_rain,crpm,../textures10/human/crpmo_hot_rain_flat_c.dds
terrain10,crpm_vhot_rain_hill,crpm,../textures10/human/crpmo_hot_rain_hill_d.dds
terrain10,crpm_vhot_rain_sflat,crpm,../textures10/human/crpmo_hot_rain_sflat_d.dds
terrain10,crpm_vhot_sdry,crpm,../textures10/human/crpmo_wrm_sdry_flat_c.dds
terrain10,crpm_vhot_sdry_hill,crpm,../textures10/human/crpmo_wrm_sdry_hill_d.dds
terrain10,crpm_vhot_sdry_sflat,crpm,../textures10/human/crpmo_wrm_sdry_sflat_d.dds
terrain10,crpm_vhot_wet,crpm,../textures10/human/crpmo_hot_wet_flat_c.dds
terrain10,crpm_vhot_wet_hill,crpm,../textures10/human/crpmo_hot_wet_hill_d.dds
terrain10,crpm_vhot_wet_sflat,crpm,../textures10/human/crpmo_hot_wet_sflat_d.dds
terrain10,crpm_wrm_dry,crpm,../textures10/human/crpmo_wrm_dry_sflat_d.dds
terrain10,crpm_wrm_dry_hill,crpm,../textures10/human/crp_wrm_dry_hill_d.dds
terrain10,crpm_wrm_dry_sflat,crpm,../textures10/human/crpmo_wrm_dry_sflat_d.dds
terrain10,crpm_wrm_rain,crpm,../textures10/human/crpmo_hot_rain_flat_c.dds
terrain10,crpm_wrm_rain_hill,crpm,../textures10/human/crpmo_hot_rain_hill_d.dds
terrain10,crpm_wrm_rain_sflat,crpm,../textures10/human/crpmo_hot_rain_sflat_d.dds
terrain10,crpm_wrm_sdry,crpm,../textures10/human/crpmo_wrm_sdry_flat_c.dds
terrain10,crpm_wrm_sdry_hill,crpm,../textures10/human/crpmo_wrm_sdry_hill_d.dds
terrain10,crpm_wrm_sdry_sflat,crpm,../textures10/human/crpmo_wrm_sdry_sflat_d.dds
terrain10,crpm_wrm_wet,crpm,../textures10/human/crpmo_hot_wet_flat_c.dds
terrain10,crpm_wrm_wet_hill,crpm,../textures10/human/crpmo_hot_wet_hill_d.dds
terrain10,crpm_wrm_wet_sflat,crpm,../textures10/human/crpmo_hot_wet_sflat_d.dds
terrain10,des_crptwn_irr,des,../textures10/human/crp_wrm_dry_flat_c.dds
terrain10,des_crptwnhill_irr,des,../textures10/human/crpmo_wrm_dry_sflat_d.dds
terrain10,dry_crptwn_irr,dry,../textures10/human/crp_tmp_dry_flat_c.dds
terrain10,dry_crptwnhill_irr,dry,../textures10/human/crpmo_wrm_dry_sflat_d.dds
terrain10,any_cld_dry_fl_md,any,../../textures10/loveg/fal/sprs_cld_wet_flat_c.dds
terrain10,any_cld_dry_hill,any,../../textures10/loveg/fal/sprs_cld_sdry_hill_d.dds
terrain10,any_cld_dry_sflat,any,../../textures10/loveg/fal/shrub_tmp_wet_hill_d.dds
terrain10,any_cld_rain_hill,any,../../textures10/loveg/fal/sprs_cld_wet_hill_d.dds
terrain10,any_cld_rain_sflat,any,../../textures10/loveg/fal/sprs_cld_wet_sflat_d.dds
terrain10,any_cld_sdry_fl,any,../../textures10/loveg/fal/sprs_cld_wet_flat_c.dds
terrain10,any_cld_sdry_fl_md,any,../../textures10/loveg/fal/sprs_cld_wet_flat_c.dds
terrain10,any_cld_sdry_fl_tp,any,../../textures10/loveg/fal/sprs_cld_wet_flat_c.dds
terrain10,any_cld_sdry_hill,any,../../textures10/loveg/fal/tund_sp_cld_sdry_hill_d.dds
terrain10,any_cld_sdry_sflat,any,../../textures10/loveg/fal/shrub_tmp_wet_hill_d.dds
terrain10,any_cld_wet_fl,any,../../textures10/loveg/fal/sprs_cld_wet_flat_c.dds
terrain10,any_cld_wet_fl_md,any,../../textures10/loveg/fal/sprs_cld_wet_flat_c.dds
terrain10,any_cld_wet_fl_tp,any,../../textures10/loveg/fal/sprs_cld_wet_flat_c.dds
terrain10,any_cld_wet_grass,any,../../textures10/loveg/fal/grass_cld_wet_flat_c.dds
terrain10,any_cld_wet_hill,any,../../textures10/loveg/fal/sprs_cld_wet_hill_d.dds
terrain10,any_cld_wet_sflat,any,../../textures10/loveg/fal/sprs_cld_wet_sflat_d.dds
terrain10,any_hot_rain_fl,any,../../textures10/loveg/fal/shrub_hot_rain_flat_c.dds
terrain10,any_hot_rain_fl_md,any,../../textures10/loveg/fal/shrub_wrm_wet_sflat_d.dds
terrain10,any_hot_rain_fl_tp,any,../../textures10/loveg/fal/shrub_hot_rain_flat_c.dds
terrain10,any_hot_rain_hill,any,../../textures10/loveg/fal/shrub_wrm_wet_hill_d.dds
terrain10,any_hot_rain_sflat,any,../../textures10/loveg/fal/shrub_wrm_wet_sflat_d.dds
terrain10,any_hot_rain_tr_hill,any,../../textures10/loveg/fal/shrub_wrm_wet_hill_d.dds
terrain10,any_hot_sdry_fl_md,any,../../textures10/loveg/fal/sprs_wrm_sdry_sflat_d.dds
terrain10,any_hot_sdry_hill,any,../../textures10/loveg/sprs_wrm_dry_hill_d.dds
terrain10,any_hot_sdry_sflat,any,../../textures10/loveg/fal/sprs_wrm_sdry_sflat_d.dds
terrain10,any_hot_sdry_tr_hill,any,../../textures10/loveg/sprs_wrm_dry_hill_d.dds
terrain10,any_hot_wet_fl,any,../../textures10/loveg/fal/shrub_hot_rain_flat_c.dds
terrain10,any_hot_wet_fl_md,any,../../textures10/loveg/fal/shrub_wrm_wet_sflat_d.dds
terrain10,any_hot_wet_fl_tp,any,../../textures10/loveg/fal/shrub_hot_rain_flat_c.dds
terrain10,any_hot_wet_hill,any,../../textures10/loveg/fal/shrub_wrm_wet_hill_d.dds
terrain10,any_hot_wet_sflat,any,../../textures10/loveg/fal/shrub_wrm_wet_sflat_d.dds
terrain10,any_hot_wet_tr_hill,any,../../textures10/loveg/fal/shrub_wrm_wet_hill_d.dds
terrain10,any_pol_dry_sflat,any,../../textures10/soil/fal/rock_cld_wet_sflat_d.dds
terrain10,any_pol_rain_hill,any,../../textures10/soil/rock_pol_wet_hill_d.dds
terrain10,any_pol_rain_sflat,any,../../textures10/soil/rock_pol_wet_sflat_d.dds
terrain10,any_pol_sdry_fl,any,../../textures10/soil/rock_vcld_rain_flat_c.dds
terrain10,any_pol_sdry_fl_tp,any,../../textures10/soil/rock_vcld_rain_flat_c.dds
terrain10,any_pol_sdry_hill,any,../../textures10/soil/rock_vpol_wet_hill_d.dds
terrain10,any_pol_sdry_sflat,any,../../textures10/soil/rock_vcld_rain_flat_c.dds
terrain10,any_pol_wet_fl,any,../../textures10/soil/rock_pol_wet_sflat_d.dds
terrain10,any_pol_wet_fl_md,any,../../textures10/soil/rock_pol_wet_sflat_d.dds
terrain10,any_pol_wet_fl_tp,any,../../textures10/soil/rock_pol_wet_sflat_d.dds
terrain10,any_pol_wet_hill,any,../../textures10/soil/rock_pol_wet_hill_d.dds
terrain10,any_pol_wet_sflat,any,../../textures10/soil/rock_pol_wet_sflat_d.dds
terrain10,any_tmp_dry_hill,any,../../textures10/loveg/fal/sprs_wrm_sdry_hill_d.dds
terrain10,any_tmp_rain_hill,any,../../textures10/loveg/fal/sprs_cld_wet_hill_d.dds
terrain10,any_tmp_sdry_fl,any,../../textures10/loveg/fal/grass_cld_wet_flat_c.dds
terrain10,any_tmp_sdry_fl_md,any,../../textures10/hiveg/fal/broadl_sp_tmp_wet_flat_c.dds
terrain10,any_tmp_sdry_fl_tp,any,../../textures10/loveg/fal/grass_cld_wet_flat_c.dds
terrain10,any_tmp_sdry_hill,any,../../textures10/loveg/fal/shrub_tmp_sdry_hill_d.dds
terrain10,any_tmp_sdry_sflat,any,../../textures10/loveg/shrub_tmp_dry_sflat_d.dds
terrain10,any_tmp_wet_fl,any,../../textures10/loveg/fal/grass_cld_wet_flat_c.dds
terrain10,any_tmp_wet_fl_md,any,../../textures10/loveg/fal/sprs_tmp_wet_hill_d.dds
terrain10,any_tmp_wet_fl_tp,any,../../textures10/loveg/fal/grass_cld_wet_flat_c.dds
terrain10,any_tmp_wet_grass,any,../../textures10/loveg/fal/grass_cld_wet_flat_c.dds
terrain10,any_tmp_wet_hill,any,../../textures10/loveg/fal/sprs_tmp_wet_hill_d.dds
terrain10,any_tmp_wet_sflat,any,../../textures10/human/fal/pastr_tmp_wet_sflat_d.dds
terrain10,any_vcld_dry_fl,any,../../textures10/loveg/fal/sprs_vcld_wet_flat_c.dds
terrain10,any_vcld_dry_fl_md,any,../../textures10/loveg/fal/sprs_vcld_wet_flat_c.dds
terrain10,any_vcld_dry_fl_tp,any,../../textures10/loveg/fal/sprs_vcld_wet_flat_c.dds
terrain10,any_vcld_dry_sflat,any,../../textures10/loveg/fal/sprs_cld_wet_hill_d.dds
terrain10,any_vcld_rain_hill,any,../../textures10/loveg/fal/sprs_cld_rain_hill_d.dds
terrain10,any_vcld_rain_sflat,any,../../textures10/loveg/fal/sprs_cld_wet_sflat_d.dds
terrain10,any_vcld_sdry_fl,any,../../textures10/loveg/fal/sprs_vcld_wet_flat_c.dds
terrain10,any_vcld_sdry_fl_md,any,../../textures10/loveg/fal/sprs_vcld_wet_flat_c.dds
terrain10,any_vcld_sdry_fl_tp,any,../../textures10/loveg/fal/sprs_vcld_wet_flat_c.dds
terrain10,any_vcld_sdry_hill,any,../../textures10/loveg/fal/tund_grass_vcld_sdry_hill_d.dds
terrain10,any_vcld_sdry_sflat,any,../../textures10/loveg/fal/shrub_tmp_wet_hill_d.dds
terrain10,any_vcld_wet_fl,any,../../textures10/loveg/fal/sprs_vcld_wet_flat_c.dds
terrain10,any_vcld_wet_fl_md,any,../../textures10/loveg/fal/sprs_vcld_wet_flat_c.dds
terrain10,any_vcld_wet_fl_tp,any,../../textures10/loveg/fal/sprs_vcld_wet_flat_c.dds
terrain10,any_vcld_wet_grass,any,../../textures10/loveg/fal/grass_cld_wet_flat_c.dds
terrain10,any_vcld_wet_hill,any,../../textures10/loveg/fal/sprs_cld_rain_hill_d.dds
terrain10,any_vcld_wet_sflat,any,../../textures10/loveg/fal/sprs_cld_wet_sflat_d.dds
terrain10,any_vhot_rain_fl,any,../../textures10/loveg/fal/shrub_hot_rain_flat_c.dds
terrain10,any_vhot_rain_fl_md,any,../../textures10/loveg/fal/shrub_wrm_wet_sflat_d.dds
terrain10,any_vhot_rain_fl_tp,any,../../textures10/loveg/fal/shrub_hot_rain_flat_c.dds
terrain10,any_vhot_rain_hill,any,../../textures10/loveg/fal/shrub_wrm_wet_hill_d.dds
terrain10,any_vhot_rain_sflat,any,../../textures10/loveg/fal/shrub_wrm_wet_sflat_d.dds
terrain10,any_vhot_rain_tr_hill,any,../../textures10/loveg/fal/shrub_wrm_wet_hill_d.dds
terrain10,any_vhot_sdry_fl,any,../../textures10/loveg/fal/shrub_wrm_sdry_flat_c.dds
terrain10,any_vhot_sdry_fl_md,any,../../textures10/loveg/fal/sprs_wrm_sdry_sflat_d.dds
terrain10,any_vhot_sdry_fl_tp,any,../../textures10/loveg/fal/shrub_wrm_sdry_flat_c.dds
terrain10,any_vhot_sdry_hill,any,../../textures10/soil/fal/rock_wrm_sdry_steep_d.dds
terrain10,any_vhot_sdry_sflat,any,../../textures10/loveg/fal/sprs_wrm_sdry_sflat_d.dds
terrain10,any_vhot_sdry_tr_hill,any,../../textures10/soil/fal/rock_wrm_sdry_steep_d.dds
terrain10,any_vhot_wet_fl,any,../../textures10/loveg/fal/shrub_hot_rain_flat_c.dds
terrain10,any_vhot_wet_fl_md,any,../../textures10/loveg/fal/shrub_wrm_wet_sflat_d.dds
terrain10,any_vhot_wet_fl_tp,any,../../textures10/loveg/fal/shrub_hot_rain_flat_c.dds
terrain10,any_vhot_wet_hill,any,../../textures10/loveg/fal/shrub_wrm_wet_hill_d.dds
terrain10,any_vhot_wet_sflat,any,../../textures10/loveg/fal/shrub_wrm_wet_sflat_d.dds
terrain10,any_vhot_wet_tr_hill,any,../../textures10/loveg/fal/shrub_wrm_wet_hill_d.dds
terrain10,any_wrm_rain_fl,any,../../textures10/loveg/fal/shrub_hot_rain_flat_c.dds
terrain10,any_wrm_rain_fl_md,any,../../textures10/loveg/fal/shrub_wrm_wet_sflat_d.dds
terrain10,any_wrm_rain_fl_tp,any,../../textures10/loveg/fal/shrub_hot_rain_flat_c.dds
terrain10,any_wrm_rain_hill,any,../../textures10/loveg/fal/shrub_wrm_wet_hill_d.dds
terrain10,any_wrm_rain_sflat,any,../../textures10/loveg/fal/shrub_wrm_wet_sflat_d.dds
terrain10,any_wrm_sdry_fl_md,any,../../textures10/loveg/fal/sprs_wrm_sdry_sflat_d.dds
terrain10,any_wrm_sdry_hill,any,../../textures10/loveg/fal/sprs_wrm_sdry_hill_d.dds
terrain10,any_wrm_sdry_sflat,any,../../textures10/loveg/fal/sprs_wrm_sdry_sflat_d.dds
terrain10,any_wrm_wet_fl,any,../../textures10/loveg/fal/shrub_hot_rain_flat_c.dds
terrain10,any_wrm_wet_fl_md,any,../../textures10/loveg/fal/shrub_wrm_wet_sflat_d.dds
terrain10,any_wrm_wet_fl_tp,any,../../textures10/loveg/fal/shrub_hot_rain_flat_c.dds
terrain10,any_wrm_wet_hill,any,../../textures10/loveg/fal/shrub_wrm_wet_hill_d.dds
terrain10,any_wrm_wet_sflat,any,../../textures10/loveg/fal/shrub_wrm_wet_sflat_d.dds
terrain10,bare_scree_cld_rain,bare,../../textures10/soil/scree_vcld_wet_d.dds
terrain10,bare_scree_cld_sdry,bare,../../textures10/soil/scree_dry_bare_d.dds
terrain10,bare_scree_cld_wet,bare,../../textures10/soil/scree_dry_bare_d.dds
terrain10,bare_scree_hot_rain,bare,../../textures10/soil/fal/rock_wrm_wet_steep_d.dds
terrain10,bare_scree_hot_wet,bare,../../textures10/soil/fal/rock_wrm_wet_steep_d.dds
terrain10,bare_scree_tmp_rain,bare,../../textures10/soil/scree_tmp_dry_bare_d.dds
terrain10,bare_scree_tmp_wet,bare,../../textures10/soil/scree_tmp_dry_bare_d.dds
terrain10,bare_scree_wrm_rain,bare,../../textures10/soil/fal/rock_wrm_wet_steep_d.dds
terrain10,bare_scree_wrm_wet,bare,../../textures10/soil/fal/rock_wrm_wet_steep_d.dds
terrain10,broad_cld_dry_fl,broad,../../textures10/hiveg/fal/broadl_cld_sdry_sflat_d.dds
terrain10,broad_cld_dry_fl_md,broad,../../textures10/hiveg/fal/broadl_cld_sdry_sflat_d.dds
terrain10,broad_cld_dry_fl_tp,broad,../../textures10/hiveg/fal/broadl_cld_sdry_sflat_d.dds
terrain10,broad_cld_dry_hill,broad,../../textures10/hiveg/fal/broadl_sp_tmp_wet_hill_d.dds
terrain10,broad_cld_dry_sflat,broad,../../textures10/hiveg/fal/broadl_cld_sdry_sflat_d.dds
terrain10,broad_cld_rain_hill,broad,../../textures10/hiveg/fal/broadl_tmp_wet_hill_d.dds
terrain10,broad_cld_rain_hill_sp,broad,../../textures10/hiveg/fal/broadl_sp_cld_wet_sflat_d.dds
terrain10,broad_cld_rain_sflat,broad,../../textures10/hiveg/fal/broadl_tmp_wet_sflat_d.dds
terrain10,broad_cld_rain_sflat_sp,broad,../../textures10/hiveg/fal/broadl_sp_cld_wet_sflat_d.dds
terrain10,broad_cld_sdry_fl,broad,../../textures10/hiveg/fal/broadl_tmp_wet_flat_c.dds
terrain10,broad_cld_sdry_fl_md,broad,../../textures10/hiveg/fal/broadl_cld_sdry_sflat_d.dds
terrain10,broad_cld_sdry_fl_tp,broad,../../textures10/hiveg/fal/broadl_tmp_wet_flat_c.dds
terrain10,broad_cld_sdry_hill,broad,../../textures10/hiveg/fal/broadl_sp_tmp_wet_hill_d.dds
terrain10,broad_cld_sdry_sflat,broad,../../textures10/hiveg/fal/broadl_cld_sdry_sflat_d.dds
terrain10,broad_cld_wet_fl,broad,../../textures10/hiveg/fal/broadl_tmp_wet_flat_c.dds
terrain10,broad_cld_wet_fl_md,broad,../../textures10/hiveg/fal/broadl_tmp_wet_sflat_d.dds
terrain10,broad_cld_wet_fl_md_sp,broad,../../textures10/hiveg/fal/broadl_sp_cld_wet_sflat_d.dds
terrain10,broad_cld_wet_fl_sp,broad,../../textures10/hiveg/fal/broadl_tmp_wet_flat_c.dds
terrain10,broad_cld_wet_fl_tp,broad,../../textures10/hiveg/fal/broadl_tmp_wet_sflat_d.dds
terrain10,broad_cld_wet_fl_tp_sp,broad,../../textures10/hiveg/fal/broadl_sp_cld_wet_sflat_d.dds
terrain10,broad_cld_wet_hill,broad,../../textures10/hiveg/fal/broadl_tmp_wet_hill_d.dds
terrain10,broad_cld_wet_hill_sp,broad,../../textures10/hiveg/fal/broadl_sp_tmp_wet_hill_d.dds
terrain10,broad_cld_wet_sflat,broad,../../textures10/hiveg/fal/broadl_tmp_wet_sflat_d.dds
terrain10,broad_cld_wet_sflat_sp,broad,../../textures10/hiveg/fal/broadl_sp_cld_wet_sflat_d.dds
terrain10,broad_hot_rain_fl,broad,../../textures10/hiveg/fal/broadl_hot_rain_flat_c.dds
terrain10,broad_hot_rain_fl_md,broad,../../textures10/hiveg/fal/broadl_hot_rain_flat_c.dds
terrain10,broad_hot_rain_fl_md_sp,broad,../../textures10/hiveg/fal/broadl_sp_wrm_wet_sflat_d.dds
terrain10,broad_hot_rain_fl_sp,broad,../../textures10/hiveg/fal/broadl_sp_wrm_wet_sflat_d.dds
terrain10,broad_hot_rain_fl_tp,broad,../../textures10/hiveg/fal/broadl_hot_rain_flat_c.dds
terrain10,broad_hot_rain_fl_tp_sp,broad,../../textures10/hiveg/fal/broadl_sp_wrm_wet_sflat_d.dds
terrain10,broad_hot_rain_hill,broad,../../textures10/hiveg/fal/broadl_hot_rain_hill_d.dds
terrain10,broad_hot_rain_hill_sp,broad,../../textures10/hiveg/fal/broadl_sp_wrm_wet_hill_d.dds
terrain10,broad_hot_rain_sflat,broad,../../textures10/hiveg/fal/broadl_hot_rain_sflat_d.dds
terrain10,broad_hot_rain_sflat_sp,broad,../../textures10/hiveg/fal/broadl_sp_wrm_wet_sflat_d.dds
terrain10,broad_hot_sdry_fl,broad,../../textures10/hiveg/fal/broadl_wrm_sdry_flat_c.dds
terrain10,broad_hot_sdry_fl_md,broad,../../textures10/hiveg/fal/broadl_wrm_sdry_hill_d.dds
terrain10,broad_hot_sdry_fl_tp,broad,../../textures10/hiveg/fal/broadl_wrm_sdry_flat_c.dds
terrain10,broad_hot_sdry_hill,broad,../../textures10/hiveg/fal/broadl_wrm_sdry_hill_d.dds
terrain10,broad_hot_sdry_sflat,broad,../../textures10/hiveg/fal/broadl_wrm_sdry_hill_d.dds
terrain10,broad_hot_wet_fl,broad,../../textures10/hiveg/fal/broadl_wrm_wet_flat_c.dds
terrain10,broad_hot_wet_fl_md,broad,../../textures10/hiveg/fal/broadl_sp_wrm_wet_sflat_d.dds
terrain10,broad_hot_wet_fl_md_sp,broad,../../textures10/hiveg/fal/broadl_sp_wrm_wet_sflat_d.dds
terrain10,broad_hot_wet_fl_sp,broad,../../textures10/hiveg/fal/broadl_sp_wrm_wet_sflat_d.dds
terrain10,broad_hot_wet_fl_tp,broad,../../textures10/hiveg/fal/broadl_wrm_wet_flat_c.dds
terrain10,broad_hot_wet_fl_tp_sp,broad,../../textures10/hiveg/fal/broadl_sp_wrm_wet_sflat_d.dds
terrain10,broad_hot_wet_hill,broad,../../textures10/hiveg/fal/broadl_wrm_wet_hill_d.dds
terrain10,broad_hot_wet_hill_sp,broad,../../textures10/hiveg/fal/broadl_sp_wrm_wet_hill_d.dds
terrain10,broad_hot_wet_sflat,broad,../../textures10/hiveg/fal/broadl_tmp_wet_sflat_d.dds
terrain10,broad_hot_wet_sflat_sp,broad,../../textures10/hiveg/fal/broadl_sp_wrm_wet_sflat_d.dds
terrain10,broad_tmp_dry_fl,broad,../../textures10/hiveg/fal/broadl_tmp_dry_sflat_d.dds
terrain10,broad_tmp_dry_fl_md,broad,../../textures10/hiveg/fal/broadl_tmp_dry_sflat_d.dds
terrain10,broad_tmp_dry_hill,broad,../../textures10/hiveg/fal/broadl_tmp_dry_hill_d.dds
terrain10,broad_tmp_dry_sflat,broad,../../textures10/hiveg/fal/broadl_tmp_dry_sflat_d.dds
terrain10,broad_tmp_rain_hill,broad,../../textures10/hiveg/fal/broadl_tmp_wet_hill_d.dds
terrain10,broad_tmp_rain_hill_sp,broad,../../textures10/hiveg/fal/broadl_sp_tmp_wet_hill_d.dds
terrain10,broad_tmp_rain_sflat,broad,../../textures10/hiveg/fal/broadl_tmp_wet_sflat_d.dds
terrain10,broad_tmp_rain_sflat_sp,broad,../../textures10/hiveg/fal/broadl_sp_tmp_wet_hill_d.dds
terrain10,broad_tmp_sdry_fl,broad,../../textures10/hiveg/fal/broadl_tmp_sdry_sflat.dds
terrain10,broad_tmp_sdry_fl_md,broad,../../textures10/hiveg/fal/broadl_tmp_sdry_hill_d.dds
terrain10,broad_tmp_sdry_fl_tp,broad,../../textures10/hiveg/fal/broadl_tmp_sdry_sflat.dds
terrain10,broad_tmp_sdry_hill,broad,../../textures10/hiveg/fal/broadl_tmp_sdry_hill_d.dds
terrain10,broad_tmp_sdry_sflat,broad,../../textures10/hiveg/fal/broadl_tmp_sdry_sflat.dds
terrain10,broad_tmp_wet_fl,broad,../../textures10/hiveg/fal/broadl_tmp_wet_flat_c.dds
terrain10,broad_tmp_wet_fl_md,broad,../../textures10/hiveg/fal/broadl_tmp_wet_sflat_d.dds
terrain10,broad_tmp_wet_fl_md_sp,broad,../../textures10/hiveg/fal/broadl_sp_tmp_wet_hill_d.dds
terrain10,broad_tmp_wet_fl_sp,broad,../../textures10/hiveg/fal/broadl_tmp_wet_flat_c.dds
terrain10,broad_tmp_wet_fl_tp,broad,../../textures10/hiveg/fal/broadl_tmp_wet_sflat_d.dds
terrain10,broad_tmp_wet_fl_tp_sp,broad,../../textures10/hiveg/fal/broadl_sp_tmp_wet_flat_c.dds
terrain10,broad_tmp_wet_hill,broad,../../textures10/hiveg/fal/broadl_tmp_wet_hill_d.dds
terrain10,broad_tmp_wet_hill_sp,broad,../../textures10/hiveg/fal/broadl_sp_tmp_wet_hill_d.dds
terrain10,broad_tmp_wet_sflat,broad,../../textures10/hiveg/fal/broadl_tmp_wet_sflat_d.dds
terrain10,broad_tmp_wet_sflat_sp,broad,../../textures10/hiveg/fal/broadl_sp_tmp_wet_hill_d.dds
terrain10,broad_vcld_dry_fl,broad,../../textures10/hiveg/fal/broadl_cld_sdry_sflat_d.dds
terrain10,broad_vcld_dry_fl_md,broad,../../textures10/hiveg/fal/broadl_cld_sdry_sflat_d.dds
terrain10,broad_vcld_dry_fl_tp,broad,../../textures10/hiveg/fal/broadl_cld_sdry_sflat_d.dds
terrain10,broad_vcld_dry_hill,broad,../../textures10/hiveg/fal/broadl_cld_sdry_sflat_d.dds
terrain10,broad_vcld_dry_sflat,broad,../../textures10/hiveg/fal/broadl_cld_sdry_sflat_d.dds
terrain10,broad_vcld_rain_hill,broad,../../textures10/hiveg/fal/broadl_tmp_wet_hill_d.dds
terrain10,broad_vcld_rain_hill_sp,broad,../../textures10/hiveg/fal/broadl_sp_cld_wet_sflat_d.dds
terrain10,broad_vcld_rain_sflat,broad,../../textures10/hiveg/fal/broadl_cld_sdry_sflat_d.dds
terrain10,broad_vcld_rain_sflat_sp,broad,../../textures10/hiveg/fal/broadl_sp_cld_wet_sflat_d.dds
terrain10,broad_vcld_sdry_fl,broad,../../textures10/hiveg/fal/broadl_cld_sdry_sflat_d.dds
terrain10,broad_vcld_sdry_fl_md,broad,../../textures10/hiveg/fal/broadl_cld_sdry_sflat_d.dds
terrain10,broad_vcld_sdry_fl_tp,broad,../../textures10/hiveg/fal/broadl_cld_sdry_sflat_d.dds
terrain10,broad_vcld_sdry_hill,broad,../../textures10/hiveg/fal/broadl_cld_sdry_sflat_d.dds
terrain10,broad_vcld_sdry_sflat,broad,../../textures10/hiveg/fal/broadl_cld_sdry_sflat_d.dds
terrain10,broad_vcld_wet_fl,broad,../../textures10/hiveg/fal/broadl_tmp_wet_flat_c.dds
terrain10,broad_vcld_wet_fl_md,broad,../../textures10/hiveg/fal/broadl_cld_sdry_sflat_d.dds
terrain10,broad_vcld_wet_fl_md_sp,broad,../../textures10/hiveg/fal/broadl_tmp_wet_flat_c.dds
terrain10,broad_vcld_wet_fl_sp,broad,../../textures10/hiveg/fal/broadl_cld_sdry_sflat_d.dds
terrain10,broad_vcld_wet_fl_tp,broad,../../textures10/hiveg/fal/broadl_tmp_wet_sflat_d.dds
terrain10,broad_vcld_wet_fl_tp_sp,broad,../../textures10/hiveg/fal/broadl_sp_cld_wet_sflat_d.dds
terrain10,broad_vcld_wet_hill,broad,../../textures10/hiveg/fal/broadl_tmp_wet_hill_d.dds
terrain10,broad_vcld_wet_hill_sp,broad,../../textures10/hiveg/fal/broadl_sp_tmp_wet_hill_d.dds
terrain10,broad_vcld_wet_sflat,broad,../../textures10/hiveg/fal/broadl_sp_tmp_wet_hill_d.dds
terrain10,broad_vcld_wet_sflat_sp,broad,../../textures10/hiveg/fal/broadl_cld_sdry_sflat_d.dds
terrain10,broad_vhot_rain_fl,broad,../../textures10/hiveg/fal/broadl_hot_rain_flat_c.dds
terrain10,broad_vhot_rain_fl_md,broad,../../textures10/hiveg/fal/broadl_hot_rain_flat_c.dds
terrain10,broad_vhot_rain_fl_md_sp,broad,../../textures10/hiveg/fal/broadl_sp_wrm_wet_sflat_d.dds
terrain10,broad_vhot_rain_fl_sp,broad,../../textures10/hiveg/fal/broadl_sp_wrm_wet_sflat_d.dds
terrain10,broad_vhot_rain_fl_tp,broad,../../textures10/hiveg/fal/broadl_hot_rain_flat_c.dds
terrain10,broad_vhot_rain_fl_tp_sp,broad,../../textures10/hiveg/fal/broadl_sp_wrm_wet_sflat_d.dds
terrain10,broad_vhot_rain_hill,broad,../../textures10/hiveg/fal/broadl_hot_rain_hill_d.dds
terrain10,broad_vhot_rain_hill_sp,broad,../../textures10/hiveg/fal/broadl_sp_wrm_wet_hill_d.dds
terrain10,broad_vhot_rain_sflat,broad,../../textures10/hiveg/fal/broadl_hot_rain_sflat_d.dds
terrain10,broad_vhot_rain_sflat_sp,broad,../../textures10/hiveg/fal/broadl_sp_wrm_wet_sflat_d.dds
terrain10,broad_vhot_wet_fl,broad,../../textures10/hiveg/fal/broadl_wrm_wet_flat_c.dds
terrain10,broad_vhot_wet_fl_md,broad,../../textures10/hiveg/fal/broadl_wrm_wet_flat_c.dds
terrain10,broad_vhot_wet_fl_md_sp,broad,../../textures10/hiveg/fal/broadl_sp_wrm_wet_sflat_d.dds
terrain10,broad_vhot_wet_fl_sp,broad,../../textures10/hiveg/fal/broadl_sp_wrm_wet_sflat_d.dds
terrain10,broad_vhot_wet_fl_tp,broad,../../textures10/hiveg/fal/broadl_wrm_wet_flat_c.dds
terrain10,broad_vhot_wet_fl_tp_sp,broad,../../textures10/hiveg/fal/broadl_sp_wrm_wet_sflat_d.dds
terrain10,broad_vhot_wet_hill,broad,../../textures10/hiveg/fal/broadl_wrm_wet_hill_d.dds
terrain10,broad_vhot_wet_hill_sp,broad,../../textures10/hiveg/fal/broadl_sp_wrm_wet_hill_d.dds
terrain10,broad_vhot_wet_sflat,broad,../../textures10/hiveg/fal/broadl_hot_rain_sflat_d.dds
terrain10,broad_vhot_wet_sflat_sp,broad,../../textures10/hiveg/fal/broadl_sp_wrm_wet_sflat_d.dds
terrain10,broad_wrm_rain_fl,broad,../../textures10/hiveg/fal/broadl_wrm_wet_flat_c.dds
terrain10,broad_wrm_rain_fl_md,broad,../../textures10/hiveg/fal/broadl_wrm_wet_flat_c.dds
terrain10,broad_wrm_rain_fl_md_sp,broad,../../textures10/hiveg/fal/broadl_sp_wrm_wet_sflat_d.dds
terrain10,broad_wrm_rain_fl_sp,broad,../../textures10/hiveg/fal/broadl_wrm_wet_flat_c.dds
terrain10,broad_wrm_rain_fl_tp,broad,../../textures10/hiveg/fal/broadl_wrm_wet_flat_c.dds
terrain10,broad_wrm_rain_fl_tp_sp,broad,../../textures10/hiveg/fal/broadl_wrm_wet_flat_c.dds
terrain10,broad_wrm_rain_hill,broad,../../textures10/hiveg/fal/broadl_wrm_wet_hill_d.dds
terrain10,broad_wrm_rain_hill_sp,broad,../../textures10/hiveg/fal/broadl_sp_wrm_wet_sflat_d.dds
terrain10,broad_wrm_rain_sflat,broad,../../textures10/hiveg/fal/broadl_tmp_wet_sflat_d.dds
terrain10,broad_wrm_rain_sflat_sp,broad,../../textures10/hiveg/fal/broadl_sp_wrm_wet_sflat_d.dds
terrain10,broad_wrm_sdry_fl,broad,../../textures10/hiveg/fal/broadl_wrm_sdry_flat_c.dds
terrain10,broad_wrm_sdry_fl_md,broad,../../textures10/hiveg/fal/broadl_wrm_sdry_hill_d.dds
terrain10,broad_wrm_sdry_fl_tp,broad,../../textures10/hiveg/fal/broadl_wrm_sdry_flat_c.dds
terrain10,broad_wrm_sdry_hill,broad,../../textures10/hiveg/fal/broadl_wrm_sdry_hill_d.dds
terrain10,broad_wrm_sdry_sflat,broad,../../textures10/hiveg/fal/broadl_wrm_sdry_hill_d.dds
terrain10,broad_wrm_wet_fl,broad,../../textures10/hiveg/fal/broadl_wrm_wet_flat_c.dds
terrain10,broad_wrm_wet_fl_md,broad,../../textures10/hiveg/fal/broadl_wrm_wet_flat_c.dds
terrain10,broad_wrm_wet_fl_md_sp,broad,../../textures10/hiveg/fal/broadl_sp_wrm_wet_sflat_d.dds
terrain10,broad_wrm_wet_fl_sp,broad,../../textures10/hiveg/fal/broadl_wrm_wet_flat_c.dds
terrain10,broad_wrm_wet_fl_tp,broad,../../textures10/hiveg/fal/broadl_wrm_wet_flat_c.dds
terrain10,broad_wrm_wet_fl_tp_sp,broad,../../textures10/hiveg/fal/broadl_wrm_wet_flat_c.dds
terrain10,broad_wrm_wet_hill,broad,../../textures10/hiveg/fal/broadl_wrm_wet_hill_d.dds
terrain10,broad_wrm_wet_hill_sp,broad,../../textures10/hiveg/fal/broadl_sp_wrm_wet_sflat_d.dds
terrain10,broad_wrm_wet_sflat,broad,../../textures10/hiveg/fal/broadl_tmp_wet_sflat_d.dds
terrain10,broad_wrm_wet_sflat_sp,broad,../../textures10/hiveg/fal/broadl_sp_wrm_wet_sflat_d.dds
terrain10,coni_cld_dry_hill,coni,../../textures10/hiveg/coni_cld_dry_hill_d.dds
terrain10,coni_cld_dry_sflat,coni,../../textures10/hiveg/coni_cld_dry_hill_d.dds
terrain10,coni_cld_rain_hill,coni,../../textures10/hiveg/fal/coni_tmp_wet_hill_d.dds
terrain10,coni_cld_rain_hill_sp,coni,../../textures10/loveg/fal/shrub_cld_rain_steep_d.dds
terrain10,coni_cld_rain_sflat,coni,../../textures10/hiveg/fal/broadl_tmp_wet_sflat_d.dds
terrain10,coni_cld_rain_sflat_sp,coni,../../textures10/hiveg/fal/broadl_sp_tmp_wet_hill_d.dds
terrain10,coni_cld_sdry_fl,coni,../../textures10/hiveg/fal/coni_cld_sdry_flat_c.dds
terrain10,coni_cld_sdry_fl_md,coni,../../textures10/hiveg/fal/coni_tmp_wet_flat_c.dds
terrain10,coni_cld_sdry_fl_md_sp,coni,../../textures10/hiveg/fal/coni_cld_sdry_hill_d.dds
terrain10,coni_cld_sdry_fl_sp,coni,../../textures10/hiveg/fal/coni_tmp_wet_flat_c.dds
terrain10,coni_cld_sdry_fl_tp,coni,../../textures10/hiveg/fal/coni_cld_sdry_flat_c.dds
terrain10,coni_cld_sdry_fl_tp_sp,coni,../../textures10/hiveg/fal/coni_cld_sdry_flat_c.dds
terrain10,coni_cld_sdry_hill,coni,../../textures10/hiveg/fal/coni_cld_sdry_hill_d.dds
terrain10,coni_cld_sdry_hill_sp,coni,../../textures10/hiveg/fal/coni_tmp_wet_hill_d.dds
terrain10,coni_cld_sdry_sflat,coni,../../textures10/hiveg/fal/broadl_tmp_wet_sflat_d.dds
terrain10,coni_cld_sdry_sflat_sp,coni,../../textures10/hiveg/fal/coni_cld_sdry_flat_c.dds
terrain10,coni_cld_wet_fl,coni,../../textures10/hiveg/fal/coni_tmp_wet_flat_c.dds
terrain10,coni_cld_wet_fl_md,coni,../../textures10/hiveg/fal/coni_tmp_wet_flat_c.dds
terrain10,coni_cld_wet_fl_md_sp,coni,../../textures10/hiveg/fal/coni_cld_sdry_flat_c.dds
terrain10,coni_cld_wet_fl_sp,coni,../../textures10/hiveg/fal/coni_cld_sdry_flat_c.dds
terrain10,coni_cld_wet_hill,coni,../../textures10/hiveg/fal/coni_tmp_wet_hill_d.dds
terrain10,coni_cld_wet_hill_sp,coni,../../textures10/loveg/fal/shrub_cld_rain_steep_d.dds
terrain10,coni_cld_wet_sflat,coni,../../textures10/hiveg/fal/broadl_tmp_wet_sflat_d.dds
terrain10,coni_cld_wet_sflat_sp,coni,../../textures10/hiveg/fal/coni_cld_sdry_flat_c.dds
terrain10,coni_hot_dry_fl_md,coni,../../textures10/hiveg/fal/coni_wrm_sdry_sflat_d.dds
terrain10,coni_hot_dry_sflat,coni,../../textures10/hiveg/fal/coni_wrm_sdry_sflat_d.dds
terrain10,coni_hot_rain_hill,coni,../../textures10/hiveg/fal/coni_wrm_wet_hill_d.dds
terrain10,coni_hot_rain_hill_sp,coni,../../textures10/hiveg/fal/broadl_sp_wrm_wet_hill_d.dds
terrain10,coni_hot_rain_sflat,coni,../../textures10/hiveg/fal/coni_wrm_wet_flat_c.dds
terrain10,coni_hot_rain_sflat_sp,coni,../../textures10/hiveg/fal/coni_wrm_wet_flat_c.dds
terrain10,coni_hot_sdry_fl,coni,../../textures10/hiveg/fal/coni_wrm_wet_flat_c.dds
terrain10,coni_hot_sdry_fl_md,coni,../../textures10/hiveg/coni_tmp_dry_sflat_d.dds
terrain10,coni_hot_sdry_fl_md_sp,coni,../../textures10/hiveg/coni_sp_tmp_dry_hill_d.dds
terrain10,coni_hot_sdry_hill,coni,../../textures10/hiveg/fal/broadl_wrm_sdry_hill_d.dds
terrain10,coni_hot_sdry_hill_sp,coni,../../textures10/hiveg/coni_sp_tmp_dry_hill_d.dds
terrain10,coni_hot_sdry_sflat,coni,../../textures10/hiveg/fal/coni_wrm_sdry_sflat_d.dds
terrain10,coni_hot_sdry_sflat_sp,coni,../../textures10/hiveg/coni_sp_tmp_dry_hill_d.dds
terrain10,coni_hot_wet_fl,coni,../../textures10/hiveg/fal/coni_wrm_wet_flat_c.dds
terrain10,coni_hot_wet_fl_md,coni,../../textures10/hiveg/fal/coni_wrm_wet_flat_c.dds
terrain10,coni_hot_wet_fl_md_sp,coni,../../textures10/hiveg/fal/coni_wrm_wet_flat_c.dds
terrain10,coni_hot_wet_fl_sp,coni,../../textures10/hiveg/fal/coni_wrm_wet_flat_c.dds
terrain10,coni_hot_wet_hill,coni,../../textures10/hiveg/fal/coni_wrm_wet_hill_d.dds
terrain10,coni_hot_wet_hill_sp,coni,../../textures10/hiveg/fal/broadl_sp_wrm_wet_hill_d.dds
terrain10,coni_hot_wet_sflat,coni,../../textures10/hiveg/fal/coni_wrm_wet_flat_c.dds
terrain10,coni_hot_wet_sflat_sp,coni,../../textures10/hiveg/fal/coni_wrm_wet_flat_c.dds
terrain10,coni_tmp_rain_hill,coni,../../textures10/hiveg/fal/coni_tmp_wet_hill_d.dds
terrain10,coni_tmp_rain_hill_sp,coni,../../textures10/hiveg/fal/broadl_sp_tmp_wet_hill_d.dds
terrain10,coni_tmp_rain_sflat,coni,../../textures10/hiveg/fal/broadl_tmp_wet_sflat_d.dds
terrain10,coni_tmp_rain_sflat_sp,coni,../../textures10/hiveg/fal/broadl_tmp_wet_sflat_d.dds
terrain10,coni_tmp_sdry_fl_md,coni,../../textures10/hiveg/fal/coni_tmp_sdry_sflat_d.dds
terrain10,coni_tmp_sdry_fl_md_sp,coni,../../textures10/hiveg/fal/coni_sp_tmp_sdry_hill_d.dds
terrain10,coni_tmp_sdry_hill,coni,../../textures10/hiveg/fal/coni_tmp_sdry_sflat_d.dds
terrain10,coni_tmp_sdry_hill_sp,coni,../../textures10/hiveg/fal/coni_sp_tmp_sdry_hill_d.dds
terrain10,coni_tmp_sdry_sflat,coni,../../textures10/hiveg/fal/coni_tmp_sdry_sflat_d.dds
terrain10,coni_tmp_sdry_sflat_sp,coni,../../textures10/hiveg/fal/coni_sp_tmp_sdry_hill_d.dds
terrain10,coni_tmp_wet_fl,coni,../../textures10/hiveg/fal/coni_tmp_wet_flat_c.dds
terrain10,coni_tmp_wet_fl_md,coni,../../textures10/hiveg/fal/coni_tmp_wet_flat_c.dds
terrain10,coni_tmp_wet_fl_md_sp,coni,../../textures10/hiveg/fal/coni_tmp_wet_flat_c.dds
terrain10,coni_tmp_wet_fl_sp,coni,../../textures10/hiveg/fal/coni_tmp_wet_flat_c.dds
terrain10,coni_tmp_wet_hill,coni,../../textures10/hiveg/fal/coni_tmp_wet_hill_d.dds
terrain10,coni_tmp_wet_hill_sp,coni,../../textures10/hiveg/fal/broadl_sp_tmp_wet_hill_d.dds
terrain10,coni_tmp_wet_sflat,coni,../../textures10/hiveg/fal/broadl_tmp_wet_sflat_d.dds
terrain10,coni_tmp_wet_sflat_sp,coni,../../textures10/hiveg/fal/broadl_tmp_wet_sflat_d.dds
terrain10,coni_vcld_rain_hill,coni,../../textures10/hiveg/fal/coni_tmp_wet_hill_d.dds
terrain10,coni_vcld_rain_sflat,coni,../../textures10/hiveg/fal/broadl_tmp_wet_sflat_d.dds
terrain10,coni_vcld_rain_sflat_sp,coni,../../textures10/hiveg/fal/coni_cld_sdry_flat_c.dds
terrain10,coni_vcld_sdry_fl_md_sp,coni,../../textures10/hiveg/fal/coni_cld_sdry_hill_d.dds
terrain10,coni_vcld_sdry_fl_tp_sp,coni,../../textures10/hiveg/fal/coni_cld_sdry_flat_c.dds
terrain10,coni_vcld_sdry_hill,coni,../../textures10/hiveg/fal/coni_cld_sdry_hill_d.dds
terrain10,coni_vcld_wet_fl,coni,../../textures10/hiveg/fal/coni_tmp_wet_flat_c.dds
terrain10,coni_vcld_wet_fl_md,coni,../../textures10/hiveg/fal/broadl_tmp_wet_sflat_d.dds
terrain10,coni_vcld_wet_fl_md_sp,coni,../../textures10/hiveg/fal/coni_cld_sdry_flat_c.dds
terrain10,coni_vcld_wet_fl_sp,coni,../../textures10/hiveg/fal/coni_cld_sdry_flat_c.dds
terrain10,coni_vcld_wet_hill,coni,../../textures10/hiveg/fal/coni_tmp_wet_hill_d.dds
terrain10,coni_vcld_wet_sflat,coni,../../textures10/hiveg/fal/broadl_tmp_wet_sflat_d.dds
terrain10,coni_vcld_wet_sflat_sp,coni,../../textures10/hiveg/fal/coni_cld_sdry_hill_d.dds
terrain10,coni_vhot_rain_hill,coni,../../textures10/hiveg/fal/coni_wrm_wet_hill_d.dds
terrain10,coni_vhot_rain_hill_sp,coni,../../textures10/hiveg/fal/broadl_sp_wrm_wet_hill_d.dds
terrain10,coni_vhot_rain_sflat,coni,../../textures10/hiveg/fal/coni_wrm_wet_flat_c.dds
terrain10,coni_vhot_rain_sflat_sp,coni,../../textures10/hiveg/fal/coni_wrm_wet_flat_c.dds
terrain10,coni_vhot_sdry_fl,coni,../../textures10/hiveg/fal/coni_wrm_wet_flat_c.dds
terrain10,coni_vhot_sdry_fl_md,coni,../../textures10/hiveg/fal/coni_wrm_sdry_sflat_d.dds
terrain10,coni_vhot_sdry_fl_md_sp,coni,../../textures10/hiveg/fal/coni_wrm_sdry_sflat_d.dds
terrain10,coni_vhot_sdry_fl_sp,coni,../../textures10/hiveg/fal/coni_wrm_wet_flat_c.dds
terrain10,coni_vhot_sdry_fl_tp,coni,../../textures10/hiveg/fal/coni_wrm_wet_flat_c.dds
terrain10,coni_vhot_sdry_fl_tp_sp,coni,../../textures10/hiveg/fal/coni_wrm_wet_flat_c.dds
terrain10,coni_vhot_sdry_hill,coni,../../textures10/hiveg/fal/coni_wrm_sdry_sflat_d.dds
terrain10,coni_vhot_sdry_hill_sp,coni,../../textures10/hiveg/fal/coni_wrm_sdry_sflat_d.dds
terrain10,coni_vhot_sdry_sflat,coni,../../textures10/hiveg/fal/coni_wrm_sdry_sflat_d.dds
terrain10,coni_vhot_sdry_sflat_sp,coni,../../textures10/hiveg/fal/coni_wrm_sdry_sflat_d.dds
terrain10,coni_vhot_wet_fl,coni,../../textures10/hiveg/fal/coni_wrm_wet_flat_c.dds
terrain10,coni_vhot_wet_fl_md,coni,../../textures10/hiveg/fal/coni_wrm_wet_flat_c.dds
terrain10,coni_vhot_wet_fl_md_sp,coni,../../textures10/hiveg/fal/coni_wrm_wet_flat_c.dds
terrain10,coni_vhot_wet_fl_sp,coni,../../textures10/hiveg/fal/coni_wrm_wet_flat_c.dds
terrain10,coni_vhot_wet_hill,coni,../../textures10/hiveg/fal/coni_wrm_wet_hill_d.dds
terrain10,coni_vhot_wet_hill_sp,coni,../../textures10/hiveg/fal/broadl_sp_wrm_wet_hill_d.dds
terrain10,coni_vhot_wet_sflat,coni,../../textures10/hiveg/fal/coni_wrm_wet_flat_c.dds
terrain10,coni_vhot_wet_sflat_sp,coni,../../textures10/hiveg/fal/coni_wrm_wet_flat_c.dds
terrain10,coni_wrm_rain_hill,coni,../../textures10/hiveg/fal/coni_wrm_wet_hill_d.dds
terrain10,coni_wrm_rain_hill_sp,coni,../../textures10/hiveg/fal/broadl_sp_wrm_wet_hill_d.dds
terrain10,coni_wrm_rain_sflat,coni,../../textures10/hiveg/fal/coni_wrm_wet_flat_c.dds
terrain10,coni_wrm_rain_sflat_sp,coni,../../textures10/hiveg/fal/coni_wrm_wet_flat_c.dds
terrain10,coni_wrm_sdry_fl,coni,../../textures10/hiveg/fal/coni_wrm_sdry_flat_c.dds
terrain10,coni_wrm_sdry_fl_md,coni,../../textures10/hiveg/fal/coni_wrm_sdry_sflat_d.dds
terrain10,coni_wrm_sdry_fl_md_sp,coni,../../textures10/hiveg/fal/coni_sp_tmp_sdry_hill_d.dds
terrain10,coni_wrm_sdry_fl_tp,coni,../../textures10/hiveg/fal/coni_wrm_sdry_flat_c.dds
terrain10,coni_wrm_sdry_hill,coni,../../textures10/hiveg/fal/coni_wrm_sdry_sflat_d.dds
terrain10,coni_wrm_sdry_hill_sp,coni,../../textures10/hiveg/fal/coni_sp_tmp_sdry_hill_d.dds
terrain10,coni_wrm_sdry_sflat,coni,../../textures10/hiveg/fal/coni_wrm_sdry_sflat_d.dds
terrain10,coni_wrm_sdry_sflat_sp,coni,../../textures10/hiveg/fal/coni_sp_tmp_sdry_hill_d.dds
terrain10,coni_wrm_wet_fl,coni,../../textures10/hiveg/fal/coni_wrm_wet_flat_c.dds
terrain10,coni_wrm_wet_fl_md,coni,../../textures10/hiveg/fal/coni_wrm_wet_flat_c.dds
terrain10,coni_wrm_wet_fl_md_sp,coni,../../textures10/hiveg/fal/coni_wrm_wet_flat_c.dds
terrain10,coni_wrm_wet_fl_sp,coni,../../textures10/hiveg/fal/coni_tmp_wet_flat_c.dds
terrain10,coni_wrm_wet_hill,coni,../../textures10/hiveg/fal/coni_wrm_wet_hill_d.dds
terrain10,coni_wrm_wet_hill_sp,coni,../../textures10/hiveg/fal/broadl_sp_wrm_wet_hill_d.dds
terrain10,coni_wrm_wet_sflat,coni,../../textures10/hiveg/fal/coni_wrm_wet_flat_c.dds
terrain10,coni_wrm_wet_sflat_sp,coni,../../textures10/hiveg/fal/coni_sp_tmp_sdry_hill_d.dds
terrain10,crp_cld_dry,crp,../../textures10/human/fal/crp_cld_sdry_flat_c.dds
terrain10,crp_cld_dry_hill,crp,../../textures10/human/fal/crp_cld_sdry_flat_c.dds
terrain10,crp_cld_dry_sflat,crp,../../textures10/human/fal/crp_cld_sdry_flat_c.dds
terrain10,crp_cld_rain,crp,../../textures10/human/fal/crp_cld_wet_flat_c.dds
terrain10,crp_cld_rain_hill,crp,../../textures10/human/fal/crp_tmp_wet_hill_d.dds
terrain10,crp_cld_rain_sflat,crp,../../textures10/human/fal/crp_cld_wet_flat_c.dds
terrain10,crp_cld_sdry,crp,../../textures10/human/fal/crp_cld_sdry_flat_c.dds
terrain10,crp_cld_sdry_hill,crp,../../textures10/human/fal/crp_cld_sdry_flat_c.dds
terrain10,crp_cld_sdry_sflat,crp,../../textures10/human/fal/crp_cld_sdry_flat_c.dds
terrain10,crp_cld_wet,crp,../../textures10/human/fal/crp_cld_wet_flat_c.dds
terrain10,crp_cld_wet_hill,crp,../../textures10/human/fal/crp_tmp_wet_hill_d.dds
terrain10,crp_cld_wet_sflat,crp,../../textures10/human/fal/crp_cld_wet_flat_c.dds
terrain10,crp_hot_rain,crp,../../textures10/human/fal/crp_hot_rain_flat_c.dds
terrain10,crp_hot_rain_hill,crp,../../textures10/human/fal/crpmo_hot_rain_hill_d.dds
terrain10,crp_hot_rain_sflat,crp,../../textures10/human/fal/crp_hot_rain_sflat_d.dds
terrain10,crp_hot_sdry,crp,../../textures10/human/fal/crp_wrm_sdry_flat_c.dds
terrain10,crp_hot_sdry_hill,crp,../../textures10/human/fal/crpmo_wrm_sdry_hill_d.dds
terrain10,crp_hot_sdry_sflat,crp,../../textures10/human/fal/crp_wrm_sdry_sflat_d.dds
terrain10,crp_hot_wet,crp,../../textures10/human/fal/crp_hot_wet_flat_c.dds
terrain10,crp_hot_wet_hill,crp,../../textures10/human/fal/crpmo_hot_wet_hill_d.dds
terrain10,crp_hot_wet_sflat,crp,../../textures10/human/fal/crp_hot_wet_sflat_d.dds
terrain10,crp_tmp_dry,crp,../../textures10/human/fal/crp_tmp_dry_flat_c.dds
terrain10,crp_tmp_dry_hill,crp,../../textures10/human/fal/crp_tmp_dry_hill_d.dds
terrain10,crp_tmp_dry_sflat,crp,../../textures10/human/fal/crp_tmp_dry_sflat_d.dds
terrain10,crp_tmp_rain,crp,../../textures10/human/fal/crp_tmp_wet_flat_c.dds
terrain10,crp_tmp_rain_hill,crp,../../textures10/human/fal/crp_tmp_wet_hill_d.dds
terrain10,crp_tmp_rain_sflat,crp,../../textures10/human/fal/crp_tmp_wet_sflat_c.dds
terrain10,crp_tmp_sdry,crp,../../textures10/human/fal/crp_tmp_sdry_flat_c.dds
terrain10,crp_tmp_sdry_hill,crp,../../textures10/human/fal/crpmo_tmp_sdry_sflat_d.dds
terrain10,crp_tmp_sdry_sflat,crp,../../textures10/human/fal/crp_tmp_sdry_sflat_d.dds
terrain10,crp_tmp_wet,crp,../../textures10/human/fal/crp_tmp_wet_flat_c.dds
terrain10,crp_tmp_wet_hill,crp,../../textures10/human/fal/crp_tmp_wet_hill_d.dds
terrain10,crp_tmp_wet_sflat,crp,../../textures10/human/fal/crp_tmp_wet_sflat_c.dds
terrain10,crp_vhot_rain,crp,../../textures10/human/fal/crp_hot_rain_flat_c.dds
terrain10,crp_vhot_rain_hill,crp,../../textures10/human/fal/crpmo_hot_rain_hill_d.dds
terrain10,crp_vhot_rain_sflat,crp,../../textures10/human/fal/crp_hot_rain_sflat_d.dds
terrain10,crp_vhot_sdry,crp,../../textures10/human/fal/crp_wrm_sdry_flat_c.dds
terrain10,crp_vhot_sdry_hill,crp,../../textures10/human/fal/crpmo_wrm_sdry_hill_d.dds
terrain10,crp_vhot_sdry_sflat,crp,../../textures10/human/fal/crp_wrm_sdry_sflat_d.dds
terrain10,crp_vhot_wet,crp,../../textures10/human/fal/crp_hot_wet_flat_c.dds
terrain10,crp_vhot_wet_hill,crp,../../textures10/human/fal/crpmo_hot_wet_hill_d.dds
terrain10,crp_vhot_wet_sflat,crp,../../textures10/human/fal/crp_hot_wet_sflat_d.dds
terrain10,crp_wrm_rain,crp,../../textures10/human/fal/crp_hot_rain_flat_c.dds
terrain10,crp_wrm_rain_hill,crp,../../textures10/human/fal/crpmo_hot_rain_hill_d.dds
terrain10,crp_wrm_rain_sflat,crp,../../textures10/human/fal/crp_hot_rain_sflat_d.dds
terrain10,crp_wrm_sdry,crp,../../textures10/human/fal/crp_wrm_sdry_flat_c.dds
terrain10,crp_wrm_sdry_hill,crp,../../textures10/human/fal/crpmo_wrm_sdry_hill_d.dds
terrain10,crp_wrm_sdry_sflat,crp,../../textures10/human/fal/crp_wrm_sdry_sflat_d.dds
terrain10,crp_wrm_wet,crp,../../textures10/human/fal/crp_hot_wet_flat_c.dds
terrain10,crp_wrm_wet_hill,crp,../../textures10/human/fal/crpmo_hot_wet_hill_d.dds
terrain10,crp_wrm_wet_sflat,crp,../../textures10/human/fal/crp_hot_wet_sflat_d.dds
terrain10,crpirg_cld_dry,crpirg,../../textures10/human/fal/crp_cld_wet_flat_c.dds
terrain10,crpirg_cld_dry_hill,crpirg,../../textures10/human/fal/crp_cld_sdry_flat_c.dds
terrain10,crpirg_cld_dry_sflat,crpirg,../../textures10/human/fal/crp_tmp_wet_sflat_c.dds
terrain10,crpirg_cld_rain,crpirg,../../textures10/human/fal/crp_cld_wet_flat_c.dds
terrain10,crpirg_cld_rain_hill,crpirg,../../textures10/human/fal/crp_tmp_wet_hill_d.dds
terrain10,crpirg_cld_rain_sflat,crpirg,../../textures10/human/fal/crp_cld_wet_flat_c.dds
terrain10,crpirg_cld_sdry,crpirg,../../textures10/human/fal/crp_cld_wet_flat_c.dds
terrain10,crpirg_cld_sdry_hill,crpirg,../../textures10/human/fal/crp_cld_sdry_flat_c.dds
terrain10,crpirg_cld_sdry_sflat,crpirg,../../textures10/human/fal/crp_tmp_wet_sflat_c.dds
terrain10,crpirg_cld_wet,crpirg,../../textures10/human/fal/crp_cld_wet_flat_c.dds
terrain10,crpirg_cld_wet_hill,crpirg,../../textures10/human/fal/crp_tmp_wet_hill_d.dds
terrain10,crpirg_cld_wet_sflat,crpirg,../../textures10/human/fal/crp_cld_wet_flat_c.dds
terrain10,crpirg_hot_dry,crpirg,../../textures10/human/fal/crpirg_wrm_wet_flat_c2.dds
terrain10,crpirg_hot_dry_sflat,crpirg,../../textures10/human/fal/crp_hot_wet_sflat_d.dds
terrain10,crpirg_hot_rain,crpirg,../../textures10/human/fal/crpirg_wrm_wet_flat_c.dds
terrain10,crpirg_hot_rain_hill,crpirg,../../textures10/human/fal/crpmo_hot_rain_hill_d.dds
terrain10,crpirg_hot_rain_sflat,crpirg,../../textures10/human/fal/crp_hot_rain_sflat_d.dds
terrain10,crpirg_hot_sdry,crpirg,../../textures10/human/fal/crpirg_wrm_wet_flat_c2.dds
terrain10,crpirg_hot_sdry_hill,crpirg,../../textures10/human/fal/crpmo_wrm_sdry_hill_d.dds
terrain10,crpirg_hot_sdry_sflat,crpirg,../../textures10/human/fal/crp_hot_wet_sflat_d.dds
terrain10,crpirg_hot_wet,crpirg,../../textures10/human/fal/crpirg_wrm_wet_flat_c.dds
terrain10,crpirg_hot_wet_hill,crpirg,../../textures10/human/fal/crpmo_hot_wet_hill_d.dds
terrain10,crpirg_hot_wet_sflat,crpirg,../../textures10/human/fal/crp_hot_wet_sflat_d.dds
terrain10,crpirg_tmp_dry,crpirg,../../textures10/human/fal/crpirg_wrm_wet_flat_c.dds
terrain10,crpirg_tmp_dry_hill,crpirg,../../textures10/human/fal/crp_tmp_dry_hill_d.dds
terrain10,crpirg_tmp_dry_sflat,crpirg,../../textures10/human/fal/crp_tmp_wet_sflat_c.dds
terrain10,crpirg_tmp_rain,crpirg,../../textures10/human/fal/crp_tmp_wet_flat_c.dds
terrain10,crpirg_tmp_rain_hill,crpirg,../../textures10/human/fal/crp_tmp_wet_hill_d.dds
terrain10,crpirg_tmp_rain_sflat,crpirg,../../textures10/human/fal/crp_hot_wet_sflat_d.dds
terrain10,crpirg_tmp_sdry,crpirg,../../textures10/human/fal/crpirg_wrm_wet_flat_c.dds
terrain10,crpirg_tmp_sdry_hill,crpirg,../../textures10/human/fal/crpmo_tmp_sdry_sflat_d.dds
terrain10,crpirg_tmp_sdry_sflat,crpirg,../../textures10/human/fal/crp_hot_wet_sflat_d.dds
terrain10,crpirg_tmp_wet,crpirg,../../textures10/human/fal/crp_tmp_wet_flat_c.dds
terrain10,crpirg_tmp_wet_hill,crpirg,../../textures10/human/fal/crp_tmp_wet_hill_d.dds
terrain10,crpirg_tmp_wet_sflat,crpirg,../../textures10/human/fal/crp_hot_wet_sflat_d.dds
terrain10,crpirg_vhot_dry,crpirg,../../textures10/human/fal/crpirg_wrm_wet_flat_c2.dds
terrain10,crpirg_vhot_dry_sflat,crpirg,../../textures10/human/fal/crp_hot_wet_sflat_d.dds
terrain10,crpirg_vhot_rain,crpirg,../../textures10/human/fal/crpirg_wrm_wet_flat_c.dds
terrain10,crpirg_vhot_rain_hill,crpirg,../../textures10/human/fal/crpmo_hot_rain_hill_d.dds
terrain10,crpirg_vhot_rain_sflat,crpirg,../../textures10/human/fal/crp_hot_rain_sflat_d.dds
terrain10,crpirg_vhot_sdry,crpirg,../../textures10/human/fal/crpirg_wrm_wet_flat_c2.dds
terrain10,crpirg_vhot_sdry_hill,crpirg,../../textures10/human/fal/crpmo_wrm_sdry_hill_d.dds
terrain10,crpirg_vhot_sdry_sflat,crpirg,../../textures10/human/fal/crp_hot_wet_sflat_d.dds
terrain10,crpirg_vhot_wet,crpirg,../../textures10/human/fal/crpirg_wrm_wet_flat_c.dds
terrain10,crpirg_vhot_wet_hill,crpirg,../../textures10/human/fal/crpmo_hot_wet_hill_d.dds
terrain10,crpirg_vhot_wet_sflat,crpirg,../../textures10/human/fal/crp_hot_wet_sflat_d.dds
terrain10,crpirg_wrm_dry,crpirg,../../textures10/human/fal/crpirg_wrm_wet_flat_c2.dds
terrain10,crpirg_wrm_dry_sflat,crpirg,../../textures10/human/fal/crp_hot_wet_sflat_d.dds
terrain10,crpirg_wrm_rain,crpirg,../../textures10/human/fal/crpirg_wrm_wet_flat_c.dds
terrain10,crpirg_wrm_rain_hill,crpirg,../../textures10/human/fal/crpmo_hot_rain_hill_d.dds
terrain10,crpirg_wrm_rain_sflat,crpirg,../../textures10/human/fal/crp_hot_rain_sflat_d.dds
terrain10,crpirg_wrm_sdry,crpirg,../../textures10/human/fal/crpirg_wrm_wet_flat_c2.dds
terrain10,crpirg_wrm_sdry_hill,crpirg,../../textures10/human/fal/crpmo_wrm_sdry_hill_d.dds
terrain10,crpirg_wrm_sdry_sflat,crpirg,../../textures10/human/fal/crp_hot_wet_sflat_d.dds
terrain10,crpirg_wrm_wet,crpirg,../../textures10/human/fal/crpirg_wrm_wet_flat_c.dds
terrain10,crpirg_wrm_wet_hill,crpirg,../../textures10/human/fal/crpmo_hot_wet_hill_d.dds
terrain10,crpirg_wrm_wet_sflat,crpirg,../../textures10/human/fal/crp_hot_wet_sflat_d.dds
terrain10,crpm_cld_dry,crpm,../../textures10/human/fal/crp_cld_sdry_flat_c.dds
terrain10,crpm_cld_dry_hill,crpm,../../textures10/human/fal/crp_cld_sdry_flat_c.dds
terrain10,crpm_cld_dry_sflat,crpm,../../textures10/human/fal/crp_cld_sdry_flat_c.dds
terrain10,crpm_cld_rain,crpm,../../textures10/human/fal/crp_cld_wet_flat_c.dds
terrain10,crpm_cld_rain_hill,crpm,../../textures10/human/fal/crpmo_tmp_wet_sflat_d.dds
terrain10,crpm_cld_rain_sflat,crpm,../../textures10/human/fal/crpmo_tmp_wet_sflat_d.dds
terrain10,crpm_cld_sdry,crpm,../../textures10/human/fal/crp_cld_sdry_flat_c.dds
terrain10,crpm_cld_sdry_hill,crpm,../../textures10/human/fal/crp_cld_sdry_flat_c.dds
terrain10,crpm_cld_sdry_sflat,crpm,../../textures10/human/fal/crp_tmp_dry_sflat_d.dds
terrain10,crpm_cld_wet,crpm,../../textures10/human/fal/crp_cld_wet_flat_c.dds
terrain10,crpm_cld_wet_hill,crpm,../../textures10/human/fal/crpmo_tmp_wet_sflat_d.dds
terrain10,crpm_cld_wet_sflat,crpm,../../textures10/human/fal/crpmo_tmp_wet_sflat_d.dds
terrain10,crpm_hot_dry,crpm,../../textures10/human/crpmo_wrm_dry_sflat_d.dds
terrain10,crpm_hot_rain,crpm,../../textures10/human/fal/crpmo_hot_rain_flat_c.dds
terrain10,crpm_hot_rain_hill,crpm,../../textures10/human/fal/crpmo_hot_rain_hill_d.dds
terrain10,crpm_hot_rain_sflat,crpm,../../textures10/human/fal/crpmo_hot_rain_sflat_d.dds
terrain10,crpm_hot_sdry,crpm,../../textures10/human/fal/crpmo_wrm_sdry_flat_c.dds
terrain10,crpm_hot_sdry_hill,crpm,../../textures10/human/fal/crpmo_wrm_sdry_hill_d.dds
terrain10,crpm_hot_sdry_sflat,crpm,../../textures10/human/fal/crpmo_wrm_sdry_sflat_d.dds
terrain10,crpm_hot_wet,crpm,../../textures10/human/fal/crpmo_hot_wet_flat_c.dds
terrain10,crpm_hot_wet_hill,crpm,../../textures10/human/fal/crpmo_hot_wet_hill_d.dds
terrain10,crpm_hot_wet_sflat,crpm,../../textures10/human/fal/crpmo_hot_wet_sflat_d.dds
terrain10,crpm_tmp_dry,crpm,../../textures10/human/fal/crp_tmp_dry_flat_c.dds
terrain10,crpm_tmp_dry_hill,crpm,../../textures10/human/fal/crp_tmp_dry_hill_d.dds
terrain10,crpm_tmp_dry_sflat,crpm,../../textures10/human/fal/crp_tmp_dry_sflat_d.dds
terrain10,crpm_tmp_rain,crpm,../../textures10/human/fal/crpmo_tmp_wet_flat_c.dds
terrain10,crpm_tmp_rain_hill,crpm,../../textures10/human/fal/crpmo_tmp_wet_sflat_d.dds
terrain10,crpm_tmp_rain_sflat,crpm,../../textures10/human/fal/crpmo_tmp_wet_sflat_d.dds
terrain10,crpm_tmp_sdry,crpm,../../textures10/human/fal/crpmo_tmp_sdry_flat_c.dds
terrain10,crpm_tmp_sdry_hill,crpm,../../textures10/human/fal/crpmo_tmp_sdry_sflat_d.dds
terrain10,crpm_tmp_sdry_sflat,crpm,../../textures10/human/fal/crpmo_tmp_sdry_sflat_d.dds
terrain10,crpm_tmp_wet,crpm,../../textures10/human/fal/crpmo_tmp_wet_flat_c.dds
terrain10,crpm_tmp_wet_hill,crpm,../../textures10/human/fal/crpmo_tmp_wet_sflat_d.dds
terrain10,crpm_tmp_wet_sflat,crpm,../../textures10/human/fal/crpmo_tmp_wet_sflat_d.dds
terrain10,crpm_vhot_rain,crpm,../../textures10/human/fal/crpmo_hot_rain_flat_c.dds
terrain10,crpm_vhot_rain_hill,crpm,../../textures10/human/fal/crpmo_hot_rain_hill_d.dds
terrain10,crpm_vhot_rain_sflat,crpm,../../textures10/human/fal/crpmo_hot_rain_sflat_d.dds
terrain10,crpm_vhot_sdry,crpm,../../textures10/human/fal/crpmo_wrm_sdry_flat_c.dds
terrain10,crpm_vhot_sdry_hill,crpm,../../textures10/human/fal/crpmo_wrm_sdry_hill_d.dds
terrain10,crpm_vhot_sdry_sflat,crpm,../../textures10/human/fal/crpmo_wrm_sdry_sflat_d.dds
terrain10,crpm_vhot_wet,crpm,../../textures10/human/fal/crpmo_hot_wet_flat_c.dds
terrain10,crpm_vhot_wet_hill,crpm,../../textures10/human/fal/crpmo_hot_wet_hill_d.dds
terrain10,crpm_vhot_wet_sflat,crpm,../../textures10/human/fal/crpmo_hot_wet_sflat_d.dds
terrain10,crpm_wrm_dry,crpm,../../textures10/human/crpmo_wrm_dry_sflat_d.dds
terrain10,crpm_wrm_rain,crpm,../../textures10/human/fal/crpmo_hot_rain_flat_c.dds
terrain10,crpm_wrm_rain_hill,crpm,../../textures10/human/fal/crpmo_hot_rain_hill_d.dds
terrain10,crpm_wrm_rain_sflat,crpm,../../textures10/human/fal/crpmo_hot_rain_sflat_d.dds
terrain10,crpm_wrm_sdry,crpm,../../textures10/human/fal/crpmo_wrm_sdry_flat_c.dds
terrain10,crpm_wrm_sdry_hill,crpm,../../textures10/human/fal/crpmo_wrm_sdry_hill_d.dds
terrain10,crpm_wrm_sdry_sflat,crpm,../../textures10/human/fal/crpmo_wrm_sdry_sflat_d.dds
terrain10,crpm_wrm_wet,crpm,../../textures10/human/fal/crpmo_hot_wet_flat_c.dds
terrain10,crpm_wrm_wet_hill,crpm,../../textures10/human/fal/crpmo_hot_wet_hill_d.dds
terrain10,crpm_wrm_wet_sflat,crpm,../../textures10/human/fal/crpmo_hot_wet_sflat_d.dds
terrain10,dry_crptwn_irr,dry,../../textures10/human/fal/crp_tmp_dry_flat_c.dds
terrain10,fruit_hot_dry,fruit,../../textures10/human/fal/fruit_wrm_dry_flat_c.dds
terrain10,fruit_hot_rain,fruit,../../textures10/human/fal/crpmo_hot_rain_flat_c.dds
terrain10,fruit_hot_rain_hill,fruit,../../textures10/human/fal/crpmo_hot_rain_hill_d.dds
terrain10,fruit_hot_rain_sflat,fruit,../../textures10/human/fal/crpmo_hot_rain_sflat_d.dds
terrain10,fruit_hot_sdry,fruit,../../textures10/human/fal/crpmo_hot_wet_sflat_d.dds
terrain10,fruit_hot_sdry_hill,fruit,../../textures10/human/fal/crpmo_hot_wet_sflat_d.dds
terrain10,fruit_hot_sdry_sflat,fruit,../../textures10/human/fal/crpmo_hot_wet_sflat_d.dds
terrain10,fruit_hot_wet,fruit,../../textures10/human/fal/crpmo_hot_wet_flat_c.dds
terrain10,fruit_hot_wet_hill,fruit,../../textures10/human/fal/crpmo_hot_wet_hill_d.dds
terrain10,fruit_hot_wet_sflat,fruit,../../textures10/human/fal/crpmo_hot_wet_sflat_d.dds
terrain10,fruit_tmp_dry,fruit,../../textures10/human/fal/fruit_tmp_dry_flat_c.dds
terrain10,fruit_tmp_dry_hill,fruit,../../textures10/human/fal/fruit_tmp_sdry_sflat.dds
terrain10,fruit_tmp_dry_sflat,fruit,../../textures10/human/fal/fruit_tmp_dry_flat_c.dds
terrain10,fruit_tmp_rain,fruit,../../textures10/human/fal/fruit_tmp_sdry_flat.dds
terrain10,fruit_tmp_rain_hill,fruit,../../textures10/human/fal/fruit_tmp_sdry_sflat.dds
terrain10,fruit_tmp_rain_sflat,fruit,../../textures10/human/fal/fruit_tmp_sdry_sflat.dds
terrain10,fruit_tmp_sdry,fruit,../../textures10/human/fal/fruit_tmp_sdry_flat.dds
terrain10,fruit_tmp_sdry_hill,fruit,../../textures10/human/fal/fruit_tmp_sdry_sflat.dds
terrain10,fruit_tmp_sdry_sflat,fruit,../../textures10/human/fal/fruit_tmp_sdry_sflat.dds
terrain10,fruit_tmp_wet,fruit,../../textures10/human/fal/fruit_tmp_sdry_flat.dds
terrain10,fruit_tmp_wet_hill,fruit,../../textures10/human/fal/fruit_tmp_sdry_sflat.dds
terrain10,fruit_tmp_wet_sflat,fruit,../../textures10/human/fal/fruit_tmp_sdry_flat.dds
terrain10,fruit_vhot_dry,fruit,../../textures10/human/fal/fruit_wrm_dry_flat_c.dds
terrain10,fruit_vhot_dry_hill,fruit,../../textures10/human/fal/crpmo_tmp_sdry_sflat_d.dds
terrain10,fruit_vhot_dry_sflat,fruit,../../textures10/human/fal/crpmo_tmp_sdry_sflat_d.dds
terrain10,fruit_vhot_rain,fruit,../../textures10/human/fal/crpmo_hot_rain_flat_c.dds
terrain10,fruit_vhot_rain_hill,fruit,../../textures10/human/fal/crpmo_hot_rain_hill_d.dds
terrain10,fruit_vhot_rain_sflat,fruit,../../textures10/human/fal/crpmo_hot_rain_sflat_d.dds
terrain10,fruit_vhot_sdry,fruit,../../textures10/human/fal/fruit_wrm_dry_flat_c.dds
terrain10,fruit_vhot_sdry_hill,fruit,../../textures10/human/fal/crpmo_hot_wet_sflat_d.dds
terrain10,fruit_vhot_sdry_sflat,fruit,../../textures10/human/fal/crpmo_hot_wet_sflat_d.dds
terrain10,fruit_vhot_wet,fruit,../../textures10/human/fal/crpmo_hot_wet_flat_c.dds
terrain10,fruit_vhot_wet_hill,fruit,../../textures10/human/fal/crpmo_hot_wet_hill_d.dds
terrain10,fruit_vhot_wet_sflat,fruit,../../textures10/human/fal/crpmo_hot_wet_sflat_d.dds
terrain10,fruit_wrm_dry,fruit,../../textures10/human/fal/fruit_wrm_dry_flat_c.dds
terrain10,fruit_wrm_dry_hill,fruit,../../textures10/human/fal/crp_tmp_dry_hill_d.dds
terrain10,fruit_wrm_dry_sflat,fruit,../../textures10/human/fal/crp_tmp_dry_hill_d.dds
terrain10,fruit_wrm_rain,fruit,../../textures10/human/fal/crpmo_hot_rain_flat_c.dds
terrain10,fruit_wrm_rain_hill,fruit,../../textures10/human/fal/crpmo_hot_rain_hill_d.dds
terrain10,fruit_wrm_rain_sflat,fruit,../../textures10/human/fal/crpmo_hot_rain_sflat_d.dds
terrain10,fruit_wrm_sdry,fruit,../../textures10/human/fal/fruit_tmp_dry_flat_c.dds
terrain10,fruit_wrm_sdry_hill,fruit,../../textures10/human/fal/fruit_tmp_dry_flat_c.dds
terrain10,fruit_wrm_sdry_sflat,fruit,../../textures10/human/fal/fruit_tmp_dry_flat_c.dds
terrain10,fruit_wrm_wet,fruit,../../textures10/human/fal/crpmo_hot_wet_flat_c.dds
terrain10,fruit_wrm_wet_hill,fruit,../../textures10/human/fal/crpmo_hot_wet_hill_d.dds
terrain10,fruit_wrm_wet_sflat,fruit,../../textures10/human/fal/crpmo_hot_wet_sflat_d.dds
terrain10,grass_cld_dry_fl,grass,../../textures10/loveg/fal/grass_cld_sdry_flat_c.dds
terrain10,grass_cld_dry_fl_md,grass,../../textures10/loveg/fal/tund_grass_vcld_sdry_sflat_d.dds
terrain10,grass_cld_dry_fl_tp,grass,../../textures10/loveg/fal/grass_cld_sdry_flat_c.dds
terrain10,grass_cld_dry_hill,grass,../../textures10/loveg/fal/grass_cld_sdry_hill_d.dds
terrain10,grass_cld_dry_steep,grass,../../textures10/loveg/fal/sprs_cld_sdry_steep_d.dds
terrain10,grass_cld_rain_hill,grass,../../textures10/loveg/fal/grass_cld_rain_hill_d.dds
terrain10,grass_cld_rain_sflat,grass,../../textures10/loveg/fal/grass_cld_wet_sflat_d.dds
terrain10,grass_cld_sdry_fl,grass,../../textures10/loveg/fal/grass_cld_sdry_flat_c.dds
terrain10,grass_cld_sdry_fl_md,grass,../../textures10/loveg/fal/tund_grass_vcld_sdry_sflat_d.dds
terrain10,grass_cld_sdry_fl_tp,grass,../../textures10/loveg/fal/grass_cld_sdry_flat_c.dds
terrain10,grass_cld_sdry_hill,grass,../../textures10/loveg/fal/grass_cld_sdry_hill_d.dds
terrain10,grass_cld_sdry_steep,grass,../../textures10/loveg/fal/sprs_cld_sdry_steep_d.dds
terrain10,grass_cld_wet_fl,grass,../../textures10/loveg/fal/grass_cld_wet_flat_c.dds
terrain10,grass_cld_wet_fl_md,grass,../../textures10/loveg/fal/grass_cld_wet_sflat_d.dds
terrain10,grass_cld_wet_fl_tp,grass,../../textures10/loveg/fal/grass_cld_wet_flat_c.dds
terrain10,grass_cld_wet_hill,grass,../../textures10/loveg/fal/grass_cld_wet_hill_d.dds
terrain10,grass_cld_wet_sflat,grass,../../textures10/loveg/fal/grass_cld_wet_sflat_d.dds
terrain10,grass_hot_rain_hill,grass,../../textures10/loveg/fal/grass_wrm_wet_hill_d.dds
terrain10,grass_hot_rain_sflat,grass,../../textures10/loveg/fal/grass_hot_rain_sflat_d.dds
terrain10,grass_hot_sdry_fl,grass,../../textures10/loveg/fal/grass_wrm_sdry_flat_c.dds
terrain10,grass_hot_sdry_fl_md,grass,../../textures10/human/fal/pastr_wrm_sdry_flat_c.dds
terrain10,grass_hot_sdry_fl_tp,grass,../../textures10/loveg/fal/grass_wrm_sdry_flat_c.dds
terrain10,grass_hot_sdry_hill,grass,../../textures10/loveg/grass_tmp_dry_sflat_d.dds
terrain10,grass_hot_sdry_sflat,grass,../../textures10/loveg/fal/grass_wrm_sdry_flat_c.dds
terrain10,grass_hot_wet_fl,grass,../../textures10/loveg/fal/grass_hot_rain_flat_c.dds
terrain10,grass_hot_wet_fl_md,grass,../../textures10/loveg/fal/grass_hot_rain_sflat_d.dds
terrain10,grass_hot_wet_fl_tp,grass,../../textures10/loveg/fal/grass_hot_rain_flat_c.dds
terrain10,grass_hot_wet_hill,grass,../../textures10/loveg/fal/grass_wrm_wet_hill_d.dds
terrain10,grass_hot_wet_sflat,grass,../../textures10/loveg/fal/grass_wrm_wet_sflat_d.dds
terrain10,grass_pol_dry_fl,grass,../../textures10/loveg/fal/sprs_cld_sdry_sflat_d.dds
terrain10,grass_pol_dry_fl_tp,grass,../../textures10/loveg/fal/sprs_cld_sdry_sflat_d.dds
terrain10,grass_pol_rain_hill,grass,../../textures10/loveg/fal/grass_cld_sdry_hill_d.dds
terrain10,grass_pol_rain_steep,grass,../../textures10/loveg/fal/grass_cld_sdry_hill_d.dds
terrain10,grass_pol_sdry_fl,grass,../../textures10/loveg/fal/grass_cld_sdry_flat_c.dds
terrain10,grass_pol_sdry_fl_md,grass,../../textures10/loveg/fal/tund_grass_vcld_sdry_sflat_d.dds
terrain10,grass_pol_sdry_fl_tp,grass,../../textures10/loveg/fal/grass_cld_sdry_flat_c.dds
terrain10,grass_pol_sdry_hill,grass,../../textures10/loveg/fal/sprs_cld_sdry_hill_d.dds
terrain10,grass_pol_sdry_steep,grass,../../textures10/loveg/fal/sprs_cld_sdry_steep_d.dds
terrain10,grass_pol_wet_fl,grass,../../textures10/loveg/fal/tund_grass_cld_wet_flat_c.dds
terrain10,grass_pol_wet_fl_md,grass,../../textures10/loveg/fal/grass_cld_sdry_hill_d.dds
terrain10,grass_pol_wet_fl_tp,grass,../../textures10/loveg/fal/tund_grass_cld_wet_flat_c.dds
terrain10,grass_pol_wet_hill,grass,../../textures10/loveg/fal/grass_cld_sdry_hill_d.dds
terrain10,grass_pol_wet_steep,grass,../../textures10/loveg/fal/grass_cld_sdry_hill_d.dds
terrain10,grass_rainforest_fl,grass,../../textures10/loveg/fal/grass_hot_rain_flat_c.dds
terrain10,grass_rainforest_fl_md,grass,../../textures10/loveg/fal/grass_hot_rain_sflat_d.dds
terrain10,grass_rainforest_fl_tp,grass,../../textures10/loveg/fal/grass_hot_rain_flat_c.dds
terrain10,grass_rainforest_hill,grass,../../textures10/loveg/fal/grass_wrm_wet_hill_d.dds
terrain10,grass_tmp_rain_hill,grass,../../textures10/loveg/fal/grass_cld_rain_hill_d.dds
terrain10,grass_tmp_rain_sflat,grass,../../textures10/loveg/fal/grass_cld_wet_sflat_d.dds
terrain10,grass_tmp_sdry_fl,grass,../../textures10/loveg/fal/grass_tmp_sdry_flat_c.dds
terrain10,grass_tmp_sdry_fl_md,grass,../../textures10/loveg/grass_tmp_dry_sflat_d.dds
terrain10,grass_tmp_sdry_fl_tp,grass,../../textures10/loveg/fal/grass_tmp_sdry_flat_c.dds
terrain10,grass_tmp_sdry_hill,grass,../../textures10/loveg/fal/grass_tmp_sdry_hill_d.dds
terrain10,grass_tmp_sdry_sflat,grass,../../textures10/loveg/grass_tmp_dry_sflat_d.dds
terrain10,grass_tmp_wet_fl,grass,../../textures10/loveg/fal/grass_tmp_wet_flat.dds
terrain10,grass_tmp_wet_fl_md,grass,../../textures10/loveg/fal/grass_cld_wet_sflat_d.dds
terrain10,grass_tmp_wet_fl_tp,grass,../../textures10/loveg/fal/grass_tmp_wet_flat.dds
terrain10,grass_tmp_wet_hill,grass,../../textures10/loveg/fal/grass_tmp_wet_hill_d.dds
terrain10,grass_tmp_wet_sflat,grass,../../textures10/loveg/fal/grass_cld_wet_sflat_d.dds
terrain10,grass_vcld_dry_fl,grass,../../textures10/loveg/sprs_cld_dry_sflat_d.dds
terrain10,grass_vcld_dry_fl_tp,grass,../../textures10/loveg/sprs_cld_dry_sflat_d.dds
terrain10,grass_vcld_rain_hill,grass,../../textures10/loveg/fal/grass_cld_wet_hill_d.dds
terrain10,grass_vcld_rain_sflat,grass,../../textures10/loveg/fal/tund_grass_vcld_wet_sflat_d.dds
terrain10,grass_vcld_sdry_fl,grass,../../textures10/loveg/fal/tund_grass_vcld_sdry_flat_c.dds
terrain10,grass_vcld_sdry_fl_md,grass,../../textures10/loveg/fal/sprs_cld_sdry_sflat_d.dds
terrain10,grass_vcld_sdry_fl_tp,grass,../../textures10/loveg/fal/tund_grass_vcld_sdry_flat_c.dds
terrain10,grass_vcld_sdry_hill,grass,../../textures10/loveg/fal/sprs_cld_sdry_hill_d.dds
terrain10,grass_vcld_sdry_steep,grass,../../textures10/loveg/fal/sprs_cld_sdry_steep_d.dds
terrain10,grass_vcld_wet_fl,grass,../../textures10/loveg/fal/tund_grass_cld_wet_flat_c.dds
terrain10,grass_vcld_wet_fl_md,grass,../../textures10/loveg/fal/tund_grass_vcld_wet_sflat_d.dds
terrain10,grass_vcld_wet_fl_tp,grass,../../textures10/loveg/fal/tund_grass_cld_wet_flat_c.dds
terrain10,grass_vcld_wet_hill,grass,../../textures10/loveg/fal/grass_cld_wet_hill_d.dds
terrain10,grass_vcld_wet_sflat,grass,../../textures10/loveg/fal/tund_grass_vcld_wet_sflat_d.dds
terrain10,grass_vhot_rain_hill,grass,../../textures10/loveg/fal/grass_hot_rain_sflat_d.dds
terrain10,grass_vhot_rain_sflat,grass,../../textures10/loveg/fal/grass_hot_rain_sflat_d.dds
terrain10,grass_vhot_sdry_fl,grass,../../textures10/loveg/fal/grass_wrm_sdry_flat_c.dds
terrain10,grass_vhot_sdry_fl_md,grass,../../textures10/human/fal/pastr_wrm_sdry_flat_c.dds
terrain10,grass_vhot_sdry_fl_tp,grass,../../textures10/loveg/fal/grass_wrm_sdry_flat_c.dds
terrain10,grass_vhot_sdry_hill,grass,../../textures10/loveg/fal/grass_wrm_sdry_flat_c.dds
terrain10,grass_vhot_sdry_sflat,grass,../../textures10/loveg/fal/grass_wrm_sdry_flat_c.dds
terrain10,grass_vhot_wet_fl,grass,../../textures10/loveg/fal/grass_wrm_wet_flat_c.dds
terrain10,grass_vhot_wet_fl_md,grass,../../textures10/loveg/fal/grass_wrm_wet_sflat_d.dds
terrain10,grass_vhot_wet_fl_tp,grass,../../textures10/loveg/fal/grass_wrm_wet_flat_c.dds
terrain10,grass_vhot_wet_hill,grass,../../textures10/loveg/fal/grass_wrm_wet_hill_d.dds
terrain10,grass_vhot_wet_sflat,grass,../../textures10/loveg/fal/grass_wrm_wet_sflat_d.dds
terrain10,grass_wrm_rain_hill,grass,../../textures10/loveg/fal/grass_wrm_wet_hill_d.dds
terrain10,grass_wrm_rain_sflat,grass,../../textures10/loveg/fal/grass_wrm_wet_sflat_d.dds
terrain10,grass_wrm_sdry_fl,grass,../../textures10/human/fal/pastr_wrm_sdry_flat_c.dds
terrain10,grass_wrm_sdry_fl_md,grass,../../textures10/human/fal/pastr_wrm_sdry_flat_c.dds
terrain10,grass_wrm_sdry_fl_tp,grass,../../textures10/loveg/fal/grass_wrm_sdry_flat_c.dds
terrain10,grass_wrm_sdry_hill,grass,../../textures10/loveg/fal/grass_tmp_sdry_hill_d.dds
terrain10,grass_wrm_sdry_sflat,grass,../../textures10/loveg/fal/grass_wrm_sdry_flat_c.dds
terrain10,grass_wrm_wet_fl,grass,../../textures10/loveg/fal/grass_wrm_wet_flat_c.dds
terrain10,grass_wrm_wet_fl_md,grass,../../textures10/loveg/fal/grass_wrm_wet_sflat_d.dds
terrain10,grass_wrm_wet_fl_tp,grass,../../textures10/loveg/fal/grass_wrm_wet_flat_c.dds
terrain10,grass_wrm_wet_hill,grass,../../textures10/loveg/fal/grass_wrm_wet_hill_d.dds
terrain10,grass_wrm_wet_sflat,grass,../../textures10/loveg/fal/grass_wrm_wet_sflat_d.dds
terrain10,hiland_crptwn_irr,hiland,../../textures10/human/fal/crp_tmp_wet_flat_c.dds
terrain10,hiland_crptwnhill_irr,hiland,../../textures10/human/fal/crpmo_tmp_wet_sflat_d.dds
terrain10,ice_tmp_rain_flat,ice,../../textures10/soil/ice_cld_wet_sflat_d.dds
terrain10,ice_tmp_rain_flat_lo,ice,../../textures10/soil/ice_cld_wet_sflat_d.dds
terrain10,ice_tmp_rain_sflat,ice,../../textures10/soil/ice_cld_wet_sflat_d.dds
terrain10,ice_tmp_rain_sflat_lo,ice,../../textures10/soil/ice_cld_wet_sflat_d.dds
terrain10,ice_tmp_wet_flat,ice,../../textures10/soil/ice_cld_wet_sflat_d.dds
terrain10,ice_tmp_wet_flat_lo,ice,../../textures10/soil/ice_cld_wet_sflat_d.dds
terrain10,ice_tmp_wet_sflat,ice,../../textures10/soil/ice_cld_wet_sflat_d.dds
terrain10,ice_tmp_wet_sflat_lo,ice,../../textures10/soil/ice_cld_wet_sflat_d.dds
terrain10,mine_cld_rain_hill,mine,../../textures10/human/mine_cld_hill_d.dds
terrain10,mine_cld_wet_hill,mine,../../textures10/human/mine_cld_hill_d.dds
terrain10,mine_hot_rain_hill,mine,../../textures10/human/mine_wrm_hill_d.dds
terrain10,mine_hot_wet_hill,mine,../../textures10/human/mine_wrm_hill_d.dds
terrain10,mine_tmp_rain_hill,mine,../../textures10/human/mine_cld_hill_d.dds
terrain10,mine_tmp_wet_hill,mine,../../textures10/human/mine_cld_hill_d.dds
terrain10,mine_vhot_rain_hill,mine,../../textures10/human/mine_wrm_hill_d.dds
terrain10,mine_vhot_wet_hill,mine,../../textures10/human/mine_wrm_hill_d.dds
terrain10,mine_wrm_rain_hill,mine,../../textures10/human/mine_wrm_hill_d.dds
terrain10,mine_wrm_wet_hill,mine,../../textures10/human/mine_wrm_hill_d.dds
terrain10,morn_cld_rain_hill,morn,../../textures10/soil/morn_vcld_wet_hill_d.dds
terrain10,morn_cld_wet_hill,morn,../../textures10/soil/morn_cld_sdry_hill_d.dds
terrain10,morn_tmp_rain_hill,morn,../../textures10/soil/morn_cld_sdry_hill_d.dds
terrain10,morn_tmp_wet_hill,morn,../../textures10/soil/morn_cld_sdry_hill_d.dds
terrain10,morn_wrm_rain_hill,morn,../../textures10/soil/morn_cld_sdry_hill_d.dds
terrain10,morn_wrm_wet_hill,morn,../../textures10/soil/morn_cld_sdry_hill_d.dds
terrain10,north_crptwn_irr,north,../../textures10/human/fal/crp_cld_wet_flat_c.dds
terrain10,north_crptwnhill_irr,north,../../textures10/human/fal/crp_tmp_dry_sflat_d.dds
terrain10,olives_wrm_dry_hill,olives,../../textures10/human/olives_hill.dds
terrain10,olives_wrm_sdry_hill,olives,../../textures10/human/olives_hill.dds
terrain10,olives_wrm_wet_hill,olives,../../textures10/human/olives_hill.dds
terrain10,orch_hot_dry,orch,../../textures10/human/fal/fruit_wrm_dry_flat_c.dds
terrain10,orch_hot_rain,orch,../../textures10/human/fal/crpmo_hot_rain_flat_c.dds
terrain10,orch_hot_rain_hill,orch,../../textures10/human/fal/crpmo_hot_rain_hill_d.dds
terrain10,orch_hot_rain_sflat,orch,../../textures10/human/fal/crpmo_hot_rain_sflat_d.dds
terrain10,orch_hot_sdry,orch,../../textures10/human/fal/crpmo_hot_wet_sflat_d.dds
terrain10,orch_hot_sdry_hill,orch,../../textures10/human/fal/crpmo_hot_wet_sflat_d.dds
terrain10,orch_hot_sdry_sflat,orch,../../textures10/human/fal/crpmo_hot_wet_sflat_d.dds
terrain10,orch_hot_wet,orch,../../textures10/human/fal/crpmo_hot_wet_flat_c.dds
terrain10,orch_hot_wet_hill,orch,../../textures10/human/fal/crpmo_hot_wet_hill_d.dds
terrain10,orch_hot_wet_sflat,orch,../../textures10/human/fal/crpmo_hot_wet_sflat_d.dds
terrain10,orch_tmp_dry,orch,../../textures10/human/fal/fruit_tmp_dry_flat_c.dds
terrain10,orch_tmp_dry_hill,orch,../../textures10/human/fal/crp_tmp_dry_hill_d.dds
terrain10,orch_tmp_dry_sflat,orch,../../textures10/human/fal/fruit_tmp_dry_flat_c.dds
terrain10,orch_tmp_rain,orch,../../textures10/human/fal/crpmo_hot_wet_sflat_d.dds
terrain10,orch_tmp_rain_hill,orch,../../textures10/human/fal/crpmo_hot_wet_sflat_d.dds
terrain10,orch_tmp_rain_sflat,orch,../../textures10/human/fal/crpmo_hot_wet_sflat_d.dds
terrain10,orch_tmp_sdry,orch,../../textures10/human/fal/fruit_tmp_dry_flat_c.dds
terrain10,orch_tmp_sdry_hill,orch,../../textures10/human/fal/crp_tmp_dry_hill_d.dds
terrain10,orch_tmp_sdry_sflat,orch,../../textures10/human/fal/fruit_tmp_dry_flat_c.dds
terrain10,orch_tmp_wet,orch,../../textures10/human/fal/fruit_tmp_sdry_flat.dds
terrain10,orch_tmp_wet_hill,orch,../../textures10/human/fal/fruit_tmp_sdry_sflat.dds
terrain10,orch_tmp_wet_sflat,orch,../../textures10/human/fal/fruit_tmp_sdry_flat.dds
terrain10,orch_vhot_dry,orch,../../textures10/human/fal/fruit_wrm_dry_flat_c.dds
terrain10,orch_vhot_dry_hill,orch,../../textures10/human/fal/crpmo_tmp_sdry_sflat_d.dds
terrain10,orch_vhot_dry_sflat,orch,../../textures10/human/fal/crpmo_tmp_sdry_sflat_d.dds
terrain10,orch_vhot_rain,orch,../../textures10/human/fal/crpmo_hot_rain_flat_c.dds
terrain10,orch_vhot_rain_hill,orch,../../textures10/human/fal/crpmo_hot_rain_hill_d.dds
terrain10,orch_vhot_rain_sflat,orch,../../textures10/human/fal/crpmo_hot_rain_sflat_d.dds
terrain10,orch_vhot_sdry,orch,../../textures10/human/fal/fruit_wrm_dry_flat_c.dds
terrain10,orch_vhot_sdry_hill,orch,../../textures10/human/fal/crpmo_hot_wet_sflat_d.dds
terrain10,orch_vhot_sdry_sflat,orch,../../textures10/human/fal/crpmo_hot_wet_sflat_d.dds
terrain10,orch_vhot_wet,orch,../../textures10/human/fal/crpmo_hot_wet_flat_c.dds
terrain10,orch_vhot_wet_hill,orch,../../textures10/human/fal/crpmo_hot_wet_hill_d.dds
terrain10,orch_vhot_wet_sflat,orch,../../textures10/human/fal/crpmo_hot_wet_sflat_d.dds
terrain10,orch_wrm_dry,orch,../../textures10/human/fal/fruit_wrm_dry_flat_c.dds
terrain10,orch_wrm_dry_hill,orch,../../textures10/human/fal/crp_tmp_dry_hill_d.dds
terrain10,orch_wrm_dry_sflat,orch,../../textures10/human/fal/crp_tmp_dry_hill_d.dds
terrain10,orch_wrm_rain,orch,../../textures10/human/fal/crpmo_hot_rain_flat_c.dds
terrain10,orch_wrm_rain_hill,orch,../../textures10/human/fal/crpmo_hot_rain_hill_d.dds
terrain10,orch_wrm_rain_sflat,orch,../../textures10/human/fal/crpmo_hot_rain_sflat_d.dds
terrain10,orch_wrm_wet,orch,../../textures10/human/fal/crpmo_hot_wet_flat_c.dds
terrain10,orch_wrm_wet_hill,orch,../../textures10/human/fal/crpmo_hot_wet_hill_d.dds
terrain10,orch_wrm_wet_sflat,orch,../../textures10/human/fal/crpmo_hot_wet_sflat_d.dds
terrain10,pastr_cld_dry_fl,pastr,../../textures10/human/fal/pastr_cld_dry_flat.dds
terrain10,pastr_cld_dry_fl_md,pastr,../../textures10/loveg/fal/grass_cld_sdry_hill_d.dds
terrain10,pastr_cld_dry_fl_tp,pastr,../../textures10/human/fal/pastr_cld_dry_flat.dds
terrain10,pastr_cld_dry_hill,pastr,../../textures10/loveg/fal/grass_cld_sdry_hill_d.dds
terrain10,pastr_cld_dry_steep,pastr,../../textures10/loveg/fal/sprs_cld_sdry_steep_d.dds
terrain10,pastr_cld_rain_hill,pastr,../../textures10/loveg/fal/grass_cld_wet_hill_d.dds
terrain10,pastr_cld_rain_sflat,pastr,../../textures10/loveg/fal/grass_cld_wet_sflat_d.dds
terrain10,pastr_cld_sdry_fl,pastr,../../textures10/human/fal/pastr_tmp_sdry_flat_c.dds
terrain10,pastr_cld_sdry_fl_md,pastr,../../textures10/loveg/fal/grass_tmp_sdry_flat_c.dds
terrain10,pastr_cld_sdry_fl_tp,pastr,../../textures10/human/fal/pastr_tmp_sdry_flat_c.dds
terrain10,pastr_cld_sdry_hill,pastr,../../textures10/loveg/fal/grass_cld_sdry_hill_d.dds
terrain10,pastr_cld_sdry_steep,pastr,../../textures10/loveg/fal/sprs_cld_sdry_steep_d.dds
terrain10,pastr_cld_wet_fl,pastr,../../textures10/human/fal/pastr_cld_wet_flat.dds
terrain10,pastr_cld_wet_fl_md,pastr,../../textures10/loveg/fal/grass_tmp_wet_flat.dds
terrain10,pastr_cld_wet_fl_tp,pastr,../../textures10/human/fal/pastr_cld_wet_flat.dds
terrain10,pastr_cld_wet_hill,pastr,../../textures10/loveg/fal/grass_cld_wet_hill_d.dds
terrain10,pastr_cld_wet_sflat,pastr,../../textures10/human/fal/pastr_cld_wet_flat.dds
terrain10,pastr_hot_rain_hill,pastr,../../textures10/hiveg/fal/broadl_sp_wrm_wet_hill_d.dds
terrain10,pastr_hot_rain_sflat,pastr,../../textures10/human/fal/pastr_wrm_rain_flat_c.dds
terrain10,pastr_hot_sdry_fl,pastr,../../textures10/human/fal/pastr_wrm_sdry_flat_c.dds
terrain10,pastr_hot_sdry_fl_md,pastr,../../textures10/human/fal/pastr_wrm_sdry_sflat_d.dds
terrain10,pastr_hot_sdry_fl_tp,pastr,../../textures10/human/fal/pastr_wrm_sdry_flat_c.dds
terrain10,pastr_hot_sdry_hill,pastr,../../textures10/human/fal/pastr_wrm_sdry_sflat_d.dds
terrain10,pastr_hot_sdry_sflat,pastr,../../textures10/human/fal/pastr_wrm_sdry_sflat_d.dds
terrain10,pastr_hot_wet_fl,pastr,../../textures10/human/fal/pastr_wrm_wet_flat_c.dds
terrain10,pastr_hot_wet_fl_md,pastr,../../textures10/human/fal/pastr_wrm_wet_sflat_d.dds
terrain10,pastr_hot_wet_fl_tp,pastr,../../textures10/human/fal/pastr_wrm_wet_flat_c.dds
terrain10,pastr_hot_wet_hill,pastr,../../textures10/hiveg/fal/broadl_sp_wrm_wet_hill_d.dds
terrain10,pastr_hot_wet_sflat,pastr,../../textures10/human/fal/pastr_wrm_wet_sflat_d.dds
terrain10,pastr_pol_dry_fl,pastr,../../textures10/loveg/fal/sprs_cld_sdry_sflat_d.dds
terrain10,pastr_pol_dry_fl_tp,pastr,../../textures10/loveg/fal/sprs_cld_sdry_sflat_d.dds
terrain10,pastr_pol_rain_hill,pastr,../../textures10/loveg/fal/tund_grass_vcld_sdry_hill_d.dds
terrain10,pastr_pol_rain_steep,pastr,../../textures10/loveg/fal/tund_grass_vcld_sdry_sflat_d.dds
terrain10,pastr_pol_sdry_fl,pastr,../../textures10/loveg/fal/tund_grass_cld_wet_flat_c.dds
terrain10,pastr_pol_sdry_fl_md,pastr,../../textures10/loveg/fal/tund_grass_vcld_sdry_sflat_d.dds
terrain10,pastr_pol_sdry_fl_tp,pastr,../../textures10/loveg/fal/tund_grass_cld_wet_flat_c.dds
terrain10,pastr_pol_sdry_hill,pastr,../../textures10/loveg/fal/tund_grass_vcld_sdry_hill_d.dds
terrain10,pastr_pol_sdry_steep,pastr,../../textures10/loveg/fal/tund_grass_vcld_sdry_hill_d.dds
terrain10,pastr_pol_wet_fl,pastr,../../textures10/loveg/fal/tund_grass_cld_wet_flat_c.dds
terrain10,pastr_pol_wet_fl_md,pastr,../../textures10/loveg/fal/tund_grass_vcld_sdry_sflat_d.dds
terrain10,pastr_pol_wet_fl_tp,pastr,../../textures10/loveg/fal/tund_grass_cld_wet_flat_c.dds
terrain10,pastr_pol_wet_hill,pastr,../../textures10/loveg/fal/tund_grass_vcld_sdry_hill_d.dds
terrain10,pastr_pol_wet_steep,pastr,../../textures10/loveg/fal/tund_grass_vcld_sdry_hill_d.dds
terrain10,pastr_rainforest_fl,pastr,../../textures10/human/fal/pastr_wrm_rain_flat_c.dds
terrain10,pastr_rainforest_fl_md,pastr,../../textures10/human/fal/pastr_wrm_wet_sflat_d.dds
terrain10,pastr_rainforest_fl_tp,pastr,../../textures10/human/fal/pastr_wrm_rain_flat_c.dds
terrain10,pastr_rainforest_hill,pastr,../../textures10/hiveg/fal/broadl_sp_wrm_wet_hill_d.dds
terrain10,pastr_tmp_dry_fl,pastr,../../textures10/human/fal/pastr_tmp_dry_flat_c.dds
terrain10,pastr_tmp_dry_fl_tp,pastr,../../textures10/human/fal/pastr_tmp_dry_flat_c.dds
terrain10,pastr_tmp_dry_sflat,pastr,../../textures10/human/fal/pastr_tmp_dry_sflat_d.dds
terrain10,pastr_tmp_rain_hill,pastr,../../textures10/loveg/fal/grass_cld_wet_hill_d.dds
terrain10,pastr_tmp_rain_sflat,pastr,../../textures10/human/fal/pastr_tmp_wet_sflat_d.dds
terrain10,pastr_tmp_sdry_fl,pastr,../../textures10/human/fal/pastr_tmp_sdry_flat_c.dds
terrain10,pastr_tmp_sdry_fl_md,pastr,../../textures10/human/fal/pastr_tmp_sdry_sflat_d.dds
terrain10,pastr_tmp_sdry_fl_tp,pastr,../../textures10/human/fal/pastr_tmp_sdry_flat_c.dds
terrain10,pastr_tmp_sdry_hill,pastr,../../textures10/loveg/fal/grass_tmp_sdry_hill_d.dds
terrain10,pastr_tmp_sdry_sflat,pastr,../../textures10/human/fal/pastr_tmp_sdry_sflat_d.dds
terrain10,pastr_tmp_wet_fl,pastr,../../textures10/human/fal/pastr_tmp_wet_flat_c.dds
terrain10,pastr_tmp_wet_fl_md,pastr,../../textures10/human/fal/pastr_tmp_wet_sflat_d.dds
terrain10,pastr_tmp_wet_fl_tp,pastr,../../textures10/human/fal/pastr_tmp_wet_flat_c.dds
terrain10,pastr_tmp_wet_hill,pastr,../../textures10/loveg/fal/grass_cld_wet_hill_d.dds
terrain10,pastr_tmp_wet_sflat,pastr,../../textures10/human/fal/pastr_tmp_wet_sflat_d.dds
terrain10,pastr_vcld_dry_fl,pastr,../../textures10/loveg/fal/sprs_cld_sdry_sflat_d.dds
terrain10,pastr_vcld_dry_fl_tp,pastr,../../textures10/loveg/fal/sprs_cld_sdry_sflat_d.dds
terrain10,pastr_vcld_rain_hill,pastr,../../textures10/loveg/fal/grass_cld_wet_hill_d.dds
terrain10,pastr_vcld_rain_sflat,pastr,../../textures10/loveg/fal/grass_cld_wet_sflat_d.dds
terrain10,pastr_vcld_sdry_fl,pastr,../../textures10/loveg/fal/tund_grass_cld_wet_flat_c.dds
terrain10,pastr_vcld_sdry_fl_md,pastr,../../textures10/loveg/fal/tund_grass_vcld_sdry_sflat_d.dds
terrain10,pastr_vcld_sdry_fl_tp,pastr,../../textures10/loveg/fal/tund_grass_cld_wet_flat_c.dds
terrain10,pastr_vcld_sdry_hill,pastr,../../textures10/loveg/fal/tund_grass_vcld_sdry_hill_d.dds
terrain10,pastr_vcld_sdry_steep,pastr,../../textures10/loveg/fal/sprs_cld_sdry_steep_d.dds
terrain10,pastr_vcld_wet_fl,pastr,../../textures10/loveg/fal/tund_grass_cld_wet_flat_c.dds
terrain10,pastr_vcld_wet_fl_md,pastr,../../textures10/loveg/fal/grass_cld_wet_sflat_d.dds
terrain10,pastr_vcld_wet_fl_tp,pastr,../../textures10/loveg/fal/tund_grass_cld_wet_flat_c.dds
terrain10,pastr_vcld_wet_hill,pastr,../../textures10/loveg/fal/grass_cld_wet_hill_d.dds
terrain10,pastr_vcld_wet_sflat,pastr,../../textures10/loveg/fal/grass_cld_wet_sflat_d.dds
terrain10,pastr_vhot_rain_hill,pastr,../../textures10/hiveg/fal/broadl_sp_wrm_wet_hill_d.dds
terrain10,pastr_vhot_rain_sflat,pastr,../../textures10/human/fal/pastr_wrm_rain_flat_c.dds
terrain10,pastr_vhot_sdry_fl,pastr,../../textures10/human/fal/pastr_wrm_sdry_flat_c.dds
terrain10,pastr_vhot_sdry_fl_md,pastr,../../textures10/human/fal/pastr_wrm_sdry_sflat_d.dds
terrain10,pastr_vhot_sdry_fl_tp,pastr,../../textures10/human/fal/pastr_wrm_sdry_flat_c.dds
terrain10,pastr_vhot_sdry_hill,pastr,../../textures10/human/fal/pastr_wrm_sdry_sflat_d.dds
terrain10,pastr_vhot_sdry_sflat,pastr,../../textures10/human/fal/pastr_wrm_sdry_sflat_d.dds
terrain10,pastr_vhot_wet_fl,pastr,../../textures10/human/fal/pastr_wrm_wet_flat_c.dds
terrain10,pastr_vhot_wet_fl_md,pastr,../../textures10/human/fal/pastr_wrm_wet_sflat_d.dds
terrain10,pastr_vhot_wet_fl_tp,pastr,../../textures10/human/fal/pastr_wrm_wet_flat_c.dds
terrain10,pastr_vhot_wet_hill,pastr,../../textures10/hiveg/fal/broadl_sp_wrm_wet_hill_d.dds
terrain10,pastr_vhot_wet_sflat,pastr,../../textures10/human/fal/pastr_wrm_wet_sflat_d.dds
terrain10,pastr_wrm_rain_hill,pastr,../../textures10/human/fal/pastr_wrm_wet_sflat_d.dds
terrain10,pastr_wrm_rain_sflat,pastr,../../textures10/human/fal/pastr_wrm_rain_flat_c.dds
terrain10,pastr_wrm_sdry_fl,pastr,../../textures10/human/fal/pastr_wrm_sdry_flat_c.dds
terrain10,pastr_wrm_sdry_fl_md,pastr,../../textures10/human/fal/pastr_wrm_sdry_sflat_d.dds
terrain10,pastr_wrm_sdry_fl_tp,pastr,../../textures10/human/fal/pastr_wrm_sdry_flat_c.dds
terrain10,pastr_wrm_sdry_hill,pastr,../../textures10/human/fal/pastr_wrm_sdry_sflat_d.dds
terrain10,pastr_wrm_sdry_sflat,pastr,../../textures10/human/fal/pastr_wrm_sdry_sflat_d.dds
terrain10,pastr_wrm_wet_fl,pastr,../../textures10/human/fal/pastr_wrm_wet_flat_c.dds
terrain10,pastr_wrm_wet_fl_md,pastr,../../textures10/human/fal/pastr_wrm_wet_sflat_d.dds
terrain10,pastr_wrm_wet_fl_tp,pastr,../../textures10/human/fal/pastr_wrm_wet_flat_c.dds
terrain10,pastr_wrm_wet_hill,pastr,../../textures10/human/fal/pastr_wrm_wet_sflat_d.dds
terrain10,pastr_wrm_wet_sflat,pastr,../../textures10/human/fal/pastr_wrm_wet_sflat_d.dds
terrain10,rainf_crptwn_irr,rainf,../../textures10/human/fal/crp_hot_rain_flat_c.dds
terrain10,rainf_crptwnhill_irr,rainf,../../textures10/human/fal/crpmo_hot_rain_sflat_d.dds
terrain10,rainforest_fl,rainforest,../../textures10/hiveg/fal/broadl_hot_rain_flat_c.dds
terrain10,rainforest_fl_md,rainforest,../../textures10/hiveg/fal/broadl_hot_rain_sflat_d.dds
terrain10,rainforest_fl_tp,rainforest,../../textures10/hiveg/fal/broadl_hot_rain_flat_c.dds
terrain10,rainforest_hill,rainforest,../../textures10/hiveg/fal/broadl_hot_rain_hill_d.dds
terrain10,rainforest_sflat,rainforest,../../textures10/hiveg/fal/broadl_hot_rain_sflat_d.dds
terrain10,red_crp_hot_sdry_hill,red,../../textures10/human/fal/crp_wrm_sdry_sflat_d.dds
terrain10,red_crp_tmp_sdry_hill,red,../../textures10/human/fal/crpmo_tmp_sdry_sflat_d.dds
terrain10,red_crp_vhot_sdry_hill,red,../../textures10/human/fal/crp_wrm_sdry_sflat_d.dds
terrain10,red_crp_wrm_sdry_hill,red,../../textures10/human/fal/crp_wrm_sdry_sflat_d.dds
terrain10,red_crpirg_hot_dry_hill,red,../../textures10/human/fal/crp_wrm_sdry_sflat_d.dds
terrain10,red_crpirg_hot_sdry_hill,red,../../textures10/human/fal/crp_wrm_sdry_sflat_d.dds
terrain10,red_crpirg_tmp_dry_hill,red,../../textures10/human/fal/crpmo_tmp_sdry_sflat_d.dds
terrain10,red_crpirg_tmp_sdry_hill,red,../../textures10/human/fal/crpmo_tmp_sdry_sflat_d.dds
terrain10,red_crpirg_vhot_dry_hill,red,../../textures10/human/fal/crp_wrm_sdry_sflat_d.dds
terrain10,red_crpirg_vhot_sdry_hill,red,../../textures10/human/fal/crp_wrm_sdry_sflat_d.dds
terrain10,red_crpirg_wrm_dry_hill,red,../../textures10/human/fal/crpmo_tmp_sdry_sflat_d.dds
terrain10,red_crpirg_wrm_sdry_hill,red,../../textures10/human/fal/crp_wrm_sdry_sflat_d.dds
terrain10,red_crpm_tmp_dry_hill,red,../../textures10/human/fal/crp_tmp_dry_hill_d.dds
terrain10,red_crpm_tmp_sdry_hill,red,../../textures10/human/fal/crpmo_tmp_sdry_sflat_d.dds
terrain10,red_fruit_hot_sdry_hill,red,../../textures10/human/fal/crpmo_hot_wet_sflat_d.dds
terrain10,red_fruit_tmp_dry_hill,red,../../textures10/human/fal/fruit_tmp_sdry_sflat.dds
terrain10,red_fruit_tmp_sdry_hill,red,../../textures10/human/fal/fruit_tmp_sdry_sflat.dds
terrain10,red_fruit_vhot_sdry_hill,red,../../textures10/human/fal/crpmo_hot_wet_sflat_d.dds
terrain10,red_fruit_wrm_dry_hill,red,../../textures10/human/fal/crp_tmp_dry_hill_d.dds
terrain10,red_fruit_wrm_sdry_hill,red,../../textures10/human/fal/semidry_fruithill.dds
terrain10,red_grass_hot_sdry_fl,red,../../textures10/loveg/fal/grass_wrm_sdry_flat_c.dds
terrain10,red_grass_hot_sdry_fl_tp,red,../../textures10/loveg/fal/grass_wrm_sdry_flat_c.dds
terrain10,red_grass_tmp_sdry_fl,red,../../textures10/loveg/fal/grass_tmp_sdry_flat_c.dds
terrain10,red_grass_tmp_sdry_fl_md,red,../../textures10/loveg/fal/grass_tmp_sdry_flat_c.dds
terrain10,red_grass_tmp_sdry_fl_tp,red,../../textures10/loveg/fal/grass_tmp_sdry_flat_c.dds
terrain10,red_grass_tmp_sdry_hill,red,../../textures10/loveg/fal/grass_tmp_sdry_hill_d.dds
terrain10,red_grass_tmp_sdry_sflat,red,../../textures10/loveg/fal/grass_tmp_sdry_flat_c.dds
terrain10,red_grass_vhot_sdry_fl,red,../../textures10/loveg/fal/grass_wrm_sdry_flat_c.dds
terrain10,red_grass_vhot_sdry_fl_md,red,../../textures10/human/fal/pastr_wrm_sdry_flat_c.dds
terrain10,red_grass_vhot_sdry_fl_tp,red,../../textures10/loveg/fal/grass_wrm_sdry_flat_c.dds
terrain10,red_grass_vhot_sdry_hill,red,../../textures10/loveg/fal/grass_wrm_sdry_flat_c.dds
terrain10,red_grass_vhot_sdry_sflat,red,../../textures10/loveg/fal/grass_wrm_sdry_flat_c.dds
terrain10,red_grass_wrm_sdry_fl,red,../../textures10/loveg/fal/grass_tmp_sdry_flat_c.dds
terrain10,red_grass_wrm_sdry_fl_tp,red,../../textures10/loveg/fal/grass_tmp_sdry_flat_c.dds
terrain10,red_grass_wrm_sdry_hill,red,../../textures10/loveg/fal/grass_tmp_sdry_hill_d.dds
terrain10,red_olives_wrm_sdry_hill,red,../../textures10/human/olives_hill.dds
terrain10,red_orch_hot_sdry_hill,red,../../textures10/human/fal/crpmo_hot_wet_sflat_d.dds
terrain10,red_orch_tmp_dry_hill,red,../../textures10/human/fal/crp_tmp_dry_hill_d.dds
terrain10,red_orch_tmp_sdry_hill,red,../../textures10/human/fal/crp_tmp_dry_hill_d.dds
terrain10,red_orch_vhot_sdry_hill,red,../../textures10/human/fal/crpmo_hot_wet_sflat_d.dds
terrain10,red_orch_wrm_dry_hill,red,../../textures10/human/fal/crp_tmp_dry_hill_d.dds
terrain10,red_pastr_hot_sdry_fl,red,../../textures10/human/fal/pastr_wrm_sdry_flat_sq_c.dds
terrain10,red_pastr_hot_sdry_fl_md,red,../../textures10/human/fal/pastr_wrm_sdry_sflat_d.dds
terrain10,red_pastr_hot_sdry_fl_tp,red,../../textures10/human/fal/pastr_wrm_sdry_flat_sq_c.dds
terrain10,red_pastr_hot_sdry_hill,red,../../textures10/human/fal/pastr_wrm_sdry_sflat_d.dds
terrain10,red_pastr_hot_sdry_sflat,red,../../textures10/human/fal/pastr_wrm_sdry_sflat_d.dds
terrain10,red_pastr_tmp_sdry_fl,red,../../textures10/human/fal/pastr_tmp_sdry_flat_c.dds
terrain10,red_pastr_tmp_sdry_fl_md,red,../../textures10/loveg/fal/grass_tmp_sdry_flat_c.dds
terrain10,red_pastr_tmp_sdry_fl_tp,red,../../textures10/human/fal/pastr_tmp_sdry_flat_c.dds
terrain10,red_pastr_tmp_sdry_hill,red,../../textures10/loveg/fal/grass_tmp_sdry_hill_d.dds
terrain10,red_pastr_tmp_sdry_sflat,red,../../textures10/loveg/fal/grass_tmp_sdry_flat_c.dds
terrain10,red_pastr_vhot_sdry_fl,red,../../textures10/human/fal/pastr_wrm_sdry_flat_sq_c.dds
terrain10,red_pastr_vhot_sdry_fl_md,red,../../textures10/human/fal/pastr_wrm_sdry_sflat_d.dds
terrain10,red_pastr_vhot_sdry_fl_tp,red,../../textures10/human/fal/pastr_wrm_sdry_flat_sq_c.dds
terrain10,red_pastr_vhot_sdry_hill,red,../../textures10/human/fal/pastr_wrm_sdry_sflat_d.dds
terrain10,red_pastr_vhot_sdry_sflat,red,../../textures10/human/fal/pastr_wrm_sdry_sflat_d.dds
terrain10,red_pastr_wrm_sdry_fl,red,../../textures10/human/fal/pastr_wrm_sdry_flat_c.dds
terrain10,red_pastr_wrm_sdry_fl_md,red,../../textures10/human/fal/pastr_wrm_sdry_sflat_d.dds
terrain10,red_pastr_wrm_sdry_fl_tp,red,../../textures10/human/fal/pastr_wrm_sdry_flat_c.dds
terrain10,red_pastr_wrm_sdry_hill,red,../../textures10/human/fal/pastr_wrm_sdry_sflat_d.dds
terrain10,red_pastr_wrm_sdry_sflat,red,../../textures10/human/fal/pastr_wrm_sdry_sflat_d.dds
terrain10,red_sp_hot_sdry_hill,red,../../textures10/loveg/fal/sprs_wrm_sdry_hill_d.dds
terrain10,red_sp_tmp_sdry_hill,red,../../textures10/loveg/fal/sprs_wrm_sdry_hill_d.dds
terrain10,red_sp_vhot_sdry_hill,red,../../textures10/loveg/fal/sprs_wrm_sdry_hill_d.dds
terrain10,red_sp_wrm_sdry_hill,red,../../textures10/loveg/fal/sprs_wrm_sdry_hill_d.dds
terrain10,red_sq_crp_hot_sdry_hill,red,../../textures10/human/fal/crp_wrm_sdry_sflat_d.dds
terrain10,red_sq_crp_tmp_dry_hill,red,../../textures10/human/fal/crpmo_tmp_sdry_sflat_d.dds
terrain10,red_sq_crp_tmp_sdry_hill,red,../../textures10/human/fal/crpmo_tmp_sdry_sflat_d.dds
terrain10,red_sq_crp_vhot_sdry_hill,red,../../textures10/human/fal/crp_wrm_sdry_sflat_d.dds
terrain10,red_sq_crp_wrm_sdry_hill,red,../../textures10/human/fal/crp_wrm_sdry_sflat_d.dds
terrain10,red_sq_crpirg_hot_sdry_hill,red,../../textures10/human/fal/crp_wrm_sdry_sflat_d.dds
terrain10,red_sq_crpirg_tmp_dry_hill,red,../../textures10/human/fal/crpmo_tmp_sdry_sflat_d.dds
terrain10,red_sq_crpirg_tmp_sdry_hill,red,../../textures10/human/fal/crp_tmp_wet_hill_d.dds
terrain10,red_sq_crpirg_vhot_dry_hill,red,../../textures10/human/fal/crp_wrm_sdry_sflat_d.dds
terrain10,red_sq_crpirg_vhot_sdry_hill,red,../../textures10/human/fal/crp_wrm_sdry_sflat_d.dds
terrain10,red_sq_crpirg_wrm_dry_hill,red,../../textures10/human/fal/crp_wrm_sdry_sflat_d.dds
terrain10,red_sq_crpirg_wrm_sdry_hill,red,../../textures10/human/fal/crp_wrm_sdry_sflat_d.dds
terrain10,red_sq_fruit_hot_sdry_hill,red,../../textures10/human/fal/crpmo_hot_wet_sflat_d.dds
terrain10,red_sq_fruit_tmp_dry_hill,red,../../textures10/human/fal/fruit_tmp_sdry_sflat.dds
terrain10,red_sq_fruit_tmp_sdry_hill,red,../../textures10/human/fal/fruit_tmp_sdry_sflat.dds
terrain10,red_sq_fruit_vhot_sdry_hill,red,../../textures10/human/fal/crpmo_hot_wet_sflat_d.dds
terrain10,red_sq_fruit_wrm_dry_hill,red,../../textures10/human/fal/crp_tmp_dry_hill_d.dds
terrain10,red_sq_fruit_wrm_sdry_hill,red,../../textures10/human/fal/semidry_fruithill.dds
terrain10,red_sq_grass_tmp_sdry_fl,red,../../textures10/loveg/fal/grass_tmp_sdry_flat_c.dds
terrain10,red_sq_grass_tmp_sdry_fl_md,red,../../textures10/loveg/fal/grass_tmp_sdry_flat_c.dds
terrain10,red_sq_grass_tmp_sdry_fl_tp,red,../../textures10/loveg/fal/grass_tmp_sdry_flat_c.dds
terrain10,red_sq_grass_tmp_sdry_hill,red,../../textures10/loveg/fal/grass_tmp_sdry_hill_d.dds
terrain10,red_sq_grass_tmp_sdry_sflat,red,../../textures10/loveg/fal/grass_tmp_sdry_flat_c.dds
terrain10,red_sq_grass_wrm_sdry_fl,red,../../textures10/loveg/fal/grass_tmp_sdry_flat_c.dds
terrain10,red_sq_grass_wrm_sdry_fl_tp,red,../../textures10/loveg/fal/grass_tmp_sdry_flat_c.dds
terrain10,red_sq_olives_wrm_sdry_hill,red,../../textures10/human/olives_hill.dds
terrain10,red_sq_orch_hot_sdry_hill,red,../../textures10/human/fal/crpmo_hot_wet_sflat_d.dds
terrain10,red_sq_orch_tmp_dry_hill,red,../../textures10/human/fal/crp_tmp_dry_hill_d.dds
terrain10,red_sq_orch_tmp_sdry_hill,red,../../textures10/human/fal/crp_tmp_dry_hill_d.dds
terrain10,red_sq_orch_vhot_sdry_hill,red,../../textures10/human/fal/crpmo_hot_wet_sflat_d.dds
terrain10,red_sq_orch_wrm_dry_hill,red,../../textures10/human/fal/crp_tmp_dry_hill_d.dds
terrain10,red_sq_pastr_hot_sdry_fl,red,../../textures10/human/fal/pastr_wrm_sdry_flat_sq_c.dds
terrain10,red_sq_pastr_hot_sdry_fl_md,red,../../textures10/human/fal/pastr_wrm_sdry_sflat_d.dds
terrain10,red_sq_pastr_hot_sdry_fl_tp,red,../../textures10/human/fal/pastr_wrm_sdry_flat_sq_c.dds
terrain10,red_sq_pastr_hot_sdry_hill,red,../../textures10/human/fal/pastr_wrm_sdry_sflat_d.dds
terrain10,red_sq_pastr_hot_sdry_sflat,red,../../textures10/human/fal/pastr_wrm_sdry_sflat_d.dds
terrain10,red_sq_pastr_tmp_sdry_fl,red,../../textures10/human/fal/pastr_tmp_sdry_flat_c.dds
terrain10,red_sq_pastr_tmp_sdry_fl_md,red,../../textures10/loveg/fal/grass_tmp_sdry_flat_c.dds
terrain10,red_sq_pastr_tmp_sdry_fl_tp,red,../../textures10/human/fal/pastr_tmp_sdry_flat_c.dds
terrain10,red_sq_pastr_tmp_sdry_hill,red,../../textures10/loveg/fal/grass_tmp_sdry_hill_d.dds
terrain10,red_sq_pastr_tmp_sdry_sflat,red,../../textures10/loveg/fal/grass_tmp_sdry_flat_c.dds
terrain10,red_sq_pastr_vhot_sdry_fl,red,../../textures10/human/fal/pastr_wrm_sdry_flat_sq_c.dds
terrain10,red_sq_pastr_vhot_sdry_fl_md,red,../../textures10/human/fal/pastr_wrm_sdry_sflat_d.dds
terrain10,red_sq_pastr_vhot_sdry_fl_tp,red,../../textures10/human/fal/pastr_wrm_sdry_flat_sq_c.dds
terrain10,red_sq_pastr_vhot_sdry_hill,red,../../textures10/human/fal/pastr_wrm_sdry_sflat_d.dds
terrain10,red_sq_pastr_vhot_sdry_sflat,red,../../textures10/human/fal/pastr_wrm_sdry_sflat_d.dds
terrain10,red_sq_pastr_wrm_sdry_fl,red,../../textures10/human/fal/pastr_wrm_sdry_flat_sq_c.dds
terrain10,red_sq_pastr_wrm_sdry_fl_md,red,../../textures10/human/fal/pastr_wrm_sdry_sflat_d.dds
terrain10,red_sq_pastr_wrm_sdry_fl_tp,red,../../textures10/human/fal/pastr_wrm_sdry_flat_sq_c.dds
terrain10,red_sq_pastr_wrm_sdry_sflat,red,../../textures10/human/fal/pastr_wrm_sdry_sflat_d.dds
terrain10,rivbd_cld_rain_hill,rivbd,../../textures10/soil/scree_dry_bare_d.dds
terrain10,rivbd_cld_rain_sflat,rivbd,../../textures10/soil/fal/scree_cld_wet_sprs_d.dds
terrain10,rivbd_cld_wet_hill,rivbd,../../textures10/soil/fal/scree_cld_wet_sprs_d.dds
terrain10,rivbd_cld_wet_sflat,rivbd,../../textures10/soil/fal/scree_cld_wet_sprs_d.dds
terrain10,rivbd_hot_rain_hill,rivbd,../../textures10/soil/fal/scree_wrm_wet_sprs_d.dds
terrain10,rivbd_hot_rain_sflat,rivbd,../../textures10/soil/fal/scree_wrm_wet_sprs_d.dds
terrain10,rivbd_hot_wet_hill,rivbd,../../textures10/soil/fal/scree_wrm_wet_sprs_d.dds
terrain10,rivbd_hot_wet_sflat,rivbd,../../textures10/soil/fal/scree_wrm_wet_sprs_d.dds
terrain10,rivbd_tmp_rain_hill,rivbd,../../textures10/soil/fal/scree_cld_wet_sprs_d.dds
terrain10,rivbd_tmp_rain_sflat,rivbd,../../textures10/soil/fal/scree_cld_wet_sprs_d.dds
terrain10,rivbd_tmp_wet_hill,rivbd,../../textures10/soil/fal/scree_cld_wet_sprs_d.dds
terrain10,rivbd_tmp_wet_sflat,rivbd,../../textures10/soil/fal/scree_cld_wet_sprs_d.dds
terrain10,rivbd_vhot_rain_hill,rivbd,../../textures10/soil/fal/scree_wrm_wet_sprs_d.dds
terrain10,rivbd_vhot_rain_sflat,rivbd,../../textures10/soil/fal/scree_wrm_wet_sprs_d.dds
terrain10,rivbd_vhot_sdry_sflat,rivbd,../../textures10/soil/fal/scree_wrm_wet_sprs_d.dds
terrain10,rivbd_vhot_wet_hill,rivbd,../../textures10/soil/fal/scree_wrm_wet_sprs_d.dds
terrain10,rivbd_vhot_wet_sflat,rivbd,../../textures10/soil/fal/scree_wrm_wet_sprs_d.dds
terrain10,rivbd_wrm_rain_hill,rivbd,../../textures10/soil/rivbd_tmp_wet_sflat_d.dds
terrain10,rivbd_wrm_wet_hill,rivbd,../../textures10/soil/rivbd_tmp_wet_sflat_d.dds
terrain10,rock_cld_rain,rock,../../textures10/soil/fal/rock_cld_wet_sflat_d.dds
terrain10,rock_cld_rain_hill,rock,../../textures10/soil/rock_cld_wet_hill_d.dds
terrain10,rock_cld_rain_sflat,rock,../../textures10/soil/fal/rock_cld_wet_sflat_d.dds
terrain10,rock_cld_rain_steep,rock,../../textures10/soil/fal/rock_cld_wet_steep_d.dds
terrain10,rock_cld_rain_tp,rock,../../textures10/soil/fal/rock_cld_wet_sflat_d.dds
terrain10,rock_cld_sdry_sflat,rock,../../textures10/soil/fal/rock_cld_wet_sflat_d.dds
terrain10,rock_cld_wet,rock,../../textures10/soil/fal/rock_cld_wet_sflat_d.dds
terrain10,rock_cld_wet_hill,rock,../../textures10/soil/rock_cld_wet_hill_d.dds
terrain10,rock_cld_wet_sflat,rock,../../textures10/soil/fal/rock_cld_wet_sflat_d.dds
terrain10,rock_cld_wet_steep,rock,../../textures10/soil/fal/rock_cld_wet_steep_d.dds
terrain10,rock_cld_wet_tp,rock,../../textures10/soil/fal/rock_cld_wet_sflat_d.dds
terrain10,rock_hot_rain_fl,rock,../../textures10/soil/fal/rock_wrm_sdry_flat_c.dds
terrain10,rock_hot_rain_fl_md,rock,../../textures10/soil/fal/rock_wrm_wet_sflat_d.dds
terrain10,rock_hot_rain_fl_tp,rock,../../textures10/soil/fal/rock_wrm_sdry_flat_c.dds
terrain10,rock_hot_rain_hill,rock,../../textures10/soil/fal/rock_wrm_wet_sflat_d.dds
terrain10,rock_hot_rain_sflat,rock,../../textures10/soil/fal/rock_wrm_wet_sflat_d.dds
terrain10,rock_hot_rain_steep,rock,../../textures10/soil/fal/rock_wrm_wet_steep_d.dds
terrain10,rock_hot_sdry_fl_md,rock,../../textures10/soil/fal/rock_wrm_wet_sflat_d.dds
terrain10,rock_hot_sdry_hill,rock,../../textures10/soil/fal/rock_wrm_sdry_steep_d.dds
terrain10,rock_hot_sdry_sflat,rock,../../textures10/soil/fal/rock_wrm_wet_sflat_d.dds
terrain10,rock_hot_sdry_steep,rock,../../textures10/soil/fal/rock_wrm_sdry_steep_d.dds
terrain10,rock_hot_wet_fl,rock,../../textures10/soil/fal/rock_wrm_sdry_flat_c.dds
terrain10,rock_hot_wet_fl_md,rock,../../textures10/soil/fal/rock_wrm_wet_sflat_d.dds
terrain10,rock_hot_wet_fl_tp,rock,../../textures10/soil/fal/rock_wrm_sdry_flat_c.dds
terrain10,rock_hot_wet_hill,rock,../../textures10/soil/fal/rock_wrm_wet_sflat_d.dds
terrain10,rock_hot_wet_sflat,rock,../../textures10/soil/fal/rock_wrm_wet_sflat_d.dds
terrain10,rock_hot_wet_steep,rock,../../textures10/soil/fal/rock_wrm_wet_steep_d.dds
terrain10,rock_tmp_rain_fl,rock,../../textures10/soil/fal/rock_cld_wet_sflat_d.dds
terrain10,rock_tmp_rain_fl_tp,rock,../../textures10/soil/fal/rock_cld_wet_sflat_d.dds
terrain10,rock_tmp_rain_hill,rock,../../textures10/soil/fal/rock_tmp_wet_steep_d.dds
terrain10,rock_tmp_rain_sflat,rock,../../textures10/soil/fal/rock_cld_wet_sflat_d.dds
terrain10,rock_tmp_rain_steep,rock,../../textures10/soil/fal/rock_tmp_wet_steep_d.dds
terrain10,rock_tmp_sdry_fl,rock,../../textures10/soil/fal/rock_tmp_sdry_sflat_d.dds
terrain10,rock_tmp_sdry_fl_md,rock,../../textures10/soil/fal/rock_tmp_sdry_sflat_d.dds
terrain10,rock_tmp_sdry_fl_tp,rock,../../textures10/soil/fal/rock_tmp_sdry_sflat_d.dds
terrain10,rock_tmp_sdry_sflat,rock,../../textures10/soil/fal/rock_tmp_sdry_sflat_d.dds
terrain10,rock_tmp_wet_fl,rock,../../textures10/soil/fal/rock_cld_wet_sflat_d.dds
terrain10,rock_tmp_wet_fl_tp,rock,../../textures10/soil/fal/rock_cld_wet_sflat_d.dds
terrain10,rock_tmp_wet_hill,rock,../../textures10/soil/fal/rock_tmp_wet_steep_d.dds
terrain10,rock_tmp_wet_sflat,rock,../../textures10/soil/fal/rock_cld_wet_sflat_d.dds
terrain10,rock_tmp_wet_steep,rock,../../textures10/soil/fal/rock_tmp_wet_steep_d.dds
terrain10,rock_vcld_sdry_sflat,rock,../../textures10/soil/fal/rock_cld_wet_sflat_d.dds
terrain10,rock_vhot_rain_fl,rock,../../textures10/soil/fal/rock_wrm_sdry_flat_c.dds
terrain10,rock_vhot_rain_fl_md,rock,../../textures10/soil/fal/rock_wrm_wet_sflat_d.dds
terrain10,rock_vhot_rain_fl_tp,rock,../../textures10/soil/fal/rock_wrm_sdry_flat_c.dds
terrain10,rock_vhot_rain_hill,rock,../../textures10/soil/fal/rock_wrm_wet_sflat_d.dds
terrain10,rock_vhot_rain_sflat,rock,../../textures10/soil/fal/rock_wrm_wet_sflat_d.dds
terrain10,rock_vhot_rain_steep,rock,../../textures10/soil/fal/rock_wrm_wet_steep_d.dds
terrain10,rock_vhot_sdry_fl_md,rock,../../textures10/soil/fal/rock_wrm_wet_sflat_d.dds
terrain10,rock_vhot_sdry_hill,rock,../../textures10/soil/fal/rock_wrm_wet_sflat_d.dds
terrain10,rock_vhot_sdry_sflat,rock,../../textures10/soil/fal/rock_wrm_wet_sflat_d.dds
terrain10,rock_vhot_sdry_steep,rock,../../textures10/soil/rock_wrm_dry_steep_d.dds
terrain10,rock_vhot_wet_fl,rock,../../textures10/soil/fal/rock_wrm_sdry_flat_c.dds
terrain10,rock_vhot_wet_fl_md,rock,../../textures10/soil/fal/rock_wrm_wet_sflat_d.dds
terrain10,rock_vhot_wet_fl_tp,rock,../../textures10/soil/fal/rock_wrm_sdry_flat_c.dds
terrain10,rock_vhot_wet_hill,rock,../../textures10/soil/fal/rock_wrm_wet_sflat_d.dds
terrain10,rock_vhot_wet_sflat,rock,../../textures10/soil/fal/rock_wrm_wet_sflat_d.dds
terrain10,rock_vhot_wet_steep,rock,../../textures10/soil/fal/rock_wrm_wet_steep_d.dds
terrain10,rock_wrm_rain_fl,rock,../../textures10/soil/fal/rock_wrm_sdry_flat_c.dds
terrain10,rock_wrm_rain_fl_md,rock,../../textures10/soil/fal/rock_wrm_wet_sflat_d.dds
terrain10,rock_wrm_rain_fl_tp,rock,../../textures10/soil/fal/rock_wrm_sdry_flat_c.dds
terrain10,rock_wrm_rain_hill,rock,../../textures10/soil/fal/rock_wrm_wet_sflat_d.dds
terrain10,rock_wrm_rain_sflat,rock,../../textures10/soil/fal/rock_wrm_wet_sflat_d.dds
terrain10,rock_wrm_rain_steep,rock,../../textures10/soil/fal/rock_wrm_wet_steep_d.dds
terrain10,rock_wrm_sdry_fl,rock,../../textures10/soil/fal/rock_wrm_sdry_flat_c.dds
terrain10,rock_wrm_sdry_fl_md,rock,../../textures10/soil/fal/rock_wrm_wet_sflat_d.dds
terrain10,rock_wrm_sdry_fl_tp,rock,../../textures10/soil/fal/rock_wrm_sdry_flat_c.dds
terrain10,rock_wrm_sdry_hill,rock,../../textures10/soil/fal/rock_wrm_sdry_steep_d.dds
terrain10,rock_wrm_sdry_sflat,rock,../../textures10/soil/fal/rock_wrm_wet_sflat_d.dds
terrain10,rock_wrm_sdry_steep,rock,../../textures10/soil/fal/rock_wrm_sdry_steep_d.dds
terrain10,rock_wrm_wet_fl,rock,../../textures10/soil/fal/rock_wrm_sdry_flat_c.dds
terrain10,rock_wrm_wet_fl_md,rock,../../textures10/soil/fal/rock_wrm_wet_sflat_d.dds
terrain10,rock_wrm_wet_fl_tp,rock,../../textures10/soil/fal/rock_wrm_sdry_flat_c.dds
terrain10,rock_wrm_wet_hill,rock,../../textures10/soil/fal/rock_wrm_wet_sflat_d.dds
terrain10,rock_wrm_wet_sflat,rock,../../textures10/soil/fal/rock_wrm_wet_sflat_d.dds
terrain10,rock_wrm_wet_steep,rock,../../textures10/soil/fal/rock_wrm_wet_steep_d.dds
terrain10,sand_cld_rain_hill,sand,../../textures10/soil/scree_dry_bare_d.dds
terrain10,sand_cld_rain_steep,sand,../../textures10/soil/scree_dry_bare_d.dds
terrain10,sand_cld_wet_hill,sand,../../textures10/soil/scree_dry_bare_d.dds
terrain10,sand_cld_wet_steep,sand,../../textures10/soil/scree_dry_bare_d.dds
terrain10,sand_hot_rain_steep,sand,../../textures10/soil/rock_hot_dry_hill_d.dds
terrain10,sand_hot_wet_steep,sand,../../textures10/soil/rock_hot_dry_hill_d.dds
terrain10,sand_vhot_rain_steep,sand,../../textures10/soil/rock_hot_dry_hill_d.dds
terrain10,sand_vhot_wet_steep,sand,../../textures10/soil/rock_hot_dry_hill_d.dds
terrain10,sand_wrm_rain_steep,sand,../../textures10/soil/rock_hot_dry_hill_d.dds
terrain10,sand_wrm_wet_steep,sand,../../textures10/soil/rock_hot_dry_hill_d.dds
terrain10,semidry_crptwn_irr,semidry,../../textures10/human/fal/crp_tmp_sdry_flat_c.dds
terrain10,semidry_crptwnhill_irr,semidry,../../textures10/human/fal/crpmo_tmp_sdry_sflat_d.dds
terrain10,shrb_cld_dry_fl,shrb,../../textures10/hiveg/fal/broadl_sp_cld_wet_sflat_d.dds
terrain10,shrb_cld_dry_fl_md,shrb,../../textures10/loveg/fal/shrub_tmp_wet_hill_d.dds
terrain10,shrb_cld_dry_fl_tp,shrb,../../textures10/hiveg/fal/broadl_sp_cld_wet_sflat_d.dds
terrain10,shrb_cld_dry_hill,shrb,../../textures10/loveg/shrub_tmp_dry_hill_d.dds
terrain10,shrb_cld_dry_steep,shrb,../../textures10/loveg/fal/shrub_cld_sdry_steep_d.dds
terrain10,shrb_cld_rain_hill,shrb,../../textures10/loveg/fal/shrub_tmp_wet_hill_d.dds
terrain10,shrb_cld_rain_steep,shrb,../../textures10/loveg/fal/shrub_cld_rain_steep_d.dds
terrain10,shrb_cld_sdry_fl,shrb,../../textures10/hiveg/fal/broadl_sp_cld_wet_sflat_d.dds
terrain10,shrb_cld_sdry_fl_md,shrb,../../textures10/loveg/fal/shrub_tmp_wet_hill_d.dds
terrain10,shrb_cld_sdry_fl_tp,shrb,../../textures10/hiveg/fal/broadl_sp_cld_wet_sflat_d.dds
terrain10,shrb_cld_sdry_hill,shrb,../../textures10/loveg/fal/shrub_tmp_sdry_hill_d.dds
terrain10,shrb_cld_sdry_steep,shrb,../../textures10/loveg/fal/shrub_cld_sdry_steep_d.dds
terrain10,shrb_cld_wet_fl,shrb,../../textures10/loveg/fal/shrub_tmp_wet_flat.dds
terrain10,shrb_cld_wet_fl_md,shrb,../../textures10/hiveg/fal/broadl_sp_cld_wet_sflat_d.dds
terrain10,shrb_cld_wet_fl_tp,shrb,../../textures10/loveg/fal/shrub_tmp_wet_flat.dds
terrain10,shrb_cld_wet_hill,shrb,../../textures10/loveg/fal/tund_shrb_cld_wet_hill_d.dds
terrain10,shrb_cld_wet_steep,shrb,../../textures10/loveg/fal/shrub_cld_wet_steep_d.dds
terrain10,shrb_hot_rain_hill,shrb,../../textures10/loveg/fal/shrub_hot_rain_hill_d.dds
terrain10,shrb_hot_rain_sflat,shrb,../../textures10/loveg/fal/shrub_hot_rain_sflat_d.dds
terrain10,shrb_hot_sdry_fl,shrb,../../textures10/loveg/fal/shrub_wrm_sdry_flat_c.dds
terrain10,shrb_hot_sdry_fl_lo,shrb,../../textures10/loveg/fal/shrub_wrm_sdry_flat_c.dds
terrain10,shrb_hot_sdry_fl_tp,shrb,../../textures10/loveg/fal/shrub_wrm_sdry_flat_c.dds
terrain10,shrb_hot_sdry_hill,shrb,../../textures10/soil/fal/rock_wrm_sdry_steep_d.dds
terrain10,shrb_hot_sdry_sflat,shrb,../../textures10/loveg/fal/shrub_wrm_sdry_sflat_d.dds
terrain10,shrb_hot_wet_fl,shrb,../../textures10/loveg/fal/shrub_hot_rain_flat_c.dds
terrain10,shrb_hot_wet_fl_lo,shrb,../../textures10/loveg/fal/shrub_hot_rain_flat_c.dds
terrain10,shrb_hot_wet_fl_tp,shrb,../../textures10/loveg/fal/shrub_hot_rain_flat_c.dds
terrain10,shrb_hot_wet_hill,shrb,../../textures10/loveg/fal/shrub_wrm_wet_hill_d.dds
terrain10,shrb_hot_wet_sflat,shrb,../../textures10/loveg/fal/shrub_wrm_wet_sflat_d.dds
terrain10,shrb_tmp_rain_hill,shrb,../../textures10/loveg/fal/shrub_tmp_wet_hill_d.dds
terrain10,shrb_tmp_rain_sflat,shrb,../../textures10/loveg/fal/shrub_tmp_wet_sflat_d.dds
terrain10,shrb_tmp_sdry_fl,shrb,../../textures10/loveg/fal/shrub_tmp_sdry_flat_c.dds
terrain10,shrb_tmp_sdry_fl_md,shrb,../../textures10/hiveg/fal/coni_sp_tmp_sdry_hill_d.dds
terrain10,shrb_tmp_sdry_fl_tp,shrb,../../textures10/loveg/fal/shrub_tmp_sdry_flat_c.dds
terrain10,shrb_tmp_sdry_hill,shrb,../../textures10/loveg/fal/shrub_tmp_sdry_hill_d.dds
terrain10,shrb_tmp_sdry_sflat,shrb,../../textures10/loveg/fal/shrub_tmp_sdry_sflat_d.dds
terrain10,shrb_tmp_wet_fl,shrb,../../textures10/loveg/fal/shrub_tmp_wet_flat.dds
terrain10,shrb_tmp_wet_fl_md,shrb,../../textures10/loveg/fal/shrub_tmp_wet_sflat_d.dds
terrain10,shrb_tmp_wet_fl_tp,shrb,../../textures10/loveg/fal/shrub_tmp_wet_flat.dds
terrain10,shrb_tmp_wet_hill,shrb,../../textures10/loveg/fal/shrub_tmp_wet_hill_d.dds
terrain10,shrb_tmp_wet_sflat,shrb,../../textures10/loveg/fal/shrub_tmp_wet_sflat_d.dds
terrain10,shrb_vcld_dry_fl,shrb,../../textures10/loveg/fal/shrub_tmp_wet_hill_d.dds
terrain10,shrb_vcld_dry_fl_md,shrb,../../textures10/loveg/fal/shrub_tmp_wet_hill_d.dds
terrain10,shrb_vcld_dry_fl_tp,shrb,../../textures10/loveg/fal/shrub_tmp_wet_hill_d.dds
terrain10,shrb_vcld_dry_hill,shrb,../../textures10/loveg/fal/tund_shrb_cld_wet_hill_d.dds
terrain10,shrb_vcld_dry_steep,shrb,../../textures10/loveg/fal/shrub_cld_sdry_steep_d.dds
terrain10,shrb_vcld_rain_hill,shrb,../../textures10/loveg/fal/tund_shrb_cld_wet_hill_d.dds
terrain10,shrb_vcld_sdry_fl,shrb,../../textures10/loveg/fal/shrub_tmp_wet_hill_d.dds
terrain10,shrb_vcld_sdry_fl_md,shrb,../../textures10/loveg/fal/shrub_tmp_wet_hill_d.dds
terrain10,shrb_vcld_sdry_fl_tp,shrb,../../textures10/loveg/fal/shrub_tmp_wet_hill_d.dds
terrain10,shrb_vcld_sdry_hill,shrb,../../textures10/loveg/fal/tund_shrb_cld_wet_hill_d.dds
terrain10,shrb_vcld_sdry_steep,shrb,../../textures10/loveg/fal/shrub_cld_sdry_steep_d.dds
terrain10,shrb_vcld_wet_fl,shrb,../../textures10/loveg/fal/shrub_tmp_wet_hill_d.dds
terrain10,shrb_vcld_wet_fl_md,shrb,../../textures10/loveg/fal/shrub_tmp_wet_hill_d.dds
terrain10,shrb_vcld_wet_fl_tp,shrb,../../textures10/loveg/fal/shrub_tmp_wet_hill_d.dds
terrain10,shrb_vcld_wet_hill,shrb,../../textures10/loveg/fal/tund_shrb_cld_wet_hill_d.dds
terrain10,shrb_vcld_wet_steep,shrb,../../textures10/loveg/fal/shrub_cld_rain_steep_d.dds
terrain10,shrb_wrm_rain_hill,shrb,../../textures10/loveg/fal/shrub_wrm_wet_hill_d.dds
terrain10,shrb_wrm_rain_sflat,shrb,../../textures10/loveg/fal/shrub_hot_rain_sflat_d.dds
terrain10,shrb_wrm_sdry_fl,shrb,../../textures10/loveg/fal/shrub_wrm_sdry_flat_c.dds
terrain10,shrb_wrm_sdry_fl_md,shrb,../../textures10/loveg/fal/shrub_wrm_sdry_flat_c.dds
terrain10,shrb_wrm_sdry_fl_tp,shrb,../../textures10/loveg/fal/shrub_wrm_sdry_flat_c.dds
terrain10,shrb_wrm_sdry_hill,shrb,../../textures10/loveg/fal/shrub_wrm_sdry_hill_d.dds
terrain10,shrb_wrm_sdry_sflat,shrb,../../textures10/loveg/fal/shrub_wrm_sdry_sflat_d.dds
terrain10,shrb_wrm_wet_fl,shrb,../../textures10/loveg/fal/shrub_hot_rain_flat_c.dds
terrain10,shrb_wrm_wet_fl_md,shrb,../../textures10/loveg/fal/shrub_wrm_wet_sflat_d.dds
terrain10,shrb_wrm_wet_fl_tp,shrb,../../textures10/loveg/fal/shrub_hot_rain_flat_c.dds
terrain10,shrb_wrm_wet_hill,shrb,../../textures10/loveg/fal/shrub_wrm_wet_hill_d.dds
terrain10,shrb_wrm_wet_sflat,shrb,../../textures10/loveg/fal/shrub_wrm_wet_sflat_d.dds
terrain10,snow_cld_dry_sflat,snow,../../textures10/soil/fal/rock_cld_wet_sflat_d.dds
terrain10,snow_cld_dry_sflat_lo,snow,../../textures10/soil/fal/rock_cld_wet_sflat_d.dds
terrain10,snow_cld_sdry_sflat,snow,../../textures10/soil/fal/rock_cld_wet_sflat_d.dds
terrain10,snow_cld_sdry_sflat_lo,snow,../../textures10/soil/fal/rock_cld_wet_sflat_d.dds
terrain10,snow_cld_wet_flat,snow,../../textures10/soil/fal/rock_cld_wet_sflat_d.dds
terrain10,snow_cld_wet_flat_lo,snow,../../textures10/soil/fal/rock_cld_wet_sflat_d.dds
terrain10,snow_tmp_dry_sflat,snow,../../textures10/soil/fal/rock_cld_wet_sflat_d.dds
terrain10,snow_tmp_dry_sflat_lo,snow,../../textures10/soil/fal/rock_cld_wet_sflat_d.dds
terrain10,snow_tmp_rain_hill,snow,../../textures10/loveg/fal/sprs_vcld_wet_flat_c.dds
terrain10,snow_tmp_rain_sflat,snow,../../textures10/soil/fal/rock_cld_wet_sflat_d.dds
terrain10,snow_tmp_rain_sflat_lo,snow,../../textures10/soil/fal/rock_cld_wet_sflat_d.dds
terrain10,snow_tmp_sdry_hill,snow,../../textures10/loveg/fal/sprs_cld_sdry_hill_d.dds
terrain10,snow_tmp_sdry_sflat,snow,../../textures10/soil/fal/rock_cld_wet_sflat_d.dds
terrain10,snow_tmp_sdry_sflat_lo,snow,../../textures10/soil/fal/rock_cld_wet_sflat_d.dds
terrain10,snow_tmp_wet_hill,snow,../../textures10/loveg/fal/sprs_vcld_wet_flat_c.dds
terrain10,snow_tmp_wet_sflat,snow,../../textures10/soil/fal/rock_cld_wet_sflat_d.dds
terrain10,snow_tmp_wet_sflat_lo,snow,../../textures10/soil/fal/rock_cld_wet_sflat_d.dds
terrain10,sp_cld_dry_fl,sp,../../textures10/loveg/sprs_cld_dry_sflat_d.dds
terrain10,sp_cld_dry_fl_md,sp,../../textures10/loveg/sprs_cld_dry_hill_d.dds
terrain10,sp_cld_dry_fl_tp,sp,../../textures10/loveg/sprs_cld_dry_sflat_d.dds
terrain10,sp_cld_dry_hill,sp,../../textures10/loveg/sprs_cld_dry_hill_d.dds
terrain10,sp_cld_dry_sflat,sp,../../textures10/loveg/sprs_cld_dry_sflat_d.dds
terrain10,sp_cld_rain_hill,sp,../../textures10/loveg/fal/tund_grass_vcld_sdry_hill_d.dds
terrain10,sp_cld_rain_sflat,sp,../../textures10/loveg/fal/sprs_cld_wet_sflat_d.dds
terrain10,sp_cld_sdry_fl,sp,../../textures10/loveg/fal/sprs_cld_sdry_sflat_d.dds
terrain10,sp_cld_sdry_fl_md,sp,../../textures10/loveg/fal/sprs_cld_sdry_hill_d.dds
terrain10,sp_cld_sdry_fl_tp,sp,../../textures10/loveg/fal/sprs_cld_sdry_sflat_d.dds
terrain10,sp_cld_sdry_hill,sp,../../textures10/loveg/fal/sprs_cld_sdry_hill_d.dds
terrain10,sp_cld_sdry_sflat,sp,../../textures10/loveg/fal/sprs_cld_sdry_sflat_d.dds
terrain10,sp_cld_wet_fl,sp,../../textures10/loveg/fal/sprs_cld_wet_flat_c.dds
terrain10,sp_cld_wet_fl_md,sp,../../textures10/loveg/fal/sprs_cld_wet_flat_c.dds
terrain10,sp_cld_wet_fl_tp,sp,../../textures10/loveg/fal/sprs_cld_wet_flat_c.dds
terrain10,sp_cld_wet_grass,sp,../../textures10/loveg/fal/grass_tmp_sdry_flat_c.dds
terrain10,sp_cld_wet_hill,sp,../../textures10/loveg/fal/sprs_cld_wet_hill_d.dds
terrain10,sp_cld_wet_sflat,sp,../../textures10/loveg/fal/sprs_cld_wet_sflat_d.dds
terrain10,sp_hot_rain_fl_md,sp,../../textures10/loveg/fal/sprs_wrm_wet_sflat_d.dds
terrain10,sp_hot_rain_hill,sp,../../textures10/human/fal/crpmo_hot_wet_hill_d.dds
terrain10,sp_hot_rain_sflat,sp,../../textures10/loveg/fal/sprs_wrm_wet_sflat_d.dds
terrain10,sp_hot_rain_tr_hill,sp,../../textures10/human/fal/crpmo_hot_wet_hill_d.dds
terrain10,sp_hot_sdry_fl_md,sp,../../textures10/loveg/fal/sprs_wrm_sdry_sflat_d.dds
terrain10,sp_hot_sdry_hill,sp,../../textures10/loveg/fal/sprs_wrm_wet_hill_d.dds
terrain10,sp_hot_sdry_sflat,sp,../../textures10/loveg/fal/sprs_wrm_sdry_sflat_d.dds
terrain10,sp_hot_sdry_tr_hill,sp,../../textures10/loveg/fal/sprs_wrm_wet_hill_d.dds
terrain10,sp_hot_wet_fl_md,sp,../../textures10/loveg/fal/sprs_wrm_wet_sflat_d.dds
terrain10,sp_hot_wet_hill,sp,../../textures10/human/fal/crpmo_hot_wet_hill_d.dds
terrain10,sp_hot_wet_sflat,sp,../../textures10/loveg/fal/sprs_wrm_wet_sflat_d.dds
terrain10,sp_hot_wet_tr_hill,sp,../../textures10/human/fal/crpmo_hot_wet_hill_d.dds
terrain10,sp_pol_dry_fl,sp,../../textures10/loveg/sprs_cld_dry_sflat_d.dds
terrain10,sp_pol_dry_fl_md,sp,../../textures10/soil/rock_cld_dry_sflat_d.dds
terrain10,sp_pol_dry_fl_tp,sp,../../textures10/soil/rock_cld_dry_sflat_d.dds
terrain10,sp_pol_dry_hill,sp,../../textures10/loveg/fal/sprs_cld_sdry_hill_d.dds
terrain10,sp_pol_rain_hill,sp,../../textures10/loveg/sprs_vcld_rain_hill_d.dds
terrain10,sp_pol_rain_sflat,sp,../../textures10/loveg/fal/sprs_vcld_wet_flat_c.dds
terrain10,sp_pol_sdry_fl,sp,../../textures10/loveg/fal/sprs_vcld_wet_flat_c.dds
terrain10,sp_pol_sdry_fl_md,sp,../../textures10/loveg/fal/sprs_vcld_wet_flat_c.dds
terrain10,sp_pol_sdry_fl_tp,sp,../../textures10/loveg/fal/sprs_vcld_wet_flat_c.dds
terrain10,sp_pol_sdry_hill,sp,../../textures10/loveg/fal/sprs_cld_sdry_hill_d.dds
terrain10,sp_pol_sdry_sflat,sp,../../textures10/loveg/fal/sprs_cld_wet_hill_d.dds
terrain10,sp_pol_wet_fl,sp,../../textures10/loveg/fal/sprs_vcld_wet_flat_c.dds
terrain10,sp_pol_wet_fl_md,sp,../../textures10/loveg/sprs_vcld_rain_hill_d.dds
terrain10,sp_pol_wet_fl_tp,sp,../../textures10/loveg/fal/sprs_vcld_wet_flat_c.dds
terrain10,sp_pol_wet_hill,sp,../../textures10/loveg/sprs_vcld_rain_hill_d.dds
terrain10,sp_pol_wet_sflat,sp,../../textures10/loveg/fal/sprs_cld_wet_hill_d.dds
terrain10,sp_scree_cld_rain,sp,../../textures10/soil/fal/scree_cld_rain_sprs_d.dds
terrain10,sp_scree_cld_sdry,sp,../../textures10/soil/fal/scree_cld_wet_sprs_d.dds
terrain10,sp_scree_cld_wet,sp,../../textures10/soil/fal/scree_cld_wet_sprs_d.dds
terrain10,sp_scree_hot_rain,sp,../../textures10/soil/fal/rock_wrm_wet_steep_d.dds
terrain10,sp_scree_hot_sdry,sp,../../textures10/soil/fal/scree_wrm_wet_sprs_d.dds
terrain10,sp_scree_hot_wet,sp,../../textures10/soil/fal/rock_wrm_wet_steep_d.dds
terrain10,sp_scree_tmp_rain,sp,../../textures10/soil/fal/scree_cld_wet_sprs_d.dds
terrain10,sp_scree_tmp_wet,sp,../../textures10/soil/fal/scree_cld_wet_sprs_d.dds
terrain10,sp_scree_wrm_rain,sp,../../textures10/soil/fal/rock_wrm_wet_steep_d.dds
terrain10,sp_scree_wrm_sdry,sp,../../textures10/soil/fal/scree_wrm_wet_sprs_d.dds
terrain10,sp_scree_wrm_wet,sp,../../textures10/soil/fal/rock_wrm_wet_steep_d.dds
terrain10,sp_tmp_rain_fl,sp,../../textures10/loveg/fal/grass_cld_wet_flat_c.dds
terrain10,sp_tmp_rain_fl_md,sp,../../textures10/loveg/fal/sprs_tmp_wet_hill_d.dds
terrain10,sp_tmp_rain_fl_tp,sp,../../textures10/loveg/fal/grass_cld_wet_flat_c.dds
terrain10,sp_tmp_rain_hill,sp,../../textures10/loveg/fal/sprs_cld_wet_hill_d.dds
terrain10,sp_tmp_rain_sflat,sp,../../textures10/human/fal/pastr_tmp_wet_sflat_d.dds
terrain10,sp_tmp_sdry_fl,sp,../../textures10/loveg/fal/grass_cld_wet_flat_c.dds
terrain10,sp_tmp_sdry_fl_md,sp,../../textures10/hiveg/fal/broadl_sp_tmp_wet_flat_c.dds
terrain10,sp_tmp_sdry_fl_tp,sp,../../textures10/loveg/fal/grass_cld_wet_flat_c.dds
terrain10,sp_tmp_sdry_hill,sp,../../textures10/loveg/fal/sprs_tmp_sdry_hill_d.dds
terrain10,sp_tmp_sdry_sflat,sp,../../textures10/loveg/shrub_tmp_dry_sflat_d.dds
terrain10,sp_tmp_wet_fl,sp,../../textures10/loveg/fal/grass_cld_wet_flat_c.dds
terrain10,sp_tmp_wet_fl_md,sp,../../textures10/loveg/fal/sprs_tmp_wet_hill_d.dds
terrain10,sp_tmp_wet_fl_tp,sp,../../textures10/loveg/fal/grass_cld_wet_flat_c.dds
terrain10,sp_tmp_wet_grass,sp,../../textures10/loveg/fal/grass_tmp_sdry_flat_c.dds
terrain10,sp_tmp_wet_hill,sp,../../textures10/loveg/fal/sprs_tmp_wet_hill_d.dds
terrain10,sp_tmp_wet_sflat,sp,../../textures10/human/fal/pastr_tmp_wet_sflat_d.dds
terrain10,sp_vcld_dry_fl,sp,../../textures10/loveg/sprs_cld_dry_sflat_d.dds
terrain10,sp_vcld_dry_fl_md,sp,../../textures10/loveg/sprs_cld_dry_hill_d.dds
terrain10,sp_vcld_dry_fl_tp,sp,../../textures10/loveg/sprs_cld_dry_sflat_d.dds
terrain10,sp_vcld_rain_hill,sp,../../textures10/loveg/sprs_vcld_rain_hill_d.dds
terrain10,sp_vcld_rain_sflat,sp,../../textures10/loveg/fal/tund_grass_vcld_sdry_sflat_d.dds
terrain10,sp_vcld_sdry_fl,sp,../../textures10/loveg/fal/sprs_cld_sdry_sflat_d.dds
terrain10,sp_vcld_sdry_fl_md,sp,../../textures10/loveg/fal/sprs_cld_sdry_hill_d.dds
terrain10,sp_vcld_sdry_fl_tp,sp,../../textures10/loveg/fal/sprs_cld_sdry_sflat_d.dds
terrain10,sp_vcld_sdry_hill,sp,../../textures10/loveg/fal/sprs_cld_sdry_hill_d.dds
terrain10,sp_vcld_sdry_sflat,sp,../../textures10/loveg/fal/sprs_cld_sdry_sflat_d.dds
terrain10,sp_vcld_wet_fl,sp,../../textures10/loveg/fal/tund_grass_vcld_sdry_flat_c.dds
terrain10,sp_vcld_wet_fl_md,sp,../../textures10/loveg/fal/sprs_vcld_wet_flat_c.dds
terrain10,sp_vcld_wet_fl_tp,sp,../../textures10/loveg/fal/sprs_vcld_wet_flat_c.dds
terrain10,sp_vcld_wet_grass,sp,../../textures10/loveg/fal/tund_grass_vcld_sdry_flat_c.dds
terrain10,sp_vcld_wet_hill,sp,../../textures10/loveg/fal/sprs_cld_sdry_hill_d.dds
terrain10,sp_vcld_wet_sflat,sp,../../textures10/loveg/fal/sprs_cld_wet_sflat_d.dds
terrain10,sp_vhot_rain_fl_md,sp,../../textures10/loveg/fal/sprs_wrm_wet_sflat_d.dds
terrain10,sp_vhot_rain_hill,sp,../../textures10/human/fal/crpmo_hot_wet_hill_d.dds
terrain10,sp_vhot_rain_sflat,sp,../../textures10/loveg/fal/sprs_wrm_wet_sflat_d.dds
terrain10,sp_vhot_rain_tr_hill,sp,../../textures10/human/fal/crpmo_hot_wet_hill_d.dds
terrain10,sp_vhot_sdry_fl_md,sp,../../textures10/loveg/fal/sprs_wrm_sdry_sflat_d.dds
terrain10,sp_vhot_sdry_fl_tp,sp,../../textures10/loveg/fal/sprs_wrm_sdry_sflat_d.dds
terrain10,sp_vhot_sdry_hill,sp,../../textures10/loveg/fal/sprs_wrm_wet_hill_d.dds
terrain10,sp_vhot_sdry_sflat,sp,../../textures10/loveg/fal/sprs_wrm_sdry_sflat_d.dds
terrain10,sp_vhot_sdry_tr_hill,sp,../../textures10/loveg/fal/sprs_wrm_wet_hill_d.dds
terrain10,sp_vhot_wet_fl_md,sp,../../textures10/loveg/fal/sprs_wrm_wet_sflat_d.dds
terrain10,sp_vhot_wet_hill,sp,../../textures10/human/fal/crpmo_hot_wet_hill_d.dds
terrain10,sp_vhot_wet_sflat,sp,../../textures10/loveg/fal/sprs_wrm_wet_sflat_d.dds
terrain10,sp_vhot_wet_tr_hill,sp,../../textures10/human/fal/crpmo_hot_wet_hill_d.dds
terrain10,sp_wrm_rain_fl_md,sp,../../textures10/loveg/fal/sprs_wrm_wet_sflat_d.dds
terrain10,sp_wrm_rain_hill,sp,../../textures10/human/fal/crpmo_hot_wet_hill_d.dds
terrain10,sp_wrm_rain_sflat,sp,../../textures10/loveg/fal/sprs_wrm_wet_sflat_d.dds
terrain10,sp_wrm_sdry_fl_md,sp,../../textures10/loveg/fal/sprs_wrm_sdry_sflat_d.dds
terrain10,sp_wrm_sdry_hill,sp,../../textures10/loveg/fal/sprs_wrm_sdry_hill_d.dds
terrain10,sp_wrm_sdry_sflat,sp,../../textures10/loveg/fal/sprs_wrm_sdry_sflat_d.dds
terrain10,sp_wrm_wet_fl_md,sp,../../textures10/loveg/fal/sprs_wrm_wet_sflat_d.dds
terrain10,sp_wrm_wet_hill,sp,../../textures10/human/fal/crpmo_hot_wet_hill_d.dds
terrain10,sp_wrm_wet_sflat,sp,../../textures10/loveg/fal/sprs_wrm_wet_sflat_d.dds
terrain10,spr_cld_dry_fl,spr,../../textures10/loveg/sprs_cld_dry_sflat_d.dds
terrain10,spr_cld_sdry_fl,spr,../../textures10/soil/rock_cld_sdry_flat_c.dds
terrain10,spr_cld_sdry_sflat,spr,../../textures10/loveg/fal/sprs_cld_sdry_sflat_d.dds
terrain10,spr_cld_wet_fl,spr,../../textures10/loveg/fal/sprs_cld_wet_flat_c.dds
terrain10,spr_cld_wet_sflat,spr,../../textures10/loveg/fal/sprs_cld_wet_sflat_d.dds
terrain10,spr_hot_rain_sflat,spr,../../textures10/loveg/fal/sprs_wrm_wet_sflat_d.dds
terrain10,spr_hot_sdry_sflat,spr,../../textures10/loveg/fal/sprs_wrm_sdry_sflat_d.dds
terrain10,spr_hot_wet_sflat,spr,../../textures10/loveg/fal/sprs_wrm_wet_sflat_d.dds
terrain10,spr_pol_dry_fl,spr,../../textures10/loveg/sprs_cld_dry_sflat_d.dds
terrain10,spr_pol_sdry_fl,spr,../../textures10/loveg/fal/sprs_vcld_wet_flat_c.dds
terrain10,spr_pol_sdry_sflat,spr,../../textures10/loveg/fal/sprs_vcld_wet_flat_c.dds
terrain10,spr_pol_wet_fl,spr,../../textures10/loveg/fal/sprs_vcld_wet_flat_c.dds
terrain10,spr_pol_wet_sflat,spr,../../textures10/loveg/fal/sprs_cld_wet_hill_d.dds
terrain10,spr_tmp_rain_fl,spr,../../textures10/loveg/fal/grass_cld_wet_flat_c.dds
terrain10,spr_tmp_rain_sflat,spr,../../textures10/loveg/fal/sprs_cld_wet_sflat_d.dds
terrain10,spr_tmp_sdry_fl,spr,../../textures10/loveg/fal/grass_cld_wet_flat_c.dds
terrain10,spr_tmp_sdry_sflat,spr,../../textures10/hiveg/fal/broadl_sp_tmp_wet_flat_c.dds
terrain10,spr_tmp_wet_fl,spr,../../textures10/loveg/fal/grass_cld_wet_flat_c.dds
terrain10,spr_tmp_wet_sflat,spr,../../textures10/loveg/fal/sprs_cld_wet_sflat_d.dds
terrain10,spr_vcld_dry_fl,spr,../../textures10/loveg/sprs_cld_dry_sflat_d.dds
terrain10,spr_vcld_sdry_fl,spr,../../textures10/loveg/fal/sprs_cld_sdry_sflat_d.dds
terrain10,spr_vcld_sdry_sflat,spr,../../textures10/loveg/fal/sprs_cld_sdry_sflat_d.dds
terrain10,spr_vcld_wet_fl,spr,../../textures10/loveg/fal/sprs_vcld_wet_flat_c.dds
terrain10,spr_vcld_wet_sflat,spr,../../textures10/loveg/fal/sprs_vcld_wet_flat_c.dds
terrain10,spr_vhot_rain_sflat,spr,../../textures10/loveg/fal/sprs_wrm_wet_sflat_d.dds
terrain10,spr_vhot_sdry_sflat,spr,../../textures10/loveg/fal/sprs_wrm_sdry_sflat_d.dds
terrain10,spr_vhot_wet_sflat,spr,../../textures10/loveg/fal/sprs_wrm_wet_sflat_d.dds
terrain10,spr_wrm_rain_sflat,spr,../../textures10/loveg/fal/sprs_wrm_wet_sflat_d.dds
terrain10,spr_wrm_sdry_sflat,spr,../../textures10/loveg/fal/sprs_wrm_sdry_sflat_d.dds
terrain10,spr_wrm_wet_sflat,spr,../../textures10/loveg/fal/sprs_wrm_wet_sflat_d.dds
terrain10,sq_crp_cld_dry,sq,../../textures10/human/fal/pastr_tmp_wet_flat_sq_s.dds
terrain10,sq_crp_cld_dry_hill,sq,../../textures10/human/fal/crpmo_tmp_wet_sflat_d.dds
terrain10,sq_crp_cld_dry_sflat,sq,../../textures10/human/fal/pastr_tmp_wet_flat_sq_s.dds
terrain10,sq_crp_cld_rain,sq,../../textures10/human/fal/crp_tmp_wet_flat_sq_s.dds
terrain10,sq_crp_cld_rain_hill,sq,../../textures10/human/fal/crpmo_tmp_wet_sflat_d.dds
terrain10,sq_crp_cld_rain_sflat,sq,../../textures10/human/fal/crp_tmp_wet_sflat_sq_s.dds
terrain10,sq_crp_cld_sdry,sq,../../textures10/human/fal/crp_tmp_wet_flat_sq_s.dds
terrain10,sq_crp_cld_sdry_hill,sq,../../textures10/human/fal/crpmo_tmp_wet_sflat_d.dds
terrain10,sq_crp_cld_sdry_sflat,sq,../../textures10/human/fal/pastr_tmp_wet_flat_sq_s.dds
terrain10,sq_crp_cld_wet,sq,../../textures10/human/fal/crp_tmp_wet_flat_sq_s.dds
terrain10,sq_crp_cld_wet_hill,sq,../../textures10/human/fal/crpmo_tmp_wet_sflat_d.dds
terrain10,sq_crp_cld_wet_sflat,sq,../../textures10/human/fal/pastr_tmp_wet_flat_sq_s.dds
terrain10,sq_crp_hot_dry,sq,../../textures10/human/fal/crp_wrm_dry_flat_sq_s.dds
terrain10,sq_crp_hot_dry_sflat,sq,../../textures10/human/fal/crp_tmp_dry_flat_sq_s.dds
terrain10,sq_crp_hot_rain,sq,../../textures10/human/fal/crp_wrm_rain_flat_sq_s.dds
terrain10,sq_crp_hot_rain_hill,sq,../../textures10/human/fal/crpmo_hot_wet_flat_c.dds
terrain10,sq_crp_hot_rain_sflat,sq,../../textures10/human/fal/crp_wrm_wet_sflat_sq_s.dds
terrain10,sq_crp_hot_sdry,sq,../../textures10/human/fal/crp_wrm_sdry_flat_sq_s.dds
terrain10,sq_crp_hot_sdry_hill,sq,../../textures10/human/fal/crp_tmp_dry_sflat_d.dds
terrain10,sq_crp_hot_sdry_sflat,sq,../../textures10/human/fal/crp_wrm_dry_flat_sq_s.dds
terrain10,sq_crp_hot_wet,sq,../../textures10/human/fal/crp_wrm_wet_flat_sq_s.dds
terrain10,sq_crp_hot_wet_hill,sq,../../textures10/human/fal/crpmo_hot_wet_flat_c.dds
terrain10,sq_crp_hot_wet_sflat,sq,../../textures10/human/fal/crp_wrm_wet_sflat_sq_s.dds
terrain10,sq_crp_tmp_dry,sq,../../textures10/human/fal/crp_tmp_dry_flat_sq_s.dds
terrain10,sq_crp_tmp_dry_hill,sq,../../textures10/human/fal/crp_tmp_dry_sflat_sq_s.dds
terrain10,sq_crp_tmp_dry_sflat,sq,../../textures10/human/fal/crp_tmp_dry_sflat_sq_s.dds
terrain10,sq_crp_tmp_rain,sq,../../textures10/human/fal/crp_tmp_wet_flat_sq_s.dds
terrain10,sq_crp_tmp_rain_hill,sq,../../textures10/human/fal/crp_tmp_wet_hill_d.dds
terrain10,sq_crp_tmp_rain_sflat,sq,../../textures10/human/fal/crp_tmp_wet_sflat_sq_s.dds
terrain10,sq_crp_tmp_sdry,sq,../../textures10/human/fal/crp_tmp_sdry_flat_sq_s.dds
terrain10,sq_crp_tmp_sdry_hill,sq,../../textures10/human/fal/crp_tmp_sdry_sflat_d.dds
terrain10,sq_crp_tmp_sdry_sflat,sq,../../textures10/human/fal/crp_tmp_sdry_sflat_sq_s.dds
terrain10,sq_crp_tmp_wet,sq,../../textures10/human/fal/crp_tmp_wet_flat_sq_s.dds
terrain10,sq_crp_tmp_wet_hill,sq,../../textures10/human/fal/crp_tmp_wet_hill_d.dds
terrain10,sq_crp_tmp_wet_sflat,sq,../../textures10/human/fal/crp_tmp_wet_sflat_sq_s.dds
terrain10,sq_crp_vhot_dry,sq,../../textures10/human/fal/crp_wrm_dry_flat_sq_s.dds
terrain10,sq_crp_vhot_dry_hill,sq,../../textures10/human/fal/crp_tmp_dry_hill_d.dds
terrain10,sq_crp_vhot_dry_sflat,sq,../../textures10/human/fal/crp_wrm_dry_flat_sq_s.dds
terrain10,sq_crp_vhot_rain,sq,../../textures10/human/fal/crp_wrm_rain_flat_sq_s.dds
terrain10,sq_crp_vhot_rain_hill,sq,../../textures10/human/fal/crpmo_hot_wet_flat_c.dds
terrain10,sq_crp_vhot_rain_sflat,sq,../../textures10/human/fal/crp_wrm_wet_sflat_sq_s.dds
terrain10,sq_crp_vhot_sdry,sq,../../textures10/human/fal/crp_wrm_dry_flat_sq_s.dds
terrain10,sq_crp_vhot_sdry_hill,sq,../../textures10/human/fal/crp_tmp_sdry_sflat_d.dds
terrain10,sq_crp_vhot_sdry_sflat,sq,../../textures10/human/fal/crp_wrm_dry_flat_sq_s.dds
terrain10,sq_crp_vhot_wet,sq,../../textures10/human/fal/crp_wrm_wet_flat_sq_s.dds
terrain10,sq_crp_vhot_wet_hill,sq,../../textures10/human/fal/crpmo_hot_wet_flat_c.dds
terrain10,sq_crp_vhot_wet_sflat,sq,../../textures10/human/fal/crp_wrm_wet_sflat_sq_s.dds
terrain10,sq_crp_wrm_dry,sq,../../textures10/human/fal/crp_wrm_dry_flat_sq_s.dds
terrain10,sq_crp_wrm_dry_sflat,sq,../../textures10/human/fal/crp_tmp_dry_flat_sq_s.dds
terrain10,sq_crp_wrm_rain,sq,../../textures10/human/fal/crp_wrm_rain_flat_sq_s.dds
terrain10,sq_crp_wrm_rain_hill,sq,../../textures10/human/fal/crpmo_hot_wet_flat_c.dds
terrain10,sq_crp_wrm_rain_sflat,sq,../../textures10/human/fal/crp_wrm_wet_sflat_sq_s.dds
terrain10,sq_crp_wrm_sdry,sq,../../textures10/human/fal/crp_wrm_sdry_flat_sq_s.dds
terrain10,sq_crp_wrm_sdry_hill,sq,../../textures10/human/fal/crp_tmp_sdry_sflat_d.dds
terrain10,sq_crp_wrm_sdry_sflat,sq,../../textures10/human/fal/crp_tmp_sdry_sflat_sq_s.dds
terrain10,sq_crp_wrm_wet,sq,../../textures10/human/fal/crp_wrm_wet_flat_sq_s.dds
terrain10,sq_crp_wrm_wet_hill,sq,../../textures10/human/fal/crpmo_hot_wet_flat_c.dds
terrain10,sq_crp_wrm_wet_sflat,sq,../../textures10/human/fal/crp_wrm_wet_sflat_sq_s.dds
terrain10,sq_crpirg_cld_dry,sq,../../textures10/human/fal/crp_tmp_dry_flat_sq_s.dds
terrain10,sq_crpirg_cld_dry_hill,sq,../../textures10/human/fal/crp_tmp_dry_sflat_sq_s.dds
terrain10,sq_crpirg_cld_dry_sflat,sq,../../textures10/human/fal/pastr_tmp_wet_flat_sq_s.dds
terrain10,sq_crpirg_cld_rain,sq,../../textures10/human/fal/crp_tmp_wet_flat_sq_s.dds
terrain10,sq_crpirg_cld_rain_hill,sq,../../textures10/human/fal/crp_tmp_sdry_sflat_sq_s.dds
terrain10,sq_crpirg_cld_rain_sflat,sq,../../textures10/human/fal/crp_tmp_wet_sflat_sq_s.dds
terrain10,sq_crpirg_cld_sdry,sq,../../textures10/human/fal/crp_tmp_sdry_flat_sq_s.dds
terrain10,sq_crpirg_cld_sdry_hill,sq,../../textures10/human/fal/crp_tmp_dry_sflat_sq_s.dds
terrain10,sq_crpirg_cld_sdry_sflat,sq,../../textures10/human/fal/crp_tmp_sdry_sflat_sq_s.dds
terrain10,sq_crpirg_cld_wet,sq,../../textures10/human/fal/crp_tmp_wet_flat_sq_s.dds
terrain10,sq_crpirg_cld_wet_hill,sq,../../textures10/human/fal/crp_tmp_sdry_sflat_sq_s.dds
terrain10,sq_crpirg_cld_wet_sflat,sq,../../textures10/human/fal/pastr_tmp_wet_flat_sq_s.dds
terrain10,sq_crpirg_hot_dry,sq,../../textures10/human/fal/crpirg_tmp_dry_flat_sq_s.dds
terrain10,sq_crpirg_hot_dry_sflat,sq,../../textures10/human/fal/crp_tmp_dry_flat_sq_s.dds
terrain10,sq_crpirg_hot_rain,sq,../../textures10/human/fal/crpirg_wrm_wet_flat_sq_s.dds
terrain10,sq_crpirg_hot_rain_hill,sq,../../textures10/human/fal/crpmo_hot_wet_flat_c.dds
terrain10,sq_crpirg_hot_rain_sflat,sq,../../textures10/human/fal/crp_wrm_wet_sflat_sq_s.dds
terrain10,sq_crpirg_hot_sdry,sq,../../textures10/human/fal/crp_wrm_rain_flat_sq_s.dds
terrain10,sq_crpirg_hot_sdry_hill,sq,../../textures10/human/fal/crp_tmp_dry_sflat_d.dds
terrain10,sq_crpirg_hot_sdry_sflat,sq,../../textures10/human/fal/crp_wrm_dry_flat_sq_s.dds
terrain10,sq_crpirg_hot_wet,sq,../../textures10/human/fal/crpirg_wrm_wet_flat_sq_s.dds
terrain10,sq_crpirg_hot_wet_hill,sq,../../textures10/human/fal/crpmo_hot_wet_flat_c.dds
terrain10,sq_crpirg_hot_wet_sflat,sq,../../textures10/human/fal/crp_wrm_wet_sflat_sq_s.dds
terrain10,sq_crpirg_tmp_dry,sq,../../textures10/human/fal/crpirg_tmp_dry_flat_sq_s.dds
terrain10,sq_crpirg_tmp_dry_hill,sq,../../textures10/human/fal/crp_tmp_dry_sflat_sq_s.dds
terrain10,sq_crpirg_tmp_dry_sflat,sq,../../textures10/human/fal/crp_tmp_wet_sflat_sq_s.dds
terrain10,sq_crpirg_tmp_rain,sq,../../textures10/human/fal/crp_tmp_wet_flat_sq_s.dds
terrain10,sq_crpirg_tmp_rain_hill,sq,../../textures10/human/fal/crp_tmp_wet_hill_d.dds
terrain10,sq_crpirg_tmp_rain_sflat,sq,../../textures10/human/fal/crp_tmp_wet_sflat_sq_s.dds
terrain10,sq_crpirg_tmp_sdry,sq,../../textures10/human/fal/crpirg_tmp_dry_flat_sq_s.dds
terrain10,sq_crpirg_tmp_sdry_hill,sq,../../textures10/human/fal/crp_tmp_sdry_sflat_d.dds
terrain10,sq_crpirg_tmp_sdry_sflat,sq,../../textures10/human/fal/crp_tmp_wet_sflat_sq_s.dds
terrain10,sq_crpirg_tmp_wet,sq,../../textures10/human/fal/crp_tmp_wet_flat_sq_s.dds
terrain10,sq_crpirg_tmp_wet_hill,sq,../../textures10/human/fal/crp_tmp_wet_hill_d.dds
terrain10,sq_crpirg_tmp_wet_sflat,sq,../../textures10/human/fal/crp_tmp_wet_sflat_sq_s.dds
terrain10,sq_crpirg_vhot_dry,sq,../../textures10/human/fal/crpirg_wrm_dry_flat_sq_s.dds
terrain10,sq_crpirg_vhot_dry_hill,sq,../../textures10/human/fal/crp_tmp_dry_hill_d.dds
terrain10,sq_crpirg_vhot_dry_sflat,sq,../../textures10/human/fal/crp_wrm_dry_flat_sq_s.dds
terrain10,sq_crpirg_vhot_rain,sq,../../textures10/human/fal/crpirg_wrm_wet_flat_sq_s.dds
terrain10,sq_crpirg_vhot_rain_hill,sq,../../textures10/human/fal/crpmo_hot_wet_flat_c.dds
terrain10,sq_crpirg_vhot_rain_sflat,sq,../../textures10/human/fal/crp_wrm_wet_sflat_sq_s.dds
terrain10,sq_crpirg_vhot_sdry,sq,../../textures10/human/fal/crp_wrm_dry_flat_sq_s.dds
terrain10,sq_crpirg_vhot_sdry_hill,sq,../../textures10/human/fal/crp_tmp_sdry_sflat_d.dds
terrain10,sq_crpirg_vhot_sdry_sflat,sq,../../textures10/human/fal/crp_wrm_dry_flat_sq_s.dds
terrain10,sq_crpirg_vhot_wet,sq,../../textures10/human/fal/crpirg_wrm_wet_flat_sq_s.dds
terrain10,sq_crpirg_vhot_wet_hill,sq,../../textures10/human/fal/crpmo_hot_wet_flat_c.dds
terrain10,sq_crpirg_vhot_wet_sflat,sq,../../textures10/human/fal/crp_wrm_wet_sflat_sq_s.dds
terrain10,sq_crpirg_wrm_dry,sq,../../textures10/human/fal/crpirg_tmp_dry_flat_sq_s.dds
terrain10,sq_crpirg_wrm_dry_sflat,sq,../../textures10/human/fal/crp_tmp_dry_flat_sq_s.dds
terrain10,sq_crpirg_wrm_rain,sq,../../textures10/human/fal/crpirg_wrm_wet_flat_sq_s.dds
terrain10,sq_crpirg_wrm_rain_hill,sq,../../textures10/human/fal/crpmo_hot_wet_flat_c.dds
terrain10,sq_crpirg_wrm_rain_sflat,sq,../../textures10/human/fal/crp_wrm_wet_sflat_sq_s.dds
terrain10,sq_crpirg_wrm_sdry,sq,../../textures10/human/fal/crp_wrm_rain_flat_sq_s.dds
terrain10,sq_crpirg_wrm_sdry_hill,sq,../../textures10/human/fal/crp_tmp_sdry_sflat_d.dds
terrain10,sq_crpirg_wrm_sdry_sflat,sq,../../textures10/human/fal/crp_tmp_sdry_sflat_sq_s.dds
terrain10,sq_crpirg_wrm_wet,sq,../../textures10/human/fal/crpirg_wrm_wet_flat_sq_s.dds
terrain10,sq_crpirg_wrm_wet_hill,sq,../../textures10/human/fal/crpmo_hot_wet_flat_c.dds
terrain10,sq_crpirg_wrm_wet_sflat,sq,../../textures10/human/fal/crp_wrm_wet_sflat_sq_s.dds
terrain10,sq_des_crptwn,sq,../../textures10/human/fal/crp_wrm_dry_flat_sq_s.dds
terrain10,sq_des_crptwnhill,sq,../../textures10/human/fal/crp_tmp_dry_sflat_sq_s.dds
terrain10,sq_dry_crptwn,sq,../../textures10/human/fal/crp_tmp_dry_flat_sq_s.dds
terrain10,sq_dry_crptwnhill,sq,../../textures10/human/fal/crp_tmp_dry_sflat_sq_s.dds
terrain10,sq_fruit_hot_dry,sq,../../textures10/human/fal/fruit_wrm_dry_sq_s.dds
terrain10,sq_fruit_hot_dry_sflat,sq,../../textures10/human/fal/semidry_fruithill.dds
terrain10,sq_fruit_hot_rain,sq,../../textures10/human/fal/fruit_hot_wet_flat_sq_s.dds
terrain10,sq_fruit_hot_rain_hill,sq,../../textures10/human/fal/crp_hot_wet_sflat_d.dds
terrain10,sq_fruit_hot_rain_sflat,sq,../../textures10/human/fal/fruit_hot_wet_flat_sq_s.dds
terrain10,sq_fruit_hot_sdry,sq,../../textures10/human/fal/fruit_wrm_dry_sq_s.dds
terrain10,sq_fruit_hot_sdry_hill,sq,../../textures10/human/fal/crp_tmp_sdry_sflat_d.dds
terrain10,sq_fruit_hot_sdry_sflat,sq,../../textures10/human/fal/fruit_wrm_dry_sq_s.dds
terrain10,sq_fruit_hot_wet,sq,../../textures10/human/fal/fruit_hot_wet_flat_sq_s.dds
terrain10,sq_fruit_hot_wet_hill,sq,../../textures10/human/fal/crp_hot_wet_sflat_d.dds
terrain10,sq_fruit_hot_wet_sflat,sq,../../textures10/human/fal/fruit_hot_wet_flat_sq_s.dds
terrain10,sq_fruit_tmp_dry,sq,../../textures10/human/fal/fruit_wrm_dry_sq_s.dds
terrain10,sq_fruit_tmp_dry_hill,sq,../../textures10/human/fal/fruit_tmp_sdry_sflat.dds
terrain10,sq_fruit_tmp_dry_sflat,sq,../../textures10/human/fal/fruit_wrm_dry_sq_s.dds
terrain10,sq_fruit_tmp_rain,sq,../../textures10/human/fal/fruit_tmp_sdry_flat.dds
terrain10,sq_fruit_tmp_rain_hill,sq,../../textures10/human/fal/fruit_tmp_sdry_sflat.dds
terrain10,sq_fruit_tmp_rain_sflat,sq,../../textures10/human/fal/fruit_tmp_sdry_sflat.dds
terrain10,sq_fruit_tmp_sdry,sq,../../textures10/human/fal/fruit_wrm_dry_sq_s.dds
terrain10,sq_fruit_tmp_sdry_hill,sq,../../textures10/human/fal/fruit_tmp_sdry_sflat.dds
terrain10,sq_fruit_tmp_sdry_sflat,sq,../../textures10/human/fal/fruit_wrm_dry_sq_s.dds
terrain10,sq_fruit_tmp_wet,sq,../../textures10/human/fal/fruit_tmp_sdry_flat.dds
terrain10,sq_fruit_tmp_wet_hill,sq,../../textures10/human/fal/fruit_tmp_sdry_sflat.dds
terrain10,sq_fruit_tmp_wet_sflat,sq,../../textures10/human/fal/fruit_tmp_sdry_sflat.dds
terrain10,sq_fruit_vhot_dry,sq,../../textures10/human/fal/semidry_fruithill.dds
terrain10,sq_fruit_vhot_dry_sflat,sq,../../textures10/human/fal/semidry_fruithill.dds
terrain10,sq_fruit_vhot_rain,sq,../../textures10/human/fal/fruit_hot_wet_flat_sq_s.dds
terrain10,sq_fruit_vhot_rain_hill,sq,../../textures10/human/fal/crp_hot_wet_sflat_d.dds
terrain10,sq_fruit_vhot_rain_sflat,sq,../../textures10/human/fal/fruit_hot_wet_flat_sq_s.dds
terrain10,sq_fruit_vhot_sdry,sq,../../textures10/human/fal/semidry_fruithill.dds
terrain10,sq_fruit_vhot_sdry_hill,sq,../../textures10/human/fal/crp_tmp_sdry_sflat_d.dds
terrain10,sq_fruit_vhot_sdry_sflat,sq,../../textures10/human/fal/semidry_fruithill.dds
terrain10,sq_fruit_vhot_wet,sq,../../textures10/human/fal/fruit_hot_wet_flat_sq_s.dds
terrain10,sq_fruit_vhot_wet_hill,sq,../../textures10/human/fal/crp_hot_wet_sflat_d.dds
terrain10,sq_fruit_vhot_wet_sflat,sq,../../textures10/human/fal/fruit_hot_wet_flat_sq_s.dds
terrain10,sq_fruit_wrm_dry,sq,../../textures10/human/fal/fruit_wrm_dry_sq_s.dds
terrain10,sq_fruit_wrm_dry_hill,sq,../../textures10/human/crp_wrm_dry_hill_d.dds
terrain10,sq_fruit_wrm_dry_sflat,sq,../../textures10/human/fal/fruit_wrm_dry_sq_s.dds
terrain10,sq_fruit_wrm_rain,sq,../../textures10/human/fal/fruit_hot_wet_flat_sq_s.dds
terrain10,sq_fruit_wrm_rain_hill,sq,../../textures10/human/fal/crp_hot_wet_sflat_d.dds
terrain10,sq_fruit_wrm_rain_sflat,sq,../../textures10/human/fal/fruit_hot_wet_flat_sq_s.dds
terrain10,sq_fruit_wrm_sdry,sq,../../textures10/human/fal/fruit_wrm_dry_sq_s.dds
terrain10,sq_fruit_wrm_sdry_hill,sq,../../textures10/human/fal/semidry_fruithill.dds
terrain10,sq_fruit_wrm_sdry_sflat,sq,../../textures10/human/fal/fruit_wrm_dry_sq_s.dds
terrain10,sq_fruit_wrm_wet,sq,../../textures10/human/fal/fruit_hot_wet_flat_sq_s.dds
terrain10,sq_fruit_wrm_wet_hill,sq,../../textures10/human/fal/crp_hot_wet_sflat_d.dds
terrain10,sq_fruit_wrm_wet_sflat,sq,../../textures10/human/fal/fruit_hot_wet_flat_sq_s.dds
terrain10,sq_grass_cld_dry_fl,sq,../../textures10/loveg/fal/grass_cld_wet_flat_c.dds
terrain10,sq_grass_cld_dry_fl_md,sq,../../textures10/loveg/fal/grass_cld_wet_hill_d.dds
terrain10,sq_grass_cld_dry_fl_tp,sq,../../textures10/loveg/fal/grass_cld_wet_sflat_d.dds
terrain10,sq_grass_cld_rain_sflat,sq,../../textures10/loveg/fal/grass_cld_wet_sflat_d.dds
terrain10,sq_grass_cld_sdry_fl,sq,../../textures10/human/fal/pastr_tmp_wet_flat_sq_s.dds
terrain10,sq_grass_cld_sdry_fl_md,sq,../../textures10/loveg/fal/grass_cld_wet_hill_d.dds
terrain10,sq_grass_cld_sdry_fl_tp,sq,../../textures10/human/fal/pastr_tmp_wet_flat_sq_s.dds
terrain10,sq_grass_cld_wet_fl,sq,../../textures10/human/fal/pastr_tmp_wet_flat_sq_s.dds
terrain10,sq_grass_cld_wet_fl_md,sq,../../textures10/loveg/fal/grass_cld_wet_sflat_d.dds
terrain10,sq_grass_cld_wet_fl_tp,sq,../../textures10/human/fal/pastr_tmp_wet_flat_sq_s.dds
terrain10,sq_grass_cld_wet_sflat,sq,../../textures10/loveg/fal/grass_cld_wet_sflat_d.dds
terrain10,sq_grass_tmp_rain_hill,sq,../../textures10/loveg/fal/grass_cld_rain_hill_d.dds
terrain10,sq_grass_tmp_rain_sflat,sq,../../textures10/loveg/fal/grass_cld_wet_sflat_d.dds
terrain10,sq_grass_tmp_sdry_fl,sq,../../textures10/human/fal/pastr_tmp_wet_flat_sq_s.dds
terrain10,sq_grass_tmp_sdry_fl_md,sq,../../textures10/loveg/fal/grass_tmp_sdry_flat_c.dds
terrain10,sq_grass_tmp_sdry_fl_tp,sq,../../textures10/human/fal/pastr_tmp_wet_flat_sq_s.dds
terrain10,sq_grass_tmp_sdry_hill,sq,../../textures10/loveg/fal/grass_tmp_sdry_hill_d.dds
terrain10,sq_grass_tmp_sdry_sflat,sq,../../textures10/loveg/fal/grass_tmp_sdry_flat_c.dds
terrain10,sq_grass_tmp_wet_fl,sq,../../textures10/human/fal/pastr_tmp_wet_flat_sq_s.dds
terrain10,sq_grass_tmp_wet_fl_md,sq,../../textures10/loveg/fal/grass_cld_wet_flat_c.dds
terrain10,sq_grass_tmp_wet_fl_tp,sq,../../textures10/human/fal/pastr_tmp_wet_flat_sq_s.dds
terrain10,sq_grass_tmp_wet_hill,sq,../../textures10/loveg/fal/grass_tmp_wet_hill_d.dds
terrain10,sq_grass_tmp_wet_sflat,sq,../../textures10/loveg/fal/grass_cld_wet_sflat_d.dds
terrain10,sq_grass_wrm_rain_sflat,sq,../../textures10/loveg/fal/grass_hot_rain_sflat_d.dds
terrain10,sq_grass_wrm_sdry_fl,sq,../../textures10/human/fal/pastr_wrm_sdry_flat_sq_c.dds
terrain10,sq_grass_wrm_sdry_fl_md,sq,../../textures10/loveg/fal/grass_tmp_sdry_flat_c.dds
terrain10,sq_grass_wrm_sdry_fl_tp,sq,../../textures10/human/fal/pastr_wrm_sdry_flat_sq_c.dds
terrain10,sq_grass_wrm_sdry_sflat,sq,../../textures10/loveg/fal/grass_tmp_sdry_hill_d.dds
terrain10,sq_grass_wrm_wet_fl,sq,../../textures10/human/fal/pastr_tmp_wet_flat_sq_s.dds
terrain10,sq_grass_wrm_wet_fl_md,sq,../../textures10/human/fal/pastr_tmp_wet_flat_sq_s.dds
terrain10,sq_grass_wrm_wet_fl_tp,sq,../../textures10/human/fal/pastr_tmp_wet_flat_sq_s.dds
terrain10,sq_grass_wrm_wet_sflat,sq,../../textures10/human/fal/pastr_wrm_wet_sflat_d.dds
terrain10,sq_hiland_crptwn,sq,../../textures10/human/fal/crp_tmp_sdry_sflat_sq_s.dds
terrain10,sq_hiland_crptwnhill,sq,../../textures10/human/fal/crpmo_tmp_wet_sflat_d.dds
terrain10,sq_north_crptwn,sq,../../textures10/human/fal/crp_tmp_wet_flat_sq_s.dds
terrain10,sq_north_crptwnhill,sq,../../textures10/human/fal/crpmo_tmp_wet_sflat_d.dds
terrain10,sq_olives_wrm_dry_hill,sq,../../textures10/human/olives_hill.dds
terrain10,sq_olives_wrm_sdry_hill,sq,../../textures10/human/olives_hill.dds
terrain10,sq_olives_wrm_wet_hill,sq,../../textures10/human/olives_hill.dds
terrain10,sq_orch_hot_dry,sq,../../textures10/human/fal/fruit_wrm_dry_sq_s.dds
terrain10,sq_orch_hot_dry_sflat,sq,../../textures10/human/fal/semidry_fruithill.dds
terrain10,sq_orch_hot_rain,sq,../../textures10/human/fal/fruit_hot_wet_flat_sq_s.dds
terrain10,sq_orch_hot_rain_hill,sq,../../textures10/human/fal/crp_hot_wet_sflat_d.dds
terrain10,sq_orch_hot_rain_sflat,sq,../../textures10/human/fal/fruit_hot_wet_flat_sq_s.dds
terrain10,sq_orch_hot_sdry,sq,../../textures10/human/fal/fruit_wrm_dry_sq_s.dds
terrain10,sq_orch_hot_sdry_hill,sq,../../textures10/human/fal/crp_tmp_sdry_sflat_d.dds
terrain10,sq_orch_hot_sdry_sflat,sq,../../textures10/human/fal/fruit_wrm_dry_sq_s.dds
terrain10,sq_orch_hot_wet,sq,../../textures10/human/fal/fruit_hot_wet_flat_sq_s.dds
terrain10,sq_orch_hot_wet_hill,sq,../../textures10/human/fal/crp_hot_wet_sflat_d.dds
terrain10,sq_orch_hot_wet_sflat,sq,../../textures10/human/fal/fruit_hot_wet_flat_sq_s.dds
terrain10,sq_orch_tmp_dry,sq,../../textures10/human/fal/fruit_wrm_dry_sq_s.dds
terrain10,sq_orch_tmp_dry_hill,sq,../../textures10/human/fal/fruit_tmp_sdry_sflat.dds
terrain10,sq_orch_tmp_dry_sflat,sq,../../textures10/human/fal/fruit_wrm_dry_sq_s.dds
terrain10,sq_orch_tmp_rain,sq,../../textures10/human/fal/fruit_tmp_sdry_flat.dds
terrain10,sq_orch_tmp_rain_hill,sq,../../textures10/human/fal/semidry_fruithill.dds
terrain10,sq_orch_tmp_rain_sflat,sq,../../textures10/human/fal/semidry_fruithill.dds
terrain10,sq_orch_tmp_sdry,sq,../../textures10/human/fal/fruit_wrm_dry_sq_s.dds
terrain10,sq_orch_tmp_sdry_hill,sq,../../textures10/human/fal/crp_tmp_sdry_sflat_d.dds
terrain10,sq_orch_tmp_sdry_sflat,sq,../../textures10/human/fal/fruit_wrm_dry_sq_s.dds
terrain10,sq_orch_tmp_wet,sq,../../textures10/human/fal/fruit_tmp_sdry_flat.dds
terrain10,sq_orch_tmp_wet_hill,sq,../../textures10/human/fal/crp_tmp_sdry_sflat_d.dds
terrain10,sq_orch_tmp_wet_sflat,sq,../../textures10/human/fal/fruit_tmp_sdry_flat.dds
terrain10,sq_orch_vhot_dry,sq,../../textures10/human/fal/semidry_fruithill.dds
terrain10,sq_orch_vhot_dry_sflat,sq,../../textures10/human/fal/semidry_fruithill.dds
terrain10,sq_orch_vhot_rain,sq,../../textures10/human/fal/fruit_hot_wet_flat_sq_s.dds
terrain10,sq_orch_vhot_rain_hill,sq,../../textures10/human/fal/crp_hot_wet_sflat_d.dds
terrain10,sq_orch_vhot_rain_sflat,sq,../../textures10/human/fal/fruit_hot_wet_flat_sq_s.dds
terrain10,sq_orch_vhot_sdry,sq,../../textures10/human/fal/semidry_fruithill.dds
terrain10,sq_orch_vhot_sdry_hill,sq,../../textures10/human/fal/crp_tmp_sdry_sflat_d.dds
terrain10,sq_orch_vhot_sdry_sflat,sq,../../textures10/human/fal/semidry_fruithill.dds
terrain10,sq_orch_vhot_wet,sq,../../textures10/human/fal/fruit_hot_wet_flat_sq_s.dds
terrain10,sq_orch_vhot_wet_hill,sq,../../textures10/human/fal/crp_hot_wet_sflat_d.dds
terrain10,sq_orch_vhot_wet_sflat,sq,../../textures10/human/fal/fruit_hot_wet_flat_sq_s.dds
terrain10,sq_orch_wrm_dry,sq,../../textures10/human/fal/fruit_wrm_dry_sq_s.dds
terrain10,sq_orch_wrm_dry_hill,sq,../../textures10/human/crp_wrm_dry_hill_d.dds
terrain10,sq_orch_wrm_dry_sflat,sq,../../textures10/human/fal/fruit_wrm_dry_sq_s.dds
terrain10,sq_orch_wrm_rain,sq,../../textures10/human/fal/fruit_hot_wet_flat_sq_s.dds
terrain10,sq_orch_wrm_rain_hill,sq,../../textures10/human/fal/crp_hot_wet_sflat_d.dds
terrain10,sq_orch_wrm_rain_sflat,sq,../../textures10/human/fal/fruit_hot_wet_flat_sq_s.dds
terrain10,sq_orch_wrm_wet,sq,../../textures10/human/fal/fruit_hot_wet_flat_sq_s.dds
terrain10,sq_orch_wrm_wet_hill,sq,../../textures10/human/fal/crp_hot_wet_sflat_d.dds
terrain10,sq_orch_wrm_wet_sflat,sq,../../textures10/human/fal/fruit_hot_wet_flat_sq_s.dds
terrain10,sq_pastr_cld_rain_sflat,sq,../../textures10/loveg/fal/grass_cld_wet_sflat_d.dds
terrain10,sq_pastr_cld_sdry_fl,sq,../../textures10/human/fal/pastr_tmp_sdry_flat_c.dds
terrain10,sq_pastr_cld_sdry_fl_tp,sq,../../textures10/human/fal/pastr_tmp_sdry_flat_c.dds
terrain10,sq_pastr_cld_wet_fl,sq,../../textures10/human/fal/pastr_tmp_wet_flat_sq_s.dds
terrain10,sq_pastr_cld_wet_fl_md,sq,../../textures10/human/fal/pastr_tmp_wet_flat_sq_s.dds
terrain10,sq_pastr_cld_wet_fl_tp,sq,../../textures10/human/fal/pastr_tmp_wet_flat_sq_s.dds
terrain10,sq_pastr_cld_wet_sflat,sq,../../textures10/human/fal/pastr_cld_wet_flat.dds
terrain10,sq_pastr_hot_rain_sflat,sq,../../textures10/human/fal/pastr_hot_rain_flat_c2.dds
terrain10,sq_pastr_hot_sdry_fl,sq,../../textures10/human/fal/pastr_wrm_sdry_flat_sq_c.dds
terrain10,sq_pastr_hot_sdry_fl_md,sq,../../textures10/human/fal/pastr_wrm_sdry_sflat_d.dds
terrain10,sq_pastr_hot_sdry_fl_tp,sq,../../textures10/human/fal/pastr_wrm_sdry_flat_sq_c.dds
terrain10,sq_pastr_hot_sdry_hill,sq,../../textures10/human/fal/pastr_wrm_sdry_sflat_d.dds
terrain10,sq_pastr_hot_sdry_sflat,sq,../../textures10/human/fal/pastr_wrm_sdry_sflat_d.dds
terrain10,sq_pastr_hot_wet_fl,sq,../../textures10/human/fal/pastr_wrm_wet_flat_sq_c.dds
terrain10,sq_pastr_hot_wet_fl_md,sq,../../textures10/human/fal/pastr_wrm_wet_flat_sq_c.dds
terrain10,sq_pastr_hot_wet_fl_tp,sq,../../textures10/human/fal/pastr_wrm_wet_flat_sq_c.dds
terrain10,sq_pastr_hot_wet_hill,sq,../../textures10/human/fal/pastr_wrm_sdry_sflat_d.dds
terrain10,sq_pastr_hot_wet_sflat,sq,../../textures10/human/fal/pastr_wrm_sdry_sflat_d.dds
terrain10,sq_pastr_tmp_rain_hill,sq,../../textures10/loveg/fal/grass_cld_wet_hill_d.dds
terrain10,sq_pastr_tmp_rain_sflat,sq,../../textures10/human/fal/pastr_tmp_wet_sflat_d.dds
terrain10,sq_pastr_tmp_sdry_fl,sq,../../textures10/human/fal/pastr_tmp_wet_flat_sq_s.dds
terrain10,sq_pastr_tmp_sdry_fl_md,sq,../../textures10/human/fal/pastr_tmp_wet_flat_sq_s.dds
terrain10,sq_pastr_tmp_sdry_fl_tp,sq,../../textures10/human/fal/pastr_tmp_wet_flat_sq_s.dds
terrain10,sq_pastr_tmp_sdry_hill,sq,../../textures10/loveg/fal/grass_tmp_sdry_hill_d.dds
terrain10,sq_pastr_tmp_sdry_sflat,sq,../../textures10/loveg/fal/grass_tmp_sdry_flat_c.dds
terrain10,sq_pastr_tmp_wet_fl,sq,../../textures10/human/fal/pastr_tmp_wet_flat_sq_s.dds
terrain10,sq_pastr_tmp_wet_fl_md,sq,../../textures10/human/fal/pastr_tmp_wet_flat_sq_s.dds
terrain10,sq_pastr_tmp_wet_fl_tp,sq,../../textures10/human/fal/pastr_tmp_wet_flat_sq_s.dds
terrain10,sq_pastr_tmp_wet_hill,sq,../../textures10/loveg/fal/grass_cld_wet_hill_d.dds
terrain10,sq_pastr_tmp_wet_sflat,sq,../../textures10/human/fal/pastr_tmp_wet_sflat_d.dds
terrain10,sq_pastr_vhot_rain_sflat,sq,../../textures10/human/fal/pastr_hot_rain_flat_c2.dds
terrain10,sq_pastr_vhot_sdry_fl,sq,../../textures10/human/fal/pastr_wrm_sdry_flat_sq_c.dds
terrain10,sq_pastr_vhot_sdry_fl_md,sq,../../textures10/human/fal/pastr_wrm_sdry_sflat_d.dds
terrain10,sq_pastr_vhot_sdry_fl_tp,sq,../../textures10/human/fal/pastr_wrm_sdry_flat_sq_c.dds
terrain10,sq_pastr_vhot_sdry_hill,sq,../../textures10/human/fal/pastr_wrm_sdry_sflat_d.dds
terrain10,sq_pastr_vhot_sdry_sflat,sq,../../textures10/human/fal/pastr_wrm_sdry_sflat_d.dds
terrain10,sq_pastr_vhot_wet_fl,sq,../../textures10/human/fal/pastr_wrm_wet_flat_sq_c.dds
terrain10,sq_pastr_vhot_wet_fl_md,sq,../../textures10/human/fal/pastr_wrm_wet_flat_sq_c.dds
terrain10,sq_pastr_vhot_wet_fl_tp,sq,../../textures10/human/fal/pastr_wrm_wet_flat_sq_c.dds
terrain10,sq_pastr_vhot_wet_hill,sq,../../textures10/human/fal/pastr_wrm_sdry_sflat_d.dds
terrain10,sq_pastr_vhot_wet_sflat,sq,../../textures10/human/fal/pastr_wrm_sdry_sflat_d.dds
terrain10,sq_pastr_wrm_rain_fl,sq,../../textures10/human/fal/pastr_wrm_rain_flat_sq_c.dds
terrain10,sq_pastr_wrm_rain_fl_md,sq,../../textures10/human/fal/pastr_wrm_rain_flat_sq_c.dds
terrain10,sq_pastr_wrm_rain_fl_tp,sq,../../textures10/human/fal/pastr_wrm_rain_flat_sq_c.dds
terrain10,sq_pastr_wrm_rain_hill,sq,../../textures10/loveg/fal/grass_cld_wet_hill_d.dds
terrain10,sq_pastr_wrm_rain_sflat,sq,../../textures10/loveg/fal/grass_cld_wet_sflat_d.dds
terrain10,sq_pastr_wrm_sdry_fl,sq,../../textures10/human/fal/pastr_wrm_sdry_flat_sq_c.dds
terrain10,sq_pastr_wrm_sdry_fl_md,sq,../../textures10/human/fal/pastr_wrm_sdry_sflat_d.dds
terrain10,sq_pastr_wrm_sdry_fl_tp,sq,../../textures10/human/fal/pastr_wrm_sdry_flat_sq_c.dds
terrain10,sq_pastr_wrm_sdry_sflat,sq,../../textures10/human/fal/pastr_wrm_sdry_sflat_d.dds
terrain10,sq_pastr_wrm_wet_fl,sq,../../textures10/human/fal/pastr_wrm_wet_flat_sq_c.dds
terrain10,sq_pastr_wrm_wet_fl_md,sq,../../textures10/human/fal/pastr_wrm_wet_flat_sq_c.dds
terrain10,sq_pastr_wrm_wet_fl_tp,sq,../../textures10/human/fal/pastr_wrm_wet_flat_sq_c.dds
terrain10,sq_pastr_wrm_wet_sflat,sq,../../textures10/human/fal/pastr_wrm_wet_sflat_d.dds
terrain10,sq_rainf_crptwn,sq,../../textures10/human/fal/crp_wrm_rain_flat_sq_s.dds
terrain10,sq_rainf_crptwnhill,sq,../../textures10/human/fal/crp_wrm_wet_flat_sq_s.dds
terrain10,sq_semidry_crptwn,sq,../../textures10/human/fal/crp_tmp_sdry_sflat_sq_s.dds
terrain10,sq_semidry_crptwnhill,sq,../../textures10/human/fal/crp_tmp_sdry_sflat_sq_s.dds
terrain10,sq_tmp_crptwn,sq,../../textures10/human/fal/crp_tmp_wet_flat_sq_s.dds
terrain10,sq_tmp_crptwnhill,sq,../../textures10/human/fal/crp_tmp_wet_flat_c2.dds
terrain10,sq_trop_crptwn,sq,../../textures10/human/fal/crp_wrm_rain_flat_sq_s.dds
terrain10,sq_trop_crptwnhill,sq,../../textures10/human/fal/crp_wrm_wet_flat_sq_s.dds
terrain10,tmp_crptwn_irr,tmp,../../textures10/human/fal/crp_tmp_wet_flat_c.dds
terrain10,tmp_crptwnhill_irr,tmp,../../textures10/human/fal/crpmo_tmp_wet_flat_c2.dds
terrain10,trop_crptwn_irr,trop,../../textures10/human/fal/crp_hot_wet_flat_c.dds
terrain10,trop_crptwnhill_irr,trop,../../textures10/human/fal/crpmo_hot_wet_sflat_d.dds
terrain10,tun_grass_cld_dry_fl,tun,../../textures10/loveg/fal/tund_grass_cld_sdry_flat_c.dds
terrain10,tun_grass_cld_dry_fl_md,tun,../../textures10/loveg/fal/sprs_cld_sdry_sflat_d.dds
terrain10,tun_grass_cld_dry_fl_tp,tun,../../textures10/loveg/fal/tund_grass_cld_sdry_flat_c.dds
terrain10,tun_grass_cld_dry_hill,tun,../../textures10/loveg/fal/sprs_cld_sdry_hill_d.dds
terrain10,tun_grass_cld_dry_steep,tun,../../textures10/loveg/fal/sprs_cld_sdry_steep_d.dds
terrain10,tun_grass_cld_rain_hill,tun,../../textures10/loveg/fal/tund_grass_cld_wet_hill_d.dds
terrain10,tun_grass_cld_rain_sflat,tun,../../textures10/loveg/fal/tund_grass_cld_wet_sflat_d.dds
terrain10,tun_grass_cld_sdry_fl,tun,../../textures10/loveg/fal/tund_grass_cld_sdry_flat_c.dds
terrain10,tun_grass_cld_sdry_fl_md,tun,../../textures10/loveg/fal/tund_grass_vcld_wet_sflat_d.dds
terrain10,tun_grass_cld_sdry_fl_tp,tun,../../textures10/loveg/fal/tund_grass_cld_sdry_flat_c.dds
terrain10,tun_grass_cld_sdry_hill,tun,../../textures10/loveg/fal/sprs_cld_sdry_hill_d.dds
terrain10,tun_grass_cld_sdry_steep,tun,../../textures10/loveg/fal/sprs_cld_sdry_steep_d.dds
terrain10,tun_grass_cld_wet_fl,tun,../../textures10/loveg/fal/tund_grass_cld_wet_flat_c.dds
terrain10,tun_grass_cld_wet_fl_md,tun,../../textures10/loveg/fal/tund_grass_vcld_wet_sflat_d.dds
terrain10,tun_grass_cld_wet_fl_tp,tun,../../textures10/loveg/fal/tund_grass_cld_wet_flat_c.dds
terrain10,tun_grass_cld_wet_hill,tun,../../textures10/loveg/fal/tund_grass_cld_wet_hill_d.dds
terrain10,tun_grass_cld_wet_sflat,tun,../../textures10/loveg/fal/tund_grass_cld_wet_sflat_d.dds
terrain10,tun_grass_vcld_dry_fl,tun,../../textures10/loveg/fal/tund_grass_vcld_sdry_flat_c.dds
terrain10,tun_grass_vcld_dry_fl_md,tun,../../textures10/loveg/fal/sprs_cld_sdry_sflat_d.dds
terrain10,tun_grass_vcld_dry_fl_tp,tun,../../textures10/loveg/fal/tund_grass_vcld_sdry_flat_c.dds
terrain10,tun_grass_vcld_dry_hill,tun,../../textures10/loveg/fal/sprs_cld_sdry_hill_d.dds
terrain10,tun_grass_vcld_dry_steep,tun,../../textures10/loveg/fal/sprs_cld_sdry_steep_d.dds
terrain10,tun_grass_vcld_rain_hill,tun,../../textures10/loveg/fal/tund_grass_vcld_wet_hill_d.dds
terrain10,tun_grass_vcld_rain_sflat,tun,../../textures10/loveg/fal/tund_grass_vcld_wet_sflat_d.dds
terrain10,tun_grass_vcld_sdry_fl,tun,../../textures10/loveg/fal/tund_grass_vcld_sdry_flat_c.dds
terrain10,tun_grass_vcld_sdry_fl_md,tun,../../textures10/loveg/fal/tund_grass_vcld_sdry_sflat_d.dds
terrain10,tun_grass_vcld_sdry_fl_tp,tun,../../textures10/loveg/fal/tund_grass_vcld_sdry_flat_c.dds
terrain10,tun_grass_vcld_sdry_hill,tun,../../textures10/loveg/fal/tund_grass_vcld_sdry_hill_d.dds
terrain10,tun_grass_vcld_sdry_steep,tun,../../textures10/loveg/fal/sprs_cld_sdry_steep_d.dds
terrain10,tun_grass_vcld_wet_fl,tun,../../textures10/loveg/fal/tund_grass_vcld_sdry_flat_c.dds
terrain10,tun_grass_vcld_wet_fl_md,tun,../../textures10/loveg/fal/tund_grass_vcld_sdry_sflat_d.dds
terrain10,tun_grass_vcld_wet_fl_tp,tun,../../textures10/loveg/fal/tund_grass_vcld_sdry_flat_c.dds
terrain10,tun_grass_vcld_wet_hill,tun,../../textures10/loveg/fal/tund_grass_vcld_sdry_hill_d.dds
terrain10,tun_grass_vcld_wet_sflat,tun,../../textures10/loveg/fal/tund_grass_vcld_sdry_hill_d.dds
terrain10,tun_shrb_cld_dry_fl,tun,../../textures10/loveg/fal/tund_shrb_cld_wet_flat_c.dds
terrain10,tun_shrb_cld_dry_fl_md,tun,../../textures10/loveg/fal/tund_grass_cld_wet_sflat_d.dds
terrain10,tun_shrb_cld_dry_fl_tp,tun,../../textures10/loveg/fal/tund_shrb_cld_wet_flat_c.dds
terrain10,tun_shrb_cld_dry_hill,tun,../../textures10/loveg/fal/tund_shrb_cld_wet_hill_d.dds
terrain10,tun_shrb_cld_dry_steep,tun,../../textures10/loveg/fal/shrub_cld_sdry_steep_d.dds
terrain10,tun_shrb_cld_rain_hill,tun,../../textures10/loveg/fal/tund_shrb_cld_wet_hill_d.dds
terrain10,tun_shrb_cld_rain_steep,tun,../../textures10/loveg/fal/shrub_cld_rain_steep_d.dds
terrain10,tun_shrb_cld_sdry_fl,tun,../../textures10/loveg/fal/tund_shrb_cld_wet_flat_c.dds
terrain10,tun_shrb_cld_sdry_fl_md,tun,../../textures10/loveg/fal/tund_grass_cld_wet_sflat_d.dds
terrain10,tun_shrb_cld_sdry_fl_tp,tun,../../textures10/loveg/fal/tund_shrb_cld_wet_flat_c.dds
terrain10,tun_shrb_cld_sdry_hill,tun,../../textures10/loveg/fal/tund_shrb_cld_wet_hill_d.dds
terrain10,tun_shrb_cld_sdry_steep,tun,../../textures10/loveg/fal/shrub_cld_sdry_steep_d.dds
terrain10,tun_shrb_cld_wet_fl,tun,../../textures10/loveg/fal/tund_shrb_cld_wet_flat_c.dds
terrain10,tun_shrb_cld_wet_fl_md,tun,../../textures10/loveg/fal/tund_grass_cld_wet_sflat_d.dds
terrain10,tun_shrb_cld_wet_fl_tp,tun,../../textures10/loveg/fal/tund_shrb_cld_wet_flat_c.dds
terrain10,tun_shrb_cld_wet_hill,tun,../../textures10/loveg/fal/tund_shrb_cld_wet_hill_d.dds
terrain10,tun_shrb_cld_wet_steep,tun,../../textures10/loveg/fal/shrub_cld_rain_steep_d.dds
terrain10,tun_shrb_vcld_dry_fl,tun,../../textures10/loveg/fal/tund_grass_vcld_sdry_flat_c.dds
terrain10,tun_shrb_vcld_dry_fl_md,tun,../../textures10/loveg/fal/tund_grass_vcld_sdry_sflat_d.dds
terrain10,tun_shrb_vcld_dry_fl_tp,tun,../../textures10/loveg/fal/tund_grass_vcld_sdry_flat_c.dds
terrain10,tun_shrb_vcld_dry_hill,tun,../../textures10/loveg/fal/tund_grass_vcld_sdry_hill_d.dds
terrain10,tun_shrb_vcld_dry_steep,tun,../../textures10/loveg/fal/tund_grass_vcld_sdry_hill_d.dds
terrain10,tun_shrb_vcld_rain_hill,tun,../../textures10/loveg/fal/tund_grass_vcld_sdry_hill_d.dds
terrain10,tun_shrb_vcld_sdry_fl,tun,../../textures10/loveg/fal/tund_grass_vcld_sdry_flat_c.dds
terrain10,tun_shrb_vcld_sdry_fl_md,tun,../../textures10/loveg/fal/tund_grass_vcld_sdry_sflat_d.dds
terrain10,tun_shrb_vcld_sdry_fl_tp,tun,../../textures10/loveg/fal/tund_grass_vcld_sdry_flat_c.dds
terrain10,tun_shrb_vcld_sdry_hill,tun,../../textures10/loveg/fal/tund_grass_vcld_sdry_hill_d.dds
terrain10,tun_shrb_vcld_sdry_steep,tun,../../textures10/loveg/fal/tund_grass_vcld_sdry_hill_d.dds
terrain10,tun_shrb_vcld_wet_fl,tun,../../textures10/loveg/fal/tund_grass_vcld_sdry_flat_c.dds
terrain10,tun_shrb_vcld_wet_fl_md,tun,../../textures10/loveg/fal/tund_grass_vcld_sdry_sflat_d.dds
terrain10,tun_shrb_vcld_wet_fl_tp,tun,../../textures10/loveg/fal/tund_grass_vcld_sdry_flat_c.dds
terrain10,tun_shrb_vcld_wet_hill,tun,../../textures10/loveg/fal/tund_grass_vcld_sdry_hill_d.dds
terrain10,tun_sp_cld_dry_fl,tun,../../textures10/loveg/tund_sp_cld_sdry_flat_c.dds
terrain10,tun_sp_cld_dry_fl_md,tun,../../textures10/loveg/fal/tund_grass_vcld_sdry_flat_c.dds
terrain10,tun_sp_cld_dry_fl_tp,tun,../../textures10/loveg/tund_sp_cld_sdry_flat_c.dds
terrain10,tun_sp_cld_dry_sflat,tun,../../textures10/loveg/fal/tund_sp_cld_sdry_sflat_d.dds
terrain10,tun_sp_cld_rain_hill,tun,../../textures10/loveg/fal/tund_sp_cld_sdry_hill_d.dds
terrain10,tun_sp_cld_rain_sflat,tun,../../textures10/loveg/fal/tund_sp_cld_sdry_sflat_d.dds
terrain10,tun_sp_cld_sdry_fl,tun,../../textures10/loveg/tund_sp_cld_sdry_flat_c.dds
terrain10,tun_sp_cld_sdry_fl_md,tun,../../textures10/loveg/fal/tund_sp_cld_sdry_sflat_d.dds
terrain10,tun_sp_cld_sdry_fl_tp,tun,../../textures10/loveg/tund_sp_cld_sdry_flat_c.dds
terrain10,tun_sp_cld_sdry_hill,tun,../../textures10/loveg/fal/tund_sp_cld_sdry_hill_d.dds
terrain10,tun_sp_cld_sdry_sflat,tun,../../textures10/loveg/fal/tund_sp_cld_sdry_sflat_d.dds
terrain10,tun_sp_cld_wet_fl,tun,../../textures10/loveg/tund_sp_cld_sdry_flat_c.dds
terrain10,tun_sp_cld_wet_fl_md,tun,../../textures10/loveg/fal/tund_sp_cld_sdry_hill_d.dds
terrain10,tun_sp_cld_wet_fl_tp,tun,../../textures10/loveg/tund_sp_cld_sdry_flat_c.dds
terrain10,tun_sp_cld_wet_grass,tun,../../textures10/loveg/tund_sp_cld_sdry_flat_c.dds
terrain10,tun_sp_cld_wet_hill,tun,../../textures10/loveg/fal/tund_sp_cld_sdry_hill_d.dds
terrain10,tun_sp_cld_wet_sflat,tun,../../textures10/loveg/fal/tund_sp_cld_sdry_sflat_d.dds
terrain10,tun_sp_pol_dry_fl,tun,../../textures10/loveg/sprs_cld_dry_sflat_d.dds
terrain10,tun_sp_pol_dry_fl_tp,tun,../../textures10/loveg/sprs_cld_dry_sflat_d.dds
terrain10,tun_sp_pol_rain_sflat,tun,../../textures10/loveg/fal/tund_sp_cld_sdry_sflat_d.dds
terrain10,tun_sp_pol_sdry_fl,tun,../../textures10/loveg/fal/sprs_cld_sdry_sflat_d.dds
terrain10,tun_sp_pol_sdry_fl_md,tun,../../textures10/loveg/fal/sprs_cld_sdry_hill_d.dds
terrain10,tun_sp_pol_sdry_fl_tp,tun,../../textures10/loveg/fal/sprs_cld_sdry_sflat_d.dds
terrain10,tun_sp_pol_sdry_hill,tun,../../textures10/loveg/fal/sprs_cld_sdry_hill_d.dds
terrain10,tun_sp_pol_sdry_sflat,tun,../../textures10/loveg/fal/sprs_cld_sdry_sflat_d.dds
terrain10,tun_sp_pol_wet_fl,tun,../../textures10/loveg/tund_sp_cld_sdry_flat_c.dds
terrain10,tun_sp_pol_wet_fl_md,tun,../../textures10/loveg/tund_sp_cld_sdry_flat_c.dds
terrain10,tun_sp_pol_wet_fl_tp,tun,../../textures10/loveg/tund_sp_cld_sdry_flat_c.dds
terrain10,tun_sp_pol_wet_hill,tun,../../textures10/loveg/sprs_vcld_rain_hill_d.dds
terrain10,tun_sp_pol_wet_sflat,tun,../../textures10/loveg/fal/tund_sp_cld_sdry_sflat_d.dds
terrain10,tun_sp_vcld_dry_fl,tun,../../textures10/loveg/fal/sprs_cld_sdry_sflat_d.dds
terrain10,tun_sp_vcld_dry_fl_md,tun,../../textures10/loveg/fal/sprs_cld_sdry_hill_d.dds
terrain10,tun_sp_vcld_dry_fl_tp,tun,../../textures10/loveg/fal/sprs_cld_sdry_sflat_d.dds
terrain10,tun_sp_vcld_dry_hill,tun,../../textures10/loveg/fal/sprs_cld_sdry_hill_d.dds
terrain10,tun_sp_vcld_dry_sflat,tun,../../textures10/loveg/fal/sprs_cld_sdry_sflat_d.dds
terrain10,tun_sp_vcld_rain_hill,tun,../../textures10/loveg/fal/tund_sp_cld_sdry_hill_d.dds
terrain10,tun_sp_vcld_rain_sflat,tun,../../textures10/loveg/fal/tund_sp_cld_sdry_sflat_d.dds
terrain10,tun_sp_vcld_sdry_fl,tun,../../textures10/loveg/tund_sp_cld_sdry_flat_c.dds
terrain10,tun_sp_vcld_sdry_fl_md,tun,../../textures10/loveg/fal/sprs_cld_sdry_hill_d.dds
terrain10,tun_sp_vcld_sdry_fl_tp,tun,../../textures10/loveg/tund_sp_cld_sdry_flat_c.dds
terrain10,tun_sp_vcld_sdry_hill,tun,../../textures10/loveg/fal/sprs_cld_sdry_hill_d.dds
terrain10,tun_sp_vcld_sdry_sflat,tun,../../textures10/loveg/fal/tund_sp_cld_sdry_sflat_d.dds
terrain10,tun_sp_vcld_wet_fl,tun,../../textures10/loveg/tund_sp_cld_sdry_flat_c.dds
terrain10,tun_sp_vcld_wet_fl_md,tun,../../textures10/loveg/tund_sp_cld_sdry_flat_c.dds
terrain10,tun_sp_vcld_wet_fl_tp,tun,../../textures10/loveg/tund_sp_cld_sdry_flat_c.dds
terrain10,tun_sp_vcld_wet_grass,tun,../../textures10/loveg/tund_sp_cld_sdry_flat_c.dds
terrain10,tun_sp_vcld_wet_hill,tun,../../textures10/loveg/fal/tund_sp_cld_sdry_hill_d.dds
terrain10,tun_sp_vcld_wet_sflat,tun,../../textures10/loveg/fal/tund_sp_cld_sdry_sflat_d.dds
terrain10,tun_spr_cld_dry_fl,tun,../../textures10/loveg/tund_sp_cld_sdry_flat_c.dds
terrain10,tun_spr_cld_dry_sflat,tun,../../textures10/loveg/fal/tund_sp_cld_sdry_sflat_d.dds
terrain10,tun_spr_cld_sdry_fl,tun,../../textures10/loveg/tund_sp_cld_sdry_flat_c.dds
terrain10,tun_spr_cld_sdry_sflat,tun,../../textures10/loveg/fal/tund_sp_cld_sdry_sflat_d.dds
terrain10,tun_spr_cld_wet_fl,tun,../../textures10/loveg/fal/tund_swamp_cld_s.dds
terrain10,tun_spr_cld_wet_sflat,tun,../../textures10/loveg/fal/tund_sp_cld_sdry_sflat_d.dds
terrain10,tun_spr_pol_dry_fl,tun,../../textures10/loveg/sprs_cld_dry_sflat_d.dds
terrain10,tun_spr_pol_sdry_fl,tun,../../textures10/loveg/fal/tund_swamp_cld_s.dds
terrain10,tun_spr_pol_sdry_sflat,tun,../../textures10/loveg/fal/sprs_cld_sdry_sflat_d.dds
terrain10,tun_spr_pol_wet_fl,tun,../../textures10/loveg/fal/tund_swamp_cld_s.dds
terrain10,tun_spr_pol_wet_sflat,tun,../../textures10/loveg/fal/tund_sp_cld_sdry_sflat_d.dds
terrain10,tun_spr_vcld_dry_fl,tun,../../textures10/loveg/fal/sprs_cld_sdry_sflat_d.dds
terrain10,tun_spr_vcld_dry_sflat,tun,../../textures10/loveg/fal/sprs_cld_sdry_sflat_d.dds
terrain10,tun_spr_vcld_sdry_fl,tun,../../textures10/loveg/tund_sp_cld_sdry_flat_c.dds
terrain10,tun_spr_vcld_sdry_sflat,tun,../../textures10/loveg/fal/tund_sp_cld_sdry_sflat_d.dds
terrain10,tun_spr_vcld_wet_fl,tun,../../textures10/loveg/tund_sp_cld_sdry_flat_c.dds
terrain10,tun_spr_vcld_wet_sflat,tun,../../textures10/loveg/fal/tund_sp_cld_sdry_sflat_d.dds
terrain10,tun_wetl_cld_dry_lo,tun,../../textures10/loveg/fal/tund_swamp_cld_s.dds
terrain10,tun_wetl_cld_dry_tp,tun,../../textures10/loveg/fal/tund_swamp_cld_s.dds
terrain10,tun_wetl_cld_rain_lo,tun,../../textures10/loveg/fal/tund_swamp_cld_s.dds
terrain10,tun_wetl_cld_rain_tp,tun,../../textures10/loveg/fal/tund_swamp_cld_s.dds
terrain10,tun_wetl_cld_sdry_lo,tun,../../textures10/loveg/fal/tund_swamp_cld_s.dds
terrain10,tun_wetl_cld_sdry_tp,tun,../../textures10/loveg/fal/tund_swamp_cld_s.dds
terrain10,tun_wetl_cld_wet_lo,tun,../../textures10/loveg/fal/tund_swamp_cld_s.dds
terrain10,tun_wetl_cld_wet_tp,tun,../../textures10/loveg/fal/tund_swamp_cld_s.dds
terrain10,tun_wetl_vcld_dry_lo,tun,../../textures10/loveg/fal/tund_swamp_cld_s.dds
terrain10,tun_wetl_vcld_dry_tp,tun,../../textures10/loveg/fal/tund_swamp_cld_s.dds
terrain10,tun_wetl_vcld_rain_lo,tun,../../textures10/loveg/fal/tund_swamp_cld_s.dds
terrain10,tun_wetl_vcld_rain_tp,tun,../../textures10/loveg/fal/tund_swamp_cld_s.dds
terrain10,tun_wetl_vcld_sdry_lo,tun,../../textures10/loveg/fal/tund_swamp_cld_s.dds
terrain10,tun_wetl_vcld_sdry_tp,tun,../../textures10/loveg/fal/tund_swamp_cld_s.dds
terrain10,tun_wetl_vcld_wet_lo,tun,../../textures10/loveg/fal/tund_swamp_cld_s.dds
terrain10,tun_wetl_vcld_wet_tp,tun,../../textures10/loveg/fal/tund_swamp_cld_s.dds
terrain10,wetl_cld_dry_lo,wetl,../../textures10/loveg/fal/tund_swamp_cld_s.dds
terrain10,wetl_cld_dry_tp,wetl,../../textures10/loveg/fal/tund_swamp_cld_s.dds
terrain10,wetl_cld_rain_lo,wetl,../../textures10/loveg/fal/tund_swamp_cld_s.dds
terrain10,wetl_cld_rain_tp,wetl,../../textures10/loveg/fal/tund_swamp_cld_s.dds
terrain10,wetl_cld_sdry_lo,wetl,../../textures10/loveg/fal/tund_swamp_cld_s.dds
terrain10,wetl_cld_sdry_tp,wetl,../../textures10/loveg/fal/tund_swamp_cld_s.dds
terrain10,wetl_cld_wet_lo,wetl,../../textures10/loveg/fal/tund_swamp_cld_s.dds
terrain10,wetl_cld_wet_tp,wetl,../../textures10/loveg/fal/tund_swamp_cld_s.dds
terrain10,wetl_hot_dry_lo,wetl,../../textures10/loveg/fal/wetl_wrm_wet_c.dds
terrain10,wetl_hot_dry_md,wetl,../../textures10/loveg/fal/wetl_hot_wet_sflat_c.dds
terrain10,wetl_hot_dry_tp,wetl,../../textures10/loveg/fal/wetl_hot_wet_sflat_c.dds
terrain10,wetl_hot_rain_lo,wetl,../../textures10/loveg/fal/wetl_wdy_hot_rain_c.dds
terrain10,wetl_hot_rain_md,wetl,../../textures10/loveg/fal/wetl_hot_wet_sflat_c.dds
terrain10,wetl_hot_rain_tp,wetl,../../textures10/loveg/fal/wetl_wdy_hot_rain_c.dds
terrain10,wetl_hot_sdry_lo,wetl,../../textures10/loveg/fal/wetl_wrm_wet_c.dds
terrain10,wetl_hot_sdry_md,wetl,../../textures10/loveg/fal/wetl_hot_wet_sflat_c.dds
terrain10,wetl_hot_sdry_tp,wetl,../../textures10/loveg/fal/wetl_hot_wet_sflat_c.dds
terrain10,wetl_hot_wet_lo,wetl,../../textures10/loveg/fal/wetl_wdy_hot_rain_c.dds
terrain10,wetl_hot_wet_md,wetl,../../textures10/loveg/fal/wetl_hot_wet_sflat_c.dds
terrain10,wetl_hot_wet_tp,wetl,../../textures10/loveg/fal/wetl_wdy_hot_rain_c.dds
terrain10,wetl_shrb_cld_dry_lo,wetl,../../textures10/loveg/fal/tund_swamp_cld_s.dds
terrain10,wetl_shrb_cld_dry_tp,wetl,../../textures10/loveg/fal/tund_swamp_cld_s.dds
terrain10,wetl_shrb_cld_rain_lo,wetl,../../textures10/loveg/fal/tund_swamp_cld_s.dds
terrain10,wetl_shrb_cld_rain_tp,wetl,../../textures10/loveg/fal/tund_swamp_cld_s.dds
terrain10,wetl_shrb_cld_sdry_lo,wetl,../../textures10/loveg/fal/tund_swamp_cld_s.dds
terrain10,wetl_shrb_cld_sdry_tp,wetl,../../textures10/loveg/fal/tund_swamp_cld_s.dds
terrain10,wetl_shrb_cld_wet_lo,wetl,../../textures10/loveg/fal/tund_swamp_cld_s.dds
terrain10,wetl_shrb_cld_wet_tp,wetl,../../textures10/loveg/fal/tund_swamp_cld_s.dds
terrain10,wetl_shrb_hot_dry_lo,wetl,../../textures10/loveg/fal/wetl_wrm_wet_c.dds
terrain10,wetl_shrb_hot_dry_md,wetl,../../textures10/loveg/fal/wetl_wrm_wet_c.dds
terrain10,wetl_shrb_hot_dry_tp,wetl,../../textures10/loveg/fal/wetl_wrm_wet_c.dds
terrain10,wetl_shrb_hot_rain_lo,wetl,../../textures10/loveg/fal/wetl_wdy_hot_rain_c.dds
terrain10,wetl_shrb_hot_rain_md,wetl,../../textures10/loveg/fal/wetl_wrm_wet_c.dds
terrain10,wetl_shrb_hot_rain_tp,wetl,../../textures10/loveg/fal/wetl_wdy_hot_rain_c.dds
terrain10,wetl_shrb_hot_sdry_lo,wetl,../../textures10/loveg/fal/wetl_wrm_wet_c.dds
terrain10,wetl_shrb_hot_sdry_md,wetl,../../textures10/loveg/fal/wetl_wrm_wet_c.dds
terrain10,wetl_shrb_hot_sdry_tp,wetl,../../textures10/loveg/fal/wetl_wrm_wet_c.dds
terrain10,wetl_shrb_hot_wet_lo,wetl,../../textures10/loveg/fal/wetl_wdy_hot_rain_c.dds
terrain10,wetl_shrb_hot_wet_md,wetl,../../textures10/loveg/fal/wetl_wrm_wet_c.dds
terrain10,wetl_shrb_hot_wet_tp,wetl,../../textures10/loveg/fal/wetl_wdy_hot_rain_c.dds
terrain10,wetl_shrb_tmp_dry_lo,wetl,../../textures10/loveg/fal/wetl_wdy_tmp_wet_s.dds
terrain10,wetl_shrb_tmp_dry_md,wetl,../../textures10/loveg/fal/wetl_wdy_tmp_wet_s.dds
terrain10,wetl_shrb_tmp_dry_tp,wetl,../../textures10/loveg/fal/wetl_wdy_tmp_wet_s.dds
terrain10,wetl_shrb_tmp_rain_lo,wetl,../../textures10/loveg/fal/wetl_wdy_tmp_wet_s.dds
terrain10,wetl_shrb_tmp_rain_md,wetl,../../textures10/loveg/fal/wetl_wdy_tmp_wet_s.dds
terrain10,wetl_shrb_tmp_rain_tp,wetl,../../textures10/loveg/fal/wetl_wdy_tmp_wet_s.dds
terrain10,wetl_shrb_tmp_sdry_lo,wetl,../../textures10/loveg/fal/wetl_wdy_tmp_wet_s.dds
terrain10,wetl_shrb_tmp_sdry_md,wetl,../../textures10/loveg/fal/wetl_wdy_tmp_wet_s.dds
terrain10,wetl_shrb_tmp_sdry_tp,wetl,../../textures10/loveg/fal/wetl_wdy_tmp_wet_s.dds
terrain10,wetl_shrb_tmp_wet_lo,wetl,../../textures10/loveg/fal/wetl_wdy_tmp_wet_s.dds
terrain10,wetl_shrb_tmp_wet_md,wetl,../../textures10/loveg/fal/wetl_wdy_tmp_wet_s.dds
terrain10,wetl_shrb_tmp_wet_tp,wetl,../../textures10/loveg/fal/wetl_wdy_tmp_wet_s.dds
terrain10,wetl_shrb_vcld_dry_lo,wetl,../../textures10/loveg/fal/tund_swamp_cld_s.dds
terrain10,wetl_shrb_vcld_rain_lo,wetl,../../textures10/loveg/fal/tund_swamp_cld_s.dds
terrain10,wetl_shrb_vcld_rain_tp,wetl,../../textures10/loveg/fal/tund_shrb_cld_wet_flat_c2.dds
terrain10,wetl_shrb_vcld_sdry_lo,wetl,../../textures10/loveg/fal/tund_swamp_cld_s.dds
terrain10,wetl_shrb_vcld_sdry_tp,wetl,../../textures10/loveg/fal/tund_shrb_cld_wet_flat_c2.dds
terrain10,wetl_shrb_vcld_wet_lo,wetl,../../textures10/loveg/fal/tund_swamp_cld_s.dds
terrain10,wetl_shrb_vcld_wet_tp,wetl,../../textures10/loveg/fal/tund_shrb_cld_wet_flat_c2.dds
terrain10,wetl_shrb_wrm_dry_lo,wetl,../../textures10/loveg/fal/wetl_wrm_wet_c.dds
terrain10,wetl_shrb_wrm_dry_md,wetl,../../textures10/loveg/fal/wetl_wrm_wet_c.dds
terrain10,wetl_shrb_wrm_dry_tp,wetl,../../textures10/loveg/fal/wetl_wrm_wet_c.dds
terrain10,wetl_shrb_wrm_rain_lo,wetl,../../textures10/loveg/fal/wetl_wdy_hot_rain_c.dds
terrain10,wetl_shrb_wrm_rain_md,wetl,../../textures10/loveg/fal/wetl_wrm_wet_c.dds
terrain10,wetl_shrb_wrm_rain_tp,wetl,../../textures10/loveg/fal/wetl_wdy_hot_rain_c.dds
terrain10,wetl_shrb_wrm_sdry_lo,wetl,../../textures10/loveg/fal/wetl_wrm_wet_c.dds
terrain10,wetl_shrb_wrm_sdry_md,wetl,../../textures10/loveg/fal/wetl_wrm_wet_c.dds
terrain10,wetl_shrb_wrm_sdry_tp,wetl,../../textures10/loveg/fal/wetl_wrm_wet_c.dds
terrain10,wetl_shrb_wrm_wet_lo,wetl,../../textures10/loveg/fal/wetl_wdy_hot_rain_c.dds
terrain10,wetl_shrb_wrm_wet_md,wetl,../../textures10/loveg/fal/wetl_wrm_wet_c.dds
terrain10,wetl_shrb_wrm_wet_tp,wetl,../../textures10/loveg/fal/wetl_wrm_wet_c.dds
terrain10,wetl_tmp_dry_lo,wetl,../../textures10/loveg/fal/wetl_wdy_tmp_wet_s.dds
terrain10,wetl_tmp_dry_md,wetl,../../textures10/loveg/fal/wetl_wdy_tmp_wet_s.dds
terrain10,wetl_tmp_dry_tp,wetl,../../textures10/loveg/fal/wetl_wdy_tmp_wet_s.dds
terrain10,wetl_tmp_rain_lo,wetl,../../textures10/loveg/fal/wetl_wdy_tmp_wet_s.dds
terrain10,wetl_tmp_rain_md,wetl,../../textures10/loveg/fal/wetl_wdy_tmp_wet_s.dds
terrain10,wetl_tmp_rain_tp,wetl,../../textures10/loveg/fal/wetl_wdy_tmp_wet_s.dds
terrain10,wetl_tmp_sdry_lo,wetl,../../textures10/loveg/fal/wetl_wdy_tmp_wet_s.dds
terrain10,wetl_tmp_sdry_md,wetl,../../textures10/loveg/fal/wetl_wdy_tmp_wet_s.dds
terrain10,wetl_tmp_sdry_tp,wetl,../../textures10/loveg/fal/wetl_wdy_tmp_wet_s.dds
terrain10,wetl_tmp_wet_lo,wetl,../../textures10/loveg/fal/wetl_wdy_tmp_wet_s.dds
terrain10,wetl_tmp_wet_md,wetl,../../textures10/loveg/fal/wetl_wdy_tmp_wet_s.dds
terrain10,wetl_tmp_wet_tp,wetl,../../textures10/loveg/fal/wetl_wdy_tmp_wet_s.dds
terrain10,wetl_vcld_dry_lo,wetl,../../textures10/loveg/fal/tund_swamp_cld_s.dds
terrain10,wetl_vcld_rain_lo,wetl,../../textures10/loveg/fal/tund_swamp_cld_s.dds
terrain10,wetl_vcld_rain_tp,wetl,../../textures10/loveg/fal/tund_shrb_cld_wet_flat_c2.dds
terrain10,wetl_vcld_sdry_lo,wetl,../../textures10/loveg/fal/tund_swamp_cld_s.dds
terrain10,wetl_vcld_sdry_tp,wetl,../../textures10/loveg/fal/tund_shrb_cld_wet_flat_c2.dds
terrain10,wetl_vcld_wet_lo,wetl,../../textures10/loveg/fal/tund_swamp_cld_s.dds
terrain10,wetl_vcld_wet_tp,wetl,../../textures10/loveg/fal/tund_shrb_cld_wet_flat_c2.dds
terrain10,wetl_wdy_cld_dry_lo,wetl,../../textures10/loveg/fal/tund_swamp_cld_s.dds
terrain10,wetl_wdy_cld_dry_tp,wetl,../../textures10/loveg/fal/tund_swamp_cld_s.dds
terrain10,wetl_wdy_cld_rain_lo,wetl,../../textures10/loveg/fal/tund_swamp_cld_s.dds
terrain10,wetl_wdy_cld_rain_tp,wetl,../../textures10/loveg/fal/tund_swamp_cld_s.dds
terrain10,wetl_wdy_cld_sdry_lo,wetl,../../textures10/loveg/fal/tund_swamp_cld_s.dds
terrain10,wetl_wdy_cld_sdry_tp,wetl,../../textures10/loveg/fal/tund_swamp_cld_s.dds
terrain10,wetl_wdy_cld_wet_lo,wetl,../../textures10/loveg/fal/tund_swamp_cld_s.dds
terrain10,wetl_wdy_cld_wet_tp,wetl,../../textures10/loveg/fal/tund_swamp_cld_s.dds
terrain10,wetl_wdy_hot_dry_lo,wetl,../../textures10/loveg/fal/wetl_wdy_tmp_wet_s.dds
terrain10,wetl_wdy_hot_dry_md,wetl,../../textures10/loveg/fal/wetl_wrm_wet_c.dds
terrain10,wetl_wdy_hot_dry_tp,wetl,../../textures10/loveg/fal/wetl_hot_wet_sflat_c.dds
terrain10,wetl_wdy_hot_rain_lo,wetl,../../textures10/loveg/fal/wetl_wdy_hot_rain_c.dds
terrain10,wetl_wdy_hot_rain_md,wetl,../../textures10/loveg/fal/wetl_wdy_hot_rain_c.dds
terrain10,wetl_wdy_hot_rain_tp,wetl,../../textures10/loveg/fal/wetl_wdy_hot_rain_c.dds
terrain10,wetl_wdy_hot_sdry_lo,wetl,../../textures10/loveg/fal/wetl_wdy_tmp_wet_s.dds
terrain10,wetl_wdy_hot_sdry_md,wetl,../../textures10/loveg/fal/wetl_wrm_wet_c.dds
terrain10,wetl_wdy_hot_sdry_tp,wetl,../../textures10/loveg/fal/wetl_hot_wet_sflat_c.dds
terrain10,wetl_wdy_hot_wet_lo,wetl,../../textures10/loveg/fal/wetl_wdy_hot_rain_c.dds
terrain10,wetl_wdy_hot_wet_md,wetl,../../textures10/loveg/fal/wetl_wrm_wet_c.dds
terrain10,wetl_wdy_hot_wet_tp,wetl,../../textures10/loveg/fal/wetl_wdy_hot_rain_c.dds
terrain10,wetl_wdy_tmp_dry_lo,wetl,../../textures10/loveg/fal/wetl_wdy_tmp_wet_s.dds
terrain10,wetl_wdy_tmp_dry_md,wetl,../../textures10/loveg/fal/wetl_wdy_tmp_wet_s.dds
terrain10,wetl_wdy_tmp_dry_tp,wetl,../../textures10/loveg/fal/wetl_wdy_tmp_wet_s.dds
terrain10,wetl_wdy_tmp_rain_lo,wetl,../../textures10/loveg/fal/wetl_wdy_tmp_wet_s.dds
terrain10,wetl_wdy_tmp_rain_md,wetl,../../textures10/loveg/fal/wetl_wdy_tmp_wet_s.dds
terrain10,wetl_wdy_tmp_rain_tp,wetl,../../textures10/loveg/fal/wetl_wdy_tmp_wet_s.dds
terrain10,wetl_wdy_tmp_sdry_lo,wetl,../../textures10/loveg/fal/wetl_wdy_tmp_wet_s.dds
terrain10,wetl_wdy_tmp_sdry_md,wetl,../../textures10/loveg/fal/wetl_wdy_tmp_wet_s.dds
terrain10,wetl_wdy_tmp_sdry_tp,wetl,../../textures10/loveg/fal/wetl_wdy_tmp_wet_s.dds
terrain10,wetl_wdy_tmp_wet_lo,wetl,../../textures10/loveg/fal/wetl_wdy_tmp_wet_s.dds
terrain10,wetl_wdy_tmp_wet_md,wetl,../../textures10/loveg/fal/wetl_wdy_tmp_wet_s.dds
terrain10,wetl_wdy_tmp_wet_tp,wetl,../../textures10/loveg/fal/wetl_wdy_tmp_wet_s.dds
terrain10,wetl_wdy_vcld_dry_lo,wetl,../../textures10/loveg/fal/tund_swamp_cld_s.dds
terrain10,wetl_wdy_vcld_rain_lo,wetl,../../textures10/loveg/fal/tund_swamp_cld_s.dds
terrain10,wetl_wdy_vcld_rain_tp,wetl,../../textures10/loveg/fal/tund_shrb_cld_wet_flat_c2.dds
terrain10,wetl_wdy_vcld_sdry_lo,wetl,../../textures10/loveg/fal/tund_swamp_cld_s.dds
terrain10,wetl_wdy_vcld_sdry_tp,wetl,../../textures10/loveg/fal/tund_shrb_cld_wet_flat_c2.dds
terrain10,wetl_wdy_vcld_wet_lo,wetl,../../textures10/loveg/fal/tund_swamp_cld_s.dds
terrain10,wetl_wdy_vcld_wet_tp,wetl,../../textures10/loveg/fal/tund_shrb_cld_wet_flat_c2.dds
terrain10,wetl_wdy_wrm_dry_lo,wetl,../../textures10/loveg/fal/wetl_wdy_tmp_wet_s.dds
terrain10,wetl_wdy_wrm_dry_md,wetl,../../textures10/loveg/fal/wetl_wrm_wet_c.dds
terrain10,wetl_wdy_wrm_dry_tp,wetl,../../textures10/loveg/fal/wetl_hot_wet_sflat_c.dds
terrain10,wetl_wdy_wrm_rain_lo,wetl,../../textures10/loveg/fal/wetl_wdy_hot_rain_c.dds
terrain10,wetl_wdy_wrm_rain_md,wetl,../../textures10/loveg/fal/wetl_wrm_wet_c.dds
terrain10,wetl_wdy_wrm_rain_tp,wetl,../../textures10/loveg/fal/wetl_wdy_hot_rain_c.dds
terrain10,wetl_wdy_wrm_sdry_lo,wetl,../../textures10/loveg/fal/wetl_wdy_tmp_wet_s.dds
terrain10,wetl_wdy_wrm_sdry_md,wetl,../../textures10/loveg/fal/wetl_wrm_wet_c.dds
terrain10,wetl_wdy_wrm_sdry_tp,wetl,../../textures10/loveg/fal/wetl_hot_wet_sflat_c.dds
terrain10,wetl_wdy_wrm_wet_lo,wetl,../../textures10/loveg/fal/wetl_wdy_hot_rain_c.dds
terrain10,wetl_wdy_wrm_wet_md,wetl,../../textures10/loveg/fal/wetl_wrm_wet_c.dds
terrain10,wetl_wdy_wrm_wet_tp,wetl,../../textures10/loveg/fal/wetl_wrm_wet_c.dds
terrain10,wetl_wrm_dry_lo,wetl,../../textures10/loveg/fal/wetl_wrm_wet_c.dds
terrain10,wetl_wrm_dry_md,wetl,../../textures10/loveg/fal/wetl_wrm_wet_c.dds
terrain10,wetl_wrm_dry_tp,wetl,../../textures10/loveg/fal/wetl_hot_wet_sflat_c.dds
terrain10,wetl_wrm_rain_lo,wetl,../../textures10/loveg/fal/wetl_wdy_hot_rain_c.dds
terrain10,wetl_wrm_rain_md,wetl,../../textures10/loveg/fal/wetl_wrm_wet_c.dds
terrain10,wetl_wrm_rain_tp,wetl,../../textures10/loveg/fal/wetl_wdy_hot_rain_c.dds
terrain10,wetl_wrm_sdry_lo,wetl,../../textures10/loveg/fal/wetl_wrm_wet_c.dds
terrain10,wetl_wrm_sdry_md,wetl,../../textures10/loveg/fal/wetl_wrm_wet_c.dds
terrain10,wetl_wrm_sdry_tp,wetl,../../textures10/loveg/fal/wetl_hot_wet_sflat_c.dds
terrain10,wetl_wrm_wet_lo,wetl,../../textures10/loveg/fal/wetl_wrm_wet_c.dds
terrain10,wetl_wrm_wet_md,wetl,../../textures10/loveg/fal/wetl_wrm_wet_c.dds
terrain10,wetl_wrm_wet_tp,wetl,../../textures10/loveg/fal/wetl_hot_wet_sflat_c.dds
terrain10,fruit_hot_dry,fruit,../textures10/human/fruit_wrm_dry_flat_c.dds
terrain10,fruit_hot_dry_hill,fruit,../textures10/human/crpmo_wrm_dry_sflat_d.dds
terrain10,fruit_hot_dry_sflat,fruit,../textures10/human/crpmo_wrm_dry_sflat_d.dds
terrain10,fruit_hot_rain,fruit,../textures10/human/crpmo_hot_rain_flat_c.dds
terrain10,fruit_hot_rain_hill,fruit,../textures10/human/crpmo_hot_rain_hill_d.dds
terrain10,fruit_hot_rain_sflat,fruit,../textures10/human/crpmo_hot_rain_sflat_d.dds
terrain10,fruit_hot_sdry,fruit,../textures10/human/crpmo_hot_wet_sflat_d.dds
terrain10,fruit_hot_sdry_hill,fruit,../textures10/human/crpmo_hot_wet_sflat_d.dds
terrain10,fruit_hot_sdry_sflat,fruit,../textures10/human/crpmo_hot_wet_sflat_d.dds
terrain10,fruit_hot_wet,fruit,../textures10/human/crpmo_hot_wet_flat_c.dds
terrain10,fruit_hot_wet_hill,fruit,../textures10/human/crpmo_hot_wet_hill_d.dds
terrain10,fruit_hot_wet_sflat,fruit,../textures10/human/crpmo_hot_wet_sflat_d.dds
terrain10,fruit_tmp_dry,fruit,../textures10/human/fruit_tmp_dry_flat_c.dds
terrain10,fruit_tmp_dry_hill,fruit,../textures10/human/fruit_tmp_sdry_sflat.dds
terrain10,fruit_tmp_dry_sflat,fruit,../textures10/human/fruit_tmp_dry_flat_c.dds
terrain10,fruit_tmp_rain,fruit,../textures10/human/fruit_tmp_sdry_flat.dds
terrain10,fruit_tmp_rain_hill,fruit,../textures10/human/fruit_tmp_sdry_sflat.dds
terrain10,fruit_tmp_rain_sflat,fruit,../textures10/human/fruit_tmp_sdry_sflat.dds
terrain10,fruit_tmp_sdry,fruit,../textures10/human/fruit_tmp_sdry_flat.dds
terrain10,fruit_tmp_sdry_hill,fruit,../textures10/human/fruit_tmp_sdry_sflat.dds
terrain10,fruit_tmp_sdry_sflat,fruit,../textures10/human/fruit_tmp_sdry_sflat.dds
terrain10,fruit_tmp_wet,fruit,../textures10/human/fruit_tmp_sdry_flat.dds
terrain10,fruit_tmp_wet_hill,fruit,../textures10/human/fruit_tmp_sdry_sflat.dds
terrain10,fruit_tmp_wet_sflat,fruit,../textures10/human/fruit_tmp_sdry_flat.dds
terrain10,fruit_vhot_dry,fruit,../textures10/human/fruit_wrm_dry_flat_c.dds
terrain10,fruit_vhot_dry_hill,fruit,../textures10/human/crpmo_tmp_sdry_sflat_d.dds
terrain10,fruit_vhot_dry_sflat,fruit,../textures10/human/crpmo_tmp_sdry_sflat_d.dds
terrain10,fruit_vhot_rain,fruit,../textures10/human/crpmo_hot_rain_flat_c.dds
terrain10,fruit_vhot_rain_hill,fruit,../textures10/human/crpmo_hot_rain_hill_d.dds
terrain10,fruit_vhot_rain_sflat,fruit,../textures10/human/crpmo_hot_rain_sflat_d.dds
terrain10,fruit_vhot_sdry,fruit,../textures10/human/fruit_wrm_dry_flat_c.dds
terrain10,fruit_vhot_sdry_hill,fruit,../textures10/human/crpmo_hot_wet_sflat_d.dds
terrain10,fruit_vhot_sdry_sflat,fruit,../textures10/human/crpmo_hot_wet_sflat_d.dds
terrain10,fruit_vhot_wet,fruit,../textures10/human/crpmo_hot_wet_flat_c.dds
terrain10,fruit_vhot_wet_hill,fruit,../textures10/human/crpmo_hot_wet_hill_d.dds
terrain10,fruit_vhot_wet_sflat,fruit,../textures10/human/crpmo_hot_wet_sflat_d.dds
terrain10,fruit_wrm_dry,fruit,../textures10/human/fruit_wrm_dry_flat_c.dds
terrain10,fruit_wrm_dry_hill,fruit,../textures10/human/crp_tmp_dry_hill_d.dds
terrain10,fruit_wrm_dry_sflat,fruit,../textures10/human/crp_tmp_dry_hill_d.dds
terrain10,fruit_wrm_rain,fruit,../textures10/human/crpmo_hot_rain_flat_c.dds
terrain10,fruit_wrm_rain_hill,fruit,../textures10/human/crpmo_hot_rain_hill_d.dds
terrain10,fruit_wrm_rain_sflat,fruit,../textures10/human/crpmo_hot_rain_sflat_d.dds
terrain10,fruit_wrm_sdry,fruit,../textures10/human/fruit_tmp_dry_flat_c.dds
terrain10,fruit_wrm_sdry_hill,fruit,../textures10/human/fruit_tmp_dry_flat_c.dds
terrain10,fruit_wrm_sdry_sflat,fruit,../textures10/human/fruit_tmp_dry_flat_c.dds
terrain10,fruit_wrm_wet,fruit,../textures10/human/crpmo_hot_wet_flat_c.dds
terrain10,fruit_wrm_wet_hill,fruit,../textures10/human/crpmo_hot_wet_hill_d.dds
terrain10,fruit_wrm_wet_sflat,fruit,../textures10/human/crpmo_hot_wet_sflat_d.dds
terrain10,grass_cld_dry_fl,grass,../textures10/loveg/grass_cld_sdry_flat_c.dds
terrain10,grass_cld_dry_fl_md,grass,../textures10/loveg/tund_grass_vcld_sdry_sflat_d.dds
terrain10,grass_cld_dry_fl_tp,grass,../textures10/loveg/grass_cld_sdry_flat_c.dds
terrain10,grass_cld_dry_hill,grass,../textures10/loveg/grass_cld_sdry_hill_d.dds
terrain10,grass_cld_dry_steep,grass,../textures10/loveg/sprs_cld_sdry_steep_d.dds
terrain10,grass_cld_rain_hill,grass,../textures10/loveg/grass_cld_rain_hill_d.dds
terrain10,grass_cld_rain_sflat,grass,../textures10/loveg/grass_cld_wet_sflat_d.dds
terrain10,grass_cld_sdry_fl,grass,../textures10/loveg/grass_cld_sdry_flat_c.dds
terrain10,grass_cld_sdry_fl_md,grass,../textures10/loveg/tund_grass_vcld_sdry_sflat_d.dds
terrain10,grass_cld_sdry_fl_tp,grass,../textures10/loveg/grass_cld_sdry_flat_c.dds
terrain10,grass_cld_sdry_hill,grass,../textures10/loveg/grass_cld_sdry_hill_d.dds
terrain10,grass_cld_sdry_steep,grass,../textures10/loveg/sprs_cld_sdry_steep_d.dds
terrain10,grass_cld_wet_fl,grass,../textures10/loveg/grass_cld_wet_flat_c.dds
terrain10,grass_cld_wet_fl_md,grass,../textures10/loveg/grass_cld_wet_sflat_d.dds
terrain10,grass_cld_wet_fl_tp,grass,../textures10/loveg/grass_cld_wet_flat_c.dds
terrain10,grass_cld_wet_hill,grass,../textures10/loveg/grass_cld_wet_hill_d.dds
terrain10,grass_cld_wet_sflat,grass,../textures10/loveg/grass_cld_wet_sflat_d.dds
terrain10,grass_hot_dry_fl,grass,../textures10/loveg/grass_hot_dry_flat_c.dds
terrain10,grass_hot_dry_fl_md,grass,../textures10/loveg/grass_hot_dry_sflat_d.dds
terrain10,grass_hot_dry_fl_tp,grass,../textures10/loveg/grass_hot_dry_flat_c.dds
terrain10,grass_hot_dry_hill,grass,../textures10/loveg/grass_hot_dry_sflat_d.dds
terrain10,grass_hot_dry_sflat,grass,../textures10/loveg/grass_hot_dry_sflat_d.dds
terrain10,grass_hot_rain_hill,grass,../textures10/loveg/grass_wrm_wet_hill_d.dds
terrain10,grass_hot_rain_sflat,grass,../textures10/loveg/grass_hot_rain_sflat_d.dds
terrain10,grass_hot_sdry_fl,grass,../textures10/loveg/grass_wrm_sdry_flat_c.dds
terrain10,grass_hot_sdry_fl_md,grass,../textures10/human/pastr_wrm_sdry_flat_c.dds
terrain10,grass_hot_sdry_fl_tp,grass,../textures10/loveg/grass_wrm_sdry_flat_c.dds
terrain10,grass_hot_sdry_hill,grass,../textures10/loveg/grass_tmp_dry_sflat_d.dds
terrain10,grass_hot_sdry_sflat,grass,../textures10/loveg/grass_wrm_sdry_flat_c.dds
terrain10,grass_hot_wet_fl,grass,../textures10/loveg/grass_hot_rain_flat_c.dds
terrain10,grass_hot_wet_fl_md,grass,../textures10/loveg/grass_hot_rain_sflat_d.dds
terrain10,grass_hot_wet_fl_tp,grass,../textures10/loveg/grass_hot_rain_flat_c.dds
terrain10,grass_hot_wet_hill,grass,../textures10/loveg/grass_wrm_wet_hill_d.dds
terrain10,grass_hot_wet_sflat,grass,../textures10/loveg/grass_wrm_wet_sflat_d.dds
terrain10,grass_pol_dry_fl,grass,../textures10/loveg/sprs_cld_sdry_sflat_d.dds
terrain10,grass_pol_dry_fl_md,grass,../textures10/loveg/sprs_cld_dry_sflat_d.dds
terrain10,grass_pol_dry_fl_tp,grass,../textures10/loveg/sprs_cld_sdry_sflat_d.dds
terrain10,grass_pol_dry_hill,grass,../textures10/loveg/sprs_cld_dry_hill_d.dds
terrain10,grass_pol_dry_steep,grass,../textures10/loveg/sprs_cld_dry_hill_d.dds
terrain10,grass_pol_rain_hill,grass,../textures10/loveg/grass_cld_sdry_hill_d.dds
terrain10,grass_pol_rain_steep,grass,../textures10/loveg/grass_cld_sdry_hill_d.dds
terrain10,grass_pol_sdry_fl,grass,../textures10/loveg/grass_cld_sdry_flat_c.dds
terrain10,grass_pol_sdry_fl_md,grass,../textures10/loveg/tund_grass_vcld_sdry_sflat_d.dds
terrain10,grass_pol_sdry_fl_tp,grass,../textures10/loveg/grass_cld_sdry_flat_c.dds
terrain10,grass_pol_sdry_hill,grass,../textures10/loveg/sprs_cld_sdry_hill_d.dds
terrain10,grass_pol_sdry_steep,grass,../textures10/loveg/sprs_cld_sdry_steep_d.dds
terrain10,grass_pol_wet_fl,grass,../textures10/loveg/tund_grass_cld_wet_flat_c.dds
terrain10,grass_pol_wet_fl_md,grass,../textures10/loveg/grass_cld_sdry_hill_d.dds
terrain10,grass_pol_wet_fl_tp,grass,../textures10/loveg/tund_grass_cld_wet_flat_c.dds
terrain10,grass_pol_wet_hill,grass,../textures10/loveg/grass_cld_sdry_hill_d.dds
terrain10,grass_pol_wet_steep,grass,../textures10/loveg/grass_cld_sdry_hill_d.dds
terrain10,grass_rainforest_fl,grass,../textures10/loveg/grass_hot_rain_flat_c.dds
terrain10,grass_rainforest_fl_md,grass,../textures10/loveg/grass_hot_rain_sflat_d.dds
terrain10,grass_rainforest_fl_tp,grass,../textures10/loveg/grass_hot_rain_flat_c.dds
terrain10,grass_rainforest_hill,grass,../textures10/loveg/grass_wrm_wet_hill_d.dds
terrain10,grass_tmp_dry_fl,grass,../textures10/loveg/grass_tmp_dry_flat_c.dds
terrain10,grass_tmp_dry_fl_md,grass,../textures10/loveg/grass_tmp_dry_hill_d.dds
terrain10,grass_tmp_dry_fl_tp,grass,../textures10/loveg/grass_tmp_dry_flat_c.dds
terrain10,grass_tmp_dry_hill,grass,../textures10/loveg/grass_tmp_dry_hill_d.dds
terrain10,grass_tmp_dry_sflat,grass,../textures10/loveg/grass_tmp_dry_sflat_d.dds
terrain10,grass_tmp_rain_hill,grass,../textures10/loveg/grass_cld_rain_hill_d.dds
terrain10,grass_tmp_rain_sflat,grass,../textures10/loveg/grass_cld_wet_sflat_d.dds
terrain10,grass_tmp_sdry_fl,grass,../textures10/loveg/grass_tmp_sdry_flat_c.dds
terrain10,grass_tmp_sdry_fl_md,grass,../textures10/loveg/grass_tmp_dry_sflat_d.dds
terrain10,grass_tmp_sdry_fl_tp,grass,../textures10/loveg/grass_tmp_sdry_flat_c.dds
terrain10,grass_tmp_sdry_hill,grass,../textures10/loveg/grass_tmp_sdry_hill_d.dds
terrain10,grass_tmp_sdry_sflat,grass,../textures10/loveg/grass_tmp_dry_sflat_d.dds
terrain10,grass_tmp_wet_fl,grass,../textures10/loveg/grass_tmp_wet_flat.dds
terrain10,grass_tmp_wet_fl_md,grass,../textures10/loveg/grass_cld_wet_sflat_d.dds
terrain10,grass_tmp_wet_fl_tp,grass,../textures10/loveg/grass_tmp_wet_flat.dds
terrain10,grass_tmp_wet_hill,grass,../textures10/loveg/grass_tmp_wet_hill_d.dds
terrain10,grass_tmp_wet_sflat,grass,../textures10/loveg/grass_cld_wet_sflat_d.dds
terrain10,grass_vcld_dry_fl,grass,../textures10/loveg/sprs_cld_dry_sflat_d.dds
terrain10,grass_vcld_dry_fl_md,grass,../textures10/loveg/sprs_cld_dry_sflat_d.dds
terrain10,grass_vcld_dry_fl_tp,grass,../textures10/loveg/sprs_cld_dry_sflat_d.dds
terrain10,grass_vcld_dry_hill,grass,../textures10/loveg/sprs_cld_dry_hill_d.dds
terrain10,grass_vcld_dry_steep,grass,../textures10/loveg/sprs_cld_dry_hill_d.dds
terrain10,grass_vcld_rain_hill,grass,../textures10/loveg/grass_cld_wet_hill_d.dds
terrain10,grass_vcld_rain_sflat,grass,../textures10/loveg/tund_grass_vcld_wet_sflat_d.dds
terrain10,grass_vcld_sdry_fl,grass,../textures10/loveg/tund_grass_vcld_sdry_flat_c.dds
terrain10,grass_vcld_sdry_fl_md,grass,../textures10/loveg/sprs_cld_sdry_sflat_d.dds
terrain10,grass_vcld_sdry_fl_tp,grass,../textures10/loveg/tund_grass_vcld_sdry_flat_c.dds
terrain10,grass_vcld_sdry_hill,grass,../textures10/loveg/sprs_cld_sdry_hill_d.dds
terrain10,grass_vcld_sdry_steep,grass,../textures10/loveg/sprs_cld_sdry_steep_d.dds
terrain10,grass_vcld_wet_fl,grass,../textures10/loveg/tund_grass_cld_wet_flat_c.dds
terrain10,grass_vcld_wet_fl_md,grass,../textures10/loveg/tund_grass_vcld_wet_sflat_d.dds
terrain10,grass_vcld_wet_fl_tp,grass,../textures10/loveg/tund_grass_cld_wet_flat_c.dds
terrain10,grass_vcld_wet_hill,grass,../textures10/loveg/grass_cld_wet_hill_d.dds
terrain10,grass_vcld_wet_sflat,grass,../textures10/loveg/tund_grass_vcld_wet_sflat_d.dds
terrain10,grass_vhot_dry_fl,grass,../textures10/loveg/grass_hot_dry_flat_c.dds
terrain10,grass_vhot_dry_fl_md,grass,../textures10/loveg/grass_hot_dry_sflat_d.dds
terrain10,grass_vhot_dry_fl_tp,grass,../textures10/loveg/grass_hot_dry_flat_c.dds
terrain10,grass_vhot_dry_hill,grass,../textures10/loveg/grass_hot_dry_sflat_d.dds
terrain10,grass_vhot_dry_sflat,grass,../textures10/loveg/grass_hot_dry_sflat_d.dds
terrain10,grass_vhot_rain_hill,grass,../textures10/loveg/grass_hot_rain_sflat_d.dds
terrain10,grass_vhot_rain_sflat,grass,../textures10/loveg/grass_hot_rain_sflat_d.dds
terrain10,grass_vhot_sdry_fl,grass,../textures10/loveg/grass_wrm_sdry_flat_c.dds
terrain10,grass_vhot_sdry_fl_md,grass,../textures10/human/pastr_wrm_sdry_flat_c.dds
terrain10,grass_vhot_sdry_fl_tp,grass,../textures10/loveg/grass_wrm_sdry_flat_c.dds
terrain10,grass_vhot_sdry_hill,grass,../textures10/loveg/grass_wrm_sdry_flat_c.dds
terrain10,grass_vhot_sdry_sflat,grass,../textures10/loveg/grass_wrm_sdry_flat_c.dds
terrain10,grass_vhot_wet_fl,grass,../textures10/loveg/grass_wrm_wet_flat_c.dds
terrain10,grass_vhot_wet_fl_md,grass,../textures10/loveg/grass_wrm_wet_sflat_d.dds
terrain10,grass_vhot_wet_fl_tp,grass,../textures10/loveg/grass_wrm_wet_flat_c.dds
terrain10,grass_vhot_wet_hill,grass,../textures10/loveg/grass_wrm_wet_hill_d.dds
terrain10,grass_vhot_wet_sflat,grass,../textures10/loveg/grass_wrm_wet_sflat_d.dds
terrain10,grass_wrm_dry_fl,grass,../textures10/loveg/grass_wrm_dry_flat_c.dds
terrain10,grass_wrm_dry_fl_md,grass,../textures10/loveg/grass_wrm_dry_sflat_d.dds
terrain10,grass_wrm_dry_fl_tp,grass,../textures10/loveg/grass_wrm_dry_flat_c.dds
terrain10,grass_wrm_dry_hill,grass,../textures10/loveg/grass_wrm_dry_sflat_d.dds
terrain10,grass_wrm_dry_sflat,grass,../textures10/loveg/grass_wrm_dry_sflat_d.dds
terrain10,grass_wrm_rain_hill,grass,../textures10/loveg/grass_wrm_wet_hill_d.dds
terrain10,grass_wrm_rain_sflat,grass,../textures10/loveg/grass_wrm_wet_sflat_d.dds
terrain10,grass_wrm_sdry_fl,grass,../textures10/human/pastr_wrm_sdry_flat_c.dds
terrain10,grass_wrm_sdry_fl_md,grass,../textures10/human/pastr_wrm_sdry_flat_c.dds
terrain10,grass_wrm_sdry_fl_tp,grass,../textures10/loveg/grass_wrm_sdry_flat_c.dds
terrain10,grass_wrm_sdry_hill,grass,../textures10/loveg/grass_tmp_sdry_hill_d.dds
terrain10,grass_wrm_sdry_sflat,grass,../textures10/loveg/grass_wrm_sdry_flat_c.dds
terrain10,grass_wrm_wet_fl,grass,../textures10/loveg/grass_wrm_wet_flat_c.dds
terrain10,grass_wrm_wet_fl_md,grass,../textures10/loveg/grass_wrm_wet_sflat_d.dds
terrain10,grass_wrm_wet_fl_tp,grass,../textures10/loveg/grass_wrm_wet_flat_c.dds
terrain10,grass_wrm_wet_hill,grass,../textures10/loveg/grass_wrm_wet_hill_d.dds
terrain10,grass_wrm_wet_sflat,grass,../textures10/loveg/grass_wrm_wet_sflat_d.dds
terrain10,hiland_crptwn_irr,hiland,../textures10/human/crp_tmp_wet_flat_c.dds
terrain10,hiland_crptwnhill_irr,hiland,../textures10/human/crpmo_tmp_wet_sflat_d.dds
terrain10,ice_cld_dry_flat,ice,../textures10/soil/ice_cld_wet_sflat_d.dds
terrain10,ice_cld_dry_flat_lo,ice,../textures10/soil/ice_cld_wet_sflat_d.dds
terrain10,ice_cld_dry_hill,ice,../textures10/soil/ice_cld_wet_hill_d.dds
terrain10,ice_cld_dry_sflat,ice,../textures10/soil/ice_cld_wet_sflat_d.dds
terrain10,ice_cld_dry_sflat_lo,ice,../textures10/soil/ice_cld_wet_sflat_d.dds
terrain10,ice_cld_dry_steep,ice,../textures10/soil/snow_vcld_rain_steep_d.dds
terrain10,ice_cld_dry_steep_tp,ice,../textures10/soil/ice_cld_wet_hill_d.dds
terrain10,ice_cld_rain_flat,ice,../textures10/soil/ice_cld_wet_sflat_d.dds
terrain10,ice_cld_rain_flat_lo,ice,../textures10/soil/ice_cld_wet_sflat_d.dds
terrain10,ice_cld_rain_hill,ice,../textures10/soil/ice_cld_wet_hill_d.dds
terrain10,ice_cld_rain_sflat,ice,../textures10/soil/ice_cld_wet_sflat_d.dds
terrain10,ice_cld_rain_sflat_lo,ice,../textures10/soil/ice_cld_wet_sflat_d.dds
terrain10,ice_cld_rain_steep,ice,../textures10/soil/ice_cld_wet_steep_d.dds
terrain10,ice_cld_rain_steep_tp,ice,../textures10/soil/ice_cld_wet_hill_d.dds
terrain10,ice_cld_sdry_flat,ice,../textures10/soil/ice_cld_wet_sflat_d.dds
terrain10,ice_cld_sdry_flat_lo,ice,../textures10/soil/ice_cld_wet_sflat_d.dds
terrain10,ice_cld_sdry_hill,ice,../textures10/soil/ice_cld_wet_hill_d.dds
terrain10,ice_cld_sdry_sflat,ice,../textures10/soil/ice_cld_wet_sflat_d.dds
terrain10,ice_cld_sdry_sflat_lo,ice,../textures10/soil/ice_cld_wet_sflat_d.dds
terrain10,ice_cld_sdry_steep,ice,../textures10/soil/snow_vcld_rain_steep_d.dds
terrain10,ice_cld_sdry_steep_tp,ice,../textures10/soil/ice_cld_wet_hill_d.dds
terrain10,ice_cld_wet_flat,ice,../textures10/soil/ice_cld_wet_sflat_d.dds
terrain10,ice_cld_wet_flat_lo,ice,../textures10/soil/ice_cld_wet_sflat_d.dds
terrain10,ice_cld_wet_hill,ice,../textures10/soil/ice_cld_wet_hill_d.dds
terrain10,ice_cld_wet_sflat,ice,../textures10/soil/ice_cld_wet_sflat_d.dds
terrain10,ice_cld_wet_sflat_lo,ice,../textures10/soil/ice_cld_wet_sflat_d.dds
terrain10,ice_cld_wet_steep,ice,../textures10/soil/ice_cld_wet_steep_d.dds
terrain10,ice_cld_wet_steep_tp,ice,../textures10/soil/ice_cld_wet_hill_d.dds
terrain10,ice_pol_dry_flat,ice,../textures10/soil/ice_pol_sflat.dds
terrain10,ice_pol_dry_flat_lo,ice,../textures10/soil/ice_pol_sflat.dds
terrain10,ice_pol_dry_hill,ice,../textures10/soil/ice_pol_hill_d.dds
terrain10,ice_pol_dry_sflat,ice,../textures10/soil/ice_pol_sflat.dds
terrain10,ice_pol_dry_sflat_lo,ice,../textures10/soil/ice_pol_sflat.dds
terrain10,ice_pol_dry_steep,ice,../textures10/soil/ice_pol_tp_d.dds
terrain10,ice_pol_dry_steep_tp,ice,../textures10/soil/rock_pol_rain_steep_d.dds
terrain10,ice_pol_rain_flat,ice,../textures10/soil/ice_pol_sflat.dds
terrain10,ice_pol_rain_flat_lo,ice,../textures10/soil/ice_pol_sflat.dds
terrain10,ice_pol_rain_hill,ice,../textures10/soil/ice_pol_hill_d.dds
terrain10,ice_pol_rain_sflat,ice,../textures10/soil/ice_pol_hill_d.dds
terrain10,ice_pol_rain_sflat_lo,ice,../textures10/soil/ice_pol_hill_d.dds
terrain10,ice_pol_rain_steep,ice,../textures10/soil/ice_pol_steep_d.dds
terrain10,ice_pol_rain_steep_tp,ice,../textures10/soil/ice_vpol_tp_d.dds
terrain10,ice_pol_sdry_flat,ice,../textures10/soil/ice_pol_sflat.dds
terrain10,ice_pol_sdry_flat_lo,ice,../textures10/soil/ice_pol_sflat.dds
terrain10,ice_pol_sdry_hill,ice,../textures10/soil/ice_pol_hill_d.dds
terrain10,ice_pol_sdry_sflat,ice,../textures10/soil/ice_pol_sflat.dds
terrain10,ice_pol_sdry_sflat_lo,ice,../textures10/soil/ice_pol_sflat.dds
terrain10,ice_pol_sdry_steep,ice,../textures10/soil/ice_pol_tp_d.dds
terrain10,ice_pol_sdry_steep_tp,ice,../textures10/soil/rock_vpol_steep_d.dds
terrain10,ice_pol_wet_flat,ice,../textures10/soil/ice_pol_sflat.dds
terrain10,ice_pol_wet_flat_lo,ice,../textures10/soil/ice_pol_sflat.dds
terrain10,ice_pol_wet_hill,ice,../textures10/soil/ice_pol_steep_d.dds
terrain10,ice_pol_wet_sflat,ice,../textures10/soil/ice_pol_hill_d.dds
terrain10,ice_pol_wet_sflat_lo,ice,../textures10/soil/ice_pol_hill_d.dds
terrain10,ice_pol_wet_steep,ice,../textures10/soil/ice_pol_steep_d.dds
terrain10,ice_pol_wet_steep_tp,ice,../textures10/soil/ice_pol_tp_d.dds
terrain10,ice_tmp_dry_flat,ice,../textures10/soil/ice_cld_wet_sflat_d.dds
terrain10,ice_tmp_dry_flat_lo,ice,../textures10/soil/ice_cld_wet_sflat_d.dds
terrain10,ice_tmp_dry_hill,ice,../textures10/soil/ice_cld_wet_hill_d.dds
terrain10,ice_tmp_dry_sflat,ice,../textures10/soil/ice_cld_wet_sflat_d.dds
terrain10,ice_tmp_dry_sflat_lo,ice,../textures10/soil/ice_cld_wet_sflat_d.dds
terrain10,ice_tmp_dry_steep,ice,../textures10/soil/snow_vcld_rain_steep_d.dds
terrain10,ice_tmp_dry_steep_tp,ice,../textures10/soil/ice_cld_wet_hill_d.dds
terrain10,ice_tmp_rain_flat,ice,../textures10/soil/ice_cld_wet_sflat_d.dds
terrain10,ice_tmp_rain_flat_lo,ice,../textures10/soil/ice_cld_wet_sflat_d.dds
terrain10,ice_tmp_rain_hill,ice,../textures10/soil/ice_cld_wet_hill_d.dds
terrain10,ice_tmp_rain_sflat,ice,../textures10/soil/ice_cld_wet_sflat_d.dds
terrain10,ice_tmp_rain_sflat_lo,ice,../textures10/soil/ice_cld_wet_sflat_d.dds
terrain10,ice_tmp_rain_steep,ice,../textures10/soil/cliff_ice_cld.dds
terrain10,ice_tmp_rain_steep_tp,ice,../textures10/soil/ice_cld_wet_hill_d.dds
terrain10,ice_tmp_sdry_flat,ice,../textures10/soil/ice_cld_wet_sflat_d.dds
terrain10,ice_tmp_sdry_flat_lo,ice,../textures10/soil/ice_cld_wet_sflat_d.dds
terrain10,ice_tmp_sdry_hill,ice,../textures10/soil/ice_cld_wet_hill_d.dds
terrain10,ice_tmp_sdry_sflat,ice,../textures10/soil/ice_cld_wet_sflat_d.dds
terrain10,ice_tmp_sdry_sflat_lo,ice,../textures10/soil/ice_cld_wet_sflat_d.dds
terrain10,ice_tmp_sdry_steep,ice,../textures10/soil/snow_vcld_rain_steep_d.dds
terrain10,ice_tmp_sdry_steep_tp,ice,../textures10/soil/ice_cld_wet_hill_d.dds
terrain10,ice_tmp_wet_flat,ice,../textures10/soil/ice_cld_wet_sflat_d.dds
terrain10,ice_tmp_wet_flat_lo,ice,../textures10/soil/ice_cld_wet_sflat_d.dds
terrain10,ice_tmp_wet_hill,ice,../textures10/soil/ice_cld_wet_hill_d.dds
terrain10,ice_tmp_wet_sflat,ice,../textures10/soil/ice_cld_wet_sflat_d.dds
terrain10,ice_tmp_wet_sflat_lo,ice,../textures10/soil/ice_cld_wet_sflat_d.dds
terrain10,ice_tmp_wet_steep,ice,../textures10/soil/cliff_ice_cld.dds
terrain10,ice_tmp_wet_steep_tp,ice,../textures10/soil/ice_cld_wet_hill_d.dds
terrain10,ice_vcld_dry_flat,ice,../textures10/soil/ice_vcld_wet_sflat_d.dds
terrain10,ice_vcld_dry_flat_lo,ice,../textures10/soil/ice_vcld_wet_sflat_d.dds
terrain10,ice_vcld_dry_hill,ice,../textures10/soil/ice_vcld_wet_hill_d.dds
terrain10,ice_vcld_dry_sflat,ice,../textures10/soil/ice_vcld_wet_sflat_d.dds
terrain10,ice_vcld_dry_sflat_lo,ice,../textures10/soil/ice_vcld_wet_sflat_d.dds
terrain10,ice_vcld_dry_steep,ice,../textures10/soil/ice_vcld_wet_steep_d.dds
terrain10,ice_vcld_dry_steep_tp,ice,../textures10/soil/rock_pol_wet_steep_d.dds
terrain10,ice_vcld_rain_flat,ice,../textures10/soil/ice_vcld_wet_sflat_d.dds
terrain10,ice_vcld_rain_flat_lo,ice,../textures10/soil/ice_vcld_wet_sflat_d.dds
terrain10,ice_vcld_rain_hill,ice,../textures10/soil/ice_vcld_wet_hill_d.dds
terrain10,ice_vcld_rain_sflat,ice,../textures10/soil/ice_vcld_wet_sflat_d.dds
terrain10,ice_vcld_rain_sflat_lo,ice,../textures10/soil/ice_vcld_wet_sflat_d.dds
terrain10,ice_vcld_rain_steep,ice,../textures10/soil/ice_vcld_wet_steep_d.dds
terrain10,ice_vcld_rain_steep_tp,ice,../textures10/soil/ice_pol_tp_d.dds
terrain10,ice_vcld_sdry_flat,ice,../textures10/soil/ice_vcld_wet_sflat_d.dds
terrain10,ice_vcld_sdry_flat_lo,ice,../textures10/soil/ice_vcld_wet_sflat_d.dds
terrain10,ice_vcld_sdry_hill,ice,../textures10/soil/ice_vcld_wet_hill_d.dds
terrain10,ice_vcld_sdry_sflat,ice,../textures10/soil/ice_vcld_wet_sflat_d.dds
terrain10,ice_vcld_sdry_sflat_lo,ice,../textures10/soil/ice_vcld_wet_sflat_d.dds
terrain10,ice_vcld_sdry_steep,ice,../textures10/soil/ice_vcld_wet_steep_d.dds
terrain10,ice_vcld_sdry_steep_tp,ice,../textures10/soil/rock_pol_rain_steep_d.dds
terrain10,ice_vcld_wet_flat,ice,../textures10/soil/ice_vcld_wet_sflat_d.dds
terrain10,ice_vcld_wet_flat_lo,ice,../textures10/soil/ice_vcld_wet_sflat_d.dds
terrain10,ice_vcld_wet_hill,ice,../textures10/soil/ice_vcld_wet_hill_d.dds
terrain10,ice_vcld_wet_sflat,ice,../textures10/soil/ice_vcld_wet_sflat_d.dds
terrain10,ice_vcld_wet_sflat_lo,ice,../textures10/soil/ice_vcld_wet_sflat_d.dds
terrain10,ice_vcld_wet_steep,ice,../textures10/soil/ice_vcld_wet_steep_d.dds
terrain10,ice_vcld_wet_steep_tp,ice,../textures10/soil/ice_pol_tp_d.dds
terrain10,ice_vpol_dry_flat,ice,../textures10/soil/ice_pol_sflat.dds
terrain10,ice_vpol_dry_flat_lo,ice,../textures10/soil/ice_pol_sflat.dds
terrain10,ice_vpol_dry_hill,ice,../textures10/soil/ice_vpol_hill_d.dds
terrain10,ice_vpol_dry_sflat,ice,../textures10/soil/ice_pol_sflat.dds
terrain10,ice_vpol_dry_sflat_lo,ice,../textures10/soil/ice_pol_sflat.dds
terrain10,ice_vpol_dry_steep,ice,../textures10/soil/ice_vpol_steep_d.dds
terrain10,ice_vpol_dry_steep_tp,ice,../textures10/soil/rock_vpol_steep_d.dds
terrain10,ice_vpol_rain_flat,ice,../textures10/soil/ice_pol_sflat.dds
terrain10,ice_vpol_rain_flat_lo,ice,../textures10/soil/ice_pol_sflat.dds
terrain10,ice_vpol_rain_hill,ice,../textures10/soil/ice_vpol_hill_d.dds
terrain10,ice_vpol_rain_sflat,ice,../textures10/soil/ice_pol_sflat.dds
terrain10,ice_vpol_rain_sflat_lo,ice,../textures10/soil/ice_pol_sflat.dds
terrain10,ice_vpol_rain_steep,ice,../textures10/soil/ice_vpol_steep_d.dds
terrain10,ice_vpol_rain_steep_tp,ice,../textures10/soil/ice_vpol_tp_d.dds
terrain10,ice_vpol_sdry_flat,ice,../textures10/soil/ice_pol_sflat.dds
terrain10,ice_vpol_sdry_flat_lo,ice,../textures10/soil/ice_pol_sflat.dds
terrain10,ice_vpol_sdry_hill,ice,../textures10/soil/ice_vpol_hill_d.dds
terrain10,ice_vpol_sdry_sflat,ice,../textures10/soil/ice_pol_sflat.dds
terrain10,ice_vpol_sdry_sflat_lo,ice,../textures10/soil/ice_pol_sflat.dds
terrain10,ice_vpol_sdry_steep,ice,../textures10/soil/ice_vpol_steep_d.dds
terrain10,ice_vpol_sdry_steep_tp,ice,../textures10/soil/rock_vpol_steep_d.dds
terrain10,ice_vpol_wet_flat,ice,../textures10/soil/ice_pol_sflat.dds
terrain10,ice_vpol_wet_flat_lo,ice,../textures10/soil/ice_pol_sflat.dds
terrain10,ice_vpol_wet_hill,ice,../textures10/soil/ice_vpol_hill_d.dds
terrain10,ice_vpol_wet_sflat,ice,../textures10/soil/ice_pol_sflat.dds
terrain10,ice_vpol_wet_sflat_lo,ice,../textures10/soil/ice_pol_sflat.dds
terrain10,ice_vpol_wet_steep,ice,../textures10/soil/ice_vpol_steep_d.dds
terrain10,ice_vpol_wet_steep_tp,ice,../textures10/soil/ice_vpol_tp_d.dds
terrain10,mine_cld_dry_fl,mine,../textures10/human/mine_cld_flat.dds
terrain10,mine_cld_dry_fl_md,mine,../textures10/human/mine_cld_flat.dds
terrain10,mine_cld_dry_fl_tp,mine,../textures10/human/mine_cld_flat.dds
terrain10,mine_cld_dry_hill,mine,../textures10/human/mine_cld_hill_d.dds
terrain10,mine_cld_dry_sflat,mine,../textures10/human/mine_cld_hill_d.dds
terrain10,mine_cld_rain,mine,../textures10/human/mine_cld_flat.dds
terrain10,mine_cld_rain_hill,mine,../textures10/human/mine_cld_hill_d.dds
terrain10,mine_cld_rain_md,mine,../textures10/human/mine_cld_flat.dds
terrain10,mine_cld_rain_sflat,mine,../textures10/human/mine_cld_hill_d.dds
terrain10,mine_cld_rain_tp,mine,../textures10/human/mine_cld_flat.dds
terrain10,mine_cld_sdry,mine,../textures10/human/mine_cld_flat.dds
terrain10,mine_cld_sdry_hill,mine,../textures10/human/mine_cld_hill_d.dds
terrain10,mine_cld_sdry_md,mine,../textures10/human/mine_cld_flat.dds
terrain10,mine_cld_sdry_sflat,mine,../textures10/human/mine_cld_hill_d.dds
terrain10,mine_cld_sdry_tp,mine,../textures10/human/mine_cld_flat.dds
terrain10,mine_cld_wet,mine,../textures10/human/mine_cld_flat.dds
terrain10,mine_cld_wet_hill,mine,../textures10/human/mine_cld_hill_d.dds
terrain10,mine_cld_wet_md,mine,../textures10/human/mine_cld_flat.dds
terrain10,mine_cld_wet_sflat,mine,../textures10/human/mine_cld_hill_d.dds
terrain10,mine_cld_wet_tp,mine,../textures10/human/mine_cld_flat.dds
terrain10,mine_hot_dry_fl,mine,../textures10/human/mine_wrm_flat.dds
terrain10,mine_hot_dry_fl_md,mine,../textures10/human/mine_wrm_flat.dds
terrain10,mine_hot_dry_fl_tp,mine,../textures10/human/mine_wrm_flat.dds
terrain10,mine_hot_dry_hill,mine,../textures10/human/mine_wrm_hill_d.dds
terrain10,mine_hot_dry_sflat,mine,../textures10/human/mine_wrm_hill_d.dds
terrain10,mine_hot_rain_fl,mine,../textures10/human/mine_wrm_flat.dds
terrain10,mine_hot_rain_fl_md,mine,../textures10/human/mine_wrm_flat.dds
terrain10,mine_hot_rain_fl_tp,mine,../textures10/human/mine_wrm_flat.dds
terrain10,mine_hot_rain_hill,mine,../textures10/human/mine_wrm_hill_d.dds
terrain10,mine_hot_rain_sflat,mine,../textures10/human/mine_wrm_hill_d.dds
terrain10,mine_hot_sdry_fl,mine,../textures10/human/mine_wrm_flat.dds
terrain10,mine_hot_sdry_fl_md,mine,../textures10/human/mine_wrm_flat.dds
terrain10,mine_hot_sdry_fl_tp,mine,../textures10/human/mine_wrm_flat.dds
terrain10,mine_hot_sdry_hill,mine,../textures10/human/mine_wrm_hill_d.dds
terrain10,mine_hot_sdry_sflat,mine,../textures10/human/mine_wrm_hill_d.dds
terrain10,mine_hot_wet_fl,mine,../textures10/human/mine_wrm_flat.dds
terrain10,mine_hot_wet_fl_md,mine,../textures10/human/mine_wrm_flat.dds
terrain10,mine_hot_wet_fl_tp,mine,../textures10/human/mine_wrm_flat.dds
terrain10,mine_hot_wet_hill,mine,../textures10/human/mine_wrm_hill_d.dds
terrain10,mine_hot_wet_sflat,mine,../textures10/human/mine_wrm_flat.dds
terrain10,mine_tmp_dry_fl,mine,../textures10/human/mine_wrm_flat.dds
terrain10,mine_tmp_dry_fl_md,mine,../textures10/human/mine_wrm_flat.dds
terrain10,mine_tmp_dry_fl_tp,mine,../textures10/human/mine_wrm_flat.dds
terrain10,mine_tmp_dry_hill,mine,../textures10/human/mine_wrm_hill_d.dds
terrain10,mine_tmp_dry_sflat,mine,../textures10/human/mine_wrm_flat.dds
terrain10,mine_tmp_rain_fl,mine,../textures10/human/mine_cld_flat.dds
terrain10,mine_tmp_rain_fl_md,mine,../textures10/human/mine_cld_flat.dds
terrain10,mine_tmp_rain_fl_tp,mine,../textures10/human/mine_cld_flat.dds
terrain10,mine_tmp_rain_hill,mine,../textures10/human/mine_cld_hill_d.dds
terrain10,mine_tmp_rain_sflat,mine,../textures10/human/mine_cld_hill_d.dds
terrain10,mine_tmp_sdry_fl,mine,../textures10/human/mine_cld_flat.dds
terrain10,mine_tmp_sdry_fl_md,mine,../textures10/human/mine_cld_flat.dds
terrain10,mine_tmp_sdry_fl_tp,mine,../textures10/human/mine_cld_flat.dds
terrain10,mine_tmp_sdry_hill,mine,../textures10/human/mine_cld_hill_d.dds
terrain10,mine_tmp_sdry_sflat,mine,../textures10/human/mine_cld_hill_d.dds
terrain10,mine_tmp_wet_fl,mine,../textures10/human/mine_cld_flat.dds
terrain10,mine_tmp_wet_fl_md,mine,../textures10/human/mine_cld_flat.dds
terrain10,mine_tmp_wet_fl_tp,mine,../textures10/human/mine_cld_flat.dds
terrain10,mine_tmp_wet_hill,mine,../textures10/human/mine_cld_hill_d.dds
terrain10,mine_tmp_wet_sflat,mine,../textures10/human/mine_cld_hill_d.dds
terrain10,mine_vcld_dry_fl,mine,../textures10/human/mine_cld_flat.dds
terrain10,mine_vcld_dry_fl_md,mine,../textures10/human/mine_cld_flat.dds
terrain10,mine_vcld_dry_fl_tp,mine,../textures10/human/mine_cld_flat.dds
terrain10,mine_vcld_dry_hill,mine,../textures10/human/mine_cld_hill_d.dds
terrain10,mine_vcld_dry_sflat,mine,../textures10/human/mine_cld_hill_d.dds
terrain10,mine_vcld_rain,mine,../textures10/human/mine_cld_flat.dds
terrain10,mine_vcld_rain_hill,mine,../textures10/human/mine_cld_hill_d.dds
terrain10,mine_vcld_rain_md,mine,../textures10/human/mine_cld_flat.dds
terrain10,mine_vcld_rain_sflat,mine,../textures10/human/mine_cld_hill_d.dds
terrain10,mine_vcld_rain_tp,mine,../textures10/human/mine_cld_flat.dds
terrain10,mine_vcld_sdry,mine,../textures10/human/mine_cld_flat.dds
terrain10,mine_vcld_sdry_hill,mine,../textures10/human/mine_cld_hill_d.dds
terrain10,mine_vcld_sdry_md,mine,../textures10/human/mine_cld_flat.dds
terrain10,mine_vcld_sdry_sflat,mine,../textures10/human/mine_cld_hill_d.dds
terrain10,mine_vcld_sdry_tp,mine,../textures10/human/mine_cld_flat.dds
terrain10,mine_vcld_wet,mine,../textures10/human/mine_cld_flat.dds
terrain10,mine_vcld_wet_hill,mine,../textures10/human/mine_cld_hill_d.dds
terrain10,mine_vcld_wet_md,mine,../textures10/human/mine_cld_flat.dds
terrain10,mine_vcld_wet_sflat,mine,../textures10/human/mine_cld_hill_d.dds
terrain10,mine_vcld_wet_tp,mine,../textures10/human/mine_cld_flat.dds
terrain10,mine_vhot_dry_fl,mine,../textures10/human/mine_wrm_flat.dds
terrain10,mine_vhot_dry_fl_md,mine,../textures10/human/mine_wrm_flat.dds
terrain10,mine_vhot_dry_fl_tp,mine,../textures10/human/mine_wrm_flat.dds
terrain10,mine_vhot_dry_hill,mine,../textures10/human/mine_wrm_hill_d.dds
terrain10,mine_vhot_dry_sflat,mine,../textures10/human/mine_wrm_hill_d.dds
terrain10,mine_vhot_rain_fl,mine,../textures10/human/mine_wrm_flat.dds
terrain10,mine_vhot_rain_fl_md,mine,../textures10/human/mine_wrm_flat.dds
terrain10,mine_vhot_rain_fl_tp,mine,../textures10/human/mine_wrm_flat.dds
terrain10,mine_vhot_rain_hill,mine,../textures10/human/mine_wrm_hill_d.dds
terrain10,mine_vhot_rain_sflat,mine,../textures10/human/mine_wrm_hill_d.dds
terrain10,mine_vhot_sdry_fl,mine,../textures10/human/mine_wrm_flat.dds
terrain10,mine_vhot_sdry_fl_md,mine,../textures10/human/mine_wrm_flat.dds
terrain10,mine_vhot_sdry_fl_tp,mine,../textures10/human/mine_wrm_flat.dds
terrain10,mine_vhot_sdry_hill,mine,../textures10/human/mine_wrm_hill_d.dds
terrain10,mine_vhot_sdry_sflat,mine,../textures10/human/mine_wrm_hill_d.dds
terrain10,mine_vhot_wet_fl,mine,../textures10/human/mine_wrm_flat.dds
terrain10,mine_vhot_wet_fl_md,mine,../textures10/human/mine_wrm_flat.dds
terrain10,mine_vhot_wet_fl_tp,mine,../textures10/human/mine_wrm_flat.dds
terrain10,mine_vhot_wet_hill,mine,../textures10/human/mine_wrm_hill_d.dds
terrain10,mine_vhot_wet_sflat,mine,../textures10/human/mine_wrm_hill_d.dds
terrain10,mine_wrm_dry_fl,mine,../textures10/human/mine_wrm_flat.dds
terrain10,mine_wrm_dry_fl_md,mine,../textures10/human/mine_wrm_flat.dds
terrain10,mine_wrm_dry_fl_tp,mine,../textures10/human/mine_wrm_flat.dds
terrain10,mine_wrm_dry_hill,mine,../textures10/human/mine_wrm_hill_d.dds
terrain10,mine_wrm_dry_sflat,mine,../textures10/human/mine_wrm_hill_d.dds
terrain10,mine_wrm_rain_fl,mine,../textures10/human/mine_wrm_flat.dds
terrain10,mine_wrm_rain_fl_md,mine,../textures10/human/mine_wrm_flat.dds
terrain10,mine_wrm_rain_fl_tp,mine,../textures10/human/mine_wrm_flat.dds
terrain10,mine_wrm_rain_hill,mine,../textures10/human/mine_wrm_hill_d.dds
terrain10,mine_wrm_rain_sflat,mine,../textures10/human/mine_wrm_hill_d.dds
terrain10,mine_wrm_sdry_fl,mine,../textures10/human/mine_wrm_flat.dds
terrain10,mine_wrm_sdry_fl_md,mine,../textures10/human/mine_wrm_flat.dds
terrain10,mine_wrm_sdry_fl_tp,mine,../textures10/human/mine_wrm_flat.dds
terrain10,mine_wrm_sdry_hill,mine,../textures10/human/mine_wrm_hill_d.dds
terrain10,mine_wrm_sdry_sflat,mine,../textures10/human/mine_wrm_hill_d.dds
terrain10,mine_wrm_wet_fl,mine,../textures10/human/mine_wrm_flat.dds
terrain10,mine_wrm_wet_fl_md,mine,../textures10/human/mine_wrm_flat.dds
terrain10,mine_wrm_wet_fl_tp,mine,../textures10/human/mine_wrm_flat.dds
terrain10,mine_wrm_wet_hill,mine,../textures10/human/mine_wrm_hill_d.dds
terrain10,mine_wrm_wet_sflat,mine,../textures10/human/mine_wrm_hill_d.dds
terrain10,morn_cld_dry_fl,morn,../textures10/soil/morn_cld_sdry_sflat_d.dds
terrain10,morn_cld_dry_fl_md,morn,../textures10/soil/morn_cld_sdry_md_d.dds
terrain10,morn_cld_dry_fl_tp,morn,../textures10/soil/morn_cld_sdry_sflat_d.dds
terrain10,morn_cld_dry_hill,morn,../textures10/soil/morn_cld_sdry_hill_d.dds
terrain10,morn_cld_dry_sflat,morn,../textures10/soil/morn_cld_sdry_sflat_d.dds
terrain10,morn_cld_rain,morn,../textures10/soil/morn_cld_sdry_flat_d.dds
terrain10,morn_cld_rain_hill,morn,../textures10/soil/morn_vcld_wet_hill_d.dds
terrain10,morn_cld_rain_md,morn,../textures10/soil/morn_cld_sdry_md_d.dds
terrain10,morn_cld_rain_sflat,morn,../textures10/soil/morn_cld_sdry_sflat_d.dds
terrain10,morn_cld_rain_tp,morn,../textures10/soil/morn_cld_sdry_flat_d.dds
terrain10,morn_cld_sdry,morn,../textures10/soil/morn_cld_sdry_flat_d.dds
terrain10,morn_cld_sdry_hill,morn,../textures10/soil/morn_cld_sdry_hill_d.dds
terrain10,morn_cld_sdry_md,morn,../textures10/soil/morn_cld_sdry_md_d.dds
terrain10,morn_cld_sdry_sflat,morn,../textures10/soil/morn_cld_sdry_sflat_d.dds
terrain10,morn_cld_sdry_tp,morn,../textures10/soil/morn_cld_sdry_flat_d.dds
terrain10,morn_cld_wet,morn,../textures10/soil/morn_cld_sdry_flat_d.dds
terrain10,morn_cld_wet_hill,morn,../textures10/soil/morn_cld_sdry_hill_d.dds
terrain10,morn_cld_wet_md,morn,../textures10/soil/morn_cld_sdry_md_d.dds
terrain10,morn_cld_wet_sflat,morn,../textures10/soil/morn_cld_sdry_sflat_d.dds
terrain10,morn_cld_wet_tp,morn,../textures10/soil/morn_cld_sdry_flat_d.dds
terrain10,morn_pol_dry,morn,../textures10/soil/morn_cld_sdry_flat_d.dds
terrain10,morn_pol_dry_hill,morn,../textures10/soil/morn_vcld_wet_hill_d.dds
terrain10,morn_pol_dry_md,morn,../textures10/soil/morn_cld_sdry_md_d.dds
terrain10,morn_pol_dry_sflat,morn,../textures10/soil/morn_cld_sdry_sflat_d.dds
terrain10,morn_pol_dry_tp,morn,../textures10/soil/morn_cld_sdry_flat_d.dds
terrain10,morn_pol_rain,morn,../textures10/soil/morn_vcld_sdry_sflat_d.dds
terrain10,morn_pol_rain_hill,morn,../textures10/soil/scree_vcld_wet_d.dds
terrain10,morn_pol_rain_md,morn,../textures10/soil/morn_cld_sdry_md_d.dds
terrain10,morn_pol_rain_sflat,morn,../textures10/soil/morn_vcld_sdry_sflat_d.dds
terrain10,morn_pol_rain_tp,morn,../textures10/soil/morn_vcld_sdry_sflat_d.dds
terrain10,morn_pol_sdry,morn,../textures10/soil/morn_cld_sdry_flat_d.dds
terrain10,morn_pol_sdry_hill,morn,../textures10/soil/morn_vcld_wet_hill_d.dds
terrain10,morn_pol_sdry_md,morn,../textures10/soil/morn_cld_sdry_md_d.dds
terrain10,morn_pol_sdry_sflat,morn,../textures10/soil/morn_cld_sdry_sflat_d.dds
terrain10,morn_pol_sdry_tp,morn,../textures10/soil/morn_cld_sdry_flat_d.dds
terrain10,morn_pol_wet,morn,../textures10/soil/morn_vcld_sdry_sflat_d.dds
terrain10,morn_pol_wet_hill,morn,../textures10/soil/scree_vcld_wet_d.dds
terrain10,morn_pol_wet_md,morn,../textures10/soil/morn_cld_sdry_md_d.dds
terrain10,morn_pol_wet_sflat,morn,../textures10/soil/morn_cld_sdry_sflat_d.dds
terrain10,morn_pol_wet_tp,morn,../textures10/soil/morn_vcld_sdry_sflat_d.dds
terrain10,morn_tmp_dry_fl,morn,../textures10/soil/morn_cld_sdry_sflat_d.dds
terrain10,morn_tmp_dry_fl_md,morn,../textures10/soil/morn_cld_sdry_md_d.dds
terrain10,morn_tmp_dry_fl_tp,morn,../textures10/soil/morn_cld_sdry_sflat_d.dds
terrain10,morn_tmp_dry_hill,morn,../textures10/soil/morn_cld_sdry_hill_d.dds
terrain10,morn_tmp_dry_sflat,morn,../textures10/soil/morn_cld_sdry_sflat_d.dds
terrain10,morn_tmp_rain_fl,morn,../textures10/soil/morn_cld_sdry_flat_d.dds
terrain10,morn_tmp_rain_fl_md,morn,../textures10/soil/morn_cld_sdry_md_d.dds
terrain10,morn_tmp_rain_fl_tp,morn,../textures10/soil/morn_cld_sdry_flat_d.dds
terrain10,morn_tmp_rain_hill,morn,../textures10/soil/morn_cld_sdry_hill_d.dds
terrain10,morn_tmp_rain_sflat,morn,../textures10/soil/morn_cld_sdry_sflat_d.dds
terrain10,morn_tmp_sdry_fl,morn,../textures10/soil/morn_cld_sdry_flat_d.dds
terrain10,morn_tmp_sdry_fl_md,morn,../textures10/soil/morn_cld_sdry_md_d.dds
terrain10,morn_tmp_sdry_fl_tp,morn,../textures10/soil/morn_cld_sdry_flat_d.dds
terrain10,morn_tmp_sdry_hill,morn,../textures10/soil/morn_cld_sdry_hill_d.dds
terrain10,morn_tmp_sdry_sflat,morn,../textures10/soil/morn_cld_sdry_sflat_d.dds
terrain10,morn_tmp_wet_fl,morn,../textures10/soil/morn_cld_sdry_flat_d.dds
terrain10,morn_tmp_wet_fl_md,morn,../textures10/soil/morn_cld_sdry_md_d.dds
terrain10,morn_tmp_wet_fl_tp,morn,../textures10/soil/morn_cld_sdry_flat_d.dds
terrain10,morn_tmp_wet_hill,morn,../textures10/soil/morn_cld_sdry_hill_d.dds
terrain10,morn_tmp_wet_sflat,morn,../textures10/soil/morn_cld_sdry_sflat_d.dds
terrain10,morn_vcld_dry_fl,morn,../textures10/soil/morn_cld_sdry_sflat_d.dds
terrain10,morn_vcld_dry_fl_md,morn,../textures10/soil/morn_cld_sdry_md_d.dds
terrain10,morn_vcld_dry_fl_tp,morn,../textures10/soil/morn_cld_sdry_sflat_d.dds
terrain10,morn_vcld_dry_hill,morn,../textures10/soil/morn_cld_sdry_hill_d.dds
terrain10,morn_vcld_dry_sflat,morn,../textures10/soil/morn_vcld_sdry_sflat_d.dds
terrain10,morn_vcld_rain,morn,../textures10/soil/morn_cld_sdry_flat_d.dds
terrain10,morn_vcld_rain_hill,morn,../textures10/soil/morn_vcld_wet_hill_d.dds
terrain10,morn_vcld_rain_md,morn,../textures10/soil/morn_cld_sdry_md_d.dds
terrain10,morn_vcld_rain_sflat,morn,../textures10/soil/morn_vcld_sdry_sflat_d.dds
terrain10,morn_vcld_rain_tp,morn,../textures10/soil/morn_cld_sdry_flat_d.dds
terrain10,morn_vcld_sdry,morn,../textures10/soil/morn_cld_sdry_flat_d.dds
terrain10,morn_vcld_sdry_hill,morn,../textures10/soil/morn_vcld_wet_hill_d.dds
terrain10,morn_vcld_sdry_md,morn,../textures10/soil/morn_cld_sdry_md_d.dds
terrain10,morn_vcld_sdry_sflat,morn,../textures10/soil/morn_vcld_sdry_sflat_d.dds
terrain10,morn_vcld_sdry_tp,morn,../textures10/soil/morn_cld_sdry_flat_d.dds
terrain10,morn_vcld_wet,morn,../textures10/soil/morn_cld_sdry_flat_d.dds
terrain10,morn_vcld_wet_hill,morn,../textures10/soil/morn_vcld_wet_hill_d.dds
terrain10,morn_vcld_wet_md,morn,../textures10/soil/morn_cld_sdry_md_d.dds
terrain10,morn_vcld_wet_sflat,morn,../textures10/soil/morn_vcld_sdry_sflat_d.dds
terrain10,morn_vcld_wet_tp,morn,../textures10/soil/morn_cld_sdry_flat_d.dds
terrain10,morn_wrm_dry_fl,morn,../textures10/soil/morn_cld_sdry_sflat_d.dds
terrain10,morn_wrm_dry_fl_md,morn,../textures10/soil/morn_cld_sdry_md_d.dds
terrain10,morn_wrm_dry_fl_tp,morn,../textures10/soil/morn_cld_sdry_sflat_d.dds
terrain10,morn_wrm_dry_hill,morn,../textures10/soil/morn_cld_sdry_hill_d.dds
terrain10,morn_wrm_dry_sflat,morn,../textures10/soil/morn_cld_sdry_sflat_d.dds
terrain10,morn_wrm_rain_fl,morn,../textures10/soil/morn_cld_sdry_sflat_d.dds
terrain10,morn_wrm_rain_fl_md,morn,../textures10/soil/morn_cld_sdry_md_d.dds
terrain10,morn_wrm_rain_fl_tp,morn,../textures10/soil/morn_cld_sdry_sflat_d.dds
terrain10,morn_wrm_rain_hill,morn,../textures10/soil/morn_cld_sdry_hill_d.dds
terrain10,morn_wrm_rain_sflat,morn,../textures10/soil/morn_cld_sdry_sflat_d.dds
terrain10,morn_wrm_sdry_fl,morn,../textures10/soil/morn_cld_sdry_sflat_d.dds
terrain10,morn_wrm_sdry_fl_md,morn,../textures10/soil/morn_cld_sdry_md_d.dds
terrain10,morn_wrm_sdry_fl_tp,morn,../textures10/soil/morn_cld_sdry_sflat_d.dds
terrain10,morn_wrm_sdry_hill,morn,../textures10/soil/morn_cld_sdry_hill_d.dds
terrain10,morn_wrm_sdry_sflat,morn,../textures10/soil/morn_cld_sdry_sflat_d.dds
terrain10,morn_wrm_wet_fl,morn,../textures10/soil/morn_cld_sdry_sflat_d.dds
terrain10,morn_wrm_wet_fl_md,morn,../textures10/soil/morn_cld_sdry_md_d.dds
terrain10,morn_wrm_wet_fl_tp,morn,../textures10/soil/morn_cld_sdry_sflat_d.dds
terrain10,morn_wrm_wet_hill,morn,../textures10/soil/morn_cld_sdry_hill_d.dds
terrain10,morn_wrm_wet_sflat,morn,../textures10/soil/morn_cld_sdry_sflat_d.dds
terrain10,north_crptwn_irr,north,../textures10/human/crp_cld_wet_flat_c.dds
terrain10,north_crptwnhill_irr,north,../textures10/human/crp_tmp_dry_sflat_d.dds
terrain10,olives_wrm_dry_hill,olives,../textures10/human/olives_hill.dds
terrain10,olives_wrm_sdry,olives,../textures10/human/olives.dds
terrain10,olives_wrm_sdry_hill,olives,../textures10/human/olives_hill.dds
terrain10,olives_wrm_sdry_sflat,olives,../textures10/human/olives_hill.dds
terrain10,olives_wrm_wet_hill,olives,../textures10/human/olives_hill.dds
terrain10,orch_hot_dry,orch,../textures10/human/fruit_wrm_dry_flat_c.dds
terrain10,orch_hot_dry_hill,orch,../textures10/human/crpmo_wrm_dry_sflat_d.dds
terrain10,orch_hot_dry_sflat,orch,../textures10/human/crpmo_wrm_dry_sflat_d.dds
terrain10,orch_hot_rain,orch,../textures10/human/crpmo_hot_rain_flat_c.dds
terrain10,orch_hot_rain_hill,orch,../textures10/human/crpmo_hot_rain_hill_d.dds
terrain10,orch_hot_rain_sflat,orch,../textures10/human/crpmo_hot_rain_sflat_d.dds
terrain10,orch_hot_sdry,orch,../textures10/human/crpmo_hot_wet_sflat_d.dds
terrain10,orch_hot_sdry_hill,orch,../textures10/human/crpmo_hot_wet_sflat_d.dds
terrain10,orch_hot_sdry_sflat,orch,../textures10/human/crpmo_hot_wet_sflat_d.dds
terrain10,orch_hot_wet,orch,../textures10/human/crpmo_hot_wet_flat_c.dds
terrain10,orch_hot_wet_hill,orch,../textures10/human/crpmo_hot_wet_hill_d.dds
terrain10,orch_hot_wet_sflat,orch,../textures10/human/crpmo_hot_wet_sflat_d.dds
terrain10,orch_tmp_dry,orch,../textures10/human/fruit_tmp_dry_flat_c.dds
terrain10,orch_tmp_dry_hill,orch,../textures10/human/crp_tmp_dry_hill_d.dds
terrain10,orch_tmp_dry_sflat,orch,../textures10/human/fruit_tmp_dry_flat_c.dds
terrain10,orch_tmp_rain,orch,../textures10/human/crpmo_hot_wet_sflat_d.dds
terrain10,orch_tmp_rain_hill,orch,../textures10/human/crpmo_hot_wet_sflat_d.dds
terrain10,orch_tmp_rain_sflat,orch,../textures10/human/crpmo_hot_wet_sflat_d.dds
terrain10,orch_tmp_sdry,orch,../textures10/human/fruit_tmp_dry_flat_c.dds
terrain10,orch_tmp_sdry_hill,orch,../textures10/human/crp_tmp_dry_hill_d.dds
terrain10,orch_tmp_sdry_sflat,orch,../textures10/human/fruit_tmp_dry_flat_c.dds
terrain10,orch_tmp_wet,orch,../textures10/human/fruit_tmp_sdry_flat.dds
terrain10,orch_tmp_wet_hill,orch,../textures10/human/fruit_tmp_sdry_sflat.dds
terrain10,orch_tmp_wet_sflat,orch,../textures10/human/fruit_tmp_sdry_flat.dds
terrain10,orch_vhot_dry,orch,../textures10/human/fruit_wrm_dry_flat_c.dds
terrain10,orch_vhot_dry_hill,orch,../textures10/human/crpmo_tmp_sdry_sflat_d.dds
terrain10,orch_vhot_dry_sflat,orch,../textures10/human/crpmo_tmp_sdry_sflat_d.dds
terrain10,orch_vhot_rain,orch,../textures10/human/crpmo_hot_rain_flat_c.dds
terrain10,orch_vhot_rain_hill,orch,../textures10/human/crpmo_hot_rain_hill_d.dds
terrain10,orch_vhot_rain_sflat,orch,../textures10/human/crpmo_hot_rain_sflat_d.dds
terrain10,orch_vhot_sdry,orch,../textures10/human/fruit_wrm_dry_flat_c.dds
terrain10,orch_vhot_sdry_hill,orch,../textures10/human/crpmo_hot_wet_sflat_d.dds
terrain10,orch_vhot_sdry_sflat,orch,../textures10/human/crpmo_hot_wet_sflat_d.dds
terrain10,orch_vhot_wet,orch,../textures10/human/crpmo_hot_wet_flat_c.dds
terrain10,orch_vhot_wet_hill,orch,../textures10/human/crpmo_hot_wet_hill_d.dds
terrain10,orch_vhot_wet_sflat,orch,../textures10/human/crpmo_hot_wet_sflat_d.dds
terrain10,orch_wrm_dry,orch,../textures10/human/fruit_wrm_dry_flat_c.dds
terrain10,orch_wrm_dry_hill,orch,../textures10/human/crp_tmp_dry_hill_d.dds
terrain10,orch_wrm_dry_sflat,orch,../textures10/human/crp_tmp_dry_hill_d.dds
terrain10,orch_wrm_rain,orch,../textures10/human/crpmo_hot_rain_flat_c.dds
terrain10,orch_wrm_rain_hill,orch,../textures10/human/crpmo_hot_rain_hill_d.dds
terrain10,orch_wrm_rain_sflat,orch,../textures10/human/crpmo_hot_rain_sflat_d.dds
terrain10,orch_wrm_wet,orch,../textures10/human/crpmo_hot_wet_flat_c.dds
terrain10,orch_wrm_wet_hill,orch,../textures10/human/crpmo_hot_wet_hill_d.dds
terrain10,orch_wrm_wet_sflat,orch,../textures10/human/crpmo_hot_wet_sflat_d.dds
terrain10,pastr_cld_dry_fl,pastr,../textures10/human/pastr_cld_dry_flat.dds
terrain10,pastr_cld_dry_fl_md,pastr,../textures10/loveg/grass_cld_sdry_hill_d.dds
terrain10,pastr_cld_dry_fl_tp,pastr,../textures10/human/pastr_cld_dry_flat.dds
terrain10,pastr_cld_dry_hill,pastr,../textures10/loveg/grass_cld_sdry_hill_d.dds
terrain10,pastr_cld_dry_steep,pastr,../textures10/loveg/sprs_cld_sdry_steep_d.dds
terrain10,pastr_cld_rain_hill,pastr,../textures10/loveg/grass_cld_wet_hill_d.dds
terrain10,pastr_cld_rain_sflat,pastr,../textures10/loveg/grass_cld_wet_sflat_d.dds
terrain10,pastr_cld_sdry_fl,pastr,../textures10/human/pastr_tmp_sdry_flat_c.dds
terrain10,pastr_cld_sdry_fl_md,pastr,../textures10/loveg/grass_tmp_sdry_flat_c.dds
terrain10,pastr_cld_sdry_fl_tp,pastr,../textures10/human/pastr_tmp_sdry_flat_c.dds
terrain10,pastr_cld_sdry_hill,pastr,../textures10/loveg/grass_cld_sdry_hill_d.dds
terrain10,pastr_cld_sdry_steep,pastr,../textures10/loveg/sprs_cld_sdry_steep_d.dds
terrain10,pastr_cld_wet_fl,pastr,../textures10/human/pastr_cld_wet_flat.dds
terrain10,pastr_cld_wet_fl_md,pastr,../textures10/loveg/grass_tmp_wet_flat.dds
terrain10,pastr_cld_wet_fl_tp,pastr,../textures10/human/pastr_cld_wet_flat.dds
terrain10,pastr_cld_wet_hill,pastr,../textures10/loveg/grass_cld_wet_hill_d.dds
terrain10,pastr_cld_wet_sflat,pastr,../textures10/human/pastr_cld_wet_flat.dds
terrain10,pastr_hot_dry_fl,pastr,../textures10/loveg/grass_hot_dry_flat_c.dds
terrain10,pastr_hot_dry_fl_md,pastr,../textures10/loveg/grass_hot_dry_sflat_d.dds
terrain10,pastr_hot_dry_fl_tp,pastr,../textures10/loveg/grass_hot_dry_flat_c.dds
terrain10,pastr_hot_dry_hill,pastr,../textures10/loveg/grass_hot_dry_sflat_d.dds
terrain10,pastr_hot_dry_sflat,pastr,../textures10/loveg/grass_hot_dry_sflat_d.dds
terrain10,pastr_hot_rain_hill,pastr,../textures10/hiveg/broadl_sp_wrm_wet_hill_d.dds
terrain10,pastr_hot_rain_sflat,pastr,../textures10/human/pastr_wrm_rain_flat_c.dds
terrain10,pastr_hot_sdry_fl,pastr,../textures10/human/pastr_wrm_sdry_flat_c.dds
terrain10,pastr_hot_sdry_fl_md,pastr,../textures10/human/pastr_wrm_sdry_sflat_d.dds
terrain10,pastr_hot_sdry_fl_tp,pastr,../textures10/human/pastr_wrm_sdry_flat_c.dds
terrain10,pastr_hot_sdry_hill,pastr,../textures10/human/pastr_wrm_sdry_sflat_d.dds
terrain10,pastr_hot_sdry_sflat,pastr,../textures10/human/pastr_wrm_sdry_sflat_d.dds
terrain10,pastr_hot_wet_fl,pastr,../textures10/human/pastr_wrm_wet_flat_c.dds
terrain10,pastr_hot_wet_fl_md,pastr,../textures10/human/pastr_wrm_wet_sflat_d.dds
terrain10,pastr_hot_wet_fl_tp,pastr,../textures10/human/pastr_wrm_wet_flat_c.dds
terrain10,pastr_hot_wet_hill,pastr,../textures10/hiveg/broadl_sp_wrm_wet_hill_d.dds
terrain10,pastr_hot_wet_sflat,pastr,../textures10/human/pastr_wrm_wet_sflat_d.dds
terrain10,pastr_pol_dry_fl,pastr,../textures10/loveg/sprs_cld_sdry_sflat_d.dds
terrain10,pastr_pol_dry_fl_md,pastr,../textures10/loveg/sprs_cld_dry_sflat_d.dds
terrain10,pastr_pol_dry_fl_tp,pastr,../textures10/loveg/sprs_cld_sdry_sflat_d.dds
terrain10,pastr_pol_dry_hill,pastr,../textures10/loveg/sprs_cld_dry_hill_d.dds
terrain10,pastr_pol_dry_steep,pastr,../textures10/loveg/sprs_cld_dry_hill_d.dds
terrain10,pastr_pol_rain_hill,pastr,../textures10/loveg/tund_grass_vcld_sdry_hill_d.dds
terrain10,pastr_pol_rain_steep,pastr,../textures10/loveg/tund_grass_vcld_sdry_sflat_d.dds
terrain10,pastr_pol_sdry_fl,pastr,../textures10/loveg/tund_grass_cld_wet_flat_c.dds
terrain10,pastr_pol_sdry_fl_md,pastr,../textures10/loveg/tund_grass_vcld_sdry_sflat_d.dds
terrain10,pastr_pol_sdry_fl_tp,pastr,../textures10/loveg/tund_grass_cld_wet_flat_c.dds
terrain10,pastr_pol_sdry_hill,pastr,../textures10/loveg/tund_grass_vcld_sdry_hill_d.dds
terrain10,pastr_pol_sdry_steep,pastr,../textures10/loveg/tund_grass_vcld_sdry_hill_d.dds
terrain10,pastr_pol_wet_fl,pastr,../textures10/loveg/tund_grass_cld_wet_flat_c.dds
terrain10,pastr_pol_wet_fl_md,pastr,../textures10/loveg/tund_grass_vcld_sdry_sflat_d.dds
terrain10,pastr_pol_wet_fl_tp,pastr,../textures10/loveg/tund_grass_cld_wet_flat_c.dds
terrain10,pastr_pol_wet_hill,pastr,../textures10/loveg/tund_grass_vcld_sdry_hill_d.dds
terrain10,pastr_pol_wet_steep,pastr,../textures10/loveg/tund_grass_vcld_sdry_hill_d.dds
terrain10,pastr_rainforest_fl,pastr,../textures10/human/pastr_wrm_rain_flat_c.dds
terrain10,pastr_rainforest_fl_md,pastr,../textures10/human/pastr_wrm_wet_sflat_d.dds
terrain10,pastr_rainforest_fl_tp,pastr,../textures10/human/pastr_wrm_rain_flat_c.dds
terrain10,pastr_rainforest_hill,pastr,../textures10/hiveg/broadl_sp_wrm_wet_hill_d.dds
terrain10,pastr_tmp_dry_fl,pastr,../textures10/human/pastr_tmp_dry_flat_c.dds
terrain10,pastr_tmp_dry_fl_md,pastr,../textures10/loveg/grass_tmp_dry_sflat_d.dds
terrain10,pastr_tmp_dry_fl_tp,pastr,../textures10/human/pastr_tmp_dry_flat_c.dds
terrain10,pastr_tmp_dry_hill,pastr,../textures10/loveg/grass_tmp_dry_hill_d.dds
terrain10,pastr_tmp_dry_sflat,pastr,../textures10/human/pastr_tmp_dry_sflat_d.dds
terrain10,pastr_tmp_rain_hill,pastr,../textures10/loveg/grass_cld_wet_hill_d.dds
terrain10,pastr_tmp_rain_sflat,pastr,../textures10/human/pastr_tmp_wet_sflat_d.dds
terrain10,pastr_tmp_sdry_fl,pastr,../textures10/human/pastr_tmp_sdry_flat_c.dds
terrain10,pastr_tmp_sdry_fl_md,pastr,../textures10/human/pastr_tmp_sdry_sflat_d.dds
terrain10,pastr_tmp_sdry_fl_tp,pastr,../textures10/human/pastr_tmp_sdry_flat_c.dds
terrain10,pastr_tmp_sdry_hill,pastr,../textures10/loveg/grass_tmp_sdry_hill_d.dds
terrain10,pastr_tmp_sdry_sflat,pastr,../textures10/human/pastr_tmp_sdry_sflat_d.dds
terrain10,pastr_tmp_wet_fl,pastr,../textures10/human/pastr_tmp_wet_flat_c.dds
terrain10,pastr_tmp_wet_fl_md,pastr,../textures10/human/pastr_tmp_wet_sflat_d.dds
terrain10,pastr_tmp_wet_fl_tp,pastr,../textures10/human/pastr_tmp_wet_flat_c.dds
terrain10,pastr_tmp_wet_hill,pastr,../textures10/loveg/grass_cld_wet_hill_d.dds
terrain10,pastr_tmp_wet_sflat,pastr,../textures10/human/pastr_tmp_wet_sflat_d.dds
terrain10,pastr_vcld_dry_fl,pastr,../textures10/loveg/sprs_cld_sdry_sflat_d.dds
terrain10,pastr_vcld_dry_fl_md,pastr,../textures10/loveg/sprs_cld_dry_sflat_d.dds
terrain10,pastr_vcld_dry_fl_tp,pastr,../textures10/loveg/sprs_cld_sdry_sflat_d.dds
terrain10,pastr_vcld_dry_hill,pastr,../textures10/loveg/sprs_cld_dry_hill_d.dds
terrain10,pastr_vcld_dry_steep,pastr,../textures10/loveg/sprs_cld_dry_hill_d.dds
terrain10,pastr_vcld_rain_hill,pastr,../textures10/loveg/grass_cld_wet_hill_d.dds
terrain10,pastr_vcld_rain_sflat,pastr,../textures10/loveg/grass_cld_wet_sflat_d.dds
terrain10,pastr_vcld_sdry_fl,pastr,../textures10/loveg/tund_grass_cld_wet_flat_c.dds
terrain10,pastr_vcld_sdry_fl_md,pastr,../textures10/loveg/tund_grass_vcld_sdry_sflat_d.dds
terrain10,pastr_vcld_sdry_fl_tp,pastr,../textures10/loveg/tund_grass_cld_wet_flat_c.dds
terrain10,pastr_vcld_sdry_hill,pastr,../textures10/loveg/tund_grass_vcld_sdry_hill_d.dds
terrain10,pastr_vcld_sdry_steep,pastr,../textures10/loveg/sprs_cld_sdry_steep_d.dds
terrain10,pastr_vcld_wet_fl,pastr,../textures10/loveg/tund_grass_cld_wet_flat_c.dds
terrain10,pastr_vcld_wet_fl_md,pastr,../textures10/loveg/grass_cld_wet_sflat_d.dds
terrain10,pastr_vcld_wet_fl_tp,pastr,../textures10/loveg/tund_grass_cld_wet_flat_c.dds
terrain10,pastr_vcld_wet_hill,pastr,../textures10/loveg/grass_cld_wet_hill_d.dds
terrain10,pastr_vcld_wet_sflat,pastr,../textures10/loveg/grass_cld_wet_sflat_d.dds
terrain10,pastr_vhot_dry_fl,pastr,../textures10/loveg/grass_hot_dry_flat_c.dds
terrain10,pastr_vhot_dry_fl_md,pastr,../textures10/loveg/grass_hot_dry_sflat_d.dds
terrain10,pastr_vhot_dry_fl_tp,pastr,../textures10/loveg/grass_hot_dry_flat_c.dds
terrain10,pastr_vhot_dry_hill,pastr,../textures10/loveg/grass_hot_dry_sflat_d.dds
terrain10,pastr_vhot_dry_sflat,pastr,../textures10/loveg/grass_hot_dry_sflat_d.dds
terrain10,pastr_vhot_rain_hill,pastr,../textures10/hiveg/broadl_sp_wrm_wet_hill_d.dds
terrain10,pastr_vhot_rain_sflat,pastr,../textures10/human/pastr_wrm_rain_flat_c.dds
terrain10,pastr_vhot_sdry_fl,pastr,../textures10/human/pastr_wrm_sdry_flat_c.dds
terrain10,pastr_vhot_sdry_fl_md,pastr,../textures10/human/pastr_wrm_sdry_sflat_d.dds
terrain10,pastr_vhot_sdry_fl_tp,pastr,../textures10/human/pastr_wrm_sdry_flat_c.dds
terrain10,pastr_vhot_sdry_hill,pastr,../textures10/human/pastr_wrm_sdry_sflat_d.dds
terrain10,pastr_vhot_sdry_sflat,pastr,../textures10/human/pastr_wrm_sdry_sflat_d.dds
terrain10,pastr_vhot_wet_fl,pastr,../textures10/human/pastr_wrm_wet_flat_c.dds
terrain10,pastr_vhot_wet_fl_md,pastr,../textures10/human/pastr_wrm_wet_sflat_d.dds
terrain10,pastr_vhot_wet_fl_tp,pastr,../textures10/human/pastr_wrm_wet_flat_c.dds
terrain10,pastr_vhot_wet_hill,pastr,../textures10/hiveg/broadl_sp_wrm_wet_hill_d.dds
terrain10,pastr_vhot_wet_sflat,pastr,../textures10/human/pastr_wrm_wet_sflat_d.dds
terrain10,pastr_wrm_dry_fl,pastr,../textures10/loveg/grass_wrm_dry_flat_c.dds
terrain10,pastr_wrm_dry_fl_md,pastr,../textures10/loveg/grass_wrm_dry_sflat_d.dds
terrain10,pastr_wrm_dry_fl_tp,pastr,../textures10/loveg/grass_wrm_dry_flat_c.dds
terrain10,pastr_wrm_dry_hill,pastr,../textures10/loveg/grass_wrm_dry_sflat_d.dds
terrain10,pastr_wrm_dry_sflat,pastr,../textures10/loveg/grass_wrm_dry_sflat_d.dds
terrain10,pastr_wrm_rain_hill,pastr,../textures10/human/pastr_wrm_wet_sflat_d.dds
terrain10,pastr_wrm_rain_sflat,pastr,../textures10/human/pastr_wrm_rain_flat_c.dds
terrain10,pastr_wrm_sdry_fl,pastr,../textures10/human/pastr_wrm_sdry_flat_c.dds
terrain10,pastr_wrm_sdry_fl_md,pastr,../textures10/human/pastr_wrm_sdry_sflat_d.dds
terrain10,pastr_wrm_sdry_fl_tp,pastr,../textures10/human/pastr_wrm_sdry_flat_c.dds
terrain10,pastr_wrm_sdry_hill,pastr,../textures10/human/pastr_wrm_sdry_sflat_d.dds
terrain10,pastr_wrm_sdry_sflat,pastr,../textures10/human/pastr_wrm_sdry_sflat_d.dds
terrain10,pastr_wrm_wet_fl,pastr,../textures10/human/pastr_wrm_wet_flat_c.dds
terrain10,pastr_wrm_wet_fl_md,pastr,../textures10/human/pastr_wrm_wet_sflat_d.dds
terrain10,pastr_wrm_wet_fl_tp,pastr,../textures10/human/pastr_wrm_wet_flat_c.dds
terrain10,pastr_wrm_wet_hill,pastr,../textures10/human/pastr_wrm_wet_sflat_d.dds
terrain10,pastr_wrm_wet_sflat,pastr,../textures10/human/pastr_wrm_wet_sflat_d.dds
terrain10,rainf_crptwn_irr,rainf,../textures10/human/crp_hot_rain_flat_c.dds
terrain10,rainf_crptwnhill_irr,rainf,../textures10/human/crpmo_hot_rain_sflat_d.dds
terrain10,rainforest_fl,rainforest,../textures10/hiveg/broadl_hot_rain_flat_c.dds
terrain10,rainforest_fl_md,rainforest,../textures10/hiveg/broadl_hot_rain_sflat_d.dds
terrain10,rainforest_fl_tp,rainforest,../textures10/hiveg/broadl_hot_rain_flat_c.dds
terrain10,rainforest_hill,rainforest,../textures10/hiveg/broadl_hot_rain_hill_d.dds
terrain10,rainforest_sflat,rainforest,../textures10/hiveg/broadl_hot_rain_sflat_d.dds
terrain10,red_bare_scree_hot_dry,red,../textures10/soil/red_scree_wrm_bare_d.dds
terrain10,red_bare_scree_hot_sdry,red,../textures10/soil/scree_wrm_dry_bare_d.dds
terrain10,red_bare_scree_tmp_dry,red,../textures10/soil/red_scree_wrm_bare_d.dds
terrain10,red_bare_scree_tmp_sdry,red,../textures10/soil/scree_wrm_dry_bare_d.dds
terrain10,red_bare_scree_wrm_dry,red,../textures10/soil/red_scree_wrm_bare_d.dds
terrain10,red_bare_scree_wrm_sdry,red,../textures10/soil/scree_wrm_dry_bare_d.dds
terrain10,red_crp_hot_dry_hill,red,../textures10/human/crp_wrm_dry_hill_d.dds
terrain10,red_crp_hot_sdry_hill,red,../textures10/human/crp_wrm_sdry_sflat_d.dds
terrain10,red_crp_tmp_dry_hill,red,../textures10/human/crpmo_wrm_dry_sflat_d.dds
terrain10,red_crp_tmp_sdry_hill,red,../textures10/human/crpmo_tmp_sdry_sflat_d.dds
terrain10,red_crp_vhot_dry_hill,red,../textures10/human/crp_wrm_dry_hill_d.dds
terrain10,red_crp_vhot_sdry_hill,red,../textures10/human/crp_wrm_sdry_sflat_d.dds
terrain10,red_crp_wrm_dry_hill,red,../textures10/human/crp_wrm_dry_hill_d.dds
terrain10,red_crp_wrm_sdry_hill,red,../textures10/human/crp_wrm_sdry_sflat_d.dds
terrain10,red_crpirg_hot_dry_hill,red,../textures10/human/crp_wrm_sdry_sflat_d.dds
terrain10,red_crpirg_hot_sdry_hill,red,../textures10/human/crp_wrm_sdry_sflat_d.dds
terrain10,red_crpirg_tmp_dry_hill,red,../textures10/human/crpmo_tmp_sdry_sflat_d.dds
terrain10,red_crpirg_tmp_sdry_hill,red,../textures10/human/crpmo_tmp_sdry_sflat_d.dds
terrain10,red_crpirg_vhot_dry_hill,red,../textures10/human/crp_wrm_sdry_sflat_d.dds
terrain10,red_crpirg_vhot_sdry_hill,red,../textures10/human/crp_wrm_sdry_sflat_d.dds
terrain10,red_crpirg_wrm_dry_hill,red,../textures10/human/crpmo_tmp_sdry_sflat_d.dds
terrain10,red_crpirg_wrm_sdry_hill,red,../textures10/human/crp_wrm_sdry_sflat_d.dds
terrain10,red_crpm_hot_dry_hill,red,../textures10/human/crp_wrm_dry_hill_d.dds
terrain10,red_crpm_hot_sdry_hill,red,../textures10/human/crpmo_wrm_dry_sflat_d.dds
terrain10,red_crpm_tmp_dry_hill,red,../textures10/human/crp_tmp_dry_hill_d.dds
terrain10,red_crpm_tmp_sdry_hill,red,../textures10/human/crpmo_tmp_sdry_sflat_d.dds
terrain10,red_crpm_vhot_dry_hill,red,../textures10/human/crp_wrm_dry_hill_d.dds
terrain10,red_crpm_vhot_sdry_hill,red,../textures10/human/crpmo_wrm_dry_sflat_d.dds
terrain10,red_crpm_wrm_dry_hill,red,../textures10/human/crpmo_wrm_dry_sflat_d.dds
terrain10,red_crpm_wrm_sdry_hill,red,../textures10/human/crpmo_wrm_dry_sflat_d.dds
terrain10,red_fruit_hot_dry_hill,red,../textures10/human/crpmo_wrm_dry_sflat_d.dds
terrain10,red_fruit_hot_sdry_hill,red,../textures10/human/crpmo_hot_wet_sflat_d.dds
terrain10,red_fruit_tmp_dry_hill,red,../textures10/human/fruit_tmp_sdry_sflat.dds
terrain10,red_fruit_tmp_sdry_hill,red,../textures10/human/fruit_tmp_sdry_sflat.dds
terrain10,red_fruit_vhot_dry_hill,red,../textures10/human/crpmo_wrm_dry_sflat_d.dds
terrain10,red_fruit_vhot_sdry_hill,red,../textures10/human/crpmo_hot_wet_sflat_d.dds
terrain10,red_fruit_wrm_dry_hill,red,../textures10/human/crp_tmp_dry_hill_d.dds
terrain10,red_fruit_wrm_sdry_hill,red,../textures10/human/semidry_fruithill.dds
terrain10,red_grass_hot_dry_fl,red,../textures10/loveg/grass_hot_dry_flat_c.dds
terrain10,red_grass_hot_dry_fl_md,red,../textures10/loveg/grass_hot_dry_sflat_d.dds
terrain10,red_grass_hot_dry_fl_tp,red,../textures10/loveg/grass_hot_dry_flat_c.dds
terrain10,red_grass_hot_dry_hill,red,../textures10/loveg/grass_hot_dry_sflat_d.dds
terrain10,red_grass_hot_dry_sflat,red,../textures10/loveg/grass_hot_dry_sflat_d.dds
terrain10,red_grass_hot_sdry_fl,red,../textures10/loveg/grass_wrm_sdry_flat_c.dds
terrain10,red_grass_hot_sdry_fl_md,red,../textures10/loveg/grass_wrm_dry_sflat_d.dds
terrain10,red_grass_hot_sdry_fl_tp,red,../textures10/loveg/grass_wrm_sdry_flat_c.dds
terrain10,red_grass_hot_sdry_hill,red,../textures10/loveg/grass_hot_dry_sflat_d.dds
terrain10,red_grass_hot_sdry_sflat,red,../textures10/loveg/grass_wrm_dry_sflat_d.dds
terrain10,red_grass_tmp_dry_fl,red,../textures10/loveg/grass_tmp_dry_flat_c.dds
terrain10,red_grass_tmp_dry_fl_md,red,../textures10/loveg/grass_tmp_dry_sflat_d.dds
terrain10,red_grass_tmp_dry_fl_tp,red,../textures10/loveg/grass_tmp_dry_flat_c.dds
terrain10,red_grass_tmp_dry_hill,red,../textures10/loveg/grass_tmp_dry_sflat_d.dds
terrain10,red_grass_tmp_dry_sflat,red,../textures10/loveg/grass_tmp_dry_sflat_d.dds
terrain10,red_grass_tmp_sdry_fl,red,../textures10/loveg/grass_tmp_sdry_flat_c.dds
terrain10,red_grass_tmp_sdry_fl_md,red,../textures10/loveg/grass_tmp_sdry_flat_c.dds
terrain10,red_grass_tmp_sdry_fl_tp,red,../textures10/loveg/grass_tmp_sdry_flat_c.dds
terrain10,red_grass_tmp_sdry_hill,red,../textures10/loveg/grass_tmp_sdry_hill_d.dds
terrain10,red_grass_tmp_sdry_sflat,red,../textures10/loveg/grass_tmp_sdry_flat_c.dds
terrain10,red_grass_vhot_dry_fl,red,../textures10/loveg/grass_hot_dry_flat_c.dds
terrain10,red_grass_vhot_dry_fl_md,red,../textures10/loveg/grass_hot_dry_sflat_d.dds
terrain10,red_grass_vhot_dry_fl_tp,red,../textures10/loveg/grass_hot_dry_flat_c.dds
terrain10,red_grass_vhot_dry_hill,red,../textures10/loveg/grass_hot_dry_sflat_d.dds
terrain10,red_grass_vhot_dry_sflat,red,../textures10/loveg/grass_hot_dry_sflat_d.dds
terrain10,red_grass_vhot_sdry_fl,red,../textures10/loveg/grass_wrm_sdry_flat_c.dds
terrain10,red_grass_vhot_sdry_fl_md,red,../textures10/human/pastr_wrm_sdry_flat_c.dds
terrain10,red_grass_vhot_sdry_fl_tp,red,../textures10/loveg/grass_wrm_sdry_flat_c.dds
terrain10,red_grass_vhot_sdry_hill,red,../textures10/loveg/grass_wrm_sdry_flat_c.dds
terrain10,red_grass_vhot_sdry_sflat,red,../textures10/loveg/grass_wrm_sdry_flat_c.dds
terrain10,red_grass_wrm_dry_fl,red,../textures10/loveg/grass_wrm_dry_flat_c.dds
terrain10,red_grass_wrm_dry_fl_md,red,../textures10/loveg/grass_wrm_dry_sflat_d.dds
terrain10,red_grass_wrm_dry_fl_tp,red,../textures10/loveg/grass_wrm_dry_flat_c.dds
terrain10,red_grass_wrm_dry_hill,red,../textures10/loveg/grass_wrm_dry_sflat_d.dds
terrain10,red_grass_wrm_dry_sflat,red,../textures10/loveg/grass_wrm_dry_sflat_d.dds
terrain10,red_grass_wrm_sdry_fl,red,../textures10/loveg/grass_tmp_sdry_flat_c.dds
terrain10,red_grass_wrm_sdry_fl_md,red,../textures10/loveg/grass_tmp_dry_sflat_d.dds
terrain10,red_grass_wrm_sdry_fl_tp,red,../textures10/loveg/grass_tmp_sdry_flat_c.dds
terrain10,red_grass_wrm_sdry_hill,red,../textures10/loveg/grass_tmp_sdry_hill_d.dds
terrain10,red_grass_wrm_sdry_sflat,red,../textures10/loveg/grass_tmp_dry_sflat_d.dds
terrain10,red_olives_wrm_dry_hill,red,../textures10/human/olives_hill.dds
terrain10,red_olives_wrm_sdry_hill,red,../textures10/human/olives_hill.dds
terrain10,red_orch_hot_dry_hill,red,../textures10/human/crpmo_wrm_dry_sflat_d.dds
terrain10,red_orch_hot_sdry_hill,red,../textures10/human/crpmo_hot_wet_sflat_d.dds
terrain10,red_orch_tmp_dry_hill,red,../textures10/human/crp_tmp_dry_hill_d.dds
terrain10,red_orch_tmp_sdry_hill,red,../textures10/human/crp_tmp_dry_hill_d.dds
terrain10,red_orch_vhot_dry_hill,red,../textures10/human/crpmo_wrm_dry_sflat_d.dds
terrain10,red_orch_vhot_sdry_hill,red,../textures10/human/crpmo_hot_wet_sflat_d.dds
terrain10,red_orch_wrm_dry_hill,red,../textures10/human/crp_tmp_dry_hill_d.dds
terrain10,red_pastr_hot_dry_fl,red,../textures10/loveg/grass_hot_dry_flat_c.dds
terrain10,red_pastr_hot_dry_fl_md,red,../textures10/loveg/grass_hot_dry_sflat_d.dds
terrain10,red_pastr_hot_dry_fl_tp,red,../textures10/loveg/grass_hot_dry_flat_c.dds
terrain10,red_pastr_hot_dry_hill,red,../textures10/loveg/grass_hot_dry_sflat_d.dds
terrain10,red_pastr_hot_dry_sflat,red,../textures10/loveg/grass_hot_dry_sflat_d.dds
terrain10,red_pastr_hot_sdry_fl,red,../textures10/human/pastr_wrm_sdry_flat_sq_c.dds
terrain10,red_pastr_hot_sdry_fl_md,red,../textures10/human/pastr_wrm_sdry_sflat_d.dds
terrain10,red_pastr_hot_sdry_fl_tp,red,../textures10/human/pastr_wrm_sdry_flat_sq_c.dds
terrain10,red_pastr_hot_sdry_hill,red,../textures10/human/pastr_wrm_sdry_sflat_d.dds
terrain10,red_pastr_hot_sdry_sflat,red,../textures10/human/pastr_wrm_sdry_sflat_d.dds
terrain10,red_pastr_tmp_dry_fl,red,../textures10/loveg/grass_tmp_dry_flat_c.dds
terrain10,red_pastr_tmp_dry_fl_md,red,../textures10/loveg/grass_tmp_dry_sflat_d.dds
terrain10,red_pastr_tmp_dry_fl_tp,red,../textures10/loveg/grass_tmp_dry_flat_c.dds
terrain10,red_pastr_tmp_dry_hill,red,../textures10/loveg/grass_tmp_dry_sflat_d.dds
terrain10,red_pastr_tmp_dry_sflat,red,../textures10/loveg/grass_tmp_dry_sflat_d.dds
terrain10,red_pastr_tmp_sdry_fl,red,../textures10/human/pastr_tmp_sdry_flat_c.dds
terrain10,red_pastr_tmp_sdry_fl_md,red,../textures10/loveg/grass_tmp_sdry_flat_c.dds
terrain10,red_pastr_tmp_sdry_fl_tp,red,../textures10/human/pastr_tmp_sdry_flat_c.dds
terrain10,red_pastr_tmp_sdry_hill,red,../textures10/loveg/grass_tmp_sdry_hill_d.dds
terrain10,red_pastr_tmp_sdry_sflat,red,../textures10/loveg/grass_tmp_sdry_flat_c.dds
terrain10,red_pastr_vhot_dry_fl,red,../textures10/loveg/grass_hot_dry_flat_c.dds
terrain10,red_pastr_vhot_dry_fl_md,red,../textures10/loveg/grass_hot_dry_sflat_d.dds
terrain10,red_pastr_vhot_dry_fl_tp,red,../textures10/loveg/grass_hot_dry_flat_c.dds
terrain10,red_pastr_vhot_dry_hill,red,../textures10/loveg/grass_hot_dry_sflat_d.dds
terrain10,red_pastr_vhot_dry_sflat,red,../textures10/loveg/grass_hot_dry_sflat_d.dds
terrain10,red_pastr_vhot_sdry_fl,red,../textures10/human/pastr_wrm_sdry_flat_sq_c.dds
terrain10,red_pastr_vhot_sdry_fl_md,red,../textures10/human/pastr_wrm_sdry_sflat_d.dds
terrain10,red_pastr_vhot_sdry_fl_tp,red,../textures10/human/pastr_wrm_sdry_flat_sq_c.dds
terrain10,red_pastr_vhot_sdry_hill,red,../textures10/human/pastr_wrm_sdry_sflat_d.dds
terrain10,red_pastr_vhot_sdry_sflat,red,../textures10/human/pastr_wrm_sdry_sflat_d.dds
terrain10,red_pastr_wrm_dry_fl,red,../textures10/loveg/grass_wrm_dry_flat_c.dds
terrain10,red_pastr_wrm_dry_fl_md,red,../textures10/loveg/grass_wrm_dry_sflat_d.dds
terrain10,red_pastr_wrm_dry_fl_tp,red,../textures10/loveg/grass_wrm_dry_flat_c.dds
terrain10,red_pastr_wrm_dry_hill,red,../textures10/loveg/grass_wrm_dry_sflat_d.dds
terrain10,red_pastr_wrm_dry_sflat,red,../textures10/loveg/grass_wrm_dry_sflat_d.dds
terrain10,red_pastr_wrm_sdry_fl,red,../textures10/human/pastr_wrm_sdry_flat_c.dds
terrain10,red_pastr_wrm_sdry_fl_md,red,../textures10/human/pastr_wrm_sdry_sflat_d.dds
terrain10,red_pastr_wrm_sdry_fl_tp,red,../textures10/human/pastr_wrm_sdry_flat_c.dds
terrain10,red_pastr_wrm_sdry_hill,red,../textures10/human/pastr_wrm_sdry_sflat_d.dds
terrain10,red_pastr_wrm_sdry_sflat,red,../textures10/human/pastr_wrm_sdry_sflat_d.dds
terrain10,red_rock_hot_dry_fl,red,../textures10/soil/red_rock_wrm_dry_sflat_d.dds
terrain10,red_rock_hot_dry_fl_md,red,../textures10/soil/red_rock_tmp_dry_hill_d.dds
terrain10,red_rock_hot_dry_fl_tp,red,../textures10/soil/red_rock_wrm_dry_sflat_d.dds
terrain10,red_rock_hot_dry_hill,red,../textures10/soil/red_rock_wrm_dry_hill_d.dds
terrain10,red_rock_hot_dry_sflat,red,../textures10/soil/red_rock_wrm_dry_sflat_d.dds
terrain10,red_rock_hot_dry_steep,red,../textures10/soil/red_rock_wrm_dry_steep_d.dds
terrain10,red_rock_hot_sdry_fl,red,../textures10/soil/red_rock_wrm_dry_sflat_d.dds
terrain10,red_rock_hot_sdry_fl_md,red,../textures10/soil/red_rock_tmp_dry_hill_d.dds
terrain10,red_rock_hot_sdry_fl_tp,red,../textures10/soil/red_rock_wrm_dry_sflat_d.dds
terrain10,red_rock_hot_sdry_hill,red,../textures10/soil/red_rock_wrm_dry_hill_d.dds
terrain10,red_rock_hot_sdry_sflat,red,../textures10/soil/red_rock_wrm_dry_sflat_d.dds
terrain10,red_rock_hot_sdry_steep,red,../textures10/soil/red_rock_wrm_dry_hill_d.dds
terrain10,red_rock_tmp_dry_fl,red,../textures10/soil/red_rock_wrm_dry_sflat_d.dds
terrain10,red_rock_tmp_dry_fl_md,red,../textures10/soil/red_rock_tmp_dry_hill_d.dds
terrain10,red_rock_tmp_dry_fl_tp,red,../textures10/soil/red_rock_wrm_dry_sflat_d.dds
terrain10,red_rock_tmp_dry_hill,red,../textures10/soil/red_rock_tmp_dry_hill_d.dds
terrain10,red_rock_tmp_dry_sflat,red,../textures10/soil/red_rock_wrm_dry_sflat_d.dds
terrain10,red_rock_tmp_dry_steep,red,../textures10/soil/red_rock_wrm_dry_steep_d.dds
terrain10,red_rock_tmp_sdry_fl,red,../textures10/soil/red_rock_wrm_dry_sflat_d.dds
terrain10,red_rock_tmp_sdry_fl_md,red,../textures10/soil/red_rock_tmp_dry_hill_d.dds
terrain10,red_rock_tmp_sdry_fl_tp,red,../textures10/soil/red_rock_wrm_dry_sflat_d.dds
terrain10,red_rock_tmp_sdry_hill,red,../textures10/soil/red_rock_tmp_dry_hill_d.dds
terrain10,red_rock_tmp_sdry_sflat,red,../textures10/soil/red_rock_wrm_dry_sflat_d.dds
terrain10,red_rock_tmp_sdry_steep,red,../textures10/soil/red_rock_tmp_dry_hill_d.dds
terrain10,red_rock_vhot_dry_fl,red,../textures10/soil/red_rock_wrm_dry_sflat_d.dds
terrain10,red_rock_vhot_dry_fl_md,red,../textures10/soil/red_rock_tmp_dry_hill_d.dds
terrain10,red_rock_vhot_dry_fl_tp,red,../textures10/soil/red_rock_wrm_dry_sflat_d.dds
terrain10,red_rock_vhot_dry_hill,red,../textures10/soil/red_rock_wrm_dry_steep_d.dds
terrain10,red_rock_vhot_dry_sflat,red,../textures10/soil/red_rock_wrm_dry_sflat_d.dds
terrain10,red_rock_vhot_dry_steep,red,../textures10/soil/red_rock_wrm_dry_steep_d.dds
terrain10,red_rock_vhot_sdry_fl,red,../textures10/soil/red_rock_wrm_dry_sflat_d.dds
terrain10,red_rock_vhot_sdry_fl_md,red,../textures10/soil/red_rock_tmp_dry_hill_d.dds
terrain10,red_rock_vhot_sdry_fl_tp,red,../textures10/soil/red_rock_wrm_dry_sflat_d.dds
terrain10,red_rock_vhot_sdry_hill,red,../textures10/soil/red_rock_wrm_dry_hill_d.dds
terrain10,red_rock_vhot_sdry_sflat,red,../textures10/soil/red_rock_wrm_dry_sflat_d.dds
terrain10,red_rock_vhot_sdry_steep,red,../textures10/soil/red_rock_wrm_dry_hill_d.dds
terrain10,red_rock_wrm_dry_fl,red,../textures10/soil/red_rock_wrm_dry_sflat_d.dds
terrain10,red_rock_wrm_dry_fl_md,red,../textures10/soil/red_rock_tmp_dry_hill_d.dds
terrain10,red_rock_wrm_dry_fl_tp,red,../textures10/soil/red_rock_wrm_dry_sflat_d.dds
terrain10,red_rock_wrm_dry_hill,red,../textures10/soil/red_rock_wrm_dry_hill_d.dds
terrain10,red_rock_wrm_dry_sflat,red,../textures10/soil/red_rock_wrm_dry_sflat_d.dds
terrain10,red_rock_wrm_dry_steep,red,../textures10/soil/red_rock_wrm_dry_steep_d.dds
terrain10,red_rock_wrm_sdry_fl,red,../textures10/soil/red_rock_wrm_dry_sflat_d.dds
terrain10,red_rock_wrm_sdry_fl_md,red,../textures10/soil/red_rock_tmp_dry_hill_d.dds
terrain10,red_rock_wrm_sdry_fl_tp,red,../textures10/soil/red_rock_wrm_dry_sflat_d.dds
terrain10,red_rock_wrm_sdry_hill,red,../textures10/soil/red_rock_wrm_dry_hill_d.dds
terrain10,red_rock_wrm_sdry_sflat,red,../textures10/soil/red_rock_wrm_dry_sflat_d.dds
terrain10,red_rock_wrm_sdry_steep,red,../textures10/soil/red_rock_wrm_dry_hill_d.dds
terrain10,red_sand_hot_dry_fl,red,../textures10/soil/sand_hot_flat_c.dds
terrain10,red_sand_hot_dry_fl_md,red,../textures10/soil/sand_hot_sflat_c.dds
terrain10,red_sand_hot_dry_fl_tp,red,../textures10/soil/sand_hot_flat_c.dds
terrain10,red_sand_hot_dry_hill,red,../textures10/soil/sand_hot_sflat_c.dds
terrain10,red_sand_hot_dry_sflat,red,../textures10/soil/sand_hot_sflat_c.dds
terrain10,red_sand_hot_dry_steep,red,../textures10/soil/red_rock_wrm_dry_hill_d.dds
terrain10,red_sand_hot_sdry_fl,red,../textures10/soil/sand_hot_flat_c.dds
terrain10,red_sand_hot_sdry_fl_md,red,../textures10/soil/sand_hot_sflat_c.dds
terrain10,red_sand_hot_sdry_fl_tp,red,../textures10/soil/sand_hot_flat_c.dds
terrain10,red_sand_hot_sdry_hill,red,../textures10/soil/sand_hot_sflat_c.dds
terrain10,red_sand_hot_sdry_sflat,red,../textures10/soil/sand_hot_sflat_c.dds
terrain10,red_sand_hot_sdry_steep,red,../textures10/soil/red_rock_wrm_dry_hill_d.dds
terrain10,red_sand_tmp_dry_fl,red,../textures10/soil/sand_wrm_flat_c.dds
terrain10,red_sand_tmp_dry_fl_md,red,../textures10/soil/sand_wrm_sflat_c.dds
terrain10,red_sand_tmp_dry_fl_tp,red,../textures10/soil/sand_wrm_flat_c.dds
terrain10,red_sand_tmp_dry_hill,red,../textures10/soil/sand_wrm_sflat_c.dds
terrain10,red_sand_tmp_dry_sflat,red,../textures10/soil/sand_wrm_sflat_c.dds
terrain10,red_sand_tmp_dry_steep,red,../textures10/soil/red_rock_tmp_dry_hill_d.dds
terrain10,red_sand_tmp_sdry_fl,red,../textures10/soil/sand_wrm_flat_c.dds
terrain10,red_sand_tmp_sdry_fl_md,red,../textures10/soil/sand_wrm_sflat_c.dds
terrain10,red_sand_tmp_sdry_fl_tp,red,../textures10/soil/sand_wrm_flat_c.dds
terrain10,red_sand_tmp_sdry_hill,red,../textures10/soil/sand_wrm_sflat_c.dds
terrain10,red_sand_tmp_sdry_sflat,red,../textures10/soil/sand_wrm_sflat_c.dds
terrain10,red_sand_tmp_sdry_steep,red,../textures10/soil/red_rock_tmp_dry_hill_d.dds
terrain10,red_sand_vhot_dry_fl,red,../textures10/soil/sand_hot_flat_c.dds
terrain10,red_sand_vhot_dry_fl_md,red,../textures10/soil/sand_hot_sflat_c.dds
terrain10,red_sand_vhot_dry_fl_tp,red,../textures10/soil/sand_hot_flat_c.dds
terrain10,red_sand_vhot_dry_hill,red,../textures10/soil/sand_hot_sflat_c.dds
terrain10,red_sand_vhot_dry_sflat,red,../textures10/soil/sand_hot_sflat_c.dds
terrain10,red_sand_vhot_dry_steep,red,../textures10/soil/red_rock_wrm_dry_hill_d.dds
terrain10,red_sand_vhot_sdry_fl,red,../textures10/soil/sand_hot_flat_c.dds
terrain10,red_sand_vhot_sdry_fl_md,red,../textures10/soil/sand_hot_sflat_c.dds
terrain10,red_sand_vhot_sdry_fl_tp,red,../textures10/soil/sand_hot_flat_c.dds
terrain10,red_sand_vhot_sdry_hill,red,../textures10/soil/sand_hot_sflat_c.dds
terrain10,red_sand_vhot_sdry_sflat,red,../textures10/soil/sand_hot_sflat_c.dds
terrain10,red_sand_vhot_sdry_steep,red,../textures10/soil/red_rock_wrm_dry_hill_d.dds
terrain10,red_sand_wrm_dry_fl,red,../textures10/soil/sand_wrm_flat_c.dds
terrain10,red_sand_wrm_dry_fl_md,red,../textures10/soil/sand_wrm_sflat_c.dds
terrain10,red_sand_wrm_dry_fl_tp,red,../textures10/soil/sand_wrm_flat_c.dds
terrain10,red_sand_wrm_dry_hill,red,../textures10/soil/sand_wrm_sflat_c.dds
terrain10,red_sand_wrm_dry_sflat,red,../textures10/soil/sand_wrm_sflat_c.dds
terrain10,red_sand_wrm_dry_steep,red,../textures10/soil/red_rock_tmp_dry_hill_d.dds
terrain10,red_sand_wrm_sdry_fl,red,../textures10/soil/sand_wrm_flat_c.dds
terrain10,red_sand_wrm_sdry_fl_md,red,../textures10/soil/sand_wrm_sflat_c.dds
terrain10,red_sand_wrm_sdry_fl_tp,red,../textures10/soil/sand_wrm_flat_c.dds
terrain10,red_sand_wrm_sdry_hill,red,../textures10/soil/sand_wrm_sflat_c.dds
terrain10,red_sand_wrm_sdry_sflat,red,../textures10/soil/sand_wrm_sflat_c.dds
terrain10,red_sand_wrm_sdry_steep,red,../textures10/soil/red_rock_tmp_dry_hill_d.dds
terrain10,red_shrb_hot_dry_fl,red,../textures10/loveg/red_shrub_hot_dry_flat_c.dds
terrain10,red_shrb_hot_dry_fl_lo,red,../textures10/loveg/red_shrub_hot_dry_flat_c.dds
terrain10,red_shrb_hot_dry_fl_tp,red,../textures10/loveg/red_shrub_hot_dry_flat_c.dds
terrain10,red_shrb_hot_dry_hill,red,../textures10/loveg/red_shrub_hot_dry_hill_d.dds
terrain10,red_shrb_hot_dry_sflat,red,../textures10/loveg/red_shrub_hot_dry_hill_d.dds
terrain10,red_shrb_hot_sdry_fl,red,../textures10/loveg/red_shrub_hot_dry_flat_c.dds
terrain10,red_shrb_hot_sdry_fl_lo,red,../textures10/loveg/red_shrub_hot_dry_flat_c.dds
terrain10,red_shrb_hot_sdry_fl_tp,red,../textures10/loveg/red_shrub_hot_dry_flat_c.dds
terrain10,red_shrb_hot_sdry_hill,red,../textures10/loveg/red_shrub_tmp_dry_hill_d.dds
terrain10,red_shrb_hot_sdry_sflat,red,../textures10/loveg/red_shrub_tmp_sdry_sflat_d.dds
terrain10,red_shrb_tmp_dry_fl,red,../textures10/loveg/red_shrub_tmp_dry_flat_c.dds
terrain10,red_shrb_tmp_dry_fl_md,red,../textures10/loveg/red_shrub_tmp_dry_sflat_d.dds
terrain10,red_shrb_tmp_dry_fl_tp,red,../textures10/loveg/red_shrub_tmp_dry_flat_c.dds
terrain10,red_shrb_tmp_dry_hill,red,../textures10/loveg/red_shrub_tmp_dry_hill_d.dds
terrain10,red_shrb_tmp_dry_sflat,red,../textures10/loveg/red_shrub_tmp_dry_sflat_d.dds
terrain10,red_shrb_tmp_sdry_fl,red,../textures10/loveg/red_shrub_tmp_sdry_flat_c.dds
terrain10,red_shrb_tmp_sdry_fl_md,red,../textures10/loveg/red_shrub_tmp_sdry_sflat_d.dds
terrain10,red_shrb_tmp_sdry_fl_tp,red,../textures10/loveg/red_shrub_tmp_sdry_flat_c.dds
terrain10,red_shrb_tmp_sdry_hill,red,../textures10/loveg/red_shrub_tmp_sdry_hill_d.dds
terrain10,red_shrb_tmp_sdry_sflat,red,../textures10/loveg/red_shrub_tmp_sdry_sflat_d.dds
terrain10,red_shrb_wrm_dry_fl,red,../textures10/loveg/red_shrub_hot_dry_flat_c.dds
terrain10,red_shrb_wrm_dry_fl_md,red,../textures10/loveg/red_shrub_wrm_dry_hill_d.dds
terrain10,red_shrb_wrm_dry_fl_tp,red,../textures10/loveg/red_shrub_hot_dry_flat_c.dds
terrain10,red_shrb_wrm_dry_hill,red,../textures10/loveg/red_shrub_wrm_dry_hill_d.dds
terrain10,red_shrb_wrm_dry_sflat,red,../textures10/loveg/red_shrub_wrm_dry_hill_d.dds
terrain10,red_shrb_wrm_sdry_fl,red,../textures10/loveg/red_shrub_tmp_sdry_flat_c.dds
terrain10,red_shrb_wrm_sdry_fl_md,red,../textures10/loveg/red_shrub_tmp_sdry_sflat_d.dds
terrain10,red_shrb_wrm_sdry_fl_tp,red,../textures10/loveg/red_shrub_tmp_sdry_flat_c.dds
terrain10,red_shrb_wrm_sdry_hill,red,../textures10/loveg/red_shrub_tmp_sdry_hill_d.dds
terrain10,red_shrb_wrm_sdry_sflat,red,../textures10/loveg/red_shrub_tmp_sdry_sflat_d.dds
terrain10,red_sp_hot_dry_fl,red,../textures10/loveg/red_sprs_hot_dry_flat_c.dds
terrain10,red_sp_hot_dry_fl_md,red,../textures10/loveg/red_sprs_hot_dry_sflat_d.dds
terrain10,red_sp_hot_dry_fl_tp,red,../textures10/loveg/red_sprs_hot_dry_flat_c.dds
terrain10,red_sp_hot_dry_hill,red,../textures10/loveg/red_shrub_hot_dry_hill_d.dds
terrain10,red_sp_hot_dry_sflat,red,../textures10/loveg/red_sprs_hot_dry_sflat_d.dds
terrain10,red_sp_hot_dry_tr_hill,red,../textures10/soil/rock_hot_dry_hill_d.dds
terrain10,red_sp_hot_sdry_fl,red,../textures10/loveg/red_sprs_wrm_dry_flat_c.dds
terrain10,red_sp_hot_sdry_fl_md,red,../textures10/loveg/red_sprs_wrm_dry_sflat_d.dds
terrain10,red_sp_hot_sdry_fl_tp,red,../textures10/loveg/red_sprs_wrm_dry_flat_c.dds
terrain10,red_sp_hot_sdry_hill,red,../textures10/loveg/sprs_wrm_sdry_hill_d.dds
terrain10,red_sp_hot_sdry_sflat,red,../textures10/loveg/red_sprs_wrm_dry_sflat_d.dds
terrain10,red_sp_hot_sdry_tr_hill,red,../textures10/soil/rock_hot_dry_hill_d.dds
terrain10,red_sp_scree_hot_dry,red,../textures10/soil/red_scree_wrm_bare_d.dds
terrain10,red_sp_scree_hot_sdry,red,../textures10/soil/red_scree_wrm_bare_d.dds
terrain10,red_sp_scree_tmp_dry,red,../textures10/soil/red_scree_wrm_bare_d.dds
terrain10,red_sp_scree_tmp_sdry,red,../textures10/soil/red_scree_wrm_bare_d.dds
terrain10,red_sp_scree_wrm_dry,red,../textures10/soil/red_scree_wrm_bare_d.dds
terrain10,red_sp_scree_wrm_sdry,red,../textures10/soil/red_scree_wrm_bare_d.dds
terrain10,red_sp_tmp_dry_fl,red,../textures10/loveg/red_sprs_wrm_dry_flat_c.dds
terrain10,red_sp_tmp_dry_fl2,red,../textures10/loveg/red_sprs_wrm_dry_flat_c.dds
terrain10,red_sp_tmp_dry_fl_md,red,../textures10/loveg/red_sprs_wrm_dry_sflat_d.dds
terrain10,red_sp_tmp_dry_fl_tp,red,../textures10/loveg/red_sprs_wrm_dry_flat_c.dds
terrain10,red_sp_tmp_dry_hill,red,../textures10/loveg/red_sprs_tmp_sdry_sflat_d.dds
terrain10,red_sp_tmp_dry_sflat,red,../textures10/loveg/red_sprs_tmp_sdry_sflat_d.dds
terrain10,red_sp_tmp_sdry_fl,red,../textures10/loveg/red_sprs_wrm_dry_flat_c.dds
terrain10,red_sp_tmp_sdry_fl_md,red,../textures10/loveg/red_sprs_wrm_dry_sflat_d.dds
terrain10,red_sp_tmp_sdry_fl_tp,red,../textures10/loveg/red_sprs_wrm_dry_flat_c.dds
terrain10,red_sp_tmp_sdry_hill,red,../textures10/loveg/sprs_wrm_sdry_hill_d.dds
terrain10,red_sp_tmp_sdry_sflat,red,../textures10/loveg/red_sprs_wrm_dry_sflat_d.dds
terrain10,red_sp_vhot_dry_fl,red,../textures10/loveg/red_sprs_hot_dry_flat_c.dds
terrain10,red_sp_vhot_dry_fl_md,red,../textures10/loveg/red_sprs_hot_dry_sflat_d.dds
terrain10,red_sp_vhot_dry_fl_tp,red,../textures10/loveg/red_sprs_hot_dry_flat_c.dds
terrain10,red_sp_vhot_dry_hill,red,../textures10/loveg/red_shrub_hot_dry_hill_d.dds
terrain10,red_sp_vhot_dry_sflat,red,../textures10/loveg/red_sprs_hot_dry_sflat_d.dds
terrain10,red_sp_vhot_dry_tr_hill,red,../textures10/soil/rock_hot_dry_hill_d.dds
terrain10,red_sp_vhot_sdry_fl,red,../textures10/loveg/red_sprs_wrm_dry_flat_c.dds
terrain10,red_sp_vhot_sdry_fl_md,red,../textures10/loveg/red_sprs_wrm_dry_sflat_d.dds
terrain10,red_sp_vhot_sdry_fl_tp,red,../textures10/loveg/red_sprs_wrm_dry_flat_c.dds
terrain10,red_sp_vhot_sdry_hill,red,../textures10/loveg/sprs_wrm_sdry_hill_d.dds
terrain10,red_sp_vhot_sdry_sflat,red,../textures10/loveg/red_sprs_wrm_dry_sflat_d.dds
terrain10,red_sp_vhot_sdry_tr_hill,red,../textures10/soil/rock_hot_dry_hill_d.dds
terrain10,red_sp_wrm_dry_fl,red,../textures10/loveg/red_sprs_wrm_dry_flat_c.dds
terrain10,red_sp_wrm_dry_fl_md,red,../textures10/loveg/red_sprs_wrm_dry_sflat_d.dds
terrain10,red_sp_wrm_dry_fl_tp,red,../textures10/loveg/red_sprs_wrm_dry_flat_c.dds
terrain10,red_sp_wrm_dry_hill,red,../textures10/loveg/sprs_wrm_dry_hill_d.dds
terrain10,red_sp_wrm_dry_sflat,red,../textures10/loveg/red_sprs_wrm_dry_sflat_d.dds
terrain10,red_sp_wrm_sdry_fl,red,../textures10/loveg/red_sprs_wrm_dry_flat_c.dds
terrain10,red_sp_wrm_sdry_fl_md,red,../textures10/loveg/red_sprs_wrm_dry_sflat_d.dds
terrain10,red_sp_wrm_sdry_fl_tp,red,../textures10/loveg/red_sprs_wrm_dry_flat_c.dds
terrain10,red_sp_wrm_sdry_hill,red,../textures10/loveg/sprs_wrm_sdry_hill_d.dds
terrain10,red_sp_wrm_sdry_sflat,red,../textures10/loveg/red_sprs_wrm_dry_sflat_d.dds
terrain10,red_spr_hot_dry_fl,red,../textures10/loveg/red_sprs_hot_dry_flat_c.dds
terrain10,red_spr_hot_dry_sflat,red,../textures10/loveg/red_sprs_hot_dry_sflat_d.dds
terrain10,red_spr_hot_sdry_fl,red,../textures10/loveg/red_sprs_wrm_dry_flat_c.dds
terrain10,red_spr_hot_sdry_sflat,red,../textures10/loveg/red_sprs_wrm_dry_sflat_d.dds
terrain10,red_spr_tmp_dry_fl,red,../textures10/loveg/red_sprs_wrm_dry_flat_c.dds
terrain10,red_spr_tmp_dry_sflat,red,../textures10/loveg/red_sprs_tmp_sdry_sflat_d.dds
terrain10,red_spr_tmp_sdry_fl,red,../textures10/loveg/red_sprs_wrm_dry_flat_c.dds
terrain10,red_spr_tmp_sdry_sflat,red,../textures10/loveg/sprs_tmp_dry_flat_c.dds
terrain10,red_spr_vhot_dry_fl,red,../textures10/loveg/red_sprs_hot_dry_flat_c.dds
terrain10,red_spr_vhot_dry_sflat,red,../textures10/loveg/red_sprs_hot_dry_sflat_d.dds
terrain10,red_spr_vhot_sdry_fl,red,../textures10/loveg/red_sprs_wrm_dry_flat_c.dds
terrain10,red_spr_vhot_sdry_sflat,red,../textures10/loveg/red_sprs_wrm_dry_sflat_d.dds
terrain10,red_spr_wrm_dry_fl,red,../textures10/loveg/red_sprs_wrm_dry_flat_c.dds
terrain10,red_spr_wrm_dry_sflat,red,../textures10/loveg/red_sprs_wrm_dry_sflat_d.dds
terrain10,red_spr_wrm_sdry_fl,red,../textures10/loveg/red_sprs_wrm_dry_flat_c.dds
terrain10,red_spr_wrm_sdry_sflat,red,../textures10/loveg/red_sprs_wrm_dry_sflat_d.dds
terrain10,red_sq_crp_hot_dry_hill,red,../textures10/human/crp_wrm_dry_hill_d.dds
terrain10,red_sq_crp_hot_sdry_hill,red,../textures10/human/crp_wrm_sdry_sflat_d.dds
terrain10,red_sq_crp_tmp_dry_hill,red,../textures10/human/crpmo_tmp_sdry_sflat_d.dds
terrain10,red_sq_crp_tmp_sdry_hill,red,../textures10/human/crpmo_tmp_sdry_sflat_d.dds
terrain10,red_sq_crp_vhot_dry_hill,red,../textures10/human/crp_wrm_dry_hill_d.dds
terrain10,red_sq_crp_vhot_sdry_hill,red,../textures10/human/crp_wrm_sdry_sflat_d.dds
terrain10,red_sq_crp_wrm_dry_hill,red,../textures10/human/crp_wrm_dry_hill_d.dds
terrain10,red_sq_crp_wrm_sdry_hill,red,../textures10/human/crp_wrm_sdry_sflat_d.dds
terrain10,red_sq_crpirg_hot_dry_hill,red,../textures10/human/crp_wrm_dry_hill_d.dds
terrain10,red_sq_crpirg_hot_sdry_hill,red,../textures10/human/crp_wrm_sdry_sflat_d.dds
terrain10,red_sq_crpirg_tmp_dry_hill,red,../textures10/human/crpmo_tmp_sdry_sflat_d.dds
terrain10,red_sq_crpirg_tmp_sdry_hill,red,../textures10/human/crp_tmp_wet_hill_d.dds
terrain10,red_sq_crpirg_vhot_dry_hill,red,../textures10/human/crp_wrm_sdry_sflat_d.dds
terrain10,red_sq_crpirg_vhot_sdry_hill,red,../textures10/human/crp_wrm_sdry_sflat_d.dds
terrain10,red_sq_crpirg_wrm_dry_hill,red,../textures10/human/crp_wrm_sdry_sflat_d.dds
terrain10,red_sq_crpirg_wrm_sdry_hill,red,../textures10/human/crp_wrm_sdry_sflat_d.dds
terrain10,red_sq_fruit_hot_dry_hill,red,../textures10/human/crpmo_wrm_dry_sflat_d.dds
terrain10,red_sq_fruit_hot_sdry_hill,red,../textures10/human/crpmo_hot_wet_sflat_d.dds
terrain10,red_sq_fruit_tmp_dry_hill,red,../textures10/human/fruit_tmp_sdry_sflat.dds
terrain10,red_sq_fruit_tmp_sdry_hill,red,../textures10/human/fruit_tmp_sdry_sflat.dds
terrain10,red_sq_fruit_vhot_dry_hill,red,../textures10/human/crpmo_wrm_dry_sflat_d.dds
terrain10,red_sq_fruit_vhot_sdry_hill,red,../textures10/human/crpmo_hot_wet_sflat_d.dds
terrain10,red_sq_fruit_wrm_dry_hill,red,../textures10/human/crp_tmp_dry_hill_d.dds
terrain10,red_sq_fruit_wrm_sdry_hill,red,../textures10/human/semidry_fruithill.dds
terrain10,red_sq_grass_tmp_dry_fl,red,../textures10/loveg/grass_tmp_dry_flat_c.dds
terrain10,red_sq_grass_tmp_dry_fl_md,red,../textures10/loveg/grass_tmp_dry_sflat_d.dds
terrain10,red_sq_grass_tmp_dry_fl_tp,red,../textures10/loveg/grass_tmp_dry_flat_c.dds
terrain10,red_sq_grass_tmp_dry_hill,red,../textures10/loveg/grass_tmp_dry_sflat_d.dds
terrain10,red_sq_grass_tmp_dry_sflat,red,../textures10/loveg/grass_tmp_dry_sflat_d.dds
terrain10,red_sq_grass_tmp_sdry_fl,red,../textures10/loveg/grass_tmp_sdry_flat_c.dds
terrain10,red_sq_grass_tmp_sdry_fl_md,red,../textures10/loveg/grass_tmp_sdry_flat_c.dds
terrain10,red_sq_grass_tmp_sdry_fl_tp,red,../textures10/loveg/grass_tmp_sdry_flat_c.dds
terrain10,red_sq_grass_tmp_sdry_hill,red,../textures10/loveg/grass_tmp_sdry_hill_d.dds
terrain10,red_sq_grass_tmp_sdry_sflat,red,../textures10/loveg/grass_tmp_sdry_flat_c.dds
terrain10,red_sq_grass_wrm_dry_fl,red,../textures10/loveg/grass_tmp_dry_flat_c.dds
terrain10,red_sq_grass_wrm_dry_fl_md,red,../textures10/loveg/grass_wrm_dry_sflat_d.dds
terrain10,red_sq_grass_wrm_dry_fl_tp,red,../textures10/loveg/grass_tmp_dry_flat_c.dds
terrain10,red_sq_grass_wrm_dry_sflat,red,../textures10/loveg/grass_wrm_dry_sflat_d.dds
terrain10,red_sq_grass_wrm_sdry_fl,red,../textures10/loveg/grass_tmp_sdry_flat_c.dds
terrain10,red_sq_grass_wrm_sdry_fl_md,red,../textures10/loveg/grass_tmp_dry_sflat_d.dds
terrain10,red_sq_grass_wrm_sdry_fl_tp,red,../textures10/loveg/grass_tmp_sdry_flat_c.dds
terrain10,red_sq_grass_wrm_sdry_sflat,red,../textures10/loveg/grass_tmp_dry_sflat_d.dds
terrain10,red_sq_olives_wrm_dry_hill,red,../textures10/human/olives_hill.dds
terrain10,red_sq_olives_wrm_sdry_hill,red,../textures10/human/olives_hill.dds
terrain10,red_sq_orch_hot_dry_hill,red,../textures10/human/crpmo_wrm_dry_sflat_d.dds
terrain10,red_sq_orch_hot_sdry_hill,red,../textures10/human/crpmo_hot_wet_sflat_d.dds
terrain10,red_sq_orch_tmp_dry_hill,red,../textures10/human/crp_tmp_dry_hill_d.dds
terrain10,red_sq_orch_tmp_sdry_hill,red,../textures10/human/crp_tmp_dry_hill_d.dds
terrain10,red_sq_orch_vhot_dry_hill,red,../textures10/human/crpmo_wrm_dry_sflat_d.dds
terrain10,red_sq_orch_vhot_sdry_hill,red,../textures10/human/crpmo_hot_wet_sflat_d.dds
terrain10,red_sq_orch_wrm_dry_hill,red,../textures10/human/crp_tmp_dry_hill_d.dds
terrain10,red_sq_pastr_hot_dry_fl,red,../textures10/loveg/grass_hot_dry_flat_c.dds
terrain10,red_sq_pastr_hot_dry_fl_md,red,../textures10/loveg/grass_hot_dry_sflat_d.dds
terrain10,red_sq_pastr_hot_dry_fl_tp,red,../textures10/loveg/grass_hot_dry_flat_c.dds
terrain10,red_sq_pastr_hot_dry_hill,red,../textures10/loveg/grass_hot_dry_sflat_d.dds
terrain10,red_sq_pastr_hot_dry_sflat,red,../textures10/loveg/grass_hot_dry_sflat_d.dds
terrain10,red_sq_pastr_hot_sdry_fl,red,../textures10/human/pastr_wrm_sdry_flat_sq_c.dds
terrain10,red_sq_pastr_hot_sdry_fl_md,red,../textures10/human/pastr_wrm_sdry_sflat_d.dds
terrain10,red_sq_pastr_hot_sdry_fl_tp,red,../textures10/human/pastr_wrm_sdry_flat_sq_c.dds
terrain10,red_sq_pastr_hot_sdry_hill,red,../textures10/human/pastr_wrm_sdry_sflat_d.dds
terrain10,red_sq_pastr_hot_sdry_sflat,red,../textures10/human/pastr_wrm_sdry_sflat_d.dds
terrain10,red_sq_pastr_tmp_dry_fl,red,../textures10/loveg/grass_tmp_dry_flat_c.dds
terrain10,red_sq_pastr_tmp_dry_fl_md,red,../textures10/loveg/grass_tmp_dry_sflat_d.dds
terrain10,red_sq_pastr_tmp_dry_fl_tp,red,../textures10/loveg/grass_tmp_dry_flat_c.dds
terrain10,red_sq_pastr_tmp_dry_hill,red,../textures10/loveg/grass_tmp_dry_sflat_d.dds
terrain10,red_sq_pastr_tmp_dry_sflat,red,../textures10/loveg/grass_tmp_dry_sflat_d.dds
terrain10,red_sq_pastr_tmp_sdry_fl,red,../textures10/human/pastr_tmp_sdry_flat_c.dds
terrain10,red_sq_pastr_tmp_sdry_fl_md,red,../textures10/loveg/grass_tmp_sdry_flat_c.dds
terrain10,red_sq_pastr_tmp_sdry_fl_tp,red,../textures10/human/pastr_tmp_sdry_flat_c.dds
terrain10,red_sq_pastr_tmp_sdry_hill,red,../textures10/loveg/grass_tmp_sdry_hill_d.dds
terrain10,red_sq_pastr_tmp_sdry_sflat,red,../textures10/loveg/grass_tmp_sdry_flat_c.dds
terrain10,red_sq_pastr_vhot_dry_fl,red,../textures10/loveg/grass_hot_dry_flat_c.dds
terrain10,red_sq_pastr_vhot_dry_fl_md,red,../textures10/loveg/grass_hot_dry_sflat_d.dds
terrain10,red_sq_pastr_vhot_dry_fl_tp,red,../textures10/loveg/grass_hot_dry_flat_c.dds
terrain10,red_sq_pastr_vhot_dry_hill,red,../textures10/loveg/grass_hot_dry_sflat_d.dds
terrain10,red_sq_pastr_vhot_dry_sflat,red,../textures10/loveg/grass_hot_dry_sflat_d.dds
terrain10,red_sq_pastr_vhot_sdry_fl,red,../textures10/human/pastr_wrm_sdry_flat_sq_c.dds
terrain10,red_sq_pastr_vhot_sdry_fl_md,red,../textures10/human/pastr_wrm_sdry_sflat_d.dds
terrain10,red_sq_pastr_vhot_sdry_fl_tp,red,../textures10/human/pastr_wrm_sdry_flat_sq_c.dds
terrain10,red_sq_pastr_vhot_sdry_hill,red,../textures10/human/pastr_wrm_sdry_sflat_d.dds
terrain10,red_sq_pastr_vhot_sdry_sflat,red,../textures10/human/pastr_wrm_sdry_sflat_d.dds
terrain10,red_sq_pastr_wrm_dry_fl,red,../textures10/loveg/grass_wrm_dry_flat_c.dds
terrain10,red_sq_pastr_wrm_dry_fl_md,red,../textures10/loveg/grass_wrm_dry_sflat_d.dds
terrain10,red_sq_pastr_wrm_dry_fl_tp,red,../textures10/loveg/grass_wrm_dry_flat_c.dds
terrain10,red_sq_pastr_wrm_dry_sflat,red,../textures10/loveg/grass_wrm_dry_sflat_d.dds
terrain10,red_sq_pastr_wrm_sdry_fl,red,../textures10/human/pastr_wrm_sdry_flat_sq_c.dds
terrain10,red_sq_pastr_wrm_sdry_fl_md,red,../textures10/human/pastr_wrm_sdry_sflat_d.dds
terrain10,red_sq_pastr_wrm_sdry_fl_tp,red,../textures10/human/pastr_wrm_sdry_flat_sq_c.dds
terrain10,red_sq_pastr_wrm_sdry_sflat,red,../textures10/human/pastr_wrm_sdry_sflat_d.dds
terrain10,rivbd_cld_dry_fl,rivbd,../textures10/soil/rivbd_cld_wet_sflat_d.dds
terrain10,rivbd_cld_dry_fl_md,rivbd,../textures10/soil/rivbd_cld_wet_sflat_d.dds
terrain10,rivbd_cld_dry_fl_tp,rivbd,../textures10/soil/rivbd_cld_wet_sflat_d.dds
terrain10,rivbd_cld_dry_hill,rivbd,../textures10/soil/scree_dry_bare_d.dds
terrain10,rivbd_cld_dry_sflat,rivbd,../textures10/soil/morn_cld_sdry_hill_d.dds
terrain10,rivbd_cld_rain_fl,rivbd,../textures10/soil/rivbd_tmp_wet_sflat_d.dds
terrain10,rivbd_cld_rain_fl_md,rivbd,../textures10/soil/rivbd_tmp_wet_sflat_d.dds
terrain10,rivbd_cld_rain_fl_tp,rivbd,../textures10/soil/rivbd_tmp_wet_sflat_d.dds
terrain10,rivbd_cld_rain_hill,rivbd,../textures10/soil/scree_dry_bare_d.dds
terrain10,rivbd_cld_rain_sflat,rivbd,../textures10/soil/scree_cld_wet_sprs_d.dds
terrain10,rivbd_cld_sdry_fl,rivbd,../textures10/soil/rivbd_cld_wet_sflat_d.dds
terrain10,rivbd_cld_sdry_fl_md,rivbd,../textures10/soil/rivbd_cld_wet_sflat_d.dds
terrain10,rivbd_cld_sdry_fl_tp,rivbd,../textures10/soil/rivbd_cld_wet_sflat_d.dds
terrain10,rivbd_cld_sdry_hill,rivbd,../textures10/soil/scree_dry_bare_d.dds
terrain10,rivbd_cld_sdry_sflat,rivbd,../textures10/soil/morn_cld_sdry_hill_d.dds
terrain10,rivbd_cld_wet_fl,rivbd,../textures10/soil/rivbd_tmp_wet_sflat_d.dds
terrain10,rivbd_cld_wet_fl_md,rivbd,../textures10/soil/rivbd_tmp_wet_sflat_d.dds
terrain10,rivbd_cld_wet_fl_tp,rivbd,../textures10/soil/rivbd_tmp_wet_sflat_d.dds
terrain10,rivbd_cld_wet_hill,rivbd,../textures10/soil/scree_cld_wet_sprs_d.dds
terrain10,rivbd_cld_wet_sflat,rivbd,../textures10/soil/scree_cld_wet_sprs_d.dds
terrain10,rivbd_hot_dry_fl,rivbd,../textures10/soil/rivbd_tmp_wet_sflat_d.dds
terrain10,rivbd_hot_dry_fl_md,rivbd,../textures10/soil/rivbd_tmp_wet_sflat_d.dds
terrain10,rivbd_hot_dry_fl_tp,rivbd,../textures10/soil/rivbd_tmp_wet_sflat_d.dds
terrain10,rivbd_hot_dry_hill,rivbd,../textures10/soil/scree_wrm_dry_bare_d.dds
terrain10,rivbd_hot_dry_sflat,rivbd,../textures10/soil/rivbd_tmp_wet_sflat_d.dds
terrain10,rivbd_hot_rain_fl,rivbd,../textures10/soil/rivbd_tmp_wet_sflat_d.dds
terrain10,rivbd_hot_rain_fl_md,rivbd,../textures10/soil/rivbd_tmp_wet_sflat_d.dds
terrain10,rivbd_hot_rain_fl_tp,rivbd,../textures10/soil/rivbd_tmp_wet_sflat_d.dds
terrain10,rivbd_hot_rain_hill,rivbd,../textures10/soil/scree_wrm_wet_sprs_d.dds
terrain10,rivbd_hot_rain_sflat,rivbd,../textures10/soil/scree_wrm_wet_sprs_d.dds
terrain10,rivbd_hot_sdry_fl,rivbd,../textures10/soil/rivbd_tmp_wet_sflat_d.dds
terrain10,rivbd_hot_sdry_fl_md,rivbd,../textures10/soil/rivbd_tmp_wet_sflat_d.dds
terrain10,rivbd_hot_sdry_fl_tp,rivbd,../textures10/soil/rivbd_tmp_wet_sflat_d.dds
terrain10,rivbd_hot_sdry_hill,rivbd,../textures10/soil/scree_wrm_dry_bare_d.dds
terrain10,rivbd_hot_sdry_sflat,rivbd,../textures10/soil/rivbd_tmp_wet_sflat_d.dds
terrain10,rivbd_hot_wet_fl,rivbd,../textures10/soil/rivbd_tmp_wet_sflat_d.dds
terrain10,rivbd_hot_wet_fl_md,rivbd,../textures10/soil/rivbd_tmp_wet_sflat_d.dds
terrain10,rivbd_hot_wet_fl_tp,rivbd,../textures10/soil/rivbd_tmp_wet_sflat_d.dds
terrain10,rivbd_hot_wet_hill,rivbd,../textures10/soil/scree_wrm_wet_sprs_d.dds
terrain10,rivbd_hot_wet_sflat,rivbd,../textures10/soil/scree_wrm_wet_sprs_d.dds
terrain10,rivbd_tmp_dry_fl,rivbd,../textures10/soil/rivbd_cld_wet_sflat_d.dds
terrain10,rivbd_tmp_dry_fl_md,rivbd,../textures10/soil/rivbd_cld_wet_sflat_d.dds
terrain10,rivbd_tmp_dry_fl_tp,rivbd,../textures10/soil/rivbd_cld_wet_sflat_d.dds
terrain10,rivbd_tmp_dry_hill,rivbd,../textures10/soil/scree_dry_bare_d.dds
terrain10,rivbd_tmp_dry_sflat,rivbd,../textures10/soil/scree_dry_bare_d.dds
terrain10,rivbd_tmp_rain_fl,rivbd,../textures10/soil/rivbd_tmp_wet_sflat_d.dds
terrain10,rivbd_tmp_rain_fl_md,rivbd,../textures10/soil/rivbd_tmp_wet_sflat_d.dds
terrain10,rivbd_tmp_rain_fl_tp,rivbd,../textures10/soil/rivbd_tmp_wet_sflat_d.dds
terrain10,rivbd_tmp_rain_hill,rivbd,../textures10/soil/scree_cld_wet_sprs_d.dds
terrain10,rivbd_tmp_rain_sflat,rivbd,../textures10/soil/scree_cld_wet_sprs_d.dds
terrain10,rivbd_tmp_sdry_fl,rivbd,../textures10/soil/rivbd_tmp_wet_sflat_d.dds
terrain10,rivbd_tmp_sdry_fl_md,rivbd,../textures10/soil/rivbd_tmp_wet_sflat_d.dds
terrain10,rivbd_tmp_sdry_fl_tp,rivbd,../textures10/soil/rivbd_tmp_wet_sflat_d.dds
terrain10,rivbd_tmp_sdry_hill,rivbd,../textures10/soil/scree_dry_bare_d.dds
terrain10,rivbd_tmp_sdry_sflat,rivbd,../textures10/soil/morn_cld_sdry_hill_d.dds
terrain10,rivbd_tmp_wet_fl,rivbd,../textures10/soil/rivbd_tmp_wet_sflat_d.dds
terrain10,rivbd_tmp_wet_fl_md,rivbd,../textures10/soil/rivbd_tmp_wet_sflat_d.dds
terrain10,rivbd_tmp_wet_fl_tp,rivbd,../textures10/soil/rivbd_tmp_wet_sflat_d.dds
terrain10,rivbd_tmp_wet_hill,rivbd,../textures10/soil/scree_cld_wet_sprs_d.dds
terrain10,rivbd_tmp_wet_sflat,rivbd,../textures10/soil/scree_cld_wet_sprs_d.dds
terrain10,rivbd_vcld_dry_fl,rivbd,../textures10/soil/rivbd_cld_wet_sflat_d.dds
terrain10,rivbd_vcld_dry_fl_md,rivbd,../textures10/soil/rivbd_cld_wet_sflat_d.dds
terrain10,rivbd_vcld_dry_fl_tp,rivbd,../textures10/soil/rivbd_cld_wet_sflat_d.dds
terrain10,rivbd_vcld_dry_hill,rivbd,../textures10/soil/scree_dry_bare_d.dds
terrain10,rivbd_vcld_dry_sflat,rivbd,../textures10/soil/morn_cld_sdry_hill_d.dds
terrain10,rivbd_vcld_rain_fl,rivbd,../textures10/soil/rivbd_cld_wet_sflat_d.dds
terrain10,rivbd_vcld_rain_fl_md,rivbd,../textures10/soil/rivbd_cld_wet_sflat_d.dds
terrain10,rivbd_vcld_rain_fl_tp,rivbd,../textures10/soil/rivbd_cld_wet_sflat_d.dds
terrain10,rivbd_vcld_rain_hill,rivbd,../textures10/soil/scree_dry_bare_d.dds
terrain10,rivbd_vcld_rain_sflat,rivbd,../textures10/soil/morn_cld_sdry_hill_d.dds
terrain10,rivbd_vcld_sdry_fl,rivbd,../textures10/soil/rivbd_cld_wet_sflat_d.dds
terrain10,rivbd_vcld_sdry_fl_md,rivbd,../textures10/soil/rivbd_cld_wet_sflat_d.dds
terrain10,rivbd_vcld_sdry_fl_tp,rivbd,../textures10/soil/rivbd_cld_wet_sflat_d.dds
terrain10,rivbd_vcld_sdry_hill,rivbd,../textures10/soil/scree_dry_bare_d.dds
terrain10,rivbd_vcld_sdry_sflat,rivbd,../textures10/soil/morn_cld_sdry_hill_d.dds
terrain10,rivbd_vcld_wet_fl,rivbd,../textures10/soil/rivbd_cld_wet_sflat_d.dds
terrain10,rivbd_vcld_wet_fl_md,rivbd,../textures10/soil/rivbd_cld_wet_sflat_d.dds
terrain10,rivbd_vcld_wet_fl_tp,rivbd,../textures10/soil/rivbd_cld_wet_sflat_d.dds
terrain10,rivbd_vcld_wet_hill,rivbd,../textures10/soil/scree_dry_bare_d.dds
terrain10,rivbd_vcld_wet_sflat,rivbd,../textures10/soil/morn_cld_sdry_hill_d.dds
terrain10,rivbd_vhot_dry_fl,rivbd,../textures10/soil/rivbd_tmp_wet_sflat_d.dds
terrain10,rivbd_vhot_dry_fl_md,rivbd,../textures10/soil/rivbd_tmp_wet_sflat_d.dds
terrain10,rivbd_vhot_dry_fl_tp,rivbd,../textures10/soil/rivbd_tmp_wet_sflat_d.dds
terrain10,rivbd_vhot_dry_hill,rivbd,../textures10/soil/scree_wrm_dry_bare_d.dds
terrain10,rivbd_vhot_dry_sflat,rivbd,../textures10/soil/rivbd_tmp_wet_sflat_d.dds
terrain10,rivbd_vhot_rain_fl,rivbd,../textures10/soil/rivbd_tmp_wet_sflat_d.dds
terrain10,rivbd_vhot_rain_fl_md,rivbd,../textures10/soil/rivbd_tmp_wet_sflat_d.dds
terrain10,rivbd_vhot_rain_fl_tp,rivbd,../textures10/soil/rivbd_tmp_wet_sflat_d.dds
terrain10,rivbd_vhot_rain_hill,rivbd,../textures10/soil/scree_wrm_wet_sprs_d.dds
terrain10,rivbd_vhot_rain_sflat,rivbd,../textures10/soil/scree_wrm_wet_sprs_d.dds
terrain10,rivbd_vhot_sdry_fl,rivbd,../textures10/soil/rivbd_tmp_wet_sflat_d.dds
terrain10,rivbd_vhot_sdry_fl_md,rivbd,../textures10/soil/rivbd_tmp_wet_sflat_d.dds
terrain10,rivbd_vhot_sdry_fl_tp,rivbd,../textures10/soil/rivbd_tmp_wet_sflat_d.dds
terrain10,rivbd_vhot_sdry_hill,rivbd,../textures10/soil/scree_wrm_dry_bare_d.dds
terrain10,rivbd_vhot_sdry_sflat,rivbd,../textures10/soil/scree_wrm_wet_sprs_d.dds
terrain10,rivbd_vhot_wet_fl,rivbd,../textures10/soil/rivbd_tmp_wet_sflat_d.dds
terrain10,rivbd_vhot_wet_fl_md,rivbd,../textures10/soil/rivbd_tmp_wet_sflat_d.dds
terrain10,rivbd_vhot_wet_fl_tp,rivbd,../textures10/soil/rivbd_tmp_wet_sflat_d.dds
terrain10,rivbd_vhot_wet_hill,rivbd,../textures10/soil/scree_wrm_wet_sprs_d.dds
terrain10,rivbd_vhot_wet_sflat,rivbd,../textures10/soil/scree_wrm_wet_sprs_d.dds
terrain10,rivbd_wrm_dry_fl,rivbd,../textures10/soil/rivbd_cld_wet_sflat_d.dds
terrain10,rivbd_wrm_dry_fl_md,rivbd,../textures10/soil/rivbd_cld_wet_sflat_d.dds
terrain10,rivbd_wrm_dry_fl_tp,rivbd,../textures10/soil/rivbd_cld_wet_sflat_d.dds
terrain10,rivbd_wrm_dry_hill,rivbd,../textures10/soil/scree_wrm_dry_bare_d.dds
terrain10,rivbd_wrm_dry_sflat,rivbd,../textures10/soil/morn_cld_sdry_hill_d.dds
terrain10,rivbd_wrm_rain_fl,rivbd,../textures10/soil/rivbd_tmp_wet_sflat_d.dds
terrain10,rivbd_wrm_rain_fl_md,rivbd,../textures10/soil/rivbd_tmp_wet_sflat_d.dds
terrain10,rivbd_wrm_rain_fl_tp,rivbd,../textures10/soil/rivbd_tmp_wet_sflat_d.dds
terrain10,rivbd_wrm_rain_hill,rivbd,../textures10/soil/rivbd_tmp_wet_sflat_d.dds
terrain10,rivbd_wrm_rain_sflat,rivbd,../textures10/soil/rivbd_tmp_wet_sflat_d.dds
terrain10,rivbd_wrm_sdry_fl,rivbd,../textures10/soil/rivbd_tmp_wet_sflat_d.dds
terrain10,rivbd_wrm_sdry_fl_md,rivbd,../textures10/soil/rivbd_tmp_wet_sflat_d.dds
terrain10,rivbd_wrm_sdry_fl_tp,rivbd,../textures10/soil/rivbd_tmp_wet_sflat_d.dds
terrain10,rivbd_wrm_sdry_hill,rivbd,../textures10/soil/scree_wrm_dry_bare_d.dds
terrain10,rivbd_wrm_sdry_sflat,rivbd,../textures10/soil/rivbd_tmp_wet_sflat_d.dds
terrain10,rivbd_wrm_wet_fl,rivbd,../textures10/soil/rivbd_tmp_wet_sflat_d.dds
terrain10,rivbd_wrm_wet_fl_md,rivbd,../textures10/soil/rivbd_tmp_wet_sflat_d.dds
terrain10,rivbd_wrm_wet_fl_tp,rivbd,../textures10/soil/rivbd_tmp_wet_sflat_d.dds
terrain10,rivbd_wrm_wet_hill,rivbd,../textures10/soil/rivbd_tmp_wet_sflat_d.dds
terrain10,rivbd_wrm_wet_sflat,rivbd,../textures10/soil/rivbd_tmp_wet_sflat_d.dds
terrain10,rock_cld_dry_fl,rock,../textures10/soil/rock_cld_sdry_flat_c.dds
terrain10,rock_cld_dry_fl_md,rock,../textures10/soil/rock_cld_wet_hill_d.dds
terrain10,rock_cld_dry_fl_tp,rock,../textures10/soil/rock_cld_sdry_flat_c.dds
terrain10,rock_cld_dry_hill,rock,../textures10/soil/rock_cld_dry_hill_d.dds
terrain10,rock_cld_dry_sflat,rock,../textures10/soil/rock_cld_dry_sflat_d.dds
terrain10,rock_cld_dry_steep,rock,../textures10/soil/rock_cld_dry_steep_d.dds
terrain10,rock_cld_rain,rock,../textures10/soil/rock_cld_wet_sflat_d.dds
terrain10,rock_cld_rain_hill,rock,../textures10/soil/rock_cld_wet_hill_d.dds
terrain10,rock_cld_rain_md,rock,../textures10/soil/rock_cld_wet_hill_d.dds
terrain10,rock_cld_rain_sflat,rock,../textures10/soil/rock_cld_wet_sflat_d.dds
terrain10,rock_cld_rain_steep,rock,../textures10/soil/rock_cld_wet_steep_d.dds
terrain10,rock_cld_rain_tp,rock,../textures10/soil/rock_cld_wet_sflat_d.dds
terrain10,rock_cld_sdry,rock,../textures10/soil/rock_cld_sdry_flat_c.dds
terrain10,rock_cld_sdry_hill,rock,../textures10/soil/rock_cld_dry_hill_d.dds
terrain10,rock_cld_sdry_md,rock,../textures10/soil/rock_cld_wet_hill_d.dds
terrain10,rock_cld_sdry_sflat,rock,../textures10/soil/rock_cld_wet_sflat_d.dds
terrain10,rock_cld_sdry_steep,rock,../textures10/soil/rock_cld_dry_steep_d.dds
terrain10,rock_cld_sdry_tp,rock,../textures10/soil/rock_cld_sdry_flat_c.dds
terrain10,rock_cld_wet,rock,../textures10/soil/rock_cld_wet_sflat_d.dds
terrain10,rock_cld_wet_hill,rock,../textures10/soil/rock_cld_wet_hill_d.dds
terrain10,rock_cld_wet_md,rock,../textures10/soil/rock_cld_wet_hill_d.dds
terrain10,rock_cld_wet_sflat,rock,../textures10/soil/rock_cld_wet_sflat_d.dds
terrain10,rock_cld_wet_steep,rock,../textures10/soil/rock_cld_wet_steep_d.dds
terrain10,rock_cld_wet_tp,rock,../textures10/soil/rock_cld_wet_sflat_d.dds
terrain10,rock_hot_dry_fl,rock,../textures10/soil/rock_wrm_dry_flat_c.dds
terrain10,rock_hot_dry_fl_md,rock,../textures10/soil/rock_hot_dry_sflat_d.dds
terrain10,rock_hot_dry_fl_tp,rock,../textures10/soil/rock_wrm_dry_flat_c.dds
terrain10,rock_hot_dry_hill,rock,../textures10/soil/rock_hot_dry_hill_d.dds
terrain10,rock_hot_dry_sflat,rock,../textures10/soil/rock_hot_dry_sflat_d.dds
terrain10,rock_hot_dry_steep,rock,../textures10/soil/rock_hot_dry_hill_d.dds
terrain10,rock_hot_rain_fl,rock,../textures10/soil/rock_wrm_sdry_flat_c.dds
terrain10,rock_hot_rain_fl_md,rock,../textures10/soil/rock_wrm_wet_sflat_d.dds
terrain10,rock_hot_rain_fl_tp,rock,../textures10/soil/rock_wrm_sdry_flat_c.dds
terrain10,rock_hot_rain_hill,rock,../textures10/soil/rock_wrm_wet_sflat_d.dds
terrain10,rock_hot_rain_sflat,rock,../textures10/soil/rock_wrm_wet_sflat_d.dds
terrain10,rock_hot_rain_steep,rock,../textures10/soil/rock_wrm_wet_steep_d.dds
terrain10,rock_hot_sdry_fl,rock,../textures10/soil/rock_wrm_wet_flat_c.dds
terrain10,rock_hot_sdry_fl_md,rock,../textures10/soil/rock_wrm_wet_sflat_d.dds
terrain10,rock_hot_sdry_fl_tp,rock,../textures10/soil/rock_wrm_wet_flat_c.dds
terrain10,rock_hot_sdry_hill,rock,../textures10/soil/rock_wrm_sdry_steep_d.dds
terrain10,rock_hot_sdry_sflat,rock,../textures10/soil/rock_wrm_wet_sflat_d.dds
terrain10,rock_hot_sdry_steep,rock,../textures10/soil/rock_wrm_sdry_steep_d.dds
terrain10,rock_hot_wet_fl,rock,../textures10/soil/rock_wrm_sdry_flat_c.dds
terrain10,rock_hot_wet_fl_md,rock,../textures10/soil/rock_wrm_wet_sflat_d.dds
terrain10,rock_hot_wet_fl_tp,rock,../textures10/soil/rock_wrm_sdry_flat_c.dds
terrain10,rock_hot_wet_hill,rock,../textures10/soil/rock_wrm_wet_sflat_d.dds
terrain10,rock_hot_wet_sflat,rock,../textures10/soil/rock_wrm_wet_sflat_d.dds
terrain10,rock_hot_wet_steep,rock,../textures10/soil/rock_wrm_wet_steep_d.dds
terrain10,rock_pol_dry,rock,../textures10/soil/rock_vcld_sdry_flat_c.dds
terrain10,rock_pol_dry_hill,rock,../textures10/soil/rock_vcld_wet_hill_d.dds
terrain10,rock_pol_dry_md,rock,../textures10/soil/rock_vcld_wet_hill_d.dds
terrain10,rock_pol_dry_sflat,rock,../textures10/soil/rock_cld_dry_sflat_d.dds
terrain10,rock_pol_dry_steep,rock,../textures10/soil/rock_vcld_dry_steep_d.dds
terrain10,rock_pol_dry_tp,rock,../textures10/soil/rock_cld_sdry_flat_c.dds
terrain10,rock_pol_rain,rock,../textures10/soil/snow_vcld_wet_sflat_d.dds
terrain10,rock_pol_rain_hill,rock,../textures10/soil/rock_pol_wet_steep_d.dds
terrain10,rock_pol_rain_md,rock,../textures10/soil/rock_pol_wet_hill_d.dds
terrain10,rock_pol_rain_sflat,rock,../textures10/soil/rock_pol_wet_sflat_d.dds
terrain10,rock_pol_rain_steep,rock,../textures10/soil/rock_pol_rain_steep_d.dds
terrain10,rock_pol_rain_tp,rock,../textures10/soil/snow_vcld_wet_sflat_d.dds
terrain10,rock_pol_sdry,rock,../textures10/soil/rock_pol_wet_sflat_d.dds
terrain10,rock_pol_sdry_hill,rock,../textures10/soil/rock_pol_wet_hill_d.dds
terrain10,rock_pol_sdry_md,rock,../textures10/soil/rock_pol_wet_hill_d.dds
terrain10,rock_pol_sdry_sflat,rock,../textures10/soil/rock_pol_wet_sflat_d.dds
terrain10,rock_pol_sdry_steep,rock,../textures10/soil/rock_cld_dry_steep_d.dds
terrain10,rock_pol_sdry_tp,rock,../textures10/soil/rock_pol_wet_sflat_d.dds
terrain10,rock_pol_wet,rock,../textures10/soil/rock_pol_wet_sflat_d.dds
terrain10,rock_pol_wet_hill,rock,../textures10/soil/rock_pol_wet_hill_d.dds
terrain10,rock_pol_wet_md,rock,../textures10/soil/rock_pol_wet_hill_d.dds
terrain10,rock_pol_wet_sflat,rock,../textures10/soil/rock_pol_wet_sflat_d.dds
terrain10,rock_pol_wet_steep,rock,../textures10/soil/rock_pol_wet_steep_d.dds
terrain10,rock_pol_wet_tp,rock,../textures10/soil/rock_pol_wet_sflat_d.dds
terrain10,rock_tmp_dry_fl,rock,../textures10/soil/rock_tmp_dry_sflat_d.dds
terrain10,rock_tmp_dry_fl_md,rock,../textures10/soil/rock_tmp_dry_hill_d.dds
terrain10,rock_tmp_dry_fl_tp,rock,../textures10/soil/rock_tmp_dry_sflat_d.dds
terrain10,rock_tmp_dry_hill,rock,../textures10/soil/rock_tmp_dry_hill_d.dds
terrain10,rock_tmp_dry_sflat,rock,../textures10/soil/rock_tmp_dry_sflat_d.dds
terrain10,rock_tmp_dry_steep,rock,../textures10/soil/rock_tmp_dry_hill_d.dds
terrain10,rock_tmp_rain_fl,rock,../textures10/soil/rock_cld_wet_sflat_d.dds
terrain10,rock_tmp_rain_fl_md,rock,../textures10/soil/rock_wrm_dry_hill_d.dds
terrain10,rock_tmp_rain_fl_tp,rock,../textures10/soil/rock_cld_wet_sflat_d.dds
terrain10,rock_tmp_rain_hill,rock,../textures10/soil/rock_tmp_wet_steep_d.dds
terrain10,rock_tmp_rain_sflat,rock,../textures10/soil/rock_cld_wet_sflat_d.dds
terrain10,rock_tmp_rain_steep,rock,../textures10/soil/rock_tmp_wet_steep_d.dds
terrain10,rock_tmp_sdry_fl,rock,../textures10/soil/rock_tmp_sdry_sflat_d.dds
terrain10,rock_tmp_sdry_fl_md,rock,../textures10/soil/rock_tmp_sdry_sflat_d.dds
terrain10,rock_tmp_sdry_fl_tp,rock,../textures10/soil/rock_tmp_sdry_sflat_d.dds
terrain10,rock_tmp_sdry_hill,rock,../textures10/soil/rock_tmp_sdry_steep_d.dds
terrain10,rock_tmp_sdry_sflat,rock,../textures10/soil/rock_tmp_sdry_sflat_d.dds
terrain10,rock_tmp_sdry_steep,rock,../textures10/soil/rock_tmp_sdry_steep_d.dds
terrain10,rock_tmp_wet_fl,rock,../textures10/soil/rock_cld_wet_sflat_d.dds
terrain10,rock_tmp_wet_fl_md,rock,../textures10/soil/rock_cld_wet_hill_d.dds
terrain10,rock_tmp_wet_fl_tp,rock,../textures10/soil/rock_cld_wet_sflat_d.dds
terrain10,rock_tmp_wet_hill,rock,../textures10/soil/rock_tmp_wet_steep_d.dds
terrain10,rock_tmp_wet_sflat,rock,../textures10/soil/rock_cld_wet_sflat_d.dds
terrain10,rock_tmp_wet_steep,rock,../textures10/soil/rock_tmp_wet_steep_d.dds
terrain10,rock_vcld_dry_fl,rock,../textures10/soil/rock_cld_sdry_flat_c.dds
terrain10,rock_vcld_dry_fl_md,rock,../textures10/soil/rock_cld_sdry_flat_c.dds
terrain10,rock_vcld_dry_fl_tp,rock,../textures10/soil/rock_vcld_sdry_flat_c.dds
terrain10,rock_vcld_dry_hill,rock,../textures10/soil/rock_cld_dry_hill_d.dds
terrain10,rock_vcld_dry_sflat,rock,../textures10/soil/rock_cld_dry_sflat_d.dds
terrain10,rock_vcld_dry_steep,rock,../textures10/soil/rock_vcld_dry_steep_d.dds
terrain10,rock_vcld_rain,rock,../textures10/soil/rock_vcld_rain_flat_c.dds
terrain10,rock_vcld_rain_hill,rock,../textures10/soil/rock_vcld_wet_hill_d.dds
terrain10,rock_vcld_rain_md,rock,../textures10/soil/rock_pol_wet_sflat_d.dds
terrain10,rock_vcld_rain_sflat,rock,../textures10/soil/rock_vcld_wet_sflat_d.dds
terrain10,rock_vcld_rain_steep,rock,../textures10/soil/rock_vcld_wet_steep_d.dds
terrain10,rock_vcld_rain_tp,rock,../textures10/soil/rock_vcld_rain_flat_c.dds
terrain10,rock_vcld_sdry,rock,../textures10/soil/rock_vcld_sdry_flat_c.dds
terrain10,rock_vcld_sdry_hill,rock,../textures10/soil/rock_vcld_sdry_steep_d.dds
terrain10,rock_vcld_sdry_md,rock,../textures10/soil/rock_vcld_wet_hill_d.dds
terrain10,rock_vcld_sdry_sflat,rock,../textures10/soil/rock_cld_wet_sflat_d.dds
terrain10,rock_vcld_sdry_steep,rock,../textures10/soil/rock_vcld_sdry_steep_d.dds
terrain10,rock_vcld_sdry_tp,rock,../textures10/soil/rock_vcld_sdry_flat_c.dds
terrain10,rock_vcld_wet,rock,../textures10/soil/rock_vcld_sdry_flat_c.dds
terrain10,rock_vcld_wet_hill,rock,../textures10/soil/rock_vcld_wet_hill_d.dds
terrain10,rock_vcld_wet_md,rock,../textures10/soil/rock_vcld_wet_hill_d.dds
terrain10,rock_vcld_wet_sflat,rock,../textures10/soil/rock_vcld_wet_sflat_d.dds
terrain10,rock_vcld_wet_steep,rock,../textures10/soil/rock_vcld_wet_steep_d.dds
terrain10,rock_vcld_wet_tp,rock,../textures10/soil/rock_vcld_rain_flat_c.dds
terrain10,rock_vhot_dry_fl,rock,../textures10/soil/rock_wrm_dry_flat_c.dds
terrain10,rock_vhot_dry_fl_md,rock,../textures10/soil/rock_hot_dry_sflat_d.dds
terrain10,rock_vhot_dry_fl_tp,rock,../textures10/soil/rock_wrm_dry_flat_c.dds
terrain10,rock_vhot_dry_hill,rock,../textures10/soil/rock_hot_dry_hill_d.dds
terrain10,rock_vhot_dry_sflat,rock,../textures10/soil/rock_hot_dry_sflat_d.dds
terrain10,rock_vhot_dry_steep,rock,../textures10/soil/rock_hot_dry_hill_d.dds
terrain10,rock_vhot_rain_fl,rock,../textures10/soil/rock_wrm_sdry_flat_c.dds
terrain10,rock_vhot_rain_fl_md,rock,../textures10/soil/rock_wrm_wet_sflat_d.dds
terrain10,rock_vhot_rain_fl_tp,rock,../textures10/soil/rock_wrm_sdry_flat_c.dds
terrain10,rock_vhot_rain_hill,rock,../textures10/soil/rock_wrm_wet_sflat_d.dds
terrain10,rock_vhot_rain_sflat,rock,../textures10/soil/rock_wrm_wet_sflat_d.dds
terrain10,rock_vhot_rain_steep,rock,../textures10/soil/rock_wrm_wet_steep_d.dds
terrain10,rock_vhot_sdry_fl,rock,../textures10/soil/rock_wrm_wet_flat_c.dds
terrain10,rock_vhot_sdry_fl_md,rock,../textures10/soil/rock_wrm_wet_sflat_d.dds
terrain10,rock_vhot_sdry_fl_tp,rock,../textures10/soil/rock_wrm_wet_flat_c.dds
terrain10,rock_vhot_sdry_hill,rock,../textures10/soil/rock_wrm_wet_sflat_d.dds
terrain10,rock_vhot_sdry_sflat,rock,../textures10/soil/rock_wrm_wet_sflat_d.dds
terrain10,rock_vhot_sdry_steep,rock,../textures10/soil/rock_wrm_dry_steep_d.dds
terrain10,rock_vhot_wet_fl,rock,../textures10/soil/rock_wrm_sdry_flat_c.dds
terrain10,rock_vhot_wet_fl_md,rock,../textures10/soil/rock_wrm_wet_sflat_d.dds
terrain10,rock_vhot_wet_fl_tp,rock,../textures10/soil/rock_wrm_sdry_flat_c.dds
terrain10,rock_vhot_wet_hill,rock,../textures10/soil/rock_wrm_wet_sflat_d.dds
terrain10,rock_vhot_wet_sflat,rock,../textures10/soil/rock_wrm_wet_sflat_d.dds
terrain10,rock_vhot_wet_steep,rock,../textures10/soil/rock_wrm_wet_steep_d.dds
terrain10,rock_vpol_dry,rock,../textures10/soil/rock_vcld_wet_sflat_d.dds
terrain10,rock_vpol_dry_hill,rock,../textures10/soil/rock_vcld_sdry_steep_d.dds
terrain10,rock_vpol_dry_md,rock,../textures10/soil/rock_vcld_wet_hill_d.dds
terrain10,rock_vpol_dry_sflat,rock,../textures10/soil/rock_vcld_wet_sflat_d.dds
terrain10,rock_vpol_dry_steep,rock,../textures10/soil/cliff_vpol_dry.dds
terrain10,rock_vpol_dry_tp,rock,../textures10/soil/rock_vcld_wet_sflat_d.dds
terrain10,rock_vpol_rain,rock,../textures10/soil/snow_vcld_wet_sflat_d.dds
terrain10,rock_vpol_rain_hill,rock,../textures10/soil/rock_vpol_wet_hill_d.dds
terrain10,rock_vpol_rain_md,rock,../textures10/soil/rock_vpol_wet_hill_d.dds
terrain10,rock_vpol_rain_sflat,rock,../textures10/soil/snow_vcld_rain_hill_d.dds
terrain10,rock_vpol_rain_steep,rock,../textures10/soil/rock_pol_rain_steep_d.dds
terrain10,rock_vpol_rain_tp,rock,../textures10/soil/snow_vcld_wet_sflat_d.dds
terrain10,rock_vpol_sdry,rock,../textures10/soil/rock_pol_wet_sflat_d.dds
terrain10,rock_vpol_sdry_hill,rock,../textures10/soil/rock_pol_wet_hill_d.dds
terrain10,rock_vpol_sdry_md,rock,../textures10/soil/rock_pol_wet_hill_d.dds
terrain10,rock_vpol_sdry_sflat,rock,../textures10/soil/rock_pol_wet_sflat_d.dds
terrain10,rock_vpol_sdry_steep,rock,../textures10/soil/cliff_vpol_dry.dds
terrain10,rock_vpol_sdry_tp,rock,../textures10/soil/rock_pol_wet_sflat_d.dds
terrain10,rock_vpol_wet,rock,../textures10/soil/snow_vcld_wet_sflat_d.dds
terrain10,rock_vpol_wet_hill,rock,../textures10/soil/snow_vcld_rain_hill_d.dds
terrain10,rock_vpol_wet_md,rock,../textures10/soil/rock_vpol_wet_hill_d.dds
terrain10,rock_vpol_wet_sflat,rock,../textures10/soil/snow_vcld_rain_hill_d.dds
terrain10,rock_vpol_wet_steep,rock,../textures10/soil/rock_pol_rain_steep_d.dds
terrain10,rock_vpol_wet_tp,rock,../textures10/soil/snow_vcld_wet_sflat_d.dds
terrain10,rock_wrm_dry_fl,rock,../textures10/soil/rock_wrm_dry_flat_c.dds
terrain10,rock_wrm_dry_fl_md,rock,../textures10/soil/rock_wrm_dry_sflat_d.dds
terrain10,rock_wrm_dry_fl_tp,rock,../textures10/soil/rock_wrm_dry_flat_c.dds
terrain10,rock_wrm_dry_hill,rock,../textures10/soil/rock_wrm_dry_hill_d.dds
terrain10,rock_wrm_dry_sflat,rock,../textures10/soil/rock_wrm_dry_sflat_d.dds
terrain10,rock_wrm_dry_steep,rock,../textures10/soil/rock_wrm_dry_steep_d.dds
terrain10,rock_wrm_rain_fl,rock,../textures10/soil/rock_wrm_sdry_flat_c.dds
terrain10,rock_wrm_rain_fl_md,rock,../textures10/soil/rock_wrm_wet_sflat_d.dds
terrain10,rock_wrm_rain_fl_tp,rock,../textures10/soil/rock_wrm_sdry_flat_c.dds
terrain10,rock_wrm_rain_hill,rock,../textures10/soil/rock_wrm_wet_sflat_d.dds
terrain10,rock_wrm_rain_sflat,rock,../textures10/soil/rock_wrm_wet_sflat_d.dds
terrain10,rock_wrm_rain_steep,rock,../textures10/soil/rock_wrm_wet_steep_d.dds
terrain10,rock_wrm_sdry_fl,rock,../textures10/soil/rock_wrm_sdry_flat_c.dds
terrain10,rock_wrm_sdry_fl_md,rock,../textures10/soil/rock_wrm_wet_sflat_d.dds
terrain10,rock_wrm_sdry_fl_tp,rock,../textures10/soil/rock_wrm_sdry_flat_c.dds
terrain10,rock_wrm_sdry_hill,rock,../textures10/soil/rock_wrm_sdry_steep_d.dds
terrain10,rock_wrm_sdry_sflat,rock,../textures10/soil/rock_wrm_wet_sflat_d.dds
terrain10,rock_wrm_sdry_steep,rock,../textures10/soil/rock_wrm_sdry_steep_d.dds
terrain10,rock_wrm_wet_fl,rock,../textures10/soil/rock_wrm_sdry_flat_c.dds
terrain10,rock_wrm_wet_fl_md,rock,../textures10/soil/rock_wrm_wet_sflat_d.dds
terrain10,rock_wrm_wet_fl_tp,rock,../textures10/soil/rock_wrm_sdry_flat_c.dds
terrain10,rock_wrm_wet_hill,rock,../textures10/soil/rock_wrm_wet_sflat_d.dds
terrain10,rock_wrm_wet_sflat,rock,../textures10/soil/rock_wrm_wet_sflat_d.dds
terrain10,rock_wrm_wet_steep,rock,../textures10/soil/rock_wrm_wet_steep_d.dds
terrain10,salt_lake,salt,../textures10/soil/saltpan_flat_c.dds
terrain10,salt_lake_hem,salt,../textures10/soil/salthem_flat.dds
terrain10,salt_lake_hem_md,salt,../textures10/soil/salthem_sflat_d.dds
terrain10,salt_lake_hem_sflat,salt,../textures10/soil/salthem_sflat_d.dds
terrain10,salt_lake_md,salt,../textures10/soil/salthem_flat.dds
terrain10,salt_lake_sflat,salt,../textures10/soil/salthem_sflat_d.dds
terrain10,sand_cld_dry_fl,sand,../textures10/soil/sand_cld_dry_flat_c.dds
terrain10,sand_cld_dry_fl_md,sand,../textures10/soil/sand_cld_dry_sflat_c.dds
terrain10,sand_cld_dry_fl_tp,sand,../textures10/soil/sand_cld_dry_flat_c.dds
terrain10,sand_cld_dry_hill,sand,../textures10/soil/scree_dry_bare_d.dds
terrain10,sand_cld_dry_sflat,sand,../textures10/soil/sand_cld_dry_sflat_c.dds
terrain10,sand_cld_dry_steep,sand,../textures10/soil/scree_dry_bare_d.dds
terrain10,sand_cld_rain_fl,sand,../textures10/soil/sand_cld_wet_sflat_d.dds
terrain10,sand_cld_rain_fl_md,sand,../textures10/soil/sand_cld_wet_sflat_d.dds
terrain10,sand_cld_rain_fl_tp,sand,../textures10/soil/sand_cld_wet_sflat_d.dds
terrain10,sand_cld_rain_hill,sand,../textures10/soil/scree_dry_bare_d.dds
terrain10,sand_cld_rain_sflat,sand,../textures10/soil/sand_cld_wet_sflat_d.dds
terrain10,sand_cld_rain_steep,sand,../textures10/soil/scree_dry_bare_d.dds
terrain10,sand_cld_sdry_fl,sand,../textures10/soil/sand_cld_dry_flat_c.dds
terrain10,sand_cld_sdry_fl_md,sand,../textures10/soil/sand_cld_dry_sflat_c.dds
terrain10,sand_cld_sdry_fl_tp,sand,../textures10/soil/sand_cld_dry_flat_c.dds
terrain10,sand_cld_sdry_hill,sand,../textures10/soil/scree_dry_bare_d.dds
terrain10,sand_cld_sdry_sflat,sand,../textures10/soil/sand_cld_dry_sflat_c.dds
terrain10,sand_cld_sdry_steep,sand,../textures10/soil/scree_dry_bare_d.dds
terrain10,sand_cld_wet_fl,sand,../textures10/soil/sand_cld_wet_sflat_d.dds
terrain10,sand_cld_wet_fl_md,sand,../textures10/soil/sand_cld_wet_sflat_d.dds
terrain10,sand_cld_wet_fl_tp,sand,../textures10/soil/sand_cld_wet_sflat_d.dds
terrain10,sand_cld_wet_hill,sand,../textures10/soil/scree_dry_bare_d.dds
terrain10,sand_cld_wet_sflat,sand,../textures10/soil/sand_cld_wet_sflat_d.dds
terrain10,sand_cld_wet_steep,sand,../textures10/soil/scree_dry_bare_d.dds
terrain10,sand_hot_dry_fl,sand,../textures10/soil/sand_hot_flat_c.dds
terrain10,sand_hot_dry_fl_md,sand,../textures10/soil/sand_hot_sflat_c.dds
terrain10,sand_hot_dry_fl_tp,sand,../textures10/soil/sand_hot_flat_c.dds
terrain10,sand_hot_dry_hill,sand,../textures10/soil/sand_hot_sflat_c.dds
terrain10,sand_hot_dry_sflat,sand,../textures10/soil/sand_hot_sflat_c.dds
terrain10,sand_hot_dry_steep,sand,../textures10/soil/rock_hot_dry_hill_d.dds
terrain10,sand_hot_rain_fl,sand,../textures10/soil/sand_hot_flat_c.dds
terrain10,sand_hot_rain_fl_md,sand,../textures10/soil/sand_hot_sflat_c.dds
terrain10,sand_hot_rain_fl_tp,sand,../textures10/soil/sand_hot_flat_c.dds
terrain10,sand_hot_rain_hill,sand,../textures10/soil/sand_hot_sflat_c.dds
terrain10,sand_hot_rain_sflat,sand,../textures10/soil/sand_hot_sflat_c.dds
terrain10,sand_hot_rain_steep,sand,../textures10/soil/rock_hot_dry_hill_d.dds
terrain10,sand_hot_sdry_fl,sand,../textures10/soil/sand_hot_flat_c.dds
terrain10,sand_hot_sdry_fl_md,sand,../textures10/soil/sand_hot_sflat_c.dds
terrain10,sand_hot_sdry_fl_tp,sand,../textures10/soil/sand_hot_flat_c.dds
terrain10,sand_hot_sdry_hill,sand,../textures10/soil/sand_hot_sflat_c.dds
terrain10,sand_hot_sdry_sflat,sand,../textures10/soil/sand_hot_sflat_c.dds
terrain10,sand_hot_sdry_steep,sand,../textures10/soil/rock_hot_dry_hill_d.dds
terrain10,sand_hot_wet_fl,sand,../textures10/soil/sand_hot_flat_c.dds
terrain10,sand_hot_wet_fl_md,sand,../textures10/soil/sand_hot_sflat_c.dds
terrain10,sand_hot_wet_fl_tp,sand,../textures10/soil/sand_hot_flat_c.dds
terrain10,sand_hot_wet_hill,sand,../textures10/soil/sand_hot_sflat_c.dds
terrain10,sand_hot_wet_sflat,sand,../textures10/soil/sand_hot_sflat_c.dds
terrain10,sand_hot_wet_steep,sand,../textures10/soil/rock_hot_dry_hill_d.dds
terrain10,sand_pol_dry_fl,sand,../textures10/soil/sand_cld_dry_flat_c.dds
terrain10,sand_pol_dry_fl_md,sand,../textures10/soil/sand_cld_dry_sflat_c.dds
terrain10,sand_pol_dry_fl_tp,sand,../textures10/soil/sand_cld_dry_flat_c.dds
terrain10,sand_pol_dry_hill,sand,../textures10/soil/scree_vcld_wet_d.dds
terrain10,sand_pol_dry_sflat,sand,../textures10/soil/sand_cld_dry_sflat_c.dds
terrain10,sand_pol_dry_steep,sand,../textures10/soil/scree_vcld_wet_d.dds
terrain10,sand_pol_rain_fl,sand,../textures10/soil/sand_cld_dry_sflat_c.dds
terrain10,sand_pol_rain_fl_md,sand,../textures10/soil/sand_cld_dry_sflat_c.dds
terrain10,sand_pol_rain_fl_tp,sand,../textures10/soil/sand_cld_dry_sflat_c.dds
terrain10,sand_pol_rain_hill,sand,../textures10/soil/scree_vcld_wet_d.dds
terrain10,sand_pol_rain_sflat,sand,../textures10/soil/sand_cld_dry_sflat_c.dds
terrain10,sand_pol_rain_steep,sand,../textures10/soil/scree_vcld_wet_d.dds
terrain10,sand_pol_sdry_fl,sand,../textures10/soil/sand_cld_dry_flat_c.dds
terrain10,sand_pol_sdry_fl_md,sand,../textures10/soil/sand_cld_dry_sflat_c.dds
terrain10,sand_pol_sdry_fl_tp,sand,../textures10/soil/sand_cld_dry_flat_c.dds
terrain10,sand_pol_sdry_hill,sand,../textures10/soil/scree_vcld_wet_d.dds
terrain10,sand_pol_sdry_sflat,sand,../textures10/soil/sand_cld_dry_sflat_c.dds
terrain10,sand_pol_sdry_steep,sand,../textures10/soil/scree_vcld_wet_d.dds
terrain10,sand_pol_wet_fl,sand,../textures10/soil/sand_cld_dry_sflat_c.dds
terrain10,sand_pol_wet_fl_md,sand,../textures10/soil/sand_cld_dry_sflat_c.dds
terrain10,sand_pol_wet_fl_tp,sand,../textures10/soil/sand_cld_dry_sflat_c.dds
terrain10,sand_pol_wet_hill,sand,../textures10/soil/scree_vcld_wet_d.dds
terrain10,sand_pol_wet_sflat,sand,../textures10/soil/sand_cld_dry_sflat_c.dds
terrain10,sand_pol_wet_steep,sand,../textures10/soil/scree_vcld_wet_d.dds
terrain10,sand_tmp_dry_fl,sand,../textures10/soil/sand_cld_dry_flat_c.dds
terrain10,sand_tmp_dry_fl_md,sand,../textures10/soil/sand_cld_dry_sflat_c.dds
terrain10,sand_tmp_dry_fl_tp,sand,../textures10/soil/sand_cld_dry_flat_c.dds
terrain10,sand_tmp_dry_hill,sand,../textures10/soil/scree_dry_bare_d.dds
terrain10,sand_tmp_dry_sflat,sand,../textures10/soil/sand_cld_dry_sflat_c.dds
terrain10,sand_tmp_dry_steep,sand,../textures10/soil/scree_dry_bare_d.dds
terrain10,sand_tmp_rain_fl,sand,../textures10/soil/sand_cld_wet_sflat_d.dds
terrain10,sand_tmp_rain_fl_md,sand,../textures10/soil/sand_cld_wet_sflat_d.dds
terrain10,sand_tmp_rain_fl_tp,sand,../textures10/soil/sand_cld_wet_sflat_d.dds
terrain10,sand_tmp_rain_hill,sand,../textures10/soil/scree_dry_bare_d.dds
terrain10,sand_tmp_rain_sflat,sand,../textures10/soil/sand_cld_wet_sflat_d.dds
terrain10,sand_tmp_rain_steep,sand,../textures10/soil/scree_dry_bare_d.dds
terrain10,sand_tmp_sdry_fl,sand,../textures10/soil/sand_tmp_dry_sflat_d.dds
terrain10,sand_tmp_sdry_fl_md,sand,../textures10/soil/sand_tmp_dry_sflat_d.dds
terrain10,sand_tmp_sdry_fl_tp,sand,../textures10/soil/sand_tmp_dry_sflat_d.dds
terrain10,sand_tmp_sdry_hill,sand,../textures10/soil/scree_dry_bare_d.dds
terrain10,sand_tmp_sdry_sflat,sand,../textures10/soil/sand_tmp_dry_sflat_d.dds
terrain10,sand_tmp_sdry_steep,sand,../textures10/soil/scree_dry_bare_d.dds
terrain10,sand_tmp_wet_fl,sand,../textures10/soil/sand_cld_wet_sflat_d.dds
terrain10,sand_tmp_wet_fl_md,sand,../textures10/soil/sand_cld_wet_sflat_d.dds
terrain10,sand_tmp_wet_fl_tp,sand,../textures10/soil/sand_cld_wet_sflat_d.dds
terrain10,sand_tmp_wet_hill,sand,../textures10/soil/scree_dry_bare_d.dds
terrain10,sand_tmp_wet_sflat,sand,../textures10/soil/sand_cld_wet_sflat_d.dds
terrain10,sand_tmp_wet_steep,sand,../textures10/soil/scree_dry_bare_d.dds
terrain10,sand_vcld_dry_fl,sand,../textures10/soil/sand_cld_dry_flat_c.dds
terrain10,sand_vcld_dry_fl_md,sand,../textures10/soil/sand_cld_dry_sflat_c.dds
terrain10,sand_vcld_dry_fl_tp,sand,../textures10/soil/sand_cld_dry_flat_c.dds
terrain10,sand_vcld_dry_hill,sand,../textures10/soil/scree_vcld_wet_d.dds
terrain10,sand_vcld_dry_sflat,sand,../textures10/soil/sand_cld_dry_sflat_c.dds
terrain10,sand_vcld_dry_steep,sand,../textures10/soil/scree_vcld_wet_d.dds
terrain10,sand_vcld_rain_fl,sand,../textures10/soil/sand_cld_wet_sflat_d.dds
terrain10,sand_vcld_rain_fl_md,sand,../textures10/soil/sand_cld_wet_sflat_d.dds
terrain10,sand_vcld_rain_fl_tp,sand,../textures10/soil/sand_cld_wet_sflat_d.dds
terrain10,sand_vcld_rain_hill,sand,../textures10/soil/scree_vcld_wet_d.dds
terrain10,sand_vcld_rain_sflat,sand,../textures10/soil/sand_cld_wet_sflat_d.dds
terrain10,sand_vcld_rain_steep,sand,../textures10/soil/scree_vcld_wet_d.dds
terrain10,sand_vcld_sdry_fl,sand,../textures10/soil/sand_cld_dry_flat_c.dds
terrain10,sand_vcld_sdry_fl_md,sand,../textures10/soil/sand_cld_dry_sflat_c.dds
terrain10,sand_vcld_sdry_fl_tp,sand,../textures10/soil/sand_cld_dry_flat_c.dds
terrain10,sand_vcld_sdry_hill,sand,../textures10/soil/scree_vcld_wet_d.dds
terrain10,sand_vcld_sdry_sflat,sand,../textures10/soil/sand_cld_dry_sflat_c.dds
terrain10,sand_vcld_sdry_steep,sand,../textures10/soil/scree_vcld_wet_d.dds
terrain10,sand_vcld_wet_fl,sand,../textures10/soil/sand_cld_wet_sflat_d.dds
terrain10,sand_vcld_wet_fl_md,sand,../textures10/soil/sand_cld_wet_sflat_d.dds
terrain10,sand_vcld_wet_fl_tp,sand,../textures10/soil/sand_cld_wet_sflat_d.dds
terrain10,sand_vcld_wet_hill,sand,../textures10/soil/scree_vcld_wet_d.dds
terrain10,sand_vcld_wet_sflat,sand,../textures10/soil/sand_cld_wet_sflat_d.dds
terrain10,sand_vcld_wet_steep,sand,../textures10/soil/scree_vcld_wet_d.dds
terrain10,sand_vhot_dry_fl,sand,../textures10/soil/sand_hot_flat_c.dds
terrain10,sand_vhot_dry_fl_md,sand,../textures10/soil/sand_hot_sflat_c.dds
terrain10,sand_vhot_dry_fl_tp,sand,../textures10/soil/sand_hot_flat_c.dds
terrain10,sand_vhot_dry_hill,sand,../textures10/soil/sand_hot_sflat_c.dds
terrain10,sand_vhot_dry_sflat,sand,../textures10/soil/sand_hot_sflat_c.dds
terrain10,sand_vhot_dry_steep,sand,../textures10/soil/rock_hot_dry_hill_d.dds
terrain10,sand_vhot_rain_fl,sand,../textures10/soil/sand_hot_flat_c.dds
terrain10,sand_vhot_rain_fl_md,sand,../textures10/soil/sand_hot_sflat_c.dds
terrain10,sand_vhot_rain_fl_tp,sand,../textures10/soil/sand_hot_flat_c.dds
terrain10,sand_vhot_rain_hill,sand,../textures10/soil/sand_hot_sflat_c.dds
terrain10,sand_vhot_rain_sflat,sand,../textures10/soil/sand_hot_sflat_c.dds
terrain10,sand_vhot_rain_steep,sand,../textures10/soil/rock_hot_dry_hill_d.dds
terrain10,sand_vhot_sdry_fl,sand,../textures10/soil/sand_hot_flat_c.dds
terrain10,sand_vhot_sdry_fl_md,sand,../textures10/soil/sand_hot_sflat_c.dds
terrain10,sand_vhot_sdry_fl_tp,sand,../textures10/soil/sand_hot_flat_c.dds
terrain10,sand_vhot_sdry_hill,sand,../textures10/soil/sand_hot_sflat_c.dds
terrain10,sand_vhot_sdry_sflat,sand,../textures10/soil/sand_hot_sflat_c.dds
terrain10,sand_vhot_sdry_steep,sand,../textures10/soil/rock_hot_dry_hill_d.dds
terrain10,sand_vhot_wet_fl,sand,../textures10/soil/sand_hot_flat_c.dds
terrain10,sand_vhot_wet_fl_md,sand,../textures10/soil/sand_hot_sflat_c.dds
terrain10,sand_vhot_wet_fl_tp,sand,../textures10/soil/sand_hot_flat_c.dds
terrain10,sand_vhot_wet_hill,sand,../textures10/soil/sand_hot_sflat_c.dds
terrain10,sand_vhot_wet_sflat,sand,../textures10/soil/sand_hot_sflat_c.dds
terrain10,sand_vhot_wet_steep,sand,../textures10/soil/rock_hot_dry_hill_d.dds
terrain10,sand_vvhot_fl,sand,../textures10/soil/sand_hot_flat_c.dds
terrain10,sand_vvhot_fl_lo,sand,../textures10/soil/sand_hot_flat_c.dds
terrain10,sand_vvhot_fl_md,sand,../textures10/soil/sand_hot_sflat_c.dds
terrain10,sand_vvhot_fl_md2,sand,../textures10/soil/sand_hot_sflat_c.dds
terrain10,sand_vvhot_fl_tp,sand,../textures10/soil/sand_hot_flat_c.dds
terrain10,sand_vvhot_sflat,sand,../textures10/soil/sand_hot_sflat_c.dds
terrain10,sand_wrm_dry_fl,sand,../textures10/soil/sand_wrm_flat_c.dds
terrain10,sand_wrm_dry_fl_md,sand,../textures10/soil/sand_wrm_sflat_c.dds
terrain10,sand_wrm_dry_fl_tp,sand,../textures10/soil/sand_wrm_flat_c.dds
terrain10,sand_wrm_dry_hill,sand,../textures10/soil/sand_wrm_sflat_c.dds
terrain10,sand_wrm_dry_sflat,sand,../textures10/soil/sand_wrm_sflat_c.dds
terrain10,sand_wrm_dry_steep,sand,../textures10/soil/rock_hot_dry_hill_d.dds
terrain10,sand_wrm_rain_fl,sand,../textures10/soil/sand_wrm_flat_c.dds
terrain10,sand_wrm_rain_fl_md,sand,../textures10/soil/sand_wrm_sflat_c.dds
terrain10,sand_wrm_rain_fl_tp,sand,../textures10/soil/sand_wrm_flat_c.dds
terrain10,sand_wrm_rain_hill,sand,../textures10/soil/sand_wrm_sflat_c.dds
terrain10,sand_wrm_rain_sflat,sand,../textures10/soil/sand_wrm_sflat_c.dds
terrain10,sand_wrm_rain_steep,sand,../textures10/soil/rock_hot_dry_hill_d.dds
terrain10,sand_wrm_sdry_fl,sand,../textures10/soil/sand_wrm_flat_c.dds
terrain10,sand_wrm_sdry_fl_md,sand,../textures10/soil/sand_wrm_sflat_c.dds
terrain10,sand_wrm_sdry_fl_tp,sand,../textures10/soil/sand_wrm_flat_c.dds
terrain10,sand_wrm_sdry_hill,sand,../textures10/soil/sand_wrm_sflat_c.dds
terrain10,sand_wrm_sdry_sflat,sand,../textures10/soil/sand_wrm_sflat_c.dds
terrain10,sand_wrm_sdry_steep,sand,../textures10/soil/rock_hot_dry_hill_d.dds
terrain10,sand_wrm_wet_fl,sand,../textures10/soil/sand_wrm_flat_c.dds
terrain10,sand_wrm_wet_fl_md,sand,../textures10/soil/sand_wrm_sflat_c.dds
terrain10,sand_wrm_wet_fl_tp,sand,../textures10/soil/sand_wrm_flat_c.dds
terrain10,sand_wrm_wet_hill,sand,../textures10/soil/sand_wrm_sflat_c.dds
terrain10,sand_wrm_wet_sflat,sand,../textures10/soil/sand_wrm_sflat_c.dds
terrain10,sand_wrm_wet_steep,sand,../textures10/soil/rock_hot_dry_hill_d.dds
terrain10,semidry_crptwn_irr,semidry,../textures10/human/crp_tmp_sdry_flat_c.dds
terrain10,semidry_crptwnhill_irr,semidry,../textures10/human/crpmo_tmp_sdry_sflat_d.dds
terrain10,shrb_cld_dry_fl,shrb,../textures10/hiveg/broadl_sp_cld_wet_sflat_d.dds
terrain10,shrb_cld_dry_fl_md,shrb,../textures10/loveg/shrub_tmp_wet_hill_d.dds
terrain10,shrb_cld_dry_fl_tp,shrb,../textures10/hiveg/broadl_sp_cld_wet_sflat_d.dds
terrain10,shrb_cld_dry_hill,shrb,../textures10/loveg/shrub_tmp_dry_hill_d.dds
terrain10,shrb_cld_dry_steep,shrb,../textures10/loveg/shrub_cld_sdry_steep_d.dds
terrain10,shrb_cld_rain_hill,shrb,../textures10/loveg/shrub_tmp_wet_hill_d.dds
terrain10,shrb_cld_rain_steep,shrb,../textures10/loveg/shrub_cld_rain_steep_d.dds
terrain10,shrb_cld_sdry_fl,shrb,../textures10/hiveg/broadl_sp_cld_wet_sflat_d.dds
terrain10,shrb_cld_sdry_fl_md,shrb,../textures10/loveg/shrub_tmp_wet_hill_d.dds
terrain10,shrb_cld_sdry_fl_tp,shrb,../textures10/hiveg/broadl_sp_cld_wet_sflat_d.dds
terrain10,shrb_cld_sdry_hill,shrb,../textures10/loveg/shrub_tmp_sdry_hill_d.dds
terrain10,shrb_cld_sdry_steep,shrb,../textures10/loveg/shrub_cld_sdry_steep_d.dds
terrain10,shrb_cld_wet_fl,shrb,../textures10/loveg/shrub_tmp_wet_flat.dds
terrain10,shrb_cld_wet_fl_md,shrb,../textures10/hiveg/broadl_sp_cld_wet_sflat_d.dds
terrain10,shrb_cld_wet_fl_tp,shrb,../textures10/loveg/shrub_tmp_wet_flat.dds
terrain10,shrb_cld_wet_hill,shrb,../textures10/loveg/tund_shrb_cld_wet_hill_d.dds
terrain10,shrb_cld_wet_steep,shrb,../textures10/loveg/shrub_cld_wet_steep_d.dds
terrain10,shrb_hot_dry_fl,shrb,../textures10/loveg/shrub_hot_dry_flat_c.dds
terrain10,shrb_hot_dry_fl_lo,shrb,../textures10/loveg/shrub_hot_dry_sflat_d.dds
terrain10,shrb_hot_dry_fl_tp,shrb,../textures10/loveg/shrub_hot_dry_flat_c.dds
terrain10,shrb_hot_dry_hill,shrb,../textures10/loveg/shrub_hot_dry_hill_d.dds
terrain10,shrb_hot_dry_sflat,shrb,../textures10/loveg/shrub_hot_dry_sflat_d.dds
terrain10,shrb_hot_rain_hill,shrb,../textures10/loveg/shrub_hot_rain_hill_d.dds
terrain10,shrb_hot_rain_sflat,shrb,../textures10/loveg/shrub_hot_rain_sflat_d.dds
terrain10,shrb_hot_sdry_fl,shrb,../textures10/loveg/shrub_wrm_sdry_flat_c.dds
terrain10,shrb_hot_sdry_fl_lo,shrb,../textures10/loveg/shrub_wrm_sdry_flat_c.dds
terrain10,shrb_hot_sdry_fl_tp,shrb,../textures10/loveg/shrub_wrm_sdry_flat_c.dds
terrain10,shrb_hot_sdry_hill,shrb,../textures10/soil/rock_wrm_sdry_steep_d.dds
terrain10,shrb_hot_sdry_sflat,shrb,../textures10/loveg/shrub_wrm_sdry_sflat_d.dds
terrain10,shrb_hot_wet_fl,shrb,../textures10/loveg/shrub_hot_rain_flat_c.dds
terrain10,shrb_hot_wet_fl_lo,shrb,../textures10/loveg/shrub_hot_rain_flat_c.dds
terrain10,shrb_hot_wet_fl_tp,shrb,../textures10/loveg/shrub_hot_rain_flat_c.dds
terrain10,shrb_hot_wet_hill,shrb,../textures10/loveg/shrub_wrm_wet_hill_d.dds
terrain10,shrb_hot_wet_sflat,shrb,../textures10/loveg/shrub_wrm_wet_sflat_d.dds
terrain10,shrb_tmp_dry_fl,shrb,../textures10/loveg/shrub_tmp_dry_flat_c.dds
terrain10,shrb_tmp_dry_fl_md,shrb,../textures10/loveg/shrub_tmp_dry_sflat_d.dds
terrain10,shrb_tmp_dry_fl_tp,shrb,../textures10/loveg/shrub_tmp_dry_flat_c.dds
terrain10,shrb_tmp_dry_hill,shrb,../textures10/loveg/shrub_tmp_dry_hill_d.dds
terrain10,shrb_tmp_dry_sflat,shrb,../textures10/loveg/shrub_tmp_dry_sflat_d.dds
terrain10,shrb_tmp_rain_hill,shrb,../textures10/loveg/shrub_tmp_wet_hill_d.dds
terrain10,shrb_tmp_rain_sflat,shrb,../textures10/loveg/shrub_tmp_wet_sflat_d.dds
terrain10,shrb_tmp_sdry_fl,shrb,../textures10/loveg/shrub_tmp_sdry_flat_c.dds
terrain10,shrb_tmp_sdry_fl_md,shrb,../textures10/hiveg/coni_sp_tmp_sdry_hill_d.dds
terrain10,shrb_tmp_sdry_fl_tp,shrb,../textures10/loveg/shrub_tmp_sdry_flat_c.dds
terrain10,shrb_tmp_sdry_hill,shrb,../textures10/loveg/shrub_tmp_sdry_hill_d.dds
terrain10,shrb_tmp_sdry_sflat,shrb,../textures10/loveg/shrub_tmp_sdry_sflat_d.dds
terrain10,shrb_tmp_wet_fl,shrb,../textures10/loveg/shrub_tmp_wet_flat.dds
terrain10,shrb_tmp_wet_fl_md,shrb,../textures10/loveg/shrub_tmp_wet_sflat_d.dds
terrain10,shrb_tmp_wet_fl_tp,shrb,../textures10/loveg/shrub_tmp_wet_flat.dds
terrain10,shrb_tmp_wet_hill,shrb,../textures10/loveg/shrub_tmp_wet_hill_d.dds
terrain10,shrb_tmp_wet_sflat,shrb,../textures10/loveg/shrub_tmp_wet_sflat_d.dds
terrain10,shrb_vcld_dry_fl,shrb,../textures10/loveg/shrub_tmp_wet_hill_d.dds
terrain10,shrb_vcld_dry_fl_md,shrb,../textures10/loveg/shrub_tmp_wet_hill_d.dds
terrain10,shrb_vcld_dry_fl_tp,shrb,../textures10/loveg/shrub_tmp_wet_hill_d.dds
terrain10,shrb_vcld_dry_hill,shrb,../textures10/loveg/tund_shrb_cld_wet_hill_d.dds
terrain10,shrb_vcld_dry_steep,shrb,../textures10/loveg/shrub_cld_sdry_steep_d.dds
terrain10,shrb_vcld_rain_hill,shrb,../textures10/loveg/tund_shrb_cld_wet_hill_d.dds
terrain10,shrb_vcld_rain_steep,shrb,../textures10/loveg/shrub_vcld_rain_steep_d.dds
terrain10,shrb_vcld_sdry_fl,shrb,../textures10/loveg/shrub_tmp_wet_hill_d.dds
terrain10,shrb_vcld_sdry_fl_md,shrb,../textures10/loveg/shrub_tmp_wet_hill_d.dds
terrain10,shrb_vcld_sdry_fl_tp,shrb,../textures10/loveg/shrub_tmp_wet_hill_d.dds
terrain10,shrb_vcld_sdry_hill,shrb,../textures10/loveg/tund_shrb_cld_wet_hill_d.dds
terrain10,shrb_vcld_sdry_steep,shrb,../textures10/loveg/shrub_cld_sdry_steep_d.dds
terrain10,shrb_vcld_wet_fl,shrb,../textures10/loveg/shrub_tmp_wet_hill_d.dds
terrain10,shrb_vcld_wet_fl_md,shrb,../textures10/loveg/shrub_tmp_wet_hill_d.dds
terrain10,shrb_vcld_wet_fl_tp,shrb,../textures10/loveg/shrub_tmp_wet_hill_d.dds
terrain10,shrb_vcld_wet_hill,shrb,../textures10/loveg/tund_shrb_cld_wet_hill_d.dds
terrain10,shrb_vcld_wet_steep,shrb,../textures10/loveg/shrub_cld_rain_steep_d.dds
terrain10,shrb_wrm_dry_fl,shrb,../textures10/loveg/shrub_wrm_dry_flat_c.dds
terrain10,shrb_wrm_dry_fl_md,shrb,../textures10/loveg/shrub_wrm_dry_sflat_d.dds
terrain10,shrb_wrm_dry_fl_tp,shrb,../textures10/loveg/shrub_wrm_dry_flat_c.dds
terrain10,shrb_wrm_dry_hill,shrb,../textures10/loveg/shrub_wrm_dry_hill_d.dds
terrain10,shrb_wrm_dry_sflat,shrb,../textures10/loveg/shrub_wrm_dry_sflat_d.dds
terrain10,shrb_wrm_rain_hill,shrb,../textures10/loveg/shrub_wrm_wet_hill_d.dds
terrain10,shrb_wrm_rain_sflat,shrb,../textures10/loveg/shrub_hot_rain_sflat_d.dds
terrain10,shrb_wrm_sdry_fl,shrb,../textures10/loveg/shrub_wrm_sdry_flat_c.dds
terrain10,shrb_wrm_sdry_fl_md,shrb,../textures10/loveg/shrub_wrm_sdry_flat_c.dds
terrain10,shrb_wrm_sdry_fl_tp,shrb,../textures10/loveg/shrub_wrm_sdry_flat_c.dds
terrain10,shrb_wrm_sdry_hill,shrb,../textures10/loveg/shrub_wrm_sdry_hill_d.dds
terrain10,shrb_wrm_sdry_sflat,shrb,../textures10/loveg/shrub_wrm_sdry_sflat_d.dds
terrain10,shrb_wrm_wet_fl,shrb,../textures10/loveg/shrub_hot_rain_flat_c.dds
terrain10,shrb_wrm_wet_fl_md,shrb,../textures10/loveg/shrub_wrm_wet_sflat_d.dds
terrain10,shrb_wrm_wet_fl_tp,shrb,../textures10/loveg/shrub_hot_rain_flat_c.dds
terrain10,shrb_wrm_wet_hill,shrb,../textures10/loveg/shrub_wrm_wet_hill_d.dds
terrain10,shrb_wrm_wet_sflat,shrb,../textures10/loveg/shrub_wrm_wet_sflat_d.dds
terrain10,snow_cld_dry_flat,snow,../textures10/soil/rock_cld_sdry_flat_c.dds
terrain10,snow_cld_dry_flat_lo,snow,../textures10/soil/rock_cld_sdry_flat_c.dds
terrain10,snow_cld_dry_hill,snow,../textures10/soil/rock_vcld_wet_hill_d.dds
terrain10,snow_cld_dry_sflat,snow,../textures10/soil/rock_cld_wet_sflat_d.dds
terrain10,snow_cld_dry_sflat_lo,snow,../textures10/soil/rock_cld_wet_sflat_d.dds
terrain10,snow_cld_dry_steep,snow,../textures10/soil/rock_vcld_wet_steep_d.dds
terrain10,snow_cld_dry_steep_tp,snow,../textures10/soil/rock_vcld_wet_steep_d.dds
terrain10,snow_cld_rain_flat,snow,../textures10/soil/rock_vcld_rain_flat_c.dds
terrain10,snow_cld_rain_flat_lo,snow,../textures10/soil/rock_vcld_rain_flat_c.dds
terrain10,snow_cld_rain_hill,snow,../textures10/soil/rock_vcld_wet_hill_d.dds
terrain10,snow_cld_rain_sflat,snow,../textures10/soil/rock_vcld_wet_sflat_d.dds
terrain10,snow_cld_rain_sflat_lo,snow,../textures10/soil/rock_vcld_wet_sflat_d.dds
terrain10,snow_cld_rain_steep,snow,../textures10/soil/rock_vcld_wet_steep_d.dds
terrain10,snow_cld_rain_steep_tp,snow,../textures10/soil/rock_vcld_wet_steep_d.dds
terrain10,snow_cld_sdry_flat,snow,../textures10/soil/rock_cld_sdry_flat_c.dds
terrain10,snow_cld_sdry_flat_lo,snow,../textures10/soil/rock_cld_sdry_flat_c.dds
terrain10,snow_cld_sdry_hill,snow,../textures10/soil/rock_vcld_wet_hill_d.dds
terrain10,snow_cld_sdry_sflat,snow,../textures10/soil/rock_cld_wet_sflat_d.dds
terrain10,snow_cld_sdry_sflat_lo,snow,../textures10/soil/rock_cld_wet_sflat_d.dds
terrain10,snow_cld_sdry_steep,snow,../textures10/soil/rock_vcld_wet_steep_d.dds
terrain10,snow_cld_sdry_steep_tp,snow,../textures10/soil/rock_vcld_wet_steep_d.dds
terrain10,snow_cld_wet_flat,snow,../textures10/soil/rock_cld_wet_sflat_d.dds
terrain10,snow_cld_wet_flat_lo,snow,../textures10/soil/rock_cld_wet_sflat_d.dds
terrain10,snow_cld_wet_hill,snow,../textures10/soil/rock_vcld_wet_hill_d.dds
terrain10,snow_cld_wet_sflat,snow,../textures10/soil/rock_vcld_wet_sflat_d.dds
terrain10,snow_cld_wet_sflat_lo,snow,../textures10/soil/rock_vcld_wet_sflat_d.dds
terrain10,snow_cld_wet_steep,snow,../textures10/soil/rock_vcld_wet_steep_d.dds
terrain10,snow_cld_wet_steep_tp,snow,../textures10/soil/rock_vcld_wet_steep_d.dds
terrain10,snow_pol_dry_flat,snow,../textures10/soil/snow_vcld_rain_hill_d.dds
terrain10,snow_pol_dry_flat_lo,snow,../textures10/soil/snow_vcld_rain_hill_d.dds
terrain10,snow_pol_dry_hill,snow,../textures10/soil/rock_vpol_wet_hill_d.dds
terrain10,snow_pol_dry_sflat,snow,../textures10/soil/snow_vcld_rain_hill_d.dds
terrain10,snow_pol_dry_sflat_lo,snow,../textures10/soil/snow_vcld_rain_hill_d.dds
terrain10,snow_pol_dry_steep,snow,../textures10/soil/rock_pol_rain_steep_d.dds
terrain10,snow_pol_dry_steep_tp,snow,../textures10/soil/rock_pol_wet_hill_d.dds
terrain10,snow_pol_rain_flat,snow,../textures10/soil/snow_pol_rain_hill_d.dds
terrain10,snow_pol_rain_flat_lo,snow,../textures10/soil/snow_pol_rain_hill_d.dds
terrain10,snow_pol_rain_hill,snow,../textures10/soil/snow_pol_rain_steep_d.dds
terrain10,snow_pol_rain_sflat,snow,../textures10/soil/snow_pol_rain_hill_d.dds
terrain10,snow_pol_rain_sflat_lo,snow,../textures10/soil/snow_pol_rain_hill_d.dds
terrain10,snow_pol_rain_steep,snow,../textures10/soil/snow_vcld_rain_hill_d.dds
terrain10,snow_pol_rain_steep_tp,snow,../textures10/soil/snow_vcld_rain_steep_d.dds
terrain10,snow_pol_sdry_flat,snow,../textures10/soil/snow_vcld_rain_hill_d.dds
terrain10,snow_pol_sdry_flat_lo,snow,../textures10/soil/snow_vcld_rain_hill_d.dds
terrain10,snow_pol_sdry_hill,snow,../textures10/soil/rock_vpol_wet_hill_d.dds
terrain10,snow_pol_sdry_sflat,snow,../textures10/soil/snow_vcld_rain_hill_d.dds
terrain10,snow_pol_sdry_sflat_lo,snow,../textures10/soil/snow_vcld_rain_hill_d.dds
terrain10,snow_pol_sdry_steep,snow,../textures10/soil/snow_vcld_rain_steep_d.dds
terrain10,snow_pol_sdry_steep_tp,snow,../textures10/soil/rock_pol_wet_hill_d.dds
terrain10,snow_pol_wet_flat,snow,../textures10/soil/snow_pol_rain_hill_d.dds
terrain10,snow_pol_wet_flat_lo,snow,../textures10/soil/snow_pol_rain_hill_d.dds
terrain10,snow_pol_wet_hill,snow,../textures10/soil/snow_vcld_rain_hill_d.dds
terrain10,snow_pol_wet_sflat,snow,../textures10/soil/snow_pol_rain_hill_d.dds
terrain10,snow_pol_wet_sflat_lo,snow,../textures10/soil/snow_pol_rain_hill_d.dds
terrain10,snow_pol_wet_steep,snow,../textures10/soil/snow_vcld_rain_steep_d.dds
terrain10,snow_pol_wet_steep_tp,snow,../textures10/soil/ice_pol_tp_d.dds
terrain10,snow_tmp_dry_flat,snow,../textures10/soil/rock_cld_sdry_flat_c.dds
terrain10,snow_tmp_dry_flat_lo,snow,../textures10/soil/rock_cld_sdry_flat_c.dds
terrain10,snow_tmp_dry_hill,snow,../textures10/soil/rock_cld_wet_hill_d.dds
terrain10,snow_tmp_dry_sflat,snow,../textures10/soil/rock_cld_wet_sflat_d.dds
terrain10,snow_tmp_dry_sflat_lo,snow,../textures10/soil/rock_cld_wet_sflat_d.dds
terrain10,snow_tmp_dry_steep,snow,../textures10/soil/rock_vcld_wet_steep_d.dds
terrain10,snow_tmp_dry_steep_tp,snow,../textures10/soil/rock_vcld_wet_steep_d.dds
terrain10,snow_tmp_rain_flat,snow,../textures10/soil/rock_cld_sdry_flat_c.dds
terrain10,snow_tmp_rain_flat_lo,snow,../textures10/soil/rock_cld_sdry_flat_c.dds
terrain10,snow_tmp_rain_hill,snow,../textures10/loveg/sprs_vcld_wet_flat_c.dds
terrain10,snow_tmp_rain_sflat,snow,../textures10/soil/rock_cld_wet_sflat_d.dds
terrain10,snow_tmp_rain_sflat_lo,snow,../textures10/soil/rock_cld_wet_sflat_d.dds
terrain10,snow_tmp_rain_steep,snow,../textures10/soil/rock_vcld_wet_steep_d.dds
terrain10,snow_tmp_rain_steep_tp,snow,../textures10/soil/rock_vcld_wet_steep_d.dds
terrain10,snow_tmp_sdry_flat,snow,../textures10/soil/rock_cld_sdry_flat_c.dds
terrain10,snow_tmp_sdry_flat_lo,snow,../textures10/soil/rock_cld_sdry_flat_c.dds
terrain10,snow_tmp_sdry_hill,snow,../textures10/loveg/sprs_cld_sdry_hill_d.dds
terrain10,snow_tmp_sdry_sflat,snow,../textures10/soil/rock_cld_wet_sflat_d.dds
terrain10,snow_tmp_sdry_sflat_lo,snow,../textures10/soil/rock_cld_wet_sflat_d.dds
terrain10,snow_tmp_sdry_steep,snow,../textures10/soil/rock_vcld_wet_steep_d.dds
terrain10,snow_tmp_sdry_steep_tp,snow,../textures10/soil/rock_vcld_wet_steep_d.dds
terrain10,snow_tmp_wet_flat,snow,../textures10/soil/rock_cld_sdry_flat_c.dds
terrain10,snow_tmp_wet_flat_lo,snow,../textures10/soil/rock_cld_sdry_flat_c.dds
terrain10,snow_tmp_wet_hill,snow,../textures10/loveg/sprs_vcld_wet_flat_c.dds
terrain10,snow_tmp_wet_sflat,snow,../textures10/soil/rock_cld_wet_sflat_d.dds
terrain10,snow_tmp_wet_sflat_lo,snow,../textures10/soil/rock_cld_wet_sflat_d.dds
terrain10,snow_tmp_wet_steep,snow,../textures10/soil/rock_vcld_wet_steep_d.dds
terrain10,snow_tmp_wet_steep_tp,snow,../textures10/soil/rock_vcld_wet_steep_d.dds
terrain10,snow_vcld_dry_flat,snow,../textures10/soil/rock_vcld_rain_flat_c.dds
terrain10,snow_vcld_dry_flat_lo,snow,../textures10/soil/rock_vcld_rain_flat_c.dds
terrain10,snow_vcld_dry_hill,snow,../textures10/soil/rock_pol_wet_sflat_d.dds
terrain10,snow_vcld_dry_sflat,snow,../textures10/soil/rock_vcld_wet_sflat_d.dds
terrain10,snow_vcld_dry_sflat_lo,snow,../textures10/soil/rock_vcld_wet_sflat_d.dds
terrain10,snow_vcld_dry_steep,snow,../textures10/soil/rock_pol_rain_steep_d.dds
terrain10,snow_vcld_dry_steep_tp,snow,../textures10/soil/rock_pol_wet_steep_d.dds
terrain10,snow_vcld_rain_flat,snow,../textures10/soil/snow_vcld_sdry_sflat_d.dds
terrain10,snow_vcld_rain_flat_lo,snow,../textures10/soil/snow_vcld_wet_sflat_d.dds
terrain10,snow_vcld_rain_hill,snow,../textures10/soil/snow_vcld_wet_hill_d.dds
terrain10,snow_vcld_rain_sflat,snow,../textures10/soil/snow_vcld_sdry_sflat_d.dds
terrain10,snow_vcld_rain_sflat_lo,snow,../textures10/soil/snow_vcld_sdry_sflat_d.dds
terrain10,snow_vcld_rain_steep,snow,../textures10/soil/snow_vcld_rain_steep_d.dds
terrain10,snow_vcld_rain_steep_tp,snow,../textures10/soil/rock_pol_rain_steep_d.dds
terrain10,snow_vcld_sdry_flat,snow,../textures10/soil/rock_vcld_rain_flat_c.dds
terrain10,snow_vcld_sdry_flat_lo,snow,../textures10/soil/rock_vcld_rain_flat_c.dds
terrain10,snow_vcld_sdry_hill,snow,../textures10/soil/rock_pol_wet_hill_d.dds
terrain10,snow_vcld_sdry_sflat,snow,../textures10/soil/snow_vcld_sdry_sflat_d.dds
terrain10,snow_vcld_sdry_sflat_lo,snow,../textures10/soil/snow_vcld_sdry_sflat_d.dds
terrain10,snow_vcld_sdry_steep,snow,../textures10/soil/rock_pol_rain_steep_d.dds
terrain10,snow_vcld_sdry_steep_tp,snow,../textures10/soil/rock_pol_rain_steep_d.dds
terrain10,snow_vcld_wet_flat,snow,../textures10/soil/rock_pol_wet_sflat_d.dds
terrain10,snow_vcld_wet_flat_lo,snow,../textures10/soil/rock_pol_wet_sflat_d.dds
terrain10,snow_vcld_wet_hill,snow,../textures10/soil/snow_vcld_wet_hill_d.dds
terrain10,snow_vcld_wet_sflat,snow,../textures10/soil/snow_vcld_sdry_sflat_d.dds
terrain10,snow_vcld_wet_sflat_lo,snow,../textures10/soil/snow_vcld_sdry_sflat_d.dds
terrain10,snow_vcld_wet_steep,snow,../textures10/soil/rock_pol_wet_hill_d.dds
terrain10,snow_vcld_wet_steep_tp,snow,../textures10/soil/rock_pol_wet_hill_d.dds
terrain10,snow_vpol_dry_flat,snow,../textures10/soil/snow_vcld_rain_hill_d.dds
terrain10,snow_vpol_dry_flat_lo,snow,../textures10/soil/snow_vcld_rain_hill_d.dds
terrain10,snow_vpol_dry_hill,snow,../textures10/soil/ice_pol_tp_d.dds
terrain10,snow_vpol_dry_sflat,snow,../textures10/soil/snow_vcld_rain_hill_d.dds
terrain10,snow_vpol_dry_sflat_lo,snow,../textures10/soil/snow_vcld_rain_hill_d.dds
terrain10,snow_vpol_dry_steep,snow,../textures10/soil/cliff_vpol_dry.dds
terrain10,snow_vpol_dry_steep_tp,snow,../textures10/soil/ice_pol_tp_d.dds
terrain10,snow_vpol_rain_flat,snow,../textures10/soil/snow_pol_rain_hill_d.dds
terrain10,snow_vpol_rain_flat_lo,snow,../textures10/soil/snow_pol_rain_hill_d.dds
terrain10,snow_vpol_rain_hill,snow,../textures10/soil/ice_pol_tp_d.dds
terrain10,snow_vpol_rain_sflat,snow,../textures10/soil/snow_pol_rain_hill_d.dds
terrain10,snow_vpol_rain_sflat_lo,snow,../textures10/soil/snow_pol_rain_hill_d.dds
terrain10,snow_vpol_rain_steep,snow,../textures10/soil/rock_vpol_steep_d.dds
terrain10,snow_vpol_rain_steep_tp,snow,../textures10/soil/ice_pol_tp_d.dds
terrain10,snow_vpol_sdry_flat,snow,../textures10/soil/snow_vcld_rain_hill_d.dds
terrain10,snow_vpol_sdry_flat_lo,snow,../textures10/soil/snow_vcld_rain_hill_d.dds
terrain10,snow_vpol_sdry_hill,snow,../textures10/soil/ice_pol_tp_d.dds
terrain10,snow_vpol_sdry_sflat,snow,../textures10/soil/snow_vcld_rain_hill_d.dds
terrain10,snow_vpol_sdry_sflat_lo,snow,../textures10/soil/snow_vcld_rain_hill_d.dds
terrain10,snow_vpol_sdry_steep,snow,../textures10/soil/rock_vpol_steep_d.dds
terrain10,snow_vpol_sdry_steep_tp,snow,../textures10/soil/ice_pol_tp_d.dds
terrain10,snow_vpol_wet_flat,snow,../textures10/soil/snow_pol_rain_hill_d.dds
terrain10,snow_vpol_wet_flat_lo,snow,../textures10/soil/snow_pol_rain_hill_d.dds
terrain10,snow_vpol_wet_hill,snow,../textures10/soil/ice_pol_tp_d.dds
terrain10,snow_vpol_wet_sflat,snow,../textures10/soil/snow_pol_rain_hill_d.dds
terrain10,snow_vpol_wet_sflat_lo,snow,../textures10/soil/snow_pol_rain_hill_d.dds
terrain10,snow_vpol_wet_steep,snow,../textures10/soil/rock_vpol_steep_d.dds
terrain10,snow_vpol_wet_steep_tp,snow,../textures10/soil/ice_pol_tp_d.dds
terrain10,sp_cld_dry_fl,sp,../textures10/loveg/sprs_cld_dry_sflat_d.dds
terrain10,sp_cld_dry_fl_md,sp,../textures10/loveg/sprs_cld_dry_hill_d.dds
terrain10,sp_cld_dry_fl_tp,sp,../textures10/loveg/sprs_cld_dry_sflat_d.dds
terrain10,sp_cld_dry_hill,sp,../textures10/loveg/sprs_cld_dry_hill_d.dds
terrain10,sp_cld_dry_sflat,sp,../textures10/loveg/sprs_cld_dry_sflat_d.dds
terrain10,sp_cld_rain_hill,sp,../textures10/loveg/tund_grass_vcld_sdry_hill_d.dds
terrain10,sp_cld_rain_sflat,sp,../textures10/loveg/sprs_cld_wet_sflat_d.dds
terrain10,sp_cld_sdry_fl,sp,../textures10/loveg/sprs_cld_sdry_sflat_d.dds
terrain10,sp_cld_sdry_fl_md,sp,../textures10/loveg/sprs_cld_sdry_hill_d.dds
terrain10,sp_cld_sdry_fl_tp,sp,../textures10/loveg/sprs_cld_sdry_sflat_d.dds
terrain10,sp_cld_sdry_hill,sp,../textures10/loveg/sprs_cld_sdry_hill_d.dds
terrain10,sp_cld_sdry_sflat,sp,../textures10/loveg/sprs_cld_sdry_sflat_d.dds
terrain10,sp_cld_wet_fl,sp,../textures10/loveg/sprs_cld_wet_flat_c.dds
terrain10,sp_cld_wet_fl_md,sp,../textures10/loveg/sprs_cld_wet_flat_c.dds
terrain10,sp_cld_wet_fl_tp,sp,../textures10/loveg/sprs_cld_wet_flat_c.dds
terrain10,sp_cld_wet_grass,sp,../textures10/loveg/grass_tmp_sdry_flat_c.dds
terrain10,sp_cld_wet_hill,sp,../textures10/loveg/sprs_cld_wet_hill_d.dds
terrain10,sp_cld_wet_sflat,sp,../textures10/loveg/sprs_cld_wet_sflat_d.dds
terrain10,sp_hot_dry_fl,sp,../textures10/loveg/sprs_hot_dry_flat_c.dds
terrain10,sp_hot_dry_fl_md,sp,../textures10/loveg/sprs_hot_dry_hill_d.dds
terrain10,sp_hot_dry_fl_tp,sp,../textures10/loveg/sprs_hot_dry_flat_c.dds
terrain10,sp_hot_dry_hill,sp,../textures10/loveg/sprs_hot_dry_hill_d.dds
terrain10,sp_hot_dry_sflat,sp,../textures10/loveg/sprs_hot_dry_sflat_d.dds
terrain10,sp_hot_dry_tr_hill,sp,../textures10/loveg/sprs_hot_dry_hill_d.dds
terrain10,sp_hot_rain_fl,sp,../textures10/loveg/sprs_wrm_sdry_flat_c.dds
terrain10,sp_hot_rain_fl_md,sp,../textures10/loveg/sprs_wrm_wet_sflat_d.dds
terrain10,sp_hot_rain_fl_tp,sp,../textures10/loveg/sprs_wrm_wet_flat_c.dds
terrain10,sp_hot_rain_hill,sp,../textures10/human/crpmo_hot_wet_hill_d.dds
terrain10,sp_hot_rain_sflat,sp,../textures10/loveg/sprs_wrm_wet_sflat_d.dds
terrain10,sp_hot_rain_tr_hill,sp,../textures10/human/crpmo_hot_wet_hill_d.dds
terrain10,sp_hot_sdry_fl,sp,../textures10/loveg/sprs_hot_dry_flat_c.dds
terrain10,sp_hot_sdry_fl_md,sp,../textures10/loveg/sprs_wrm_sdry_sflat_d.dds
terrain10,sp_hot_sdry_fl_tp,sp,../textures10/loveg/sprs_hot_dry_flat_c.dds
terrain10,sp_hot_sdry_hill,sp,../textures10/loveg/sprs_wrm_wet_hill_d.dds
terrain10,sp_hot_sdry_sflat,sp,../textures10/loveg/sprs_wrm_sdry_sflat_d.dds
terrain10,sp_hot_sdry_tr_hill,sp,../textures10/loveg/sprs_wrm_wet_hill_d.dds
terrain10,sp_hot_wet_fl,sp,../textures10/loveg/sprs_wrm_sdry_flat_c.dds
terrain10,sp_hot_wet_fl_md,sp,../textures10/loveg/sprs_wrm_wet_sflat_d.dds
terrain10,sp_hot_wet_fl_tp,sp,../textures10/loveg/sprs_wrm_wet_flat_c.dds
terrain10,sp_hot_wet_hill,sp,../textures10/human/crpmo_hot_wet_hill_d.dds
terrain10,sp_hot_wet_sflat,sp,../textures10/loveg/sprs_wrm_wet_sflat_d.dds
terrain10,sp_hot_wet_tr_hill,sp,../textures10/human/crpmo_hot_wet_hill_d.dds
terrain10,sp_pol_dry_fl,sp,../textures10/loveg/sprs_cld_dry_sflat_d.dds
terrain10,sp_pol_dry_fl_md,sp,../textures10/soil/rock_cld_dry_sflat_d.dds
terrain10,sp_pol_dry_fl_tp,sp,../textures10/soil/rock_cld_dry_sflat_d.dds
terrain10,sp_pol_dry_hill,sp,../textures10/loveg/sprs_cld_sdry_hill_d.dds
terrain10,sp_pol_dry_sflat,sp,../textures10/soil/rock_cld_dry_sflat_d.dds
terrain10,sp_pol_rain_hill,sp,../textures10/loveg/sprs_vcld_rain_hill_d.dds
terrain10,sp_pol_rain_sflat,sp,../textures10/loveg/sprs_vcld_wet_flat_c.dds
terrain10,sp_pol_sdry_fl,sp,../textures10/loveg/sprs_vcld_wet_flat_c.dds
terrain10,sp_pol_sdry_fl_md,sp,../textures10/loveg/sprs_vcld_wet_flat_c.dds
terrain10,sp_pol_sdry_fl_tp,sp,../textures10/loveg/sprs_vcld_wet_flat_c.dds
terrain10,sp_pol_sdry_hill,sp,../textures10/loveg/sprs_cld_sdry_hill_d.dds
terrain10,sp_pol_sdry_sflat,sp,../textures10/loveg/sprs_cld_wet_hill_d.dds
terrain10,sp_pol_wet_fl,sp,../textures10/loveg/sprs_vcld_wet_flat_c.dds
terrain10,sp_pol_wet_fl_md,sp,../textures10/loveg/sprs_vcld_rain_hill_d.dds
terrain10,sp_pol_wet_fl_tp,sp,../textures10/loveg/sprs_vcld_wet_flat_c.dds
terrain10,sp_pol_wet_hill,sp,../textures10/loveg/sprs_vcld_rain_hill_d.dds
terrain10,sp_pol_wet_sflat,sp,../textures10/loveg/sprs_cld_wet_hill_d.dds
terrain10,sp_scree_cld_dry,sp,../textures10/soil/scree_dry_bare_d.dds
terrain10,sp_scree_cld_rain,sp,../textures10/soil/scree_cld_rain_sprs_d.dds
terrain10,sp_scree_cld_sdry,sp,../textures10/soil/scree_cld_wet_sprs_d.dds
terrain10,sp_scree_cld_wet,sp,../textures10/soil/scree_cld_wet_sprs_d.dds
terrain10,sp_scree_hot_dry,sp,../textures10/soil/scree_wrm_dry_bare_d.dds
terrain10,sp_scree_hot_rain,sp,../textures10/soil/rock_wrm_wet_steep_d.dds
terrain10,sp_scree_hot_sdry,sp,../textures10/soil/scree_wrm_wet_sprs_d.dds
terrain10,sp_scree_hot_wet,sp,../textures10/soil/rock_wrm_wet_steep_d.dds
terrain10,sp_scree_pol_dry,sp,../textures10/soil/rock_pol_wet_hill_d.dds
terrain10,sp_scree_pol_rain,sp,../textures10/soil/rock_pol_wet_steep_d.dds
terrain10,sp_scree_pol_sdry,sp,../textures10/soil/scree_vcld_wet_d.dds
terrain10,sp_scree_pol_wet,sp,../textures10/soil/scree_pol_wet_d.dds
terrain10,sp_scree_tmp_dry,sp,../textures10/soil/scree_tmp_dry_bare_d.dds
terrain10,sp_scree_tmp_rain,sp,../textures10/soil/scree_cld_wet_sprs_d.dds
terrain10,sp_scree_tmp_sdry,sp,../textures10/soil/scree_tmp_dry_bare_d.dds
terrain10,sp_scree_tmp_wet,sp,../textures10/soil/scree_cld_wet_sprs_d.dds
terrain10,sp_scree_vcld_dry,sp,../textures10/soil/scree_dry_bare_d.dds
terrain10,sp_scree_vcld_rain,sp,../textures10/soil/scree_pol_wet_d.dds
terrain10,sp_scree_vcld_sdry,sp,../textures10/soil/scree_vcld_wet_d.dds
terrain10,sp_scree_vcld_wet,sp,../textures10/soil/scree_vcld_wet_d.dds
terrain10,sp_scree_wrm_dry,sp,../textures10/soil/scree_wrm_dry_bare_d.dds
terrain10,sp_scree_wrm_rain,sp,../textures10/soil/rock_wrm_wet_steep_d.dds
terrain10,sp_scree_wrm_sdry,sp,../textures10/soil/scree_wrm_wet_sprs_d.dds
terrain10,sp_scree_wrm_wet,sp,../textures10/soil/rock_wrm_wet_steep_d.dds
terrain10,sp_tmp_dry_fl,sp,../textures10/loveg/sprs_tmp_dry_flat_c.dds
terrain10,sp_tmp_dry_fl2,sp,../textures10/loveg/sprs_tmp_dry_flat_c.dds
terrain10,sp_tmp_dry_fl_md,sp,../textures10/loveg/sprs_tmp_dry_sflat_d.dds
terrain10,sp_tmp_dry_fl_tp,sp,../textures10/loveg/sprs_tmp_dry_flat_c.dds
terrain10,sp_tmp_dry_hill,sp,../textures10/loveg/sprs_tmp_dry_hill_d.dds
terrain10,sp_tmp_dry_sflat,sp,../textures10/loveg/sprs_tmp_dry_sflat_d.dds
terrain10,sp_tmp_rain_fl,sp,../textures10/loveg/grass_cld_wet_flat_c.dds
terrain10,sp_tmp_rain_fl_md,sp,../textures10/loveg/sprs_tmp_wet_hill_d.dds
terrain10,sp_tmp_rain_fl_tp,sp,../textures10/loveg/grass_cld_wet_flat_c.dds
terrain10,sp_tmp_rain_hill,sp,../textures10/loveg/sprs_cld_wet_hill_d.dds
terrain10,sp_tmp_rain_sflat,sp,../textures10/human/pastr_tmp_wet_sflat_d.dds
terrain10,sp_tmp_sdry_fl,sp,../textures10/loveg/grass_cld_wet_flat_c.dds
terrain10,sp_tmp_sdry_fl_md,sp,../textures10/hiveg/broadl_sp_tmp_wet_flat_c.dds
terrain10,sp_tmp_sdry_fl_tp,sp,../textures10/loveg/grass_cld_wet_flat_c.dds
terrain10,sp_tmp_sdry_hill,sp,../textures10/loveg/sprs_tmp_sdry_hill_d.dds
terrain10,sp_tmp_sdry_sflat,sp,../textures10/loveg/shrub_tmp_dry_sflat_d.dds
terrain10,sp_tmp_wet_fl,sp,../textures10/loveg/grass_cld_wet_flat_c.dds
terrain10,sp_tmp_wet_fl_md,sp,../textures10/loveg/sprs_tmp_wet_hill_d.dds
terrain10,sp_tmp_wet_fl_tp,sp,../textures10/loveg/grass_cld_wet_flat_c.dds
terrain10,sp_tmp_wet_grass,sp,../textures10/loveg/grass_tmp_sdry_flat_c.dds
terrain10,sp_tmp_wet_hill,sp,../textures10/loveg/sprs_tmp_wet_hill_d.dds
terrain10,sp_tmp_wet_sflat,sp,../textures10/human/pastr_tmp_wet_sflat_d.dds
terrain10,sp_vcld_dry_fl,sp,../textures10/loveg/sprs_cld_dry_sflat_d.dds
terrain10,sp_vcld_dry_fl_md,sp,../textures10/loveg/sprs_cld_dry_hill_d.dds
terrain10,sp_vcld_dry_fl_tp,sp,../textures10/loveg/sprs_cld_dry_sflat_d.dds
terrain10,sp_vcld_dry_hill,sp,../textures10/loveg/sprs_cld_dry_hill_d.dds
terrain10,sp_vcld_dry_sflat,sp,../textures10/loveg/sprs_cld_dry_sflat_d.dds
terrain10,sp_vcld_rain_hill,sp,../textures10/loveg/sprs_vcld_rain_hill_d.dds
terrain10,sp_vcld_rain_sflat,sp,../textures10/loveg/tund_grass_vcld_sdry_sflat_d.dds
terrain10,sp_vcld_sdry_fl,sp,../textures10/loveg/sprs_cld_sdry_sflat_d.dds
terrain10,sp_vcld_sdry_fl_md,sp,../textures10/loveg/sprs_cld_sdry_hill_d.dds
terrain10,sp_vcld_sdry_fl_tp,sp,../textures10/loveg/sprs_cld_sdry_sflat_d.dds
terrain10,sp_vcld_sdry_hill,sp,../textures10/loveg/sprs_cld_sdry_hill_d.dds
terrain10,sp_vcld_sdry_sflat,sp,../textures10/loveg/sprs_cld_sdry_sflat_d.dds
terrain10,sp_vcld_wet_fl,sp,../textures10/loveg/tund_grass_vcld_sdry_flat_c.dds
terrain10,sp_vcld_wet_fl_md,sp,../textures10/loveg/sprs_vcld_wet_flat_c.dds
terrain10,sp_vcld_wet_fl_tp,sp,../textures10/loveg/sprs_vcld_wet_flat_c.dds
terrain10,sp_vcld_wet_grass,sp,../textures10/loveg/tund_grass_vcld_sdry_flat_c.dds
terrain10,sp_vcld_wet_hill,sp,../textures10/loveg/sprs_cld_sdry_hill_d.dds
terrain10,sp_vcld_wet_sflat,sp,../textures10/loveg/sprs_cld_wet_sflat_d.dds
terrain10,sp_vhot_dry_fl,sp,../textures10/loveg/sprs_hot_dry_flat_c.dds
terrain10,sp_vhot_dry_fl_md,sp,../textures10/loveg/sprs_hot_dry_hill_d.dds
terrain10,sp_vhot_dry_fl_tp,sp,../textures10/loveg/sprs_hot_dry_flat_c.dds
terrain10,sp_vhot_dry_hill,sp,../textures10/loveg/sprs_hot_dry_hill_d.dds
terrain10,sp_vhot_dry_sflat,sp,../textures10/loveg/sprs_hot_dry_sflat_d.dds
terrain10,sp_vhot_dry_tr_hill,sp,../textures10/loveg/sprs_hot_dry_hill_d.dds
terrain10,sp_vhot_rain_fl,sp,../textures10/loveg/sprs_wrm_sdry_flat_c.dds
terrain10,sp_vhot_rain_fl_md,sp,../textures10/loveg/sprs_wrm_wet_sflat_d.dds
terrain10,sp_vhot_rain_fl_tp,sp,../textures10/loveg/sprs_wrm_wet_flat_c.dds
terrain10,sp_vhot_rain_hill,sp,../textures10/human/crpmo_hot_wet_hill_d.dds
terrain10,sp_vhot_rain_sflat,sp,../textures10/loveg/sprs_wrm_wet_sflat_d.dds
terrain10,sp_vhot_rain_tr_hill,sp,../textures10/human/crpmo_hot_wet_hill_d.dds
terrain10,sp_vhot_sdry_fl,sp,../textures10/loveg/sprs_wrm_sdry_flat_c.dds
terrain10,sp_vhot_sdry_fl_md,sp,../textures10/loveg/sprs_wrm_sdry_sflat_d.dds
terrain10,sp_vhot_sdry_fl_tp,sp,../textures10/loveg/sprs_wrm_sdry_sflat_d.dds
terrain10,sp_vhot_sdry_hill,sp,../textures10/loveg/sprs_wrm_wet_hill_d.dds
terrain10,sp_vhot_sdry_sflat,sp,../textures10/loveg/sprs_wrm_sdry_sflat_d.dds
terrain10,sp_vhot_sdry_tr_hill,sp,../textures10/loveg/sprs_wrm_wet_hill_d.dds
terrain10,sp_vhot_wet_fl,sp,../textures10/loveg/sprs_wrm_sdry_flat_c.dds
terrain10,sp_vhot_wet_fl_md,sp,../textures10/loveg/sprs_wrm_wet_sflat_d.dds
terrain10,sp_vhot_wet_fl_tp,sp,../textures10/loveg/sprs_wrm_wet_flat_c.dds
terrain10,sp_vhot_wet_hill,sp,../textures10/human/crpmo_hot_wet_hill_d.dds
terrain10,sp_vhot_wet_sflat,sp,../textures10/loveg/sprs_wrm_wet_sflat_d.dds
terrain10,sp_vhot_wet_tr_hill,sp,../textures10/human/crpmo_hot_wet_hill_d.dds
terrain10,sp_wrm_dry_fl,sp,../textures10/loveg/sprs_wrm_dry_flat_c.dds
terrain10,sp_wrm_dry_fl_md,sp,../textures10/loveg/sprs_wrm_dry_sflat_d.dds
terrain10,sp_wrm_dry_fl_tp,sp,../textures10/loveg/sprs_wrm_dry_flat_c.dds
terrain10,sp_wrm_dry_hill,sp,../textures10/loveg/sprs_wrm_dry_hill_d.dds
terrain10,sp_wrm_dry_sflat,sp,../textures10/loveg/sprs_wrm_dry_sflat_d.dds
terrain10,sp_wrm_rain_fl,sp,../textures10/loveg/sprs_wrm_sdry_flat_c.dds
terrain10,sp_wrm_rain_fl_md,sp,../textures10/loveg/sprs_wrm_wet_sflat_d.dds
terrain10,sp_wrm_rain_fl_tp,sp,../textures10/loveg/sprs_wrm_wet_flat_c.dds
terrain10,sp_wrm_rain_hill,sp,../textures10/human/crpmo_hot_wet_hill_d.dds
terrain10,sp_wrm_rain_sflat,sp,../textures10/loveg/sprs_wrm_wet_sflat_d.dds
terrain10,sp_wrm_sdry_fl,sp,../textures10/loveg/sprs_wrm_sdry_flat_c.dds
terrain10,sp_wrm_sdry_fl_md,sp,../textures10/loveg/sprs_wrm_sdry_sflat_d.dds
terrain10,sp_wrm_sdry_fl_tp,sp,../textures10/loveg/sprs_wrm_sdry_flat_c.dds
terrain10,sp_wrm_sdry_hill,sp,../textures10/loveg/sprs_wrm_sdry_hill_d.dds
terrain10,sp_wrm_sdry_sflat,sp,../textures10/loveg/sprs_wrm_sdry_sflat_d.dds
terrain10,sp_wrm_wet_fl,sp,../textures10/loveg/sprs_wrm_sdry_flat_c.dds
terrain10,sp_wrm_wet_fl_md,sp,../textures10/loveg/sprs_wrm_wet_sflat_d.dds
terrain10,sp_wrm_wet_fl_tp,sp,../textures10/loveg/sprs_wrm_wet_flat_c.dds
terrain10,sp_wrm_wet_hill,sp,../textures10/human/crpmo_hot_wet_hill_d.dds
terrain10,sp_wrm_wet_sflat,sp,../textures10/loveg/sprs_wrm_wet_sflat_d.dds
terrain10,spr_cld_dry_fl,spr,../textures10/loveg/sprs_cld_dry_sflat_d.dds
terrain10,spr_cld_dry_sflat,spr,../textures10/loveg/sprs_cld_dry_sflat_d.dds
terrain10,spr_cld_sdry_fl,spr,../textures10/soil/rock_cld_sdry_flat_c.dds
terrain10,spr_cld_sdry_sflat,spr,../textures10/loveg/sprs_cld_sdry_sflat_d.dds
terrain10,spr_cld_wet_fl,spr,../textures10/loveg/sprs_cld_wet_flat_c.dds
terrain10,spr_cld_wet_sflat,spr,../textures10/loveg/sprs_cld_wet_sflat_d.dds
terrain10,spr_hot_dry_fl,spr,../textures10/loveg/sprs_hot_dry_flat_c.dds
terrain10,spr_hot_dry_sflat,spr,../textures10/loveg/sprs_hot_dry_sflat_d.dds
terrain10,spr_hot_rain_fl,spr,../textures10/loveg/sprs_wrm_sdry_flat_c.dds
terrain10,spr_hot_rain_sflat,spr,../textures10/loveg/sprs_wrm_wet_sflat_d.dds
terrain10,spr_hot_sdry_fl,spr,../textures10/loveg/sprs_wrm_wet_flat_c.dds
terrain10,spr_hot_sdry_sflat,spr,../textures10/loveg/sprs_wrm_sdry_sflat_d.dds
terrain10,spr_hot_wet_fl,spr,../textures10/loveg/sprs_wrm_sdry_flat_c.dds
terrain10,spr_hot_wet_sflat,spr,../textures10/loveg/sprs_wrm_wet_sflat_d.dds
terrain10,spr_pol_dry_fl,spr,../textures10/loveg/sprs_cld_dry_sflat_d.dds
terrain10,spr_pol_dry_sflat,spr,../textures10/loveg/sprs_cld_dry_sflat_d.dds
terrain10,spr_pol_sdry_fl,spr,../textures10/loveg/sprs_vcld_wet_flat_c.dds
terrain10,spr_pol_sdry_sflat,spr,../textures10/loveg/sprs_vcld_wet_flat_c.dds
terrain10,spr_pol_wet_fl,spr,../textures10/loveg/sprs_vcld_wet_flat_c.dds
terrain10,spr_pol_wet_sflat,spr,../textures10/loveg/sprs_cld_wet_hill_d.dds
terrain10,spr_tmp_dry_fl,spr,../textures10/loveg/sprs_tmp_dry_flat_c.dds
terrain10,spr_tmp_dry_sflat,spr,../textures10/loveg/sprs_tmp_dry_sflat_d.dds
terrain10,spr_tmp_rain_fl,spr,../textures10/loveg/grass_cld_wet_flat_c.dds
terrain10,spr_tmp_rain_sflat,spr,../textures10/loveg/sprs_cld_wet_sflat_d.dds
terrain10,spr_tmp_sdry_fl,spr,../textures10/loveg/grass_cld_wet_flat_c.dds
terrain10,spr_tmp_sdry_sflat,spr,../textures10/hiveg/broadl_sp_tmp_wet_flat_c.dds
terrain10,spr_tmp_wet_fl,spr,../textures10/loveg/grass_cld_wet_flat_c.dds
terrain10,spr_tmp_wet_sflat,spr,../textures10/loveg/sprs_cld_wet_sflat_d.dds
terrain10,spr_vcld_dry_fl,spr,../textures10/loveg/sprs_cld_dry_sflat_d.dds
terrain10,spr_vcld_dry_sflat,spr,../textures10/loveg/sprs_cld_dry_sflat_d.dds
terrain10,spr_vcld_sdry_fl,spr,../textures10/loveg/sprs_cld_sdry_sflat_d.dds
terrain10,spr_vcld_sdry_sflat,spr,../textures10/loveg/sprs_cld_sdry_sflat_d.dds
terrain10,spr_vcld_wet_fl,spr,../textures10/loveg/sprs_vcld_wet_flat_c.dds
terrain10,spr_vcld_wet_sflat,spr,../textures10/loveg/sprs_vcld_wet_flat_c.dds
terrain10,spr_vhot_dry_fl,spr,../textures10/loveg/sprs_hot_dry_flat_c.dds
terrain10,spr_vhot_dry_sflat,spr,../textures10/loveg/sprs_hot_dry_sflat_d.dds
terrain10,spr_vhot_rain_fl,spr,../textures10/loveg/sprs_wrm_sdry_flat_c.dds
terrain10,spr_vhot_rain_sflat,spr,../textures10/loveg/sprs_wrm_wet_sflat_d.dds
terrain10,spr_vhot_sdry_fl,spr,../textures10/loveg/sprs_wrm_sdry_flat_c.dds
terrain10,spr_vhot_sdry_sflat,spr,../textures10/loveg/sprs_wrm_sdry_sflat_d.dds
terrain10,spr_vhot_wet_fl,spr,../textures10/loveg/sprs_wrm_sdry_flat_c.dds
terrain10,spr_vhot_wet_sflat,spr,../textures10/loveg/sprs_wrm_wet_sflat_d.dds
terrain10,spr_wrm_dry_fl,spr,../textures10/loveg/sprs_wrm_dry_flat_c.dds
terrain10,spr_wrm_dry_sflat,spr,../textures10/loveg/sprs_wrm_dry_sflat_d.dds
terrain10,spr_wrm_rain_fl,spr,../textures10/loveg/sprs_wrm_sdry_flat_c.dds
terrain10,spr_wrm_rain_sflat,spr,../textures10/loveg/sprs_wrm_wet_sflat_d.dds
terrain10,spr_wrm_sdry_fl,spr,../textures10/loveg/sprs_wrm_sdry_flat_c.dds
terrain10,spr_wrm_sdry_sflat,spr,../textures10/loveg/sprs_wrm_sdry_sflat_d.dds
terrain10,spr_wrm_wet_fl,spr,../textures10/loveg/sprs_wrm_sdry_flat_c.dds
terrain10,spr_wrm_wet_sflat,spr,../textures10/loveg/sprs_wrm_wet_sflat_d.dds
terrain10,sq_crp_cld_dry,sq,../textures10/human/pastr_tmp_wet_flat_sq_s.dds
terrain10,sq_crp_cld_dry_hill,sq,../textures10/human/crpmo_tmp_wet_sflat_d.dds
terrain10,sq_crp_cld_dry_sflat,sq,../textures10/human/pastr_tmp_wet_flat_sq_s.dds
terrain10,sq_crp_cld_rain,sq,../textures10/human/crp_tmp_wet_flat_sq_s.dds
terrain10,sq_crp_cld_rain_hill,sq,../textures10/human/crpmo_tmp_wet_sflat_d.dds
terrain10,sq_crp_cld_rain_sflat,sq,../textures10/human/crp_tmp_wet_sflat_sq_s.dds
terrain10,sq_crp_cld_sdry,sq,../textures10/human/crp_tmp_wet_flat_sq_s.dds
terrain10,sq_crp_cld_sdry_hill,sq,../textures10/human/crpmo_tmp_wet_sflat_d.dds
terrain10,sq_crp_cld_sdry_sflat,sq,../textures10/human/pastr_tmp_wet_flat_sq_s.dds
terrain10,sq_crp_cld_wet,sq,../textures10/human/crp_tmp_wet_flat_sq_s.dds
terrain10,sq_crp_cld_wet_hill,sq,../textures10/human/crpmo_tmp_wet_sflat_d.dds
terrain10,sq_crp_cld_wet_sflat,sq,../textures10/human/pastr_tmp_wet_flat_sq_s.dds
terrain10,sq_crp_hot_dry,sq,../textures10/human/crp_wrm_dry_flat_sq_s.dds
terrain10,sq_crp_hot_dry_hill,sq,../textures10/human/crp_wrm_dry_sflat_d.dds
terrain10,sq_crp_hot_dry_sflat,sq,../textures10/human/crp_tmp_dry_flat_sq_s.dds
terrain10,sq_crp_hot_rain,sq,../textures10/human/crp_wrm_rain_flat_sq_s.dds
terrain10,sq_crp_hot_rain_hill,sq,../textures10/human/crpmo_hot_wet_flat_c.dds
terrain10,sq_crp_hot_rain_sflat,sq,../textures10/human/crp_wrm_wet_sflat_sq_s.dds
terrain10,sq_crp_hot_sdry,sq,../textures10/human/crp_wrm_sdry_flat_sq_s.dds
terrain10,sq_crp_hot_sdry_hill,sq,../textures10/human/crp_tmp_dry_sflat_d.dds
terrain10,sq_crp_hot_sdry_sflat,sq,../textures10/human/crp_wrm_dry_flat_sq_s.dds
terrain10,sq_crp_hot_wet,sq,../textures10/human/crp_wrm_wet_flat_sq_s.dds
terrain10,sq_crp_hot_wet_hill,sq,../textures10/human/crpmo_hot_wet_flat_c.dds
terrain10,sq_crp_hot_wet_sflat,sq,../textures10/human/crp_wrm_wet_sflat_sq_s.dds
terrain10,sq_crp_tmp_dry,sq,../textures10/human/crp_tmp_dry_flat_sq_s.dds
terrain10,sq_crp_tmp_dry_hill,sq,../textures10/human/crp_tmp_dry_sflat_sq_s.dds
terrain10,sq_crp_tmp_dry_sflat,sq,../textures10/human/crp_tmp_dry_sflat_sq_s.dds
terrain10,sq_crp_tmp_rain,sq,../textures10/human/crp_tmp_wet_flat_sq_s.dds
terrain10,sq_crp_tmp_rain_hill,sq,../textures10/human/crp_tmp_wet_hill_d.dds
terrain10,sq_crp_tmp_rain_sflat,sq,../textures10/human/crp_tmp_wet_sflat_sq_s.dds
terrain10,sq_crp_tmp_sdry,sq,../textures10/human/crp_tmp_sdry_flat_sq_s.dds
terrain10,sq_crp_tmp_sdry_hill,sq,../textures10/human/crp_tmp_sdry_sflat_d.dds
terrain10,sq_crp_tmp_sdry_sflat,sq,../textures10/human/crp_tmp_sdry_sflat_sq_s.dds
terrain10,sq_crp_tmp_wet,sq,../textures10/human/crp_tmp_wet_flat_sq_s.dds
terrain10,sq_crp_tmp_wet_hill,sq,../textures10/human/crp_tmp_wet_hill_d.dds
terrain10,sq_crp_tmp_wet_sflat,sq,../textures10/human/crp_tmp_wet_sflat_sq_s.dds
terrain10,sq_crp_vhot_dry,sq,../textures10/human/crp_wrm_dry_flat_sq_s.dds
terrain10,sq_crp_vhot_dry_hill,sq,../textures10/human/crp_tmp_dry_hill_d.dds
terrain10,sq_crp_vhot_dry_sflat,sq,../textures10/human/crp_wrm_dry_flat_sq_s.dds
terrain10,sq_crp_vhot_rain,sq,../textures10/human/crp_wrm_rain_flat_sq_s.dds
terrain10,sq_crp_vhot_rain_hill,sq,../textures10/human/crpmo_hot_wet_flat_c.dds
terrain10,sq_crp_vhot_rain_sflat,sq,../textures10/human/crp_wrm_wet_sflat_sq_s.dds
terrain10,sq_crp_vhot_sdry,sq,../textures10/human/crp_wrm_dry_flat_sq_s.dds
terrain10,sq_crp_vhot_sdry_hill,sq,../textures10/human/crp_tmp_sdry_sflat_d.dds
terrain10,sq_crp_vhot_sdry_sflat,sq,../textures10/human/crp_wrm_dry_flat_sq_s.dds
terrain10,sq_crp_vhot_wet,sq,../textures10/human/crp_wrm_wet_flat_sq_s.dds
terrain10,sq_crp_vhot_wet_hill,sq,../textures10/human/crpmo_hot_wet_flat_c.dds
terrain10,sq_crp_vhot_wet_sflat,sq,../textures10/human/crp_wrm_wet_sflat_sq_s.dds
terrain10,sq_crp_wrm_dry,sq,../textures10/human/crp_wrm_dry_flat_sq_s.dds
terrain10,sq_crp_wrm_dry_hill,sq,../textures10/human/crp_wrm_dry_sflat_d.dds
terrain10,sq_crp_wrm_dry_sflat,sq,../textures10/human/crp_tmp_dry_flat_sq_s.dds
terrain10,sq_crp_wrm_rain,sq,../textures10/human/crp_wrm_rain_flat_sq_s.dds
terrain10,sq_crp_wrm_rain_hill,sq,../textures10/human/crpmo_hot_wet_flat_c.dds
terrain10,sq_crp_wrm_rain_sflat,sq,../textures10/human/crp_wrm_wet_sflat_sq_s.dds
terrain10,sq_crp_wrm_sdry,sq,../textures10/human/crp_wrm_sdry_flat_sq_s.dds
terrain10,sq_crp_wrm_sdry_hill,sq,../textures10/human/crp_tmp_sdry_sflat_d.dds
terrain10,sq_crp_wrm_sdry_sflat,sq,../textures10/human/crp_tmp_sdry_sflat_sq_s.dds
terrain10,sq_crp_wrm_wet,sq,../textures10/human/crp_wrm_wet_flat_sq_s.dds
terrain10,sq_crp_wrm_wet_hill,sq,../textures10/human/crpmo_hot_wet_flat_c.dds
terrain10,sq_crp_wrm_wet_sflat,sq,../textures10/human/crp_wrm_wet_sflat_sq_s.dds
terrain10,sq_crpirg_cld_dry,sq,../textures10/human/crp_tmp_dry_flat_sq_s.dds
terrain10,sq_crpirg_cld_dry_hill,sq,../textures10/human/crp_tmp_dry_sflat_sq_s.dds
terrain10,sq_crpirg_cld_dry_sflat,sq,../textures10/human/pastr_tmp_wet_flat_sq_s.dds
terrain10,sq_crpirg_cld_rain,sq,../textures10/human/crp_tmp_wet_flat_sq_s.dds
terrain10,sq_crpirg_cld_rain_hill,sq,../textures10/human/crp_tmp_sdry_sflat_sq_s.dds
terrain10,sq_crpirg_cld_rain_sflat,sq,../textures10/human/crp_tmp_wet_sflat_sq_s.dds
terrain10,sq_crpirg_cld_sdry,sq,../textures10/human/crp_tmp_sdry_flat_sq_s.dds
terrain10,sq_crpirg_cld_sdry_hill,sq,../textures10/human/crp_tmp_dry_sflat_sq_s.dds
terrain10,sq_crpirg_cld_sdry_sflat,sq,../textures10/human/crp_tmp_sdry_sflat_sq_s.dds
terrain10,sq_crpirg_cld_wet,sq,../textures10/human/crp_tmp_wet_flat_sq_s.dds
terrain10,sq_crpirg_cld_wet_hill,sq,../textures10/human/crp_tmp_sdry_sflat_sq_s.dds
terrain10,sq_crpirg_cld_wet_sflat,sq,../textures10/human/pastr_tmp_wet_flat_sq_s.dds
terrain10,sq_crpirg_hot_dry,sq,../textures10/human/crpirg_tmp_dry_flat_sq_s.dds
terrain10,sq_crpirg_hot_dry_hill,sq,../textures10/human/crp_wrm_dry_sflat_d.dds
terrain10,sq_crpirg_hot_dry_sflat,sq,../textures10/human/crp_tmp_dry_flat_sq_s.dds
terrain10,sq_crpirg_hot_rain,sq,../textures10/human/crpirg_wrm_wet_flat_sq_s.dds
terrain10,sq_crpirg_hot_rain_hill,sq,../textures10/human/crpmo_hot_wet_flat_c.dds
terrain10,sq_crpirg_hot_rain_sflat,sq,../textures10/human/crp_wrm_wet_sflat_sq_s.dds
terrain10,sq_crpirg_hot_sdry,sq,../textures10/human/crp_wrm_rain_flat_sq_s.dds
terrain10,sq_crpirg_hot_sdry_hill,sq,../textures10/human/crp_tmp_dry_sflat_d.dds
terrain10,sq_crpirg_hot_sdry_sflat,sq,../textures10/human/crp_wrm_dry_flat_sq_s.dds
terrain10,sq_crpirg_hot_wet,sq,../textures10/human/crpirg_wrm_wet_flat_sq_s.dds
terrain10,sq_crpirg_hot_wet_hill,sq,../textures10/human/crpmo_hot_wet_flat_c.dds
terrain10,sq_crpirg_hot_wet_sflat,sq,../textures10/human/crp_wrm_wet_sflat_sq_s.dds
terrain10,sq_crpirg_tmp_dry,sq,../textures10/human/crpirg_tmp_dry_flat_sq_s.dds
terrain10,sq_crpirg_tmp_dry_hill,sq,../textures10/human/crp_tmp_dry_sflat_sq_s.dds
terrain10,sq_crpirg_tmp_dry_sflat,sq,../textures10/human/crp_tmp_wet_sflat_sq_s.dds
terrain10,sq_crpirg_tmp_rain,sq,../textures10/human/crp_tmp_wet_flat_sq_s.dds
terrain10,sq_crpirg_tmp_rain_hill,sq,../textures10/human/crp_tmp_wet_hill_d.dds
terrain10,sq_crpirg_tmp_rain_sflat,sq,../textures10/human/crp_tmp_wet_sflat_sq_s.dds
terrain10,sq_crpirg_tmp_sdry,sq,../textures10/human/crpirg_tmp_dry_flat_sq_s.dds
terrain10,sq_crpirg_tmp_sdry_hill,sq,../textures10/human/crp_tmp_sdry_sflat_d.dds
terrain10,sq_crpirg_tmp_sdry_sflat,sq,../textures10/human/crp_tmp_wet_sflat_sq_s.dds
terrain10,sq_crpirg_tmp_wet,sq,../textures10/human/crp_tmp_wet_flat_sq_s.dds
terrain10,sq_crpirg_tmp_wet_hill,sq,../textures10/human/crp_tmp_wet_hill_d.dds
terrain10,sq_crpirg_tmp_wet_sflat,sq,../textures10/human/crp_tmp_wet_sflat_sq_s.dds
terrain10,sq_crpirg_vhot_dry,sq,../textures10/human/crpirg_wrm_dry_flat_sq_s.dds
terrain10,sq_crpirg_vhot_dry_hill,sq,../textures10/human/crp_tmp_dry_hill_d.dds
terrain10,sq_crpirg_vhot_dry_sflat,sq,../textures10/human/crp_wrm_dry_flat_sq_s.dds
terrain10,sq_crpirg_vhot_rain,sq,../textures10/human/crpirg_wrm_wet_flat_sq_s.dds
terrain10,sq_crpirg_vhot_rain_hill,sq,../textures10/human/crpmo_hot_wet_flat_c.dds
terrain10,sq_crpirg_vhot_rain_sflat,sq,../textures10/human/crp_wrm_wet_sflat_sq_s.dds
terrain10,sq_crpirg_vhot_sdry,sq,../textures10/human/crp_wrm_dry_flat_sq_s.dds
terrain10,sq_crpirg_vhot_sdry_hill,sq,../textures10/human/crp_tmp_sdry_sflat_d.dds
terrain10,sq_crpirg_vhot_sdry_sflat,sq,../textures10/human/crp_wrm_dry_flat_sq_s.dds
terrain10,sq_crpirg_vhot_wet,sq,../textures10/human/crpirg_wrm_wet_flat_sq_s.dds
terrain10,sq_crpirg_vhot_wet_hill,sq,../textures10/human/crpmo_hot_wet_flat_c.dds
terrain10,sq_crpirg_vhot_wet_sflat,sq,../textures10/human/crp_wrm_wet_sflat_sq_s.dds
terrain10,sq_crpirg_wrm_dry,sq,../textures10/human/crpirg_tmp_dry_flat_sq_s.dds
terrain10,sq_crpirg_wrm_dry_hill,sq,../textures10/human/crp_wrm_dry_sflat_d.dds
terrain10,sq_crpirg_wrm_dry_sflat,sq,../textures10/human/crp_tmp_dry_flat_sq_s.dds
terrain10,sq_crpirg_wrm_rain,sq,../textures10/human/crpirg_wrm_wet_flat_sq_s.dds
terrain10,sq_crpirg_wrm_rain_hill,sq,../textures10/human/crpmo_hot_wet_flat_c.dds
terrain10,sq_crpirg_wrm_rain_sflat,sq,../textures10/human/crp_wrm_wet_sflat_sq_s.dds
terrain10,sq_crpirg_wrm_sdry,sq,../textures10/human/crp_wrm_rain_flat_sq_s.dds
terrain10,sq_crpirg_wrm_sdry_hill,sq,../textures10/human/crp_tmp_sdry_sflat_d.dds
terrain10,sq_crpirg_wrm_sdry_sflat,sq,../textures10/human/crp_tmp_sdry_sflat_sq_s.dds
terrain10,sq_crpirg_wrm_wet,sq,../textures10/human/crpirg_wrm_wet_flat_sq_s.dds
terrain10,sq_crpirg_wrm_wet_hill,sq,../textures10/human/crpmo_hot_wet_flat_c.dds
terrain10,sq_crpirg_wrm_wet_sflat,sq,../textures10/human/crp_wrm_wet_sflat_sq_s.dds
terrain10,sq_des_crptwn,sq,../textures10/human/crp_wrm_dry_flat_sq_s.dds
terrain10,sq_des_crptwnhill,sq,../textures10/human/crp_tmp_dry_sflat_sq_s.dds
terrain10,sq_dry_crptwn,sq,../textures10/human/crp_tmp_dry_flat_sq_s.dds
terrain10,sq_dry_crptwnhill,sq,../textures10/human/crp_tmp_dry_sflat_sq_s.dds
terrain10,sq_fruit_hot_dry,sq,../textures10/human/fruit_wrm_dry_sq_s.dds
terrain10,sq_fruit_hot_dry_hill,sq,../textures10/human/crp_wrm_dry_hill_d.dds
terrain10,sq_fruit_hot_dry_sflat,sq,../textures10/human/semidry_fruithill.dds
terrain10,sq_fruit_hot_rain,sq,../textures10/human/fruit_hot_wet_flat_sq_s.dds
terrain10,sq_fruit_hot_rain_hill,sq,../textures10/human/crp_hot_wet_sflat_d.dds
terrain10,sq_fruit_hot_rain_sflat,sq,../textures10/human/fruit_hot_wet_flat_sq_s.dds
terrain10,sq_fruit_hot_sdry,sq,../textures10/human/fruit_wrm_dry_sq_s.dds
terrain10,sq_fruit_hot_sdry_hill,sq,../textures10/human/crp_tmp_sdry_sflat_d.dds
terrain10,sq_fruit_hot_sdry_sflat,sq,../textures10/human/fruit_wrm_dry_sq_s.dds
terrain10,sq_fruit_hot_wet,sq,../textures10/human/fruit_hot_wet_flat_sq_s.dds
terrain10,sq_fruit_hot_wet_hill,sq,../textures10/human/crp_hot_wet_sflat_d.dds
terrain10,sq_fruit_hot_wet_sflat,sq,../textures10/human/fruit_hot_wet_flat_sq_s.dds
terrain10,sq_fruit_tmp_dry,sq,../textures10/human/fruit_wrm_dry_sq_s.dds
terrain10,sq_fruit_tmp_dry_hill,sq,../textures10/human/fruit_tmp_sdry_sflat.dds
terrain10,sq_fruit_tmp_dry_sflat,sq,../textures10/human/fruit_wrm_dry_sq_s.dds
terrain10,sq_fruit_tmp_rain,sq,../textures10/human/fruit_tmp_sdry_flat.dds
terrain10,sq_fruit_tmp_rain_hill,sq,../textures10/human/fruit_tmp_sdry_sflat.dds
terrain10,sq_fruit_tmp_rain_sflat,sq,../textures10/human/fruit_tmp_sdry_sflat.dds
terrain10,sq_fruit_tmp_sdry,sq,../textures10/human/fruit_wrm_dry_sq_s.dds
terrain10,sq_fruit_tmp_sdry_hill,sq,../textures10/human/fruit_tmp_sdry_sflat.dds
terrain10,sq_fruit_tmp_sdry_sflat,sq,../textures10/human/fruit_wrm_dry_sq_s.dds
terrain10,sq_fruit_tmp_wet,sq,../textures10/human/fruit_tmp_sdry_flat.dds
terrain10,sq_fruit_tmp_wet_hill,sq,../textures10/human/fruit_tmp_sdry_sflat.dds
terrain10,sq_fruit_tmp_wet_sflat,sq,../textures10/human/fruit_tmp_sdry_sflat.dds
terrain10,sq_fruit_vhot_dry,sq,../textures10/human/semidry_fruithill.dds
terrain10,sq_fruit_vhot_dry_hill,sq,../textures10/human/crp_wrm_dry_hill_d.dds
terrain10,sq_fruit_vhot_dry_sflat,sq,../textures10/human/semidry_fruithill.dds
terrain10,sq_fruit_vhot_rain,sq,../textures10/human/fruit_hot_wet_flat_sq_s.dds
terrain10,sq_fruit_vhot_rain_hill,sq,../textures10/human/crp_hot_wet_sflat_d.dds
terrain10,sq_fruit_vhot_rain_sflat,sq,../textures10/human/fruit_hot_wet_flat_sq_s.dds
terrain10,sq_fruit_vhot_sdry,sq,../textures10/human/semidry_fruithill.dds
terrain10,sq_fruit_vhot_sdry_hill,sq,../textures10/human/crp_tmp_sdry_sflat_d.dds
terrain10,sq_fruit_vhot_sdry_sflat,sq,../textures10/human/semidry_fruithill.dds
terrain10,sq_fruit_vhot_wet,sq,../textures10/human/fruit_hot_wet_flat_sq_s.dds
terrain10,sq_fruit_vhot_wet_hill,sq,../textures10/human/crp_hot_wet_sflat_d.dds
terrain10,sq_fruit_vhot_wet_sflat,sq,../textures10/human/fruit_hot_wet_flat_sq_s.dds
terrain10,sq_fruit_wrm_dry,sq,../textures10/human/fruit_wrm_dry_sq_s.dds
terrain10,sq_fruit_wrm_dry_hill,sq,../textures10/human/crp_wrm_dry_hill_d.dds
terrain10,sq_fruit_wrm_dry_sflat,sq,../textures10/human/fruit_wrm_dry_sq_s.dds
terrain10,sq_fruit_wrm_rain,sq,../textures10/human/fruit_hot_wet_flat_sq_s.dds
terrain10,sq_fruit_wrm_rain_hill,sq,../textures10/human/crp_hot_wet_sflat_d.dds
terrain10,sq_fruit_wrm_rain_sflat,sq,../textures10/human/fruit_hot_wet_flat_sq_s.dds
terrain10,sq_fruit_wrm_sdry,sq,../textures10/human/fruit_wrm_dry_sq_s.dds
terrain10,sq_fruit_wrm_sdry_hill,sq,../textures10/human/semidry_fruithill.dds
terrain10,sq_fruit_wrm_sdry_sflat,sq,../textures10/human/fruit_wrm_dry_sq_s.dds
terrain10,sq_fruit_wrm_wet,sq,../textures10/human/fruit_hot_wet_flat_sq_s.dds
terrain10,sq_fruit_wrm_wet_hill,sq,../textures10/human/crp_hot_wet_sflat_d.dds
terrain10,sq_fruit_wrm_wet_sflat,sq,../textures10/human/fruit_hot_wet_flat_sq_s.dds
terrain10,sq_grass_cld_dry_fl,sq,../textures10/loveg/grass_cld_wet_flat_c.dds
terrain10,sq_grass_cld_dry_fl_md,sq,../textures10/loveg/grass_cld_wet_hill_d.dds
terrain10,sq_grass_cld_dry_fl_tp,sq,../textures10/loveg/grass_cld_wet_sflat_d.dds
terrain10,sq_grass_cld_rain_sflat,sq,../textures10/loveg/grass_cld_wet_sflat_d.dds
terrain10,sq_grass_cld_sdry_fl,sq,../textures10/human/pastr_tmp_wet_flat_sq_s.dds
terrain10,sq_grass_cld_sdry_fl_md,sq,../textures10/loveg/grass_cld_wet_hill_d.dds
terrain10,sq_grass_cld_sdry_fl_tp,sq,../textures10/human/pastr_tmp_wet_flat_sq_s.dds
terrain10,sq_grass_cld_wet_fl,sq,../textures10/human/pastr_tmp_wet_flat_sq_s.dds
terrain10,sq_grass_cld_wet_fl_md,sq,../textures10/loveg/grass_cld_wet_sflat_d.dds
terrain10,sq_grass_cld_wet_fl_tp,sq,../textures10/human/pastr_tmp_wet_flat_sq_s.dds
terrain10,sq_grass_cld_wet_sflat,sq,../textures10/loveg/grass_cld_wet_sflat_d.dds
terrain10,sq_grass_tmp_dry_fl,sq,../textures10/loveg/grass_tmp_dry_flat_c.dds
terrain10,sq_grass_tmp_dry_fl_md,sq,../textures10/loveg/grass_tmp_dry_sflat_d.dds
terrain10,sq_grass_tmp_dry_fl_tp,sq,../textures10/loveg/grass_tmp_dry_flat_c.dds
terrain10,sq_grass_tmp_dry_hill,sq,../textures10/loveg/grass_tmp_dry_sflat_d.dds
terrain10,sq_grass_tmp_dry_sflat,sq,../textures10/loveg/grass_tmp_dry_sflat_d.dds
terrain10,sq_grass_tmp_rain_hill,sq,../textures10/loveg/grass_cld_rain_hill_d.dds
terrain10,sq_grass_tmp_rain_sflat,sq,../textures10/loveg/grass_cld_wet_sflat_d.dds
terrain10,sq_grass_tmp_sdry_fl,sq,../textures10/human/pastr_tmp_wet_flat_sq_s.dds
terrain10,sq_grass_tmp_sdry_fl_md,sq,../textures10/loveg/grass_tmp_sdry_flat_c.dds
terrain10,sq_grass_tmp_sdry_fl_tp,sq,../textures10/human/pastr_tmp_wet_flat_sq_s.dds
terrain10,sq_grass_tmp_sdry_hill,sq,../textures10/loveg/grass_tmp_sdry_hill_d.dds
terrain10,sq_grass_tmp_sdry_sflat,sq,../textures10/loveg/grass_tmp_sdry_flat_c.dds
terrain10,sq_grass_tmp_wet_fl,sq,../textures10/human/pastr_tmp_wet_flat_sq_s.dds
terrain10,sq_grass_tmp_wet_fl_md,sq,../textures10/loveg/grass_cld_wet_flat_c.dds
terrain10,sq_grass_tmp_wet_fl_tp,sq,../textures10/human/pastr_tmp_wet_flat_sq_s.dds
terrain10,sq_grass_tmp_wet_hill,sq,../textures10/loveg/grass_tmp_wet_hill_d.dds
terrain10,sq_grass_tmp_wet_sflat,sq,../textures10/loveg/grass_cld_wet_sflat_d.dds
terrain10,sq_grass_wrm_dry_fl,sq,../textures10/loveg/grass_wrm_dry_flat_c.dds
terrain10,sq_grass_wrm_dry_fl_md,sq,../textures10/loveg/grass_wrm_dry_sflat_d.dds
terrain10,sq_grass_wrm_dry_fl_tp,sq,../textures10/loveg/grass_wrm_dry_flat_c.dds
terrain10,sq_grass_wrm_dry_sflat,sq,../textures10/loveg/grass_wrm_dry_sflat_d.dds
terrain10,sq_grass_wrm_rain_sflat,sq,../textures10/loveg/grass_hot_rain_sflat_d.dds
terrain10,sq_grass_wrm_sdry_fl,sq,../textures10/human/pastr_wrm_sdry_flat_sq_c.dds
terrain10,sq_grass_wrm_sdry_fl_md,sq,../textures10/loveg/grass_tmp_sdry_flat_c.dds
terrain10,sq_grass_wrm_sdry_fl_tp,sq,../textures10/human/pastr_wrm_sdry_flat_sq_c.dds
terrain10,sq_grass_wrm_sdry_sflat,sq,../textures10/loveg/grass_tmp_sdry_hill_d.dds
terrain10,sq_grass_wrm_wet_fl,sq,../textures10/human/pastr_tmp_wet_flat_sq_s.dds
terrain10,sq_grass_wrm_wet_fl_md,sq,../textures10/human/pastr_tmp_wet_flat_sq_s.dds
terrain10,sq_grass_wrm_wet_fl_tp,sq,../textures10/human/pastr_tmp_wet_flat_sq_s.dds
terrain10,sq_grass_wrm_wet_sflat,sq,../textures10/human/pastr_wrm_wet_sflat_d.dds
terrain10,sq_hiland_crptwn,sq,../textures10/human/crp_tmp_sdry_sflat_sq_s.dds
terrain10,sq_hiland_crptwnhill,sq,../textures10/human/crpmo_tmp_wet_sflat_d.dds
terrain10,sq_north_crptwn,sq,../textures10/human/crp_tmp_wet_flat_sq_s.dds
terrain10,sq_north_crptwnhill,sq,../textures10/human/crpmo_tmp_wet_sflat_d.dds
terrain10,sq_olives_wrm_dry_hill,sq,../textures10/human/olives_hill.dds
terrain10,sq_olives_wrm_sdry,sq,../textures10/human/olives.dds
terrain10,sq_olives_wrm_sdry_hill,sq,../textures10/human/olives_hill.dds
terrain10,sq_olives_wrm_sdry_sflat,sq,../textures10/human/olives_hill.dds
terrain10,sq_olives_wrm_wet_hill,sq,../textures10/human/olives_hill.dds
terrain10,sq_orch_hot_dry,sq,../textures10/human/fruit_wrm_dry_sq_s.dds
terrain10,sq_orch_hot_dry_hill,sq,../textures10/human/crp_wrm_dry_hill_d.dds
terrain10,sq_orch_hot_dry_sflat,sq,../textures10/human/semidry_fruithill.dds
terrain10,sq_orch_hot_rain,sq,../textures10/human/fruit_hot_wet_flat_sq_s.dds
terrain10,sq_orch_hot_rain_hill,sq,../textures10/human/crp_hot_wet_sflat_d.dds
terrain10,sq_orch_hot_rain_sflat,sq,../textures10/human/fruit_hot_wet_flat_sq_s.dds
terrain10,sq_orch_hot_sdry,sq,../textures10/human/fruit_wrm_dry_sq_s.dds
terrain10,sq_orch_hot_sdry_hill,sq,../textures10/human/crp_tmp_sdry_sflat_d.dds
terrain10,sq_orch_hot_sdry_sflat,sq,../textures10/human/fruit_wrm_dry_sq_s.dds
terrain10,sq_orch_hot_wet,sq,../textures10/human/fruit_hot_wet_flat_sq_s.dds
terrain10,sq_orch_hot_wet_hill,sq,../textures10/human/crp_hot_wet_sflat_d.dds
terrain10,sq_orch_hot_wet_sflat,sq,../textures10/human/fruit_hot_wet_flat_sq_s.dds
terrain10,sq_orch_tmp_dry,sq,../textures10/human/fruit_wrm_dry_sq_s.dds
terrain10,sq_orch_tmp_dry_hill,sq,../textures10/human/fruit_tmp_sdry_sflat.dds
terrain10,sq_orch_tmp_dry_sflat,sq,../textures10/human/fruit_wrm_dry_sq_s.dds
terrain10,sq_orch_tmp_rain,sq,../textures10/human/fruit_tmp_sdry_flat.dds
terrain10,sq_orch_tmp_rain_hill,sq,../textures10/human/semidry_fruithill.dds
terrain10,sq_orch_tmp_rain_sflat,sq,../textures10/human/semidry_fruithill.dds
terrain10,sq_orch_tmp_sdry,sq,../textures10/human/fruit_wrm_dry_sq_s.dds
terrain10,sq_orch_tmp_sdry_hill,sq,../textures10/human/crp_tmp_sdry_sflat_d.dds
terrain10,sq_orch_tmp_sdry_sflat,sq,../textures10/human/fruit_wrm_dry_sq_s.dds
terrain10,sq_orch_tmp_wet,sq,../textures10/human/fruit_tmp_sdry_flat.dds
terrain10,sq_orch_tmp_wet_hill,sq,../textures10/human/crp_tmp_sdry_sflat_d.dds
terrain10,sq_orch_tmp_wet_sflat,sq,../textures10/human/fruit_tmp_sdry_flat.dds
terrain10,sq_orch_vhot_dry,sq,../textures10/human/semidry_fruithill.dds
terrain10,sq_orch_vhot_dry_hill,sq,../textures10/human/crp_wrm_dry_hill_d.dds
terrain10,sq_orch_vhot_dry_sflat,sq,../textures10/human/semidry_fruithill.dds
terrain10,sq_orch_vhot_rain,sq,../textures10/human/fruit_hot_wet_flat_sq_s.dds
terrain10,sq_orch_vhot_rain_hill,sq,../textures10/human/crp_hot_wet_sflat_d.dds
terrain10,sq_orch_vhot_rain_sflat,sq,../textures10/human/fruit_hot_wet_flat_sq_s.dds
terrain10,sq_orch_vhot_sdry,sq,../textures10/human/semidry_fruithill.dds
terrain10,sq_orch_vhot_sdry_hill,sq,../textures10/human/crp_tmp_sdry_sflat_d.dds
terrain10,sq_orch_vhot_sdry_sflat,sq,../textures10/human/semidry_fruithill.dds
terrain10,sq_orch_vhot_wet,sq,../textures10/human/fruit_hot_wet_flat_sq_s.dds
terrain10,sq_orch_vhot_wet_hill,sq,../textures10/human/crp_hot_wet_sflat_d.dds
terrain10,sq_orch_vhot_wet_sflat,sq,../textures10/human/fruit_hot_wet_flat_sq_s.dds
terrain10,sq_orch_wrm_dry,sq,../textures10/human/fruit_wrm_dry_sq_s.dds
terrain10,sq_orch_wrm_dry_hill,sq,../textures10/human/crp_wrm_dry_hill_d.dds
terrain10,sq_orch_wrm_dry_sflat,sq,../textures10/human/fruit_wrm_dry_sq_s.dds
terrain10,sq_orch_wrm_rain,sq,../textures10/human/fruit_hot_wet_flat_sq_s.dds
terrain10,sq_orch_wrm_rain_hill,sq,../textures10/human/crp_hot_wet_sflat_d.dds
terrain10,sq_orch_wrm_rain_sflat,sq,../textures10/human/fruit_hot_wet_flat_sq_s.dds
terrain10,sq_orch_wrm_wet,sq,../textures10/human/fruit_hot_wet_flat_sq_s.dds
terrain10,sq_orch_wrm_wet_hill,sq,../textures10/human/crp_hot_wet_sflat_d.dds
terrain10,sq_orch_wrm_wet_sflat,sq,../textures10/human/fruit_hot_wet_flat_sq_s.dds
terrain10,sq_pastr_cld_dry_fl,sq,../textures10/loveg/grass_tmp_dry_flat_c.dds
terrain10,sq_pastr_cld_dry_fl_md,sq,../textures10/loveg/grass_tmp_dry_sflat_d.dds
terrain10,sq_pastr_cld_dry_fl_tp,sq,../textures10/loveg/grass_tmp_dry_flat_c.dds
terrain10,sq_pastr_cld_rain_sflat,sq,../textures10/loveg/grass_cld_wet_sflat_d.dds
terrain10,sq_pastr_cld_sdry_fl,sq,../textures10/human/pastr_tmp_sdry_flat_c.dds
terrain10,sq_pastr_cld_sdry_fl_md,sq,../textures10/loveg/grass_tmp_dry_sflat_d.dds
terrain10,sq_pastr_cld_sdry_fl_tp,sq,../textures10/human/pastr_tmp_sdry_flat_c.dds
terrain10,sq_pastr_cld_wet_fl,sq,../textures10/human/pastr_tmp_wet_flat_sq_s.dds
terrain10,sq_pastr_cld_wet_fl_md,sq,../textures10/human/pastr_tmp_wet_flat_sq_s.dds
terrain10,sq_pastr_cld_wet_fl_tp,sq,../textures10/human/pastr_tmp_wet_flat_sq_s.dds
terrain10,sq_pastr_cld_wet_sflat,sq,../textures10/human/pastr_cld_wet_flat.dds
terrain10,sq_pastr_hot_dry_fl,sq,../textures10/loveg/grass_wrm_dry_flat_c.dds
terrain10,sq_pastr_hot_dry_fl_md,sq,../textures10/loveg/grass_wrm_dry_sflat_d.dds
terrain10,sq_pastr_hot_dry_fl_tp,sq,../textures10/loveg/grass_wrm_dry_flat_c.dds
terrain10,sq_pastr_hot_dry_hill,sq,../textures10/loveg/grass_wrm_dry_sflat_d.dds
terrain10,sq_pastr_hot_dry_sflat,sq,../textures10/loveg/grass_wrm_dry_sflat_d.dds
terrain10,sq_pastr_hot_rain_sflat,sq,../textures10/human/pastr_hot_rain_flat_c2.dds
terrain10,sq_pastr_hot_sdry_fl,sq,../textures10/human/pastr_wrm_sdry_flat_sq_c.dds
terrain10,sq_pastr_hot_sdry_fl_md,sq,../textures10/human/pastr_wrm_sdry_sflat_d.dds
terrain10,sq_pastr_hot_sdry_fl_tp,sq,../textures10/human/pastr_wrm_sdry_flat_sq_c.dds
terrain10,sq_pastr_hot_sdry_hill,sq,../textures10/human/pastr_wrm_sdry_sflat_d.dds
terrain10,sq_pastr_hot_sdry_sflat,sq,../textures10/human/pastr_wrm_sdry_sflat_d.dds
terrain10,sq_pastr_hot_wet_fl,sq,../textures10/human/pastr_wrm_wet_flat_sq_c.dds
terrain10,sq_pastr_hot_wet_fl_md,sq,../textures10/human/pastr_wrm_wet_flat_sq_c.dds
terrain10,sq_pastr_hot_wet_fl_tp,sq,../textures10/human/pastr_wrm_wet_flat_sq_c.dds
terrain10,sq_pastr_hot_wet_hill,sq,../textures10/human/pastr_wrm_sdry_sflat_d.dds
terrain10,sq_pastr_hot_wet_sflat,sq,../textures10/human/pastr_wrm_sdry_sflat_d.dds
terrain10,sq_pastr_tmp_dry_fl,sq,../textures10/loveg/grass_tmp_dry_sflat_d.dds
terrain10,sq_pastr_tmp_dry_fl_md,sq,../textures10/loveg/grass_tmp_dry_sflat_d.dds
terrain10,sq_pastr_tmp_dry_fl_tp,sq,../textures10/loveg/grass_tmp_dry_sflat_d.dds
terrain10,sq_pastr_tmp_dry_hill,sq,../textures10/loveg/grass_tmp_dry_sflat_d.dds
terrain10,sq_pastr_tmp_dry_sflat,sq,../textures10/loveg/grass_tmp_dry_sflat_d.dds
terrain10,sq_pastr_tmp_rain_hill,sq,../textures10/loveg/grass_cld_wet_hill_d.dds
terrain10,sq_pastr_tmp_rain_sflat,sq,../textures10/human/pastr_tmp_wet_sflat_d.dds
terrain10,sq_pastr_tmp_sdry_fl,sq,../textures10/human/pastr_tmp_wet_flat_sq_s.dds
terrain10,sq_pastr_tmp_sdry_fl_md,sq,../textures10/human/pastr_tmp_wet_flat_sq_s.dds
terrain10,sq_pastr_tmp_sdry_fl_tp,sq,../textures10/human/pastr_tmp_wet_flat_sq_s.dds
terrain10,sq_pastr_tmp_sdry_hill,sq,../textures10/loveg/grass_tmp_sdry_hill_d.dds
terrain10,sq_pastr_tmp_sdry_sflat,sq,../textures10/loveg/grass_tmp_sdry_flat_c.dds
terrain10,sq_pastr_tmp_wet_fl,sq,../textures10/human/pastr_tmp_wet_flat_sq_s.dds
terrain10,sq_pastr_tmp_wet_fl_md,sq,../textures10/human/pastr_tmp_wet_flat_sq_s.dds
terrain10,sq_pastr_tmp_wet_fl_tp,sq,../textures10/human/pastr_tmp_wet_flat_sq_s.dds
terrain10,sq_pastr_tmp_wet_hill,sq,../textures10/loveg/grass_cld_wet_hill_d.dds
terrain10,sq_pastr_tmp_wet_sflat,sq,../textures10/human/pastr_tmp_wet_sflat_d.dds
terrain10,sq_pastr_vhot_dry_fl,sq,../textures10/loveg/grass_wrm_dry_flat_c.dds
terrain10,sq_pastr_vhot_dry_fl_md,sq,../textures10/loveg/grass_wrm_dry_sflat_d.dds
terrain10,sq_pastr_vhot_dry_fl_tp,sq,../textures10/loveg/grass_wrm_dry_flat_c.dds
terrain10,sq_pastr_vhot_dry_hill,sq,../textures10/loveg/grass_wrm_dry_sflat_d.dds
terrain10,sq_pastr_vhot_dry_sflat,sq,../textures10/loveg/grass_wrm_dry_sflat_d.dds
terrain10,sq_pastr_vhot_rain_sflat,sq,../textures10/human/pastr_hot_rain_flat_c2.dds
terrain10,sq_pastr_vhot_sdry_fl,sq,../textures10/human/pastr_wrm_sdry_flat_sq_c.dds
terrain10,sq_pastr_vhot_sdry_fl_md,sq,../textures10/human/pastr_wrm_sdry_sflat_d.dds
terrain10,sq_pastr_vhot_sdry_fl_tp,sq,../textures10/human/pastr_wrm_sdry_flat_sq_c.dds
terrain10,sq_pastr_vhot_sdry_hill,sq,../textures10/human/pastr_wrm_sdry_sflat_d.dds
terrain10,sq_pastr_vhot_sdry_sflat,sq,../textures10/human/pastr_wrm_sdry_sflat_d.dds
terrain10,sq_pastr_vhot_wet_fl,sq,../textures10/human/pastr_wrm_wet_flat_sq_c.dds
terrain10,sq_pastr_vhot_wet_fl_md,sq,../textures10/human/pastr_wrm_wet_flat_sq_c.dds
terrain10,sq_pastr_vhot_wet_fl_tp,sq,../textures10/human/pastr_wrm_wet_flat_sq_c.dds
terrain10,sq_pastr_vhot_wet_hill,sq,../textures10/human/pastr_wrm_sdry_sflat_d.dds
terrain10,sq_pastr_vhot_wet_sflat,sq,../textures10/human/pastr_wrm_sdry_sflat_d.dds
terrain10,sq_pastr_wrm_dry_fl,sq,../textures10/loveg/grass_wrm_dry_flat_c.dds
terrain10,sq_pastr_wrm_dry_fl_md,sq,../textures10/loveg/grass_wrm_dry_sflat_d.dds
terrain10,sq_pastr_wrm_dry_fl_tp,sq,../textures10/loveg/grass_wrm_dry_flat_c.dds
terrain10,sq_pastr_wrm_dry_sflat,sq,../textures10/loveg/grass_wrm_dry_sflat_d.dds
terrain10,sq_pastr_wrm_rain_fl,sq,../textures10/human/pastr_wrm_rain_flat_sq_c.dds
terrain10,sq_pastr_wrm_rain_fl_md,sq,../textures10/human/pastr_wrm_rain_flat_sq_c.dds
terrain10,sq_pastr_wrm_rain_fl_tp,sq,../textures10/human/pastr_wrm_rain_flat_sq_c.dds
terrain10,sq_pastr_wrm_rain_hill,sq,../textures10/loveg/grass_cld_wet_hill_d.dds
terrain10,sq_pastr_wrm_rain_sflat,sq,../textures10/loveg/grass_cld_wet_sflat_d.dds
terrain10,sq_pastr_wrm_sdry_fl,sq,../textures10/human/pastr_wrm_sdry_flat_sq_c.dds
terrain10,sq_pastr_wrm_sdry_fl_md,sq,../textures10/human/pastr_wrm_sdry_sflat_d.dds
terrain10,sq_pastr_wrm_sdry_fl_tp,sq,../textures10/human/pastr_wrm_sdry_flat_sq_c.dds
terrain10,sq_pastr_wrm_sdry_sflat,sq,../textures10/human/pastr_wrm_sdry_sflat_d.dds
terrain10,sq_pastr_wrm_wet_fl,sq,../textures10/human/pastr_wrm_wet_flat_sq_c.dds
terrain10,sq_pastr_wrm_wet_fl_md,sq,../textures10/human/pastr_wrm_wet_flat_sq_c.dds
terrain10,sq_pastr_wrm_wet_fl_tp,sq,../textures10/human/pastr_wrm_wet_flat_sq_c.dds
terrain10,sq_pastr_wrm_wet_sflat,sq,../textures10/human/pastr_wrm_wet_sflat_d.dds
terrain10,sq_rainf_crptwn,sq,../textures10/human/crp_wrm_rain_flat_sq_s.dds
terrain10,sq_rainf_crptwnhill,sq,../textures10/human/crp_wrm_wet_flat_sq_s.dds
terrain10,sq_semidry_crptwn,sq,../textures10/human/crp_tmp_sdry_sflat_sq_s.dds
terrain10,sq_semidry_crptwnhill,sq,../textures10/human/crp_tmp_sdry_sflat_sq_s.dds
terrain10,sq_tmp_crptwn,sq,../textures10/human/crp_tmp_wet_flat_sq_s.dds
terrain10,sq_tmp_crptwnhill,sq,../textures10/human/crp_tmp_wet_flat_c2.dds
terrain10,sq_trop_crptwn,sq,../textures10/human/crp_wrm_rain_flat_sq_s.dds
terrain10,sq_trop_crptwnhill,sq,../textures10/human/crp_wrm_wet_flat_sq_s.dds
terrain10,tmp_crptwn_irr,tmp,../textures10/human/crp_tmp_wet_flat_c.dds
terrain10,tmp_crptwnhill_irr,tmp,../textures10/human/crpmo_tmp_wet_flat_c2.dds
terrain10,trop_crptwn_irr,trop,../textures10/human/crp_hot_wet_flat_c.dds
terrain10,trop_crptwnhill_irr,trop,../textures10/human/crpmo_hot_wet_sflat_d.dds
terrain10,tun_grass_cld_dry_fl,tun,../textures10/loveg/tund_grass_cld_sdry_flat_c.dds
terrain10,tun_grass_cld_dry_fl_md,tun,../textures10/loveg/sprs_cld_sdry_sflat_d.dds
terrain10,tun_grass_cld_dry_fl_tp,tun,../textures10/loveg/tund_grass_cld_sdry_flat_c.dds
terrain10,tun_grass_cld_dry_hill,tun,../textures10/loveg/sprs_cld_sdry_hill_d.dds
terrain10,tun_grass_cld_dry_steep,tun,../textures10/loveg/sprs_cld_sdry_steep_d.dds
terrain10,tun_grass_cld_rain_hill,tun,../textures10/loveg/tund_grass_cld_wet_hill_d.dds
terrain10,tun_grass_cld_rain_sflat,tun,../textures10/loveg/tund_grass_cld_wet_sflat_d.dds
terrain10,tun_grass_cld_sdry_fl,tun,../textures10/loveg/tund_grass_cld_sdry_flat_c.dds
terrain10,tun_grass_cld_sdry_fl_md,tun,../textures10/loveg/tund_grass_vcld_wet_sflat_d.dds
terrain10,tun_grass_cld_sdry_fl_tp,tun,../textures10/loveg/tund_grass_cld_sdry_flat_c.dds
terrain10,tun_grass_cld_sdry_hill,tun,../textures10/loveg/sprs_cld_sdry_hill_d.dds
terrain10,tun_grass_cld_sdry_steep,tun,../textures10/loveg/sprs_cld_sdry_steep_d.dds
terrain10,tun_grass_cld_wet_fl,tun,../textures10/loveg/tund_grass_cld_wet_flat_c.dds
terrain10,tun_grass_cld_wet_fl_md,tun,../textures10/loveg/tund_grass_vcld_wet_sflat_d.dds
terrain10,tun_grass_cld_wet_fl_tp,tun,../textures10/loveg/tund_grass_cld_wet_flat_c.dds
terrain10,tun_grass_cld_wet_hill,tun,../textures10/loveg/tund_grass_cld_wet_hill_d.dds
terrain10,tun_grass_cld_wet_sflat,tun,../textures10/loveg/tund_grass_cld_wet_sflat_d.dds
terrain10,tun_grass_vcld_dry_fl,tun,../textures10/loveg/tund_grass_vcld_sdry_flat_c.dds
terrain10,tun_grass_vcld_dry_fl_md,tun,../textures10/loveg/sprs_cld_sdry_sflat_d.dds
terrain10,tun_grass_vcld_dry_fl_tp,tun,../textures10/loveg/tund_grass_vcld_sdry_flat_c.dds
terrain10,tun_grass_vcld_dry_hill,tun,../textures10/loveg/sprs_cld_sdry_hill_d.dds
terrain10,tun_grass_vcld_dry_steep,tun,../textures10/loveg/sprs_cld_sdry_steep_d.dds
terrain10,tun_grass_vcld_rain_hill,tun,../textures10/loveg/tund_grass_vcld_wet_hill_d.dds
terrain10,tun_grass_vcld_rain_sflat,tun,../textures10/loveg/tund_grass_vcld_wet_sflat_d.dds
terrain10,tun_grass_vcld_sdry_fl,tun,../textures10/loveg/tund_grass_vcld_sdry_flat_c.dds
terrain10,tun_grass_vcld_sdry_fl_md,tun,../textures10/loveg/tund_grass_vcld_sdry_sflat_d.dds
terrain10,tun_grass_vcld_sdry_fl_tp,tun,../textures10/loveg/tund_grass_vcld_sdry_flat_c.dds
terrain10,tun_grass_vcld_sdry_hill,tun,../textures10/loveg/tund_grass_vcld_sdry_hill_d.dds
terrain10,tun_grass_vcld_sdry_steep,tun,../textures10/loveg/sprs_cld_sdry_steep_d.dds
terrain10,tun_grass_vcld_wet_fl,tun,../textures10/loveg/tund_grass_vcld_sdry_flat_c.dds
terrain10,tun_grass_vcld_wet_fl_md,tun,../textures10/loveg/tund_grass_vcld_sdry_sflat_d.dds
terrain10,tun_grass_vcld_wet_fl_tp,tun,../textures10/loveg/tund_grass_vcld_sdry_flat_c.dds
terrain10,tun_grass_vcld_wet_hill,tun,../textures10/loveg/tund_grass_vcld_sdry_hill_d.dds
terrain10,tun_grass_vcld_wet_sflat,tun,../textures10/loveg/tund_grass_vcld_sdry_hill_d.dds
terrain10,tun_shrb_cld_dry_fl,tun,../textures10/loveg/tund_shrb_cld_wet_flat_c.dds
terrain10,tun_shrb_cld_dry_fl_md,tun,../textures10/loveg/tund_grass_cld_wet_sflat_d.dds
terrain10,tun_shrb_cld_dry_fl_tp,tun,../textures10/loveg/tund_shrb_cld_wet_flat_c.dds
terrain10,tun_shrb_cld_dry_hill,tun,../textures10/loveg/tund_shrb_cld_wet_hill_d.dds
terrain10,tun_shrb_cld_dry_steep,tun,../textures10/loveg/shrub_cld_sdry_steep_d.dds
terrain10,tun_shrb_cld_rain_hill,tun,../textures10/loveg/tund_shrb_cld_wet_hill_d.dds
terrain10,tun_shrb_cld_rain_steep,tun,../textures10/loveg/shrub_cld_rain_steep_d.dds
terrain10,tun_shrb_cld_sdry_fl,tun,../textures10/loveg/tund_shrb_cld_wet_flat_c.dds
terrain10,tun_shrb_cld_sdry_fl_md,tun,../textures10/loveg/tund_grass_cld_wet_sflat_d.dds
terrain10,tun_shrb_cld_sdry_fl_tp,tun,../textures10/loveg/tund_shrb_cld_wet_flat_c.dds
terrain10,tun_shrb_cld_sdry_hill,tun,../textures10/loveg/tund_shrb_cld_wet_hill_d.dds
terrain10,tun_shrb_cld_sdry_steep,tun,../textures10/loveg/shrub_cld_sdry_steep_d.dds
terrain10,tun_shrb_cld_wet_fl,tun,../textures10/loveg/tund_shrb_cld_wet_flat_c.dds
terrain10,tun_shrb_cld_wet_fl_md,tun,../textures10/loveg/tund_grass_cld_wet_sflat_d.dds
terrain10,tun_shrb_cld_wet_fl_tp,tun,../textures10/loveg/tund_shrb_cld_wet_flat_c.dds
terrain10,tun_shrb_cld_wet_hill,tun,../textures10/loveg/tund_shrb_cld_wet_hill_d.dds
terrain10,tun_shrb_cld_wet_steep,tun,../textures10/loveg/shrub_cld_rain_steep_d.dds
terrain10,tun_shrb_vcld_dry_fl,tun,../textures10/loveg/tund_grass_vcld_sdry_flat_c.dds
terrain10,tun_shrb_vcld_dry_fl_md,tun,../textures10/loveg/tund_grass_vcld_sdry_sflat_d.dds
terrain10,tun_shrb_vcld_dry_fl_tp,tun,../textures10/loveg/tund_grass_vcld_sdry_flat_c.dds
terrain10,tun_shrb_vcld_dry_hill,tun,../textures10/loveg/tund_grass_vcld_sdry_hill_d.dds
terrain10,tun_shrb_vcld_dry_steep,tun,../textures10/loveg/tund_grass_vcld_sdry_hill_d.dds
terrain10,tun_shrb_vcld_rain_hill,tun,../textures10/loveg/tund_grass_vcld_sdry_hill_d.dds
terrain10,tun_shrb_vcld_rain_steep,tun,../textures10/loveg/shrub_vcld_rain_steep_d.dds
terrain10,tun_shrb_vcld_sdry_fl,tun,../textures10/loveg/tund_grass_vcld_sdry_flat_c.dds
terrain10,tun_shrb_vcld_sdry_fl_md,tun,../textures10/loveg/tund_grass_vcld_sdry_sflat_d.dds
terrain10,tun_shrb_vcld_sdry_fl_tp,tun,../textures10/loveg/tund_grass_vcld_sdry_flat_c.dds
terrain10,tun_shrb_vcld_sdry_hill,tun,../textures10/loveg/tund_grass_vcld_sdry_hill_d.dds
terrain10,tun_shrb_vcld_sdry_steep,tun,../textures10/loveg/tund_grass_vcld_sdry_hill_d.dds
terrain10,tun_shrb_vcld_wet_fl,tun,../textures10/loveg/tund_grass_vcld_sdry_flat_c.dds
terrain10,tun_shrb_vcld_wet_fl_md,tun,../textures10/loveg/tund_grass_vcld_sdry_sflat_d.dds
terrain10,tun_shrb_vcld_wet_fl_tp,tun,../textures10/loveg/tund_grass_vcld_sdry_flat_c.dds
terrain10,tun_shrb_vcld_wet_hill,tun,../textures10/loveg/tund_grass_vcld_sdry_hill_d.dds
terrain10,tun_shrb_vcld_wet_steep,tun,../textures10/loveg/shrub_vcld_rain_steep_d.dds
terrain10,tun_sp_cld_dry_fl,tun,../textures10/loveg/tund_sp_cld_sdry_flat_c.dds
terrain10,tun_sp_cld_dry_fl_md,tun,../textures10/loveg/tund_grass_vcld_sdry_flat_c.dds
terrain10,tun_sp_cld_dry_fl_tp,tun,../textures10/loveg/tund_sp_cld_sdry_flat_c.dds
terrain10,tun_sp_cld_dry_hill,tun,../textures10/loveg/sprs_cld_dry_sflat_d.dds
terrain10,tun_sp_cld_dry_sflat,tun,../textures10/loveg/tund_sp_cld_sdry_sflat_d.dds
terrain10,tun_sp_cld_rain_hill,tun,../textures10/loveg/tund_sp_cld_sdry_hill_d.dds
terrain10,tun_sp_cld_rain_sflat,tun,../textures10/loveg/tund_sp_cld_sdry_sflat_d.dds
terrain10,tun_sp_cld_sdry_fl,tun,../textures10/loveg/tund_sp_cld_sdry_flat_c.dds
terrain10,tun_sp_cld_sdry_fl_md,tun,../textures10/loveg/tund_sp_cld_sdry_sflat_d.dds
terrain10,tun_sp_cld_sdry_fl_tp,tun,../textures10/loveg/tund_sp_cld_sdry_flat_c.dds
terrain10,tun_sp_cld_sdry_hill,tun,../textures10/loveg/tund_sp_cld_sdry_hill_d.dds
terrain10,tun_sp_cld_sdry_sflat,tun,../textures10/loveg/tund_sp_cld_sdry_sflat_d.dds
terrain10,tun_sp_cld_wet_fl,tun,../textures10/loveg/tund_sp_cld_sdry_flat_c.dds
terrain10,tun_sp_cld_wet_fl_md,tun,../textures10/loveg/tund_sp_cld_sdry_hill_d.dds
terrain10,tun_sp_cld_wet_fl_tp,tun,../textures10/loveg/tund_sp_cld_sdry_flat_c.dds
terrain10,tun_sp_cld_wet_grass,tun,../textures10/loveg/tund_sp_cld_sdry_flat_c.dds
terrain10,tun_sp_cld_wet_hill,tun,../textures10/loveg/tund_sp_cld_sdry_hill_d.dds
terrain10,tun_sp_cld_wet_sflat,tun,../textures10/loveg/tund_sp_cld_sdry_sflat_d.dds
terrain10,tun_sp_pol_dry_fl,tun,../textures10/loveg/sprs_cld_dry_sflat_d.dds
terrain10,tun_sp_pol_dry_fl_md,tun,../textures10/loveg/sprs_cld_dry_hill_d.dds
terrain10,tun_sp_pol_dry_fl_tp,tun,../textures10/loveg/sprs_cld_dry_sflat_d.dds
terrain10,tun_sp_pol_dry_hill,tun,../textures10/loveg/sprs_cld_dry_hill_d.dds
terrain10,tun_sp_pol_dry_sflat,tun,../textures10/loveg/sprs_cld_dry_sflat_d.dds
terrain10,tun_sp_pol_rain_hill,tun,../textures10/loveg/sprs_vcld_rain_hill_d.dds
terrain10,tun_sp_pol_rain_sflat,tun,../textures10/loveg/tund_sp_cld_sdry_sflat_d.dds
terrain10,tun_sp_pol_sdry_fl,tun,../textures10/loveg/sprs_cld_sdry_sflat_d.dds
terrain10,tun_sp_pol_sdry_fl_md,tun,../textures10/loveg/sprs_cld_sdry_hill_d.dds
terrain10,tun_sp_pol_sdry_fl_tp,tun,../textures10/loveg/sprs_cld_sdry_sflat_d.dds
terrain10,tun_sp_pol_sdry_hill,tun,../textures10/loveg/sprs_cld_sdry_hill_d.dds
terrain10,tun_sp_pol_sdry_sflat,tun,../textures10/loveg/sprs_cld_sdry_sflat_d.dds
terrain10,tun_sp_pol_wet_fl,tun,../textures10/loveg/tund_sp_cld_sdry_flat_c.dds
terrain10,tun_sp_pol_wet_fl_md,tun,../textures10/loveg/tund_sp_cld_sdry_flat_c.dds
terrain10,tun_sp_pol_wet_fl_tp,tun,../textures10/loveg/tund_sp_cld_sdry_flat_c.dds
terrain10,tun_sp_pol_wet_hill,tun,../textures10/loveg/sprs_vcld_rain_hill_d.dds
terrain10,tun_sp_pol_wet_sflat,tun,../textures10/loveg/tund_sp_cld_sdry_sflat_d.dds
terrain10,tun_sp_vcld_dry_fl,tun,../textures10/loveg/sprs_cld_sdry_sflat_d.dds
terrain10,tun_sp_vcld_dry_fl_md,tun,../textures10/loveg/sprs_cld_sdry_hill_d.dds
terrain10,tun_sp_vcld_dry_fl_tp,tun,../textures10/loveg/sprs_cld_sdry_sflat_d.dds
terrain10,tun_sp_vcld_dry_hill,tun,../textures10/loveg/sprs_cld_sdry_hill_d.dds
terrain10,tun_sp_vcld_dry_sflat,tun,../textures10/loveg/sprs_cld_sdry_sflat_d.dds
terrain10,tun_sp_vcld_rain_hill,tun,../textures10/loveg/tund_sp_cld_sdry_hill_d.dds
terrain10,tun_sp_vcld_rain_sflat,tun,../textures10/loveg/tund_sp_cld_sdry_sflat_d.dds
terrain10,tun_sp_vcld_sdry_fl,tun,../textures10/loveg/tund_sp_cld_sdry_flat_c.dds
terrain10,tun_sp_vcld_sdry_fl_md,tun,../textures10/loveg/sprs_cld_sdry_hill_d.dds
terrain10,tun_sp_vcld_sdry_fl_tp,tun,../textures10/loveg/tund_sp_cld_sdry_flat_c.dds
terrain10,tun_sp_vcld_sdry_hill,tun,../textures10/loveg/sprs_cld_sdry_hill_d.dds
terrain10,tun_sp_vcld_sdry_sflat,tun,../textures10/loveg/tund_sp_cld_sdry_sflat_d.dds
terrain10,tun_sp_vcld_wet_fl,tun,../textures10/loveg/tund_sp_cld_sdry_flat_c.dds
terrain10,tun_sp_vcld_wet_fl_md,tun,../textures10/loveg/tund_sp_cld_sdry_flat_c.dds
terrain10,tun_sp_vcld_wet_fl_tp,tun,../textures10/loveg/tund_sp_cld_sdry_flat_c.dds
terrain10,tun_sp_vcld_wet_grass,tun,../textures10/loveg/tund_sp_cld_sdry_flat_c.dds
terrain10,tun_sp_vcld_wet_hill,tun,../textures10/loveg/tund_sp_cld_sdry_hill_d.dds
terrain10,tun_sp_vcld_wet_sflat,tun,../textures10/loveg/tund_sp_cld_sdry_sflat_d.dds
terrain10,tun_spr_cld_dry_fl,tun,../textures10/loveg/tund_sp_cld_sdry_flat_c.dds
terrain10,tun_spr_cld_dry_sflat,tun,../textures10/loveg/tund_sp_cld_sdry_sflat_d.dds
terrain10,tun_spr_cld_sdry_fl,tun,../textures10/loveg/tund_sp_cld_sdry_flat_c.dds
terrain10,tun_spr_cld_sdry_sflat,tun,../textures10/loveg/tund_sp_cld_sdry_sflat_d.dds
terrain10,tun_spr_cld_wet_fl,tun,../textures10/loveg/tund_swamp_cld_s.dds
terrain10,tun_spr_cld_wet_sflat,tun,../textures10/loveg/tund_sp_cld_sdry_sflat_d.dds
terrain10,tun_spr_pol_dry_fl,tun,../textures10/loveg/sprs_cld_dry_sflat_d.dds
terrain10,tun_spr_pol_dry_sflat,tun,../textures10/loveg/sprs_cld_dry_sflat_d.dds
terrain10,tun_spr_pol_sdry_fl,tun,../textures10/loveg/tund_swamp_cld_s.dds
terrain10,tun_spr_pol_sdry_sflat,tun,../textures10/loveg/sprs_cld_sdry_sflat_d.dds
terrain10,tun_spr_pol_wet_fl,tun,../textures10/loveg/tund_swamp_cld_s.dds
terrain10,tun_spr_pol_wet_sflat,tun,../textures10/loveg/tund_sp_cld_sdry_sflat_d.dds
terrain10,tun_spr_vcld_dry_fl,tun,../textures10/loveg/sprs_cld_sdry_sflat_d.dds
terrain10,tun_spr_vcld_dry_sflat,tun,../textures10/loveg/sprs_cld_sdry_sflat_d.dds
terrain10,tun_spr_vcld_sdry_fl,tun,../textures10/loveg/tund_sp_cld_sdry_flat_c.dds
terrain10,tun_spr_vcld_sdry_sflat,tun,../textures10/loveg/tund_sp_cld_sdry_sflat_d.dds
terrain10,tun_spr_vcld_wet_fl,tun,../textures10/loveg/tund_sp_cld_sdry_flat_c.dds
terrain10,tun_spr_vcld_wet_sflat,tun,../textures10/loveg/tund_sp_cld_sdry_sflat_d.dds
terrain10,tun_wetl_cld_dry_lo,tun,../textures10/loveg/tund_swamp_cld_s.dds
terrain10,tun_wetl_cld_dry_md,tun,../textures10/loveg/tund_shrb_cld_wet_sflat_d.dds
terrain10,tun_wetl_cld_dry_tp,tun,../textures10/loveg/tund_swamp_cld_s.dds
terrain10,tun_wetl_cld_rain_lo,tun,../textures10/loveg/tund_swamp_cld_s.dds
terrain10,tun_wetl_cld_rain_md,tun,../textures10/loveg/tund_shrb_cld_wet_sflat_d.dds
terrain10,tun_wetl_cld_rain_tp,tun,../textures10/loveg/tund_swamp_cld_s.dds
terrain10,tun_wetl_cld_sdry_lo,tun,../textures10/loveg/tund_swamp_cld_s.dds
terrain10,tun_wetl_cld_sdry_md,tun,../textures10/loveg/tund_shrb_cld_wet_sflat_d.dds
terrain10,tun_wetl_cld_sdry_tp,tun,../textures10/loveg/tund_swamp_cld_s.dds
terrain10,tun_wetl_cld_wet_lo,tun,../textures10/loveg/tund_swamp_cld_s.dds
terrain10,tun_wetl_cld_wet_md,tun,../textures10/loveg/tund_shrb_cld_wet_sflat_d.dds
terrain10,tun_wetl_cld_wet_tp,tun,../textures10/loveg/tund_swamp_cld_s.dds
terrain10,tun_wetl_vcld_dry_lo,tun,../textures10/loveg/tund_swamp_cld_s.dds
terrain10,tun_wetl_vcld_dry_md,tun,../textures10/loveg/tund_shrb_cld_wet_sflat_d.dds
terrain10,tun_wetl_vcld_dry_tp,tun,../textures10/loveg/tund_swamp_cld_s.dds
terrain10,tun_wetl_vcld_rain_lo,tun,../textures10/loveg/tund_swamp_cld_s.dds
terrain10,tun_wetl_vcld_rain_md,tun,../textures10/loveg/tund_shrb_cld_wet_sflat_d.dds
terrain10,tun_wetl_vcld_rain_tp,tun,../textures10/loveg/tund_swamp_cld_s.dds
terrain10,tun_wetl_vcld_sdry_lo,tun,../textures10/loveg/tund_swamp_cld_s.dds
terrain10,tun_wetl_vcld_sdry_md,tun,../textures10/loveg/tund_shrb_cld_wet_sflat_d.dds
terrain10,tun_wetl_vcld_sdry_tp,tun,../textures10/loveg/tund_swamp_cld_s.dds
terrain10,tun_wetl_vcld_wet_lo,tun,../textures10/loveg/tund_swamp_cld_s.dds
terrain10,tun_wetl_vcld_wet_md,tun,../textures10/loveg/tund_shrb_cld_wet_sflat_d.dds
terrain10,tun_wetl_vcld_wet_tp,tun,../textures10/loveg/tund_swamp_cld_s.dds
terrain10,urban_cld_dry,urban,../textures10/shared/grass_grn_brn_dry_TRN.png
terrain10,urban_cld_dry1,urban,../textures10/shared/grass_grn_brn_dry_TRN.png
terrain10,urban_cld_dry10,urban,../textures10/shared/grass_grn_brn_dry_TRN.png
terrain10,urban_cld_dry11,urban,../textures10/shared/grass_grn_brn_dry_TRN.png
terrain10,urban_cld_dry12,urban,../textures10/shared/grass_grn_brn_dry_TRN.png
terrain10,urban_cld_dry2,urban,../textures10/shared/grass_grn_brn_dry_TRN.png
terrain10,urban_cld_dry3,urban,../textures10/shared/grass_grn_brn_dry_TRN.png
terrain10,urban_cld_dry4,urban,../textures10/shared/grass_grn_brn_dry_TRN.png
terrain10,urban_cld_dry5,urban,../textures10/shared/grass_grn_brn_dry_TRN.png
terrain10,urban_cld_dry6,urban,../textures10/shared/grass_grn_brn_dry_TRN.png
terrain10,urban_cld_dry7,urban,../textures10/shared/grass_grn_brn_dry_TRN.png
terrain10,urban_cld_dry8,urban,../textures10/shared/grass_grn_brn_dry_TRN.png
terrain10,urban_cld_dry9,urban,../textures10/shared/grass_grn_brn_dry_TRN.png
terrain10,urban_cld_dry_ind1,urban,../textures10/shared/grass_grn_brn_dry_TRN.png
terrain10,urban_cld_dry_ind2,urban,../textures10/shared/grass_grn_brn_dry_TRN.png
terrain10,urban_cld_dry_ind3,urban,../textures10/shared/grass_grn_brn_dry_TRN.png
terrain10,urban_cld_dry_ind4,urban,../textures10/shared/grass_grn_brn_dry_TRN.png
terrain10,urban_cld_dry_prk1,urban,../textures10/shared/grass_grn_brn_dry_TRN.png
terrain10,urban_cld_dry_prk2,urban,../textures10/shared/grass_grn_brn_dry_TRN.png
terrain10,urban_cld_dry_prk3,urban,../textures10/shared/grass_grn_brn_dry_TRN.png
terrain10,urban_cld_dry_prk4,urban,../textures10/shared/grass_grn_brn_dry_TRN.png
terrain10,urban_cld_wet,urban,../textures10/shared/grass_grn_brn_dry_TRN.png
terrain10,urban_cld_wet1,urban,../textures10/shared/grass_grn_brn_dry_TRN.png
terrain10,urban_cld_wet10,urban,../textures10/shared/grass_grn_brn_dry_TRN.png
terrain10,urban_cld_wet11,urban,../textures10/shared/grass_grn_brn_dry_TRN.png
terrain10,urban_cld_wet12,urban,../textures10/shared/grass_grn_brn_dry_TRN.png
terrain10,urban_cld_wet2,urban,../textures10/shared/grass_grn_brn_dry_TRN.png
terrain10,urban_cld_wet3,urban,../textures10/shared/grass_grn_brn_dry_TRN.png
terrain10,urban_cld_wet4,urban,../textures10/shared/grass_grn_brn_dry_TRN.png
terrain10,urban_cld_wet5,urban,../textures10/shared/grass_grn_brn_dry_TRN.png
terrain10,urban_cld_wet6,urban,../textures10/shared/grass_grn_brn_dry_TRN.png
terrain10,urban_cld_wet7,urban,../textures10/shared/grass_grn_brn_dry_TRN.png
terrain10,urban_cld_wet8,urban,../textures10/shared/grass_grn_brn_dry_TRN.png
terrain10,urban_cld_wet9,urban,../textures10/shared/grass_grn_brn_dry_TRN.png
terrain10,urban_cld_wet_ind1,urban,../textures10/shared/grass_grn_brn_dry_TRN.png
terrain10,urban_cld_wet_ind2,urban,../textures10/shared/grass_grn_brn_dry_TRN.png
terrain10,urban_cld_wet_ind3,urban,../textures10/shared/grass_grn_brn_dry_TRN.png
terrain10,urban_cld_wet_ind4,urban,../textures10/shared/grass_grn_brn_dry_TRN.png
terrain10,urban_cld_wet_prk1,urban,../textures10/shared/grass_grn_brn_dry_TRN.png
terrain10,urban_cld_wet_prk2,urban,../textures10/shared/grass_grn_brn_dry_TRN.png
terrain10,urban_cld_wet_prk3,urban,../textures10/shared/grass_grn_brn_dry_TRN.png
terrain10,urban_cld_wet_prk4,urban,../textures10/shared/grass_grn_brn_dry_TRN.png
terrain10,urban_hot_dry,urban,../textures10/shared/grass_grn_brn_dry_TRN.png
terrain10,urban_hot_dry1,urban,../textures10/shared/grass_grn_brn_dry_TRN.png
terrain10,urban_hot_dry10,urban,../textures10/shared/grass_grn_brn_dry_TRN.png
terrain10,urban_hot_dry11,urban,../textures10/shared/grass_grn_brn_dry_TRN.png
terrain10,urban_hot_dry12,urban,../textures10/shared/grass_grn_brn_dry_TRN.png
terrain10,urban_hot_dry2,urban,../textures10/shared/grass_grn_brn_dry_TRN.png
terrain10,urban_hot_dry3,urban,../textures10/shared/grass_grn_brn_dry_TRN.png
terrain10,urban_hot_dry4,urban,../textures10/shared/grass_grn_brn_dry_TRN.png
terrain10,urban_hot_dry5,urban,../textures10/shared/grass_grn_brn_dry_TRN.png
terrain10,urban_hot_dry6,urban,../textures10/shared/grass_grn_brn_dry_TRN.png
terrain10,urban_hot_dry7,urban,../textures10/shared/grass_grn_brn_dry_TRN.png
terrain10,urban_hot_dry8,urban,../textures10/shared/grass_grn_brn_dry_TRN.png
terrain10,urban_hot_dry9,urban,../textures10/shared/grass_grn_brn_dry_TRN.png
terrain10,urban_hot_dry_ind1,urban,../textures10/shared/grass_grn_brn_dry_TRN.png
terrain10,urban_hot_dry_ind2,urban,../textures10/shared/grass_grn_brn_dry_TRN.png
terrain10,urban_hot_dry_ind3,urban,../textures10/shared/grass_grn_brn_dry_TRN.png
terrain10,urban_hot_dry_ind4,urban,../textures10/shared/grass_grn_brn_dry_TRN.png
terrain10,urban_hot_dry_prk1,urban,../textures10/shared/grass_grn_brn_dry_TRN.png
terrain10,urban_hot_dry_prk2,urban,../textures10/shared/grass_grn_brn_dry_TRN.png
terrain10,urban_hot_dry_prk3,urban,../textures10/shared/grass_grn_brn_dry_TRN.png
terrain10,urban_hot_dry_prk4,urban,../textures10/shared/grass_grn_brn_dry_TRN.png
terrain10,urban_hot_sdry,urban,../textures10/shared/grass_grn_brn_dry_TRN.png
terrain10,urban_hot_sdry1,urban,../textures10/shared/grass_grn_brn_dry_TRN.png
terrain10,urban_hot_sdry10,urban,../textures10/shared/grass_grn_brn_dry_TRN.png
terrain10,urban_hot_sdry11,urban,../textures10/shared/grass_grn_brn_dry_TRN.png
terrain10,urban_hot_sdry12,urban,../textures10/shared/grass_grn_brn_dry_TRN.png
terrain10,urban_hot_sdry2,urban,../textures10/shared/grass_grn_brn_dry_TRN.png
terrain10,urban_hot_sdry3,urban,../textures10/shared/grass_grn_brn_dry_TRN.png
terrain10,urban_hot_sdry4,urban,../textures10/shared/grass_grn_brn_dry_TRN.png
terrain10,urban_hot_sdry5,urban,../textures10/shared/grass_grn_brn_dry_TRN.png
terrain10,urban_hot_sdry6,urban,../textures10/shared/grass_grn_brn_dry_TRN.png
terrain10,urban_hot_sdry7,urban,../textures10/shared/grass_grn_brn_dry_TRN.png
terrain10,urban_hot_sdry8,urban,../textures10/shared/grass_grn_brn_dry_TRN.png
terrain10,urban_hot_sdry9,urban,../textures10/shared/grass_grn_brn_dry_TRN.png
terrain10,urban_hot_sdry_ind1,urban,../textures10/shared/grass_grn_brn_dry_TRN.png
terrain10,urban_hot_sdry_ind2,urban,../textures10/shared/grass_grn_brn_dry_TRN.png
terrain10,urban_hot_sdry_ind3,urban,../textures10/shared/grass_grn_brn_dry_TRN.png
terrain10,urban_hot_sdry_ind4,urban,../textures10/shared/grass_grn_brn_dry_TRN.png
terrain10,urban_hot_sdry_prk1,urban,../textures10/shared/grass_grn_brn_dry_TRN.png
terrain10,urban_hot_sdry_prk2,urban,../textures10/shared/grass_grn_brn_dry_TRN.png
terrain10,urban_hot_sdry_prk3,urban,../textures10/shared/grass_grn_brn_dry_TRN.png
terrain10,urban_hot_sdry_prk4,urban,../textures10/shared/grass_grn_brn_dry_TRN.png
terrain10,urban_hot_wet,urban,../textures10/shared/grass_grn_brn_dry_TRN.png
terrain10,urban_hot_wet1,urban,../textures10/shared/grass_grn_brn_dry_TRN.png
terrain10,urban_hot_wet10,urban,../textures10/shared/grass_grn_brn_dry_TRN.png
terrain10,urban_hot_wet11,urban,../textures10/shared/grass_grn_brn_dry_TRN.png
terrain10,urban_hot_wet12,urban,../textures10/shared/grass_grn_brn_dry_TRN.png
terrain10,urban_hot_wet2,urban,../textures10/shared/grass_grn_brn_dry_TRN.png
terrain10,urban_hot_wet3,urban,../textures10/shared/grass_grn_brn_dry_TRN.png
terrain10,urban_hot_wet4,urban,../textures10/shared/grass_grn_brn_dry_TRN.png
terrain10,urban_hot_wet5,urban,../textures10/shared/grass_grn_brn_dry_TRN.png
terrain10,urban_hot_wet6,urban,../textures10/shared/grass_grn_brn_dry_TRN.png
terrain10,urban_hot_wet7,urban,../textures10/shared/grass_grn_brn_dry_TRN.png
terrain10,urban_hot_wet8,urban,../textures10/shared/grass_grn_brn_dry_TRN.png
terrain10,urban_hot_wet9,urban,../textures10/shared/grass_grn_brn_dry_TRN.png
terrain10,urban_hot_wet_ind1,urban,../textures10/shared/grass_grn_brn_dry_TRN.png
terrain10,urban_hot_wet_ind2,urban,../textures10/shared/grass_grn_brn_dry_TRN.png
terrain10,urban_hot_wet_ind3,urban,../textures10/shared/grass_grn_brn_dry_TRN.png
terrain10,urban_hot_wet_ind4,urban,../textures10/shared/grass_grn_brn_dry_TRN.png
terrain10,urban_hot_wet_prk1,urban,../textures10/shared/grass_grn_brn_dry_TRN.png
terrain10,urban_hot_wet_prk2,urban,../textures10/shared/grass_grn_brn_dry_TRN.png
terrain10,urban_hot_wet_prk3,urban,../textures10/shared/grass_grn_brn_dry_TRN.png
terrain10,urban_hot_wet_prk4,urban,../textures10/shared/grass_grn_brn_dry_TRN.png
terrain10,urban_tmp_sdry,urban,../textures10/shared/grass_grn_brn_dry_TRN.png
terrain10,urban_tmp_sdry1,urban,../textures10/shared/grass_grn_brn_dry_TRN.png
terrain10,urban_tmp_sdry10,urban,../textures10/shared/grass_grn_brn_dry_TRN.png
terrain10,urban_tmp_sdry11,urban,../textures10/shared/grass_grn_brn_dry_TRN.png
terrain10,urban_tmp_sdry12,urban,../textures10/shared/grass_grn_brn_dry_TRN.png
terrain10,urban_tmp_sdry2,urban,../textures10/shared/grass_grn_brn_dry_TRN.png
terrain10,urban_tmp_sdry3,urban,../textures10/shared/grass_grn_brn_dry_TRN.png
terrain10,urban_tmp_sdry4,urban,../textures10/shared/grass_grn_brn_dry_TRN.png
terrain10,urban_tmp_sdry5,urban,../textures10/shared/grass_grn_brn_dry_TRN.png
terrain10,urban_tmp_sdry6,urban,../textures10/shared/grass_grn_brn_dry_TRN.png
terrain10,urban_tmp_sdry7,urban,../textures10/shared/grass_grn_brn_dry_TRN.png
terrain10,urban_tmp_sdry8,urban,../textures10/shared/grass_grn_brn_dry_TRN.png
terrain10,urban_tmp_sdry9,urban,../textures10/shared/grass_grn_brn_dry_TRN.png
terrain10,urban_tmp_sdry_ind1,urban,../textures10/shared/grass_grn_brn_dry_TRN.png
terrain10,urban_tmp_sdry_ind2,urban,../textures10/shared/grass_grn_brn_dry_TRN.png
terrain10,urban_tmp_sdry_ind3,urban,../textures10/shared/grass_grn_brn_dry_TRN.png
terrain10,urban_tmp_sdry_ind4,urban,../textures10/shared/grass_grn_brn_dry_TRN.png
terrain10,urban_tmp_sdry_prk1,urban,../textures10/shared/grass_grn_brn_dry_TRN.png
terrain10,urban_tmp_sdry_prk2,urban,../textures10/shared/grass_grn_brn_dry_TRN.png
terrain10,urban_tmp_sdry_prk3,urban,../textures10/shared/grass_grn_brn_dry_TRN.png
terrain10,urban_tmp_sdry_prk4,urban,../textures10/shared/grass_grn_brn_dry_TRN.png
terrain10,urban_tmp_wet,urban,../textures10/shared/grass_grn_brn_dry_TRN.png
terrain10,urban_tmp_wet1,urban,../textures10/shared/grass_grn_brn_dry_TRN.png
terrain10,urban_tmp_wet10,urban,../textures10/shared/grass_grn_brn_dry_TRN.png
terrain10,urban_tmp_wet11,urban,../textures10/shared/grass_grn_brn_dry_TRN.png
terrain10,urban_tmp_wet12,urban,../textures10/shared/grass_grn_brn_dry_TRN.png
terrain10,urban_tmp_wet2,urban,../textures10/shared/grass_grn_brn_dry_TRN.png
terrain10,urban_tmp_wet3,urban,../textures10/shared/grass_grn_brn_dry_TRN.png
terrain10,urban_tmp_wet4,urban,../textures10/shared/grass_grn_brn_dry_TRN.png
terrain10,urban_tmp_wet5,urban,../textures10/shared/grass_grn_brn_dry_TRN.png
terrain10,urban_tmp_wet6,urban,../textures10/shared/grass_grn_brn_dry_TRN.png
terrain10,urban_tmp_wet7,urban,../textures10/shared/grass_grn_brn_dry_TRN.png
terrain10,urban_tmp_wet8,urban,../textures10/shared/grass_grn_brn_dry_TRN.png
terrain10,urban_tmp_wet9,urban,../textures10/shared/grass_grn_brn_dry_TRN.png
terrain10,urban_tmp_wet_ind1,urban,../textures10/shared/grass_grn_brn_dry_TRN.png
terrain10,urban_tmp_wet_ind2,urban,../textures10/shared/grass_grn_brn_dry_TRN.png
terrain10,urban_tmp_wet_ind3,urban,../textures10/shared/grass_grn_brn_dry_TRN.png
terrain10,urban_tmp_wet_ind4,urban,../textures10/shared/grass_grn_brn_dry_TRN.png
terrain10,urban_tmp_wet_prk1,urban,../textures10/shared/grass_grn_brn_dry_TRN.png
terrain10,urban_tmp_wet_prk2,urban,../textures10/shared/grass_grn_brn_dry_TRN.png
terrain10,urban_tmp_wet_prk3,urban,../textures10/shared/grass_grn_brn_dry_TRN.png
terrain10,urban_tmp_wet_prk4,urban,../textures10/shared/grass_grn_brn_dry_TRN.png
terrain10,wetl_cld_dry_lo,wetl,../textures10/loveg/tund_swamp_cld_s.dds
terrain10,wetl_cld_dry_md,wetl,../textures10/loveg/tund_shrb_cld_wet_sflat_d.dds
terrain10,wetl_cld_dry_tp,wetl,../textures10/loveg/tund_swamp_cld_s.dds
terrain10,wetl_cld_rain_lo,wetl,../textures10/loveg/tund_swamp_cld_s.dds
terrain10,wetl_cld_rain_md,wetl,../textures10/loveg/tund_shrb_cld_wet_sflat_d.dds
terrain10,wetl_cld_rain_tp,wetl,../textures10/loveg/tund_swamp_cld_s.dds
terrain10,wetl_cld_sdry_lo,wetl,../textures10/loveg/tund_swamp_cld_s.dds
terrain10,wetl_cld_sdry_md,wetl,../textures10/loveg/tund_shrb_cld_wet_sflat_d.dds
terrain10,wetl_cld_sdry_tp,wetl,../textures10/loveg/tund_swamp_cld_s.dds
terrain10,wetl_cld_wet_lo,wetl,../textures10/loveg/tund_swamp_cld_s.dds
terrain10,wetl_cld_wet_md,wetl,../textures10/loveg/tund_shrb_cld_wet_sflat_d.dds
terrain10,wetl_cld_wet_tp,wetl,../textures10/loveg/tund_swamp_cld_s.dds
terrain10,wetl_hot_dry_lo,wetl,../textures10/loveg/wetl_wrm_wet_c.dds
terrain10,wetl_hot_dry_md,wetl,../textures10/loveg/wetl_hot_wet_sflat_c.dds
terrain10,wetl_hot_dry_tp,wetl,../textures10/loveg/wetl_hot_wet_sflat_c.dds
terrain10,wetl_hot_rain_lo,wetl,../textures10/loveg/wetl_wdy_hot_rain_c.dds
terrain10,wetl_hot_rain_md,wetl,../textures10/loveg/wetl_hot_wet_sflat_c.dds
terrain10,wetl_hot_rain_tp,wetl,../textures10/loveg/wetl_wdy_hot_rain_c.dds
terrain10,wetl_hot_sdry_lo,wetl,../textures10/loveg/wetl_wrm_wet_c.dds
terrain10,wetl_hot_sdry_md,wetl,../textures10/loveg/wetl_hot_wet_sflat_c.dds
terrain10,wetl_hot_sdry_tp,wetl,../textures10/loveg/wetl_hot_wet_sflat_c.dds
terrain10,wetl_hot_wet_lo,wetl,../textures10/loveg/wetl_wdy_hot_rain_c.dds
terrain10,wetl_hot_wet_md,wetl,../textures10/loveg/wetl_hot_wet_sflat_c.dds
terrain10,wetl_hot_wet_tp,wetl,../textures10/loveg/wetl_wdy_hot_rain_c.dds
terrain10,wetl_shrb_cld_dry_lo,wetl,../textures10/loveg/tund_swamp_cld_s.dds
terrain10,wetl_shrb_cld_dry_md,wetl,../textures10/loveg/tund_shrb_cld_wet_sflat_d.dds
terrain10,wetl_shrb_cld_dry_tp,wetl,../textures10/loveg/tund_swamp_cld_s.dds
terrain10,wetl_shrb_cld_rain_lo,wetl,../textures10/loveg/tund_swamp_cld_s.dds
terrain10,wetl_shrb_cld_rain_md,wetl,../textures10/loveg/tund_shrb_cld_wet_sflat_d.dds
terrain10,wetl_shrb_cld_rain_tp,wetl,../textures10/loveg/tund_swamp_cld_s.dds
terrain10,wetl_shrb_cld_sdry_lo,wetl,../textures10/loveg/tund_swamp_cld_s.dds
terrain10,wetl_shrb_cld_sdry_md,wetl,../textures10/loveg/tund_shrb_cld_wet_sflat_d.dds
terrain10,wetl_shrb_cld_sdry_tp,wetl,../textures10/loveg/tund_swamp_cld_s.dds
terrain10,wetl_shrb_cld_wet_lo,wetl,../textures10/loveg/tund_swamp_cld_s.dds
terrain10,wetl_shrb_cld_wet_md,wetl,../textures10/loveg/tund_shrb_cld_wet_sflat_d.dds
terrain10,wetl_shrb_cld_wet_tp,wetl,../textures10/loveg/tund_swamp_cld_s.dds
terrain10,wetl_shrb_hot_dry_lo,wetl,../textures10/loveg/wetl_wrm_wet_c.dds
terrain10,wetl_shrb_hot_dry_md,wetl,../textures10/loveg/wetl_wrm_wet_c.dds
terrain10,wetl_shrb_hot_dry_tp,wetl,../textures10/loveg/wetl_wrm_wet_c.dds
terrain10,wetl_shrb_hot_rain_lo,wetl,../textures10/loveg/wetl_wdy_hot_rain_c.dds
terrain10,wetl_shrb_hot_rain_md,wetl,../textures10/loveg/wetl_wrm_wet_c.dds
terrain10,wetl_shrb_hot_rain_tp,wetl,../textures10/loveg/wetl_wdy_hot_rain_c.dds
terrain10,wetl_shrb_hot_sdry_lo,wetl,../textures10/loveg/wetl_wrm_wet_c.dds
terrain10,wetl_shrb_hot_sdry_md,wetl,../textures10/loveg/wetl_wrm_wet_c.dds
terrain10,wetl_shrb_hot_sdry_tp,wetl,../textures10/loveg/wetl_wrm_wet_c.dds
terrain10,wetl_shrb_hot_wet_lo,wetl,../textures10/loveg/wetl_wdy_hot_rain_c.dds
terrain10,wetl_shrb_hot_wet_md,wetl,../textures10/loveg/wetl_wrm_wet_c.dds
terrain10,wetl_shrb_hot_wet_tp,wetl,../textures10/loveg/wetl_wdy_hot_rain_c.dds
terrain10,wetl_shrb_tmp_dry_lo,wetl,../textures10/loveg/wetl_wdy_tmp_wet_s.dds
terrain10,wetl_shrb_tmp_dry_md,wetl,../textures10/loveg/wetl_wdy_tmp_wet_s.dds
terrain10,wetl_shrb_tmp_dry_tp,wetl,../textures10/loveg/wetl_wdy_tmp_wet_s.dds
terrain10,wetl_shrb_tmp_rain_lo,wetl,../textures10/loveg/wetl_wdy_tmp_wet_s.dds
terrain10,wetl_shrb_tmp_rain_md,wetl,../textures10/loveg/wetl_wdy_tmp_wet_s.dds
terrain10,wetl_shrb_tmp_rain_tp,wetl,../textures10/loveg/wetl_wdy_tmp_wet_s.dds
terrain10,wetl_shrb_tmp_sdry_lo,wetl,../textures10/loveg/wetl_wdy_tmp_wet_s.dds
terrain10,wetl_shrb_tmp_sdry_md,wetl,../textures10/loveg/wetl_wdy_tmp_wet_s.dds
terrain10,wetl_shrb_tmp_sdry_tp,wetl,../textures10/loveg/wetl_wdy_tmp_wet_s.dds
terrain10,wetl_shrb_tmp_wet_lo,wetl,../textures10/loveg/wetl_wdy_tmp_wet_s.dds
terrain10,wetl_shrb_tmp_wet_md,wetl,../textures10/loveg/wetl_wdy_tmp_wet_s.dds
terrain10,wetl_shrb_tmp_wet_tp,wetl,../textures10/loveg/wetl_wdy_tmp_wet_s.dds
terrain10,wetl_shrb_vcld_dry_lo,wetl,../textures10/loveg/tund_swamp_cld_s.dds
terrain10,wetl_shrb_vcld_dry_md,wetl,../textures10/loveg/tund_shrb_cld_wet_sflat_d.dds
terrain10,wetl_shrb_vcld_dry_tp,wetl,../textures10/loveg/tund_shrb_cld_wet_sflat_d.dds
terrain10,wetl_shrb_vcld_rain_lo,wetl,../textures10/loveg/tund_swamp_cld_s.dds
terrain10,wetl_shrb_vcld_rain_md,wetl,../textures10/loveg/tund_shrb_cld_wet_sflat_d.dds
terrain10,wetl_shrb_vcld_rain_tp,wetl,../textures10/loveg/tund_shrb_cld_wet_flat_c2.dds
terrain10,wetl_shrb_vcld_sdry_lo,wetl,../textures10/loveg/tund_swamp_cld_s.dds
terrain10,wetl_shrb_vcld_sdry_md,wetl,../textures10/loveg/tund_shrb_cld_wet_sflat_d.dds
terrain10,wetl_shrb_vcld_sdry_tp,wetl,../textures10/loveg/tund_shrb_cld_wet_flat_c2.dds
terrain10,wetl_shrb_vcld_wet_lo,wetl,../textures10/loveg/tund_swamp_cld_s.dds
terrain10,wetl_shrb_vcld_wet_md,wetl,../textures10/loveg/tund_shrb_cld_wet_sflat_d.dds
terrain10,wetl_shrb_vcld_wet_tp,wetl,../textures10/loveg/tund_shrb_cld_wet_flat_c2.dds
terrain10,wetl_shrb_wrm_dry_lo,wetl,../textures10/loveg/wetl_wrm_wet_c.dds
terrain10,wetl_shrb_wrm_dry_md,wetl,../textures10/loveg/wetl_wrm_wet_c.dds
terrain10,wetl_shrb_wrm_dry_tp,wetl,../textures10/loveg/wetl_wrm_wet_c.dds
terrain10,wetl_shrb_wrm_rain_lo,wetl,../textures10/loveg/wetl_wdy_hot_rain_c.dds
terrain10,wetl_shrb_wrm_rain_md,wetl,../textures10/loveg/wetl_wrm_wet_c.dds
terrain10,wetl_shrb_wrm_rain_tp,wetl,../textures10/loveg/wetl_wdy_hot_rain_c.dds
terrain10,wetl_shrb_wrm_sdry_lo,wetl,../textures10/loveg/wetl_wrm_wet_c.dds
terrain10,wetl_shrb_wrm_sdry_md,wetl,../textures10/loveg/wetl_wrm_wet_c.dds
terrain10,wetl_shrb_wrm_sdry_tp,wetl,../textures10/loveg/wetl_wrm_wet_c.dds
terrain10,wetl_shrb_wrm_wet_lo,wetl,../textures10/loveg/wetl_wdy_hot_rain_c.dds
terrain10,wetl_shrb_wrm_wet_md,wetl,../textures10/loveg/wetl_wrm_wet_c.dds
terrain10,wetl_shrb_wrm_wet_tp,wetl,../textures10/loveg/wetl_wrm_wet_c.dds
terrain10,wetl_tmp_dry_lo,wetl,../textures10/loveg/wetl_wdy_tmp_wet_s.dds
terrain10,wetl_tmp_dry_md,wetl,../textures10/loveg/wetl_wdy_tmp_wet_s.dds
terrain10,wetl_tmp_dry_tp,wetl,../textures10/loveg/wetl_wdy_tmp_wet_s.dds
terrain10,wetl_tmp_rain_lo,wetl,../textures10/loveg/wetl_wdy_tmp_wet_s.dds
terrain10,wetl_tmp_rain_md,wetl,../textures10/loveg/wetl_wdy_tmp_wet_s.dds
terrain10,wetl_tmp_rain_tp,wetl,../textures10/loveg/wetl_wdy_tmp_wet_s.dds
terrain10,wetl_tmp_sdry_lo,wetl,../textures10/loveg/wetl_wdy_tmp_wet_s.dds
terrain10,wetl_tmp_sdry_md,wetl,../textures10/loveg/wetl_wdy_tmp_wet_s.dds
terrain10,wetl_tmp_sdry_tp,wetl,../textures10/loveg/wetl_wdy_tmp_wet_s.dds
terrain10,wetl_tmp_wet_lo,wetl,../textures10/loveg/wetl_wdy_tmp_wet_s.dds
terrain10,wetl_tmp_wet_md,wetl,../textures10/loveg/wetl_wdy_tmp_wet_s.dds
terrain10,wetl_tmp_wet_tp,wetl,../textures10/loveg/wetl_wdy_tmp_wet_s.dds
terrain10,wetl_vcld_dry_lo,wetl,../textures10/loveg/tund_swamp_cld_s.dds
terrain10,wetl_vcld_dry_md,wetl,../textures10/loveg/tund_shrb_cld_wet_sflat_d.dds
terrain10,wetl_vcld_dry_tp,wetl,../textures10/loveg/tund_shrb_cld_wet_sflat_d.dds
terrain10,wetl_vcld_rain_lo,wetl,../textures10/loveg/tund_swamp_cld_s.dds
terrain10,wetl_vcld_rain_md,wetl,../textures10/loveg/tund_shrb_cld_wet_sflat_d.dds
terrain10,wetl_vcld_rain_tp,wetl,../textures10/loveg/tund_shrb_cld_wet_flat_c2.dds
terrain10,wetl_vcld_sdry_lo,wetl,../textures10/loveg/tund_swamp_cld_s.dds
terrain10,wetl_vcld_sdry_md,wetl,../textures10/loveg/tund_shrb_cld_wet_sflat_d.dds
terrain10,wetl_vcld_sdry_tp,wetl,../textures10/loveg/tund_shrb_cld_wet_flat_c2.dds
terrain10,wetl_vcld_wet_lo,wetl,../textures10/loveg/tund_swamp_cld_s.dds
terrain10,wetl_vcld_wet_md,wetl,../textures10/loveg/tund_shrb_cld_wet_sflat_d.dds
terrain10,wetl_vcld_wet_tp,wetl,../textures10/loveg/tund_shrb_cld_wet_flat_c2.dds
terrain10,wetl_wdy_cld_dry_lo,wetl,../textures10/loveg/tund_swamp_cld_s.dds
terrain10,wetl_wdy_cld_dry_md,wetl,../textures10/loveg/tund_shrb_cld_wet_sflat_d.dds
terrain10,wetl_wdy_cld_dry_tp,wetl,../textures10/loveg/tund_swamp_cld_s.dds
terrain10,wetl_wdy_cld_rain_lo,wetl,../textures10/loveg/tund_swamp_cld_s.dds
terrain10,wetl_wdy_cld_rain_md,wetl,../textures10/loveg/tund_shrb_cld_wet_sflat_d.dds
terrain10,wetl_wdy_cld_rain_tp,wetl,../textures10/loveg/tund_swamp_cld_s.dds
terrain10,wetl_wdy_cld_sdry_lo,wetl,../textures10/loveg/tund_swamp_cld_s.dds
terrain10,wetl_wdy_cld_sdry_md,wetl,../textures10/loveg/tund_shrb_cld_wet_sflat_d.dds
terrain10,wetl_wdy_cld_sdry_tp,wetl,../textures10/loveg/tund_swamp_cld_s.dds
terrain10,wetl_wdy_cld_wet_lo,wetl,../textures10/loveg/tund_swamp_cld_s.dds
terrain10,wetl_wdy_cld_wet_md,wetl,../textures10/loveg/tund_shrb_cld_wet_sflat_d.dds
terrain10,wetl_wdy_cld_wet_tp,wetl,../textures10/loveg/tund_swamp_cld_s.dds
terrain10,wetl_wdy_hot_dry_lo,wetl,../textures10/loveg/wetl_wdy_tmp_wet_s.dds
terrain10,wetl_wdy_hot_dry_md,wetl,../textures10/loveg/wetl_wrm_wet_c.dds
terrain10,wetl_wdy_hot_dry_tp,wetl,../textures10/loveg/wetl_hot_wet_sflat_c.dds
terrain10,wetl_wdy_hot_rain_lo,wetl,../textures10/loveg/wetl_wdy_hot_rain_c.dds
terrain10,wetl_wdy_hot_rain_md,wetl,../textures10/loveg/wetl_wdy_hot_rain_c.dds
terrain10,wetl_wdy_hot_rain_tp,wetl,../textures10/loveg/wetl_wdy_hot_rain_c.dds
terrain10,wetl_wdy_hot_sdry_lo,wetl,../textures10/loveg/wetl_wdy_tmp_wet_s.dds
terrain10,wetl_wdy_hot_sdry_md,wetl,../textures10/loveg/wetl_wrm_wet_c.dds
terrain10,wetl_wdy_hot_sdry_tp,wetl,../textures10/loveg/wetl_hot_wet_sflat_c.dds
terrain10,wetl_wdy_hot_wet_lo,wetl,../textures10/loveg/wetl_wdy_hot_rain_c.dds
terrain10,wetl_wdy_hot_wet_md,wetl,../textures10/loveg/wetl_wrm_wet_c.dds
terrain10,wetl_wdy_hot_wet_tp,wetl,../textures10/loveg/wetl_wdy_hot_rain_c.dds
terrain10,wetl_wdy_tmp_dry_lo,wetl,../textures10/loveg/wetl_wdy_tmp_wet_s.dds
terrain10,wetl_wdy_tmp_dry_md,wetl,../textures10/loveg/wetl_wdy_tmp_wet_s.dds
terrain10,wetl_wdy_tmp_dry_tp,wetl,../textures10/loveg/wetl_wdy_tmp_wet_s.dds
terrain10,wetl_wdy_tmp_rain_lo,wetl,../textures10/loveg/wetl_wdy_tmp_wet_s.dds
terrain10,wetl_wdy_tmp_rain_md,wetl,../textures10/loveg/wetl_wdy_tmp_wet_s.dds
terrain10,wetl_wdy_tmp_rain_tp,wetl,../textures10/loveg/wetl_wdy_tmp_wet_s.dds
terrain10,wetl_wdy_tmp_sdry_lo,wetl,../textures10/loveg/wetl_wdy_tmp_wet_s.dds
terrain10,wetl_wdy_tmp_sdry_md,wetl,../textures10/loveg/wetl_wdy_tmp_wet_s.dds
terrain10,wetl_wdy_tmp_sdry_tp,wetl,../textures10/loveg/wetl_wdy_tmp_wet_s.dds
terrain10,wetl_wdy_tmp_wet_lo,wetl,../textures10/loveg/wetl_wdy_tmp_wet_s.dds
terrain10,wetl_wdy_tmp_wet_md,wetl,../textures10/loveg/wetl_wdy_tmp_wet_s.dds
terrain10,wetl_wdy_tmp_wet_tp,wetl,../textures10/loveg/wetl_wdy_tmp_wet_s.dds
terrain10,wetl_wdy_vcld_dry_lo,wetl,../textures10/loveg/tund_swamp_cld_s.dds
terrain10,wetl_wdy_vcld_dry_md,wetl,../textures10/loveg/tund_shrb_cld_wet_sflat_d.dds
terrain10,wetl_wdy_vcld_dry_tp,wetl,../textures10/loveg/tund_shrb_cld_wet_sflat_d.dds
terrain10,wetl_wdy_vcld_rain_lo,wetl,../textures10/loveg/tund_swamp_cld_s.dds
terrain10,wetl_wdy_vcld_rain_md,wetl,../textures10/loveg/tund_shrb_cld_wet_sflat_d.dds
terrain10,wetl_wdy_vcld_rain_tp,wetl,../textures10/loveg/tund_shrb_cld_wet_flat_c2.dds
terrain10,wetl_wdy_vcld_sdry_lo,wetl,../textures10/loveg/tund_swamp_cld_s.dds
terrain10,wetl_wdy_vcld_sdry_md,wetl,../textures10/loveg/tund_shrb_cld_wet_sflat_d.dds
terrain10,wetl_wdy_vcld_sdry_tp,wetl,../textures10/loveg/tund_shrb_cld_wet_flat_c2.dds
terrain10,wetl_wdy_vcld_wet_lo,wetl,../textures10/loveg/tund_swamp_cld_s.dds
terrain10,wetl_wdy_vcld_wet_md,wetl,../textures10/loveg/tund_shrb_cld_wet_sflat_d.dds
terrain10,wetl_wdy_vcld_wet_tp,wetl,../textures10/loveg/tund_shrb_cld_wet_flat_c2.dds
terrain10,wetl_wdy_wrm_dry_lo,wetl,../textures10/loveg/wetl_wdy_tmp_wet_s.dds
terrain10,wetl_wdy_wrm_dry_md,wetl,../textures10/loveg/wetl_wrm_wet_c.dds
terrain10,wetl_wdy_wrm_dry_tp,wetl,../textures10/loveg/wetl_hot_wet_sflat_c.dds
terrain10,wetl_wdy_wrm_rain_lo,wetl,../textures10/loveg/wetl_wdy_hot_rain_c.dds
terrain10,wetl_wdy_wrm_rain_md,wetl,../textures10/loveg/wetl_wrm_wet_c.dds
terrain10,wetl_wdy_wrm_rain_tp,wetl,../textures10/loveg/wetl_wdy_hot_rain_c.dds
terrain10,wetl_wdy_wrm_sdry_lo,wetl,../textures10/loveg/wetl_wdy_tmp_wet_s.dds
terrain10,wetl_wdy_wrm_sdry_md,wetl,../textures10/loveg/wetl_wrm_wet_c.dds
terrain10,wetl_wdy_wrm_sdry_tp,wetl,../textures10/loveg/wetl_hot_wet_sflat_c.dds
terrain10,wetl_wdy_wrm_wet_lo,wetl,../textures10/loveg/wetl_wdy_hot_rain_c.dds
terrain10,wetl_wdy_wrm_wet_md,wetl,../textures10/loveg/wetl_wrm_wet_c.dds
terrain10,wetl_wdy_wrm_wet_tp,wetl,../textures10/loveg/wetl_wrm_wet_c.dds
terrain10,wetl_wrm_dry_lo,wetl,../textures10/loveg/wetl_wrm_wet_c.dds
terrain10,wetl_wrm_dry_md,wetl,../textures10/loveg/wetl_wrm_wet_c.dds
terrain10,wetl_wrm_dry_tp,wetl,../textures10/loveg/wetl_hot_wet_sflat_c.dds
terrain10,wetl_wrm_rain_lo,wetl,../textures10/loveg/wetl_wdy_hot_rain_c.dds
terrain10,wetl_wrm_rain_md,wetl,../textures10/loveg/wetl_wrm_wet_c.dds
terrain10,wetl_wrm_rain_tp,wetl,../textures10/loveg/wetl_wdy_hot_rain_c.dds
terrain10,wetl_wrm_sdry_lo,wetl,../textures10/loveg/wetl_wrm_wet_c.dds
terrain10,wetl_wrm_sdry_md,wetl,../textures10/loveg/wetl_wrm_wet_c.dds
terrain10,wetl_wrm_sdry_tp,wetl,../textures10/loveg/wetl_hot_wet_sflat_c.dds
terrain10,wetl_wrm_wet_lo,wetl,../textures10/loveg/wetl_wrm_wet_c.dds
terrain10,wetl_wrm_wet_md,wetl,../textures10/loveg/wetl_wrm_wet_c.dds
terrain10,wetl_wrm_wet_tp,wetl,../textures10/loveg/wetl_hot_wet_sflat_c.dds
terrain10,any_tmp_sdry_fl_md,any,../../textures10/hiveg/win/broadl_sp_tmp_wet_flat_c.dds
terrain10,broad_cld_dry_fl,broad,../../textures10/hiveg/win/broadl_cld_sdry_sflat_d.dds
terrain10,broad_cld_dry_fl_md,broad,../../textures10/hiveg/win/broadl_cld_sdry_sflat_d.dds
terrain10,broad_cld_dry_fl_tp,broad,../../textures10/hiveg/win/broadl_cld_sdry_sflat_d.dds
terrain10,broad_cld_dry_hill,broad,../../textures10/hiveg/win/broadl_sp_tmp_wet_hill_d.dds
terrain10,broad_cld_dry_sflat,broad,../../textures10/hiveg/win/broadl_cld_sdry_sflat_d.dds
terrain10,broad_cld_rain_hill,broad,../../textures10/hiveg/win/broadl_tmp_wet_hill_d.dds
terrain10,broad_cld_rain_hill_sp,broad,../../textures10/hiveg/win/broadl_sp_cld_wet_sflat_d.dds
terrain10,broad_cld_rain_sflat,broad,../../textures10/hiveg/win/broadl_tmp_wet_sflat_d.dds
terrain10,broad_cld_rain_sflat_sp,broad,../../textures10/hiveg/win/broadl_sp_cld_wet_sflat_d.dds
terrain10,broad_cld_sdry_fl,broad,../../textures10/hiveg/win/broadl_tmp_wet_flat_c.dds
terrain10,broad_cld_sdry_fl_md,broad,../../textures10/hiveg/win/broadl_cld_sdry_sflat_d.dds
terrain10,broad_cld_sdry_fl_tp,broad,../../textures10/hiveg/win/broadl_tmp_wet_flat_c.dds
terrain10,broad_cld_sdry_hill,broad,../../textures10/hiveg/win/broadl_sp_tmp_wet_hill_d.dds
terrain10,broad_cld_sdry_sflat,broad,../../textures10/hiveg/win/broadl_cld_sdry_sflat_d.dds
terrain10,broad_cld_wet_fl,broad,../../textures10/hiveg/win/broadl_tmp_wet_flat_c.dds
terrain10,broad_cld_wet_fl_md,broad,../../textures10/hiveg/win/broadl_tmp_wet_sflat_d.dds
terrain10,broad_cld_wet_fl_md_sp,broad,../../textures10/hiveg/win/broadl_sp_cld_wet_sflat_d.dds
terrain10,broad_cld_wet_fl_sp,broad,../../textures10/hiveg/win/broadl_tmp_wet_flat_c.dds
terrain10,broad_cld_wet_fl_tp,broad,../../textures10/hiveg/win/broadl_tmp_wet_sflat_d.dds
terrain10,broad_cld_wet_fl_tp_sp,broad,../../textures10/hiveg/win/broadl_sp_cld_wet_sflat_d.dds
terrain10,broad_cld_wet_hill,broad,../../textures10/hiveg/win/broadl_tmp_wet_hill_d.dds
terrain10,broad_cld_wet_hill_sp,broad,../../textures10/hiveg/win/broadl_sp_tmp_wet_hill_d.dds
terrain10,broad_cld_wet_sflat,broad,../../textures10/hiveg/win/broadl_tmp_wet_sflat_d.dds
terrain10,broad_cld_wet_sflat_sp,broad,../../textures10/hiveg/win/broadl_sp_cld_wet_sflat_d.dds
terrain10,broad_hot_rain_fl_md_sp,broad,../../textures10/hiveg/win/broadl_sp_wrm_wet_sflat_d.dds
terrain10,broad_hot_rain_fl_sp,broad,../../textures10/hiveg/win/broadl_sp_wrm_wet_sflat_d.dds
terrain10,broad_hot_rain_fl_tp_sp,broad,../../textures10/hiveg/win/broadl_sp_wrm_wet_sflat_d.dds
terrain10,broad_hot_rain_hill,broad,../../textures10/hiveg/broadl_hot_rain_hill_d.dds
terrain10,broad_hot_rain_hill_sp,broad,../../textures10/hiveg/win/broadl_sp_wrm_wet_hill_d.dds
terrain10,broad_hot_rain_sflat,broad,../../textures10/hiveg/broadl_hot_rain_sflat_d.dds
terrain10,broad_hot_rain_sflat_sp,broad,../../textures10/hiveg/win/broadl_sp_wrm_wet_sflat_d.dds
terrain10,broad_hot_sdry_fl,broad,../../textures10/hiveg/win/broadl_wrm_sdry_flat_c.dds
terrain10,broad_hot_sdry_fl_md,broad,../../textures10/hiveg/win/broadl_wrm_sdry_hill_d.dds
terrain10,broad_hot_sdry_fl_tp,broad,../../textures10/hiveg/win/broadl_wrm_sdry_flat_c.dds
terrain10,broad_hot_sdry_hill,broad,../../textures10/hiveg/win/broadl_wrm_sdry_hill_d.dds
terrain10,broad_hot_sdry_sflat,broad,../../textures10/hiveg/win/broadl_wrm_sdry_hill_d.dds
terrain10,broad_hot_wet_fl,broad,../../textures10/hiveg/win/broadl_wrm_wet_flat_c.dds
terrain10,broad_hot_wet_fl_md,broad,../../textures10/hiveg/win/broadl_sp_wrm_wet_sflat_d.dds
terrain10,broad_hot_wet_fl_md_sp,broad,../../textures10/hiveg/win/broadl_sp_wrm_wet_sflat_d.dds
terrain10,broad_hot_wet_fl_sp,broad,../../textures10/hiveg/win/broadl_sp_wrm_wet_sflat_d.dds
terrain10,broad_hot_wet_fl_tp,broad,../../textures10/hiveg/win/broadl_wrm_wet_flat_c.dds
terrain10,broad_hot_wet_fl_tp_sp,broad,../../textures10/hiveg/win/broadl_sp_wrm_wet_sflat_d.dds
terrain10,broad_hot_wet_hill,broad,../../textures10/hiveg/win/broadl_wrm_wet_hill_d.dds
terrain10,broad_hot_wet_hill_sp,broad,../../textures10/hiveg/win/broadl_sp_wrm_wet_hill_d.dds
terrain10,broad_hot_wet_sflat,broad,../../textures10/hiveg/win/broadl_tmp_wet_sflat_d.dds
terrain10,broad_hot_wet_sflat_sp,broad,../../textures10/hiveg/win/broadl_sp_wrm_wet_sflat_d.dds
terrain10,broad_tmp_dry_fl,broad,../../textures10/hiveg/win/broadl_tmp_dry_sflat_d.dds
terrain10,broad_tmp_dry_fl_md,broad,../../textures10/hiveg/win/broadl_tmp_dry_sflat_d.dds
terrain10,broad_tmp_dry_hill,broad,../../textures10/hiveg/win/broadl_tmp_dry_hill_d.dds
terrain10,broad_tmp_dry_sflat,broad,../../textures10/hiveg/win/broadl_tmp_dry_sflat_d.dds
terrain10,broad_tmp_rain_hill,broad,../../textures10/hiveg/win/broadl_tmp_wet_hill_d.dds
terrain10,broad_tmp_rain_hill_sp,broad,../../textures10/hiveg/win/broadl_sp_tmp_wet_hill_d.dds
terrain10,broad_tmp_rain_sflat,broad,../../textures10/hiveg/win/broadl_tmp_wet_sflat_d.dds
terrain10,broad_tmp_rain_sflat_sp,broad,../../textures10/hiveg/win/broadl_sp_tmp_wet_hill_d.dds
terrain10,broad_tmp_sdry_fl,broad,../../textures10/hiveg/win/broadl_tmp_sdry_sflat.dds
terrain10,broad_tmp_sdry_fl_md,broad,../../textures10/hiveg/win/broadl_tmp_sdry_hill_d.dds
terrain10,broad_tmp_sdry_fl_tp,broad,../../textures10/hiveg/win/broadl_tmp_sdry_sflat.dds
terrain10,broad_tmp_sdry_hill,broad,../../textures10/hiveg/win/broadl_tmp_sdry_hill_d.dds
terrain10,broad_tmp_sdry_sflat,broad,../../textures10/hiveg/win/broadl_tmp_sdry_sflat.dds
terrain10,broad_tmp_wet_fl,broad,../../textures10/hiveg/win/broadl_tmp_wet_flat_c.dds
terrain10,broad_tmp_wet_fl_md,broad,../../textures10/hiveg/win/broadl_tmp_wet_sflat_d.dds
terrain10,broad_tmp_wet_fl_md_sp,broad,../../textures10/hiveg/win/broadl_sp_tmp_wet_hill_d.dds
terrain10,broad_tmp_wet_fl_sp,broad,../../textures10/hiveg/win/broadl_tmp_wet_flat_c.dds
terrain10,broad_tmp_wet_fl_tp,broad,../../textures10/hiveg/win/broadl_tmp_wet_sflat_d.dds
terrain10,broad_tmp_wet_fl_tp_sp,broad,../../textures10/hiveg/win/broadl_sp_tmp_wet_flat_c.dds
terrain10,broad_tmp_wet_hill,broad,../../textures10/hiveg/win/broadl_tmp_wet_hill_d.dds
terrain10,broad_tmp_wet_hill_sp,broad,../../textures10/hiveg/win/broadl_sp_tmp_wet_hill_d.dds
terrain10,broad_tmp_wet_sflat,broad,../../textures10/hiveg/win/broadl_tmp_wet_sflat_d.dds
terrain10,broad_tmp_wet_sflat_sp,broad,../../textures10/hiveg/win/broadl_sp_tmp_wet_hill_d.dds
terrain10,broad_vcld_dry_fl,broad,../../textures10/hiveg/win/broadl_cld_sdry_sflat_d.dds
terrain10,broad_vcld_dry_fl_md,broad,../../textures10/hiveg/win/broadl_cld_sdry_sflat_d.dds
terrain10,broad_vcld_dry_fl_tp,broad,../../textures10/hiveg/win/broadl_cld_sdry_sflat_d.dds
terrain10,broad_vcld_dry_hill,broad,../../textures10/hiveg/win/broadl_cld_sdry_sflat_d.dds
terrain10,broad_vcld_dry_sflat,broad,../../textures10/hiveg/win/broadl_cld_sdry_sflat_d.dds
terrain10,broad_vcld_rain_hill,broad,../../textures10/hiveg/win/broadl_tmp_wet_hill_d.dds
terrain10,broad_vcld_rain_hill_sp,broad,../../textures10/hiveg/win/broadl_sp_cld_wet_sflat_d.dds
terrain10,broad_vcld_rain_sflat,broad,../../textures10/hiveg/win/broadl_cld_sdry_sflat_d.dds
terrain10,broad_vcld_rain_sflat_sp,broad,../../textures10/hiveg/win/broadl_sp_cld_wet_sflat_d.dds
terrain10,broad_vcld_sdry_fl,broad,../../textures10/hiveg/win/broadl_cld_sdry_sflat_d.dds
terrain10,broad_vcld_sdry_fl_md,broad,../../textures10/hiveg/win/broadl_cld_sdry_sflat_d.dds
terrain10,broad_vcld_sdry_fl_tp,broad,../../textures10/hiveg/win/broadl_cld_sdry_sflat_d.dds
terrain10,broad_vcld_sdry_hill,broad,../../textures10/hiveg/win/broadl_cld_sdry_sflat_d.dds
terrain10,broad_vcld_sdry_sflat,broad,../../textures10/hiveg/win/broadl_cld_sdry_sflat_d.dds
terrain10,broad_vcld_wet_fl,broad,../../textures10/hiveg/win/broadl_tmp_wet_flat_c.dds
terrain10,broad_vcld_wet_fl_md,broad,../../textures10/hiveg/win/broadl_cld_sdry_sflat_d.dds
terrain10,broad_vcld_wet_fl_md_sp,broad,../../textures10/hiveg/win/broadl_tmp_wet_flat_c.dds
terrain10,broad_vcld_wet_fl_sp,broad,../../textures10/hiveg/win/broadl_cld_sdry_sflat_d.dds
terrain10,broad_vcld_wet_fl_tp,broad,../../textures10/hiveg/win/broadl_tmp_wet_sflat_d.dds
terrain10,broad_vcld_wet_fl_tp_sp,broad,../../textures10/hiveg/win/broadl_sp_cld_wet_sflat_d.dds
terrain10,broad_vcld_wet_hill,broad,../../textures10/hiveg/win/broadl_tmp_wet_hill_d.dds
terrain10,broad_vcld_wet_hill_sp,broad,../../textures10/hiveg/win/broadl_sp_tmp_wet_hill_d.dds
terrain10,broad_vcld_wet_sflat,broad,../../textures10/hiveg/win/broadl_sp_tmp_wet_hill_d.dds
terrain10,broad_vcld_wet_sflat_sp,broad,../../textures10/hiveg/win/broadl_cld_sdry_sflat_d.dds
terrain10,broad_vhot_rain_fl_md_sp,broad,../../textures10/hiveg/win/broadl_sp_wrm_wet_sflat_d.dds
terrain10,broad_vhot_rain_fl_sp,broad,../../textures10/hiveg/win/broadl_sp_wrm_wet_sflat_d.dds
terrain10,broad_vhot_rain_fl_tp_sp,broad,../../textures10/hiveg/win/broadl_sp_wrm_wet_sflat_d.dds
terrain10,broad_vhot_rain_hill,broad,../../textures10/hiveg/broadl_hot_rain_hill_d.dds
terrain10,broad_vhot_rain_hill_sp,broad,../../textures10/hiveg/win/broadl_sp_wrm_wet_hill_d.dds
terrain10,broad_vhot_rain_sflat,broad,../../textures10/hiveg/broadl_hot_rain_sflat_d.dds
terrain10,broad_vhot_rain_sflat_sp,broad,../../textures10/hiveg/win/broadl_sp_wrm_wet_sflat_d.dds
terrain10,broad_vhot_wet_fl,broad,../../textures10/hiveg/win/broadl_wrm_wet_flat_c.dds
terrain10,broad_vhot_wet_fl_md,broad,../../textures10/hiveg/win/broadl_wrm_wet_flat_c.dds
terrain10,broad_vhot_wet_fl_md_sp,broad,../../textures10/hiveg/win/broadl_sp_wrm_wet_sflat_d.dds
terrain10,broad_vhot_wet_fl_sp,broad,../../textures10/hiveg/win/broadl_sp_wrm_wet_sflat_d.dds
terrain10,broad_vhot_wet_fl_tp,broad,../../textures10/hiveg/win/broadl_wrm_wet_flat_c.dds
terrain10,broad_vhot_wet_fl_tp_sp,broad,../../textures10/hiveg/win/broadl_sp_wrm_wet_sflat_d.dds
terrain10,broad_vhot_wet_hill,broad,../../textures10/hiveg/win/broadl_wrm_wet_hill_d.dds
terrain10,broad_vhot_wet_hill_sp,broad,../../textures10/hiveg/win/broadl_sp_wrm_wet_hill_d.dds
terrain10,broad_vhot_wet_sflat,broad,../../textures10/hiveg/broadl_hot_rain_sflat_d.dds
terrain10,broad_vhot_wet_sflat_sp,broad,../../textures10/hiveg/win/broadl_sp_wrm_wet_sflat_d.dds
terrain10,broad_wrm_rain_fl,broad,../../textures10/hiveg/win/broadl_wrm_wet_flat_c.dds
terrain10,broad_wrm_rain_fl_md,broad,../../textures10/hiveg/win/broadl_wrm_wet_flat_c.dds
terrain10,broad_wrm_rain_fl_md_sp,broad,../../textures10/hiveg/win/broadl_sp_wrm_wet_sflat_d.dds
terrain10,broad_wrm_rain_fl_sp,broad,../../textures10/hiveg/win/broadl_wrm_wet_flat_c.dds
terrain10,broad_wrm_rain_fl_tp,broad,../../textures10/hiveg/win/broadl_wrm_wet_flat_c.dds
terrain10,broad_wrm_rain_fl_tp_sp,broad,../../textures10/hiveg/win/broadl_wrm_wet_flat_c.dds
terrain10,broad_wrm_rain_hill,broad,../../textures10/hiveg/win/broadl_wrm_wet_hill_d.dds
terrain10,broad_wrm_rain_hill_sp,broad,../../textures10/hiveg/win/broadl_sp_wrm_wet_sflat_d.dds
terrain10,broad_wrm_rain_sflat,broad,../../textures10/hiveg/win/broadl_tmp_wet_sflat_d.dds
terrain10,broad_wrm_rain_sflat_sp,broad,../../textures10/hiveg/win/broadl_sp_wrm_wet_sflat_d.dds
terrain10,broad_wrm_sdry_fl,broad,../../textures10/hiveg/win/broadl_wrm_sdry_flat_c.dds
terrain10,broad_wrm_sdry_fl_md,broad,../../textures10/hiveg/win/broadl_wrm_sdry_hill_d.dds
terrain10,broad_wrm_sdry_fl_tp,broad,../../textures10/hiveg/win/broadl_wrm_sdry_flat_c.dds
terrain10,broad_wrm_sdry_hill,broad,../../textures10/hiveg/win/broadl_wrm_sdry_hill_d.dds
terrain10,broad_wrm_sdry_sflat,broad,../../textures10/hiveg/win/broadl_wrm_sdry_hill_d.dds
terrain10,broad_wrm_wet_fl,broad,../../textures10/hiveg/win/broadl_wrm_wet_flat_c.dds
terrain10,broad_wrm_wet_fl_md,broad,../../textures10/hiveg/win/broadl_wrm_wet_flat_c.dds
terrain10,broad_wrm_wet_fl_md_sp,broad,../../textures10/hiveg/win/broadl_sp_wrm_wet_sflat_d.dds
terrain10,broad_wrm_wet_fl_sp,broad,../../textures10/hiveg/win/broadl_wrm_wet_flat_c.dds
terrain10,broad_wrm_wet_fl_tp,broad,../../textures10/hiveg/win/broadl_wrm_wet_flat_c.dds
terrain10,broad_wrm_wet_fl_tp_sp,broad,../../textures10/hiveg/win/broadl_wrm_wet_flat_c.dds
terrain10,broad_wrm_wet_hill,broad,../../textures10/hiveg/win/broadl_wrm_wet_hill_d.dds
terrain10,broad_wrm_wet_hill_sp,broad,../../textures10/hiveg/win/broadl_sp_wrm_wet_sflat_d.dds
terrain10,broad_wrm_wet_sflat,broad,../../textures10/hiveg/win/broadl_tmp_wet_sflat_d.dds
terrain10,broad_wrm_wet_sflat_sp,broad,../../textures10/hiveg/win/broadl_sp_wrm_wet_sflat_d.dds
terrain10,coni_cld_rain_sflat,coni,../../textures10/hiveg/win/broadl_tmp_wet_sflat_d.dds
terrain10,coni_cld_rain_sflat_sp,coni,../../textures10/hiveg/win/broadl_sp_tmp_wet_hill_d.dds
terrain10,coni_cld_sdry_sflat,coni,../../textures10/hiveg/win/broadl_tmp_wet_sflat_d.dds
terrain10,coni_cld_wet_sflat,coni,../../textures10/hiveg/win/broadl_tmp_wet_sflat_d.dds
terrain10,coni_hot_rain_hill_sp,coni,../../textures10/hiveg/win/broadl_sp_wrm_wet_hill_d.dds
terrain10,coni_hot_sdry_hill,coni,../../textures10/hiveg/win/broadl_wrm_sdry_hill_d.dds
terrain10,coni_hot_wet_hill_sp,coni,../../textures10/hiveg/win/broadl_sp_wrm_wet_hill_d.dds
terrain10,coni_tmp_rain_hill_sp,coni,../../textures10/hiveg/win/broadl_sp_tmp_wet_hill_d.dds
terrain10,coni_tmp_rain_sflat,coni,../../textures10/hiveg/win/broadl_tmp_wet_sflat_d.dds
terrain10,coni_tmp_rain_sflat_sp,coni,../../textures10/hiveg/win/broadl_tmp_wet_sflat_d.dds
terrain10,coni_tmp_sdry_fl_md,coni,../../textures10/hiveg/coni_tmp_sdry_sflat_d.dds
terrain10,coni_tmp_sdry_fl_md_sp,coni,../../textures10/hiveg/coni_sp_tmp_sdry_hill_d.dds
terrain10,coni_tmp_sdry_hill,coni,../../textures10/hiveg/coni_tmp_sdry_sflat_d.dds
terrain10,coni_tmp_sdry_hill_sp,coni,../../textures10/hiveg/coni_sp_tmp_sdry_hill_d.dds
terrain10,coni_tmp_sdry_sflat,coni,../../textures10/hiveg/coni_tmp_sdry_sflat_d.dds
terrain10,coni_tmp_sdry_sflat_sp,coni,../../textures10/hiveg/coni_sp_tmp_sdry_hill_d.dds
terrain10,coni_tmp_wet_hill_sp,coni,../../textures10/hiveg/win/broadl_sp_tmp_wet_hill_d.dds
terrain10,coni_tmp_wet_sflat,coni,../../textures10/hiveg/win/broadl_tmp_wet_sflat_d.dds
terrain10,coni_tmp_wet_sflat_sp,coni,../../textures10/hiveg/win/broadl_tmp_wet_sflat_d.dds
terrain10,coni_vcld_rain_sflat,coni,../../textures10/hiveg/win/broadl_tmp_wet_sflat_d.dds
terrain10,coni_vcld_wet_fl,coni,../../textures10/hiveg/coni_tmp_wet_flat_c.dds
terrain10,coni_vcld_wet_fl_md,coni,../../textures10/hiveg/win/broadl_tmp_wet_sflat_d.dds
terrain10,coni_vcld_wet_sflat,coni,../../textures10/hiveg/win/broadl_tmp_wet_sflat_d.dds
terrain10,coni_vcld_wet_sflat_sp,coni,../../textures10/hiveg/coni_cld_sdry_hill_d.dds
terrain10,coni_vhot_rain_hill_sp,coni,../../textures10/hiveg/win/broadl_sp_wrm_wet_hill_d.dds
terrain10,coni_vhot_wet_hill_sp,coni,../../textures10/hiveg/win/broadl_sp_wrm_wet_hill_d.dds
terrain10,coni_wrm_rain_hill_sp,coni,../../textures10/hiveg/win/broadl_sp_wrm_wet_hill_d.dds
terrain10,coni_wrm_wet_hill_sp,coni,../../textures10/hiveg/win/broadl_sp_wrm_wet_hill_d.dds
terrain10,crp_cld_dry,crp,../../textures10/human/win/crp_cld_sdry_flat_c.dds
terrain10,crp_cld_dry_hill,crp,../../textures10/human/win/crp_cld_sdry_flat_c.dds
terrain10,crp_cld_dry_sflat,crp,../../textures10/human/win/crp_cld_sdry_flat_c.dds
terrain10,crp_cld_rain,crp,../../textures10/human/win/crp_cld_wet_flat_c.dds
terrain10,crp_cld_rain_hill,crp,../../textures10/human/win/crp_tmp_wet_hill_d.dds
terrain10,crp_cld_rain_sflat,crp,../../textures10/human/win/crp_cld_wet_flat_c.dds
terrain10,crp_cld_sdry,crp,../../textures10/human/win/crp_cld_sdry_flat_c.dds
terrain10,crp_cld_sdry_hill,crp,../../textures10/human/win/crp_cld_sdry_flat_c.dds
terrain10,crp_cld_sdry_sflat,crp,../../textures10/human/win/crp_cld_sdry_flat_c.dds
terrain10,crp_cld_wet,crp,../../textures10/human/win/crp_cld_wet_flat_c.dds
terrain10,crp_cld_wet_hill,crp,../../textures10/human/win/crp_tmp_wet_hill_d.dds
terrain10,crp_cld_wet_sflat,crp,../../textures10/human/win/crp_cld_wet_flat_c.dds
terrain10,crp_hot_rain,crp,../../textures10/human/win/crp_hot_rain_flat_c.dds
terrain10,crp_hot_rain_hill,crp,../../textures10/human/win/crpmo_hot_rain_hill_d.dds
terrain10,crp_hot_rain_sflat,crp,../../textures10/human/win/crp_hot_rain_sflat_d.dds
terrain10,crp_hot_sdry,crp,../../textures10/human/win/crp_wrm_sdry_flat_c.dds
terrain10,crp_hot_sdry_hill,crp,../../textures10/human/win/crpmo_wrm_sdry_hill_d.dds
terrain10,crp_hot_sdry_sflat,crp,../../textures10/human/win/crp_wrm_sdry_sflat_d.dds
terrain10,crp_hot_wet,crp,../../textures10/human/win/crp_hot_wet_flat_c.dds
terrain10,crp_hot_wet_hill,crp,../../textures10/human/win/crpmo_hot_wet_hill_d.dds
terrain10,crp_hot_wet_sflat,crp,../../textures10/human/win/crp_hot_wet_sflat_d.dds
terrain10,crp_tmp_dry,crp,../../textures10/human/win/crp_tmp_dry_flat_c.dds
terrain10,crp_tmp_dry_hill,crp,../../textures10/human/win/crp_tmp_dry_hill_d.dds
terrain10,crp_tmp_dry_sflat,crp,../../textures10/human/win/crp_tmp_dry_sflat_d.dds
terrain10,crp_tmp_rain,crp,../../textures10/human/win/crp_tmp_wet_flat_c.dds
terrain10,crp_tmp_rain_hill,crp,../../textures10/human/win/crp_tmp_wet_hill_d.dds
terrain10,crp_tmp_rain_sflat,crp,../../textures10/human/win/crp_tmp_wet_sflat_c.dds
terrain10,crp_tmp_sdry,crp,../../textures10/human/win/crp_tmp_sdry_flat_c.dds
terrain10,crp_tmp_sdry_hill,crp,../../textures10/human/win/crpmo_tmp_sdry_sflat_d.dds
terrain10,crp_tmp_sdry_sflat,crp,../../textures10/human/win/crp_tmp_sdry_sflat_d.dds
terrain10,crp_tmp_wet,crp,../../textures10/human/win/crp_tmp_wet_flat_c.dds
terrain10,crp_tmp_wet_hill,crp,../../textures10/human/win/crp_tmp_wet_hill_d.dds
terrain10,crp_tmp_wet_sflat,crp,../../textures10/human/win/crp_tmp_wet_sflat_c.dds
terrain10,crp_vhot_rain,crp,../../textures10/human/win/crp_hot_rain_flat_c.dds
terrain10,crp_vhot_rain_hill,crp,../../textures10/human/win/crpmo_hot_rain_hill_d.dds
terrain10,crp_vhot_rain_sflat,crp,../../textures10/human/win/crp_hot_rain_sflat_d.dds
terrain10,crp_vhot_sdry,crp,../../textures10/human/win/crp_wrm_sdry_flat_c.dds
terrain10,crp_vhot_sdry_hill,crp,../../textures10/human/win/crpmo_wrm_sdry_hill_d.dds
terrain10,crp_vhot_sdry_sflat,crp,../../textures10/human/win/crp_wrm_sdry_sflat_d.dds
terrain10,crp_vhot_wet,crp,../../textures10/human/win/crp_hot_wet_flat_c.dds
terrain10,crp_vhot_wet_hill,crp,../../textures10/human/win/crpmo_hot_wet_hill_d.dds
terrain10,crp_vhot_wet_sflat,crp,../../textures10/human/win/crp_hot_wet_sflat_d.dds
terrain10,crp_wrm_rain,crp,../../textures10/human/win/crp_hot_rain_flat_c.dds
terrain10,crp_wrm_rain_hill,crp,../../textures10/human/win/crpmo_hot_rain_hill_d.dds
terrain10,crp_wrm_rain_sflat,crp,../../textures10/human/win/crp_hot_rain_sflat_d.dds
terrain10,crp_wrm_sdry,crp,../../textures10/human/win/crp_wrm_sdry_flat_c.dds
terrain10,crp_wrm_sdry_hill,crp,../../textures10/human/win/crpmo_wrm_sdry_hill_d.dds
terrain10,crp_wrm_sdry_sflat,crp,../../textures10/human/win/crp_wrm_sdry_sflat_d.dds
terrain10,crp_wrm_wet,crp,../../textures10/human/win/crp_hot_wet_flat_c.dds
terrain10,crp_wrm_wet_hill,crp,../../textures10/human/win/crpmo_hot_wet_hill_d.dds
terrain10,crp_wrm_wet_sflat,crp,../../textures10/human/win/crp_hot_wet_sflat_d.dds
terrain10,crpirg_cld_dry,crpirg,../../textures10/human/win/crp_cld_wet_flat_c.dds
terrain10,crpirg_cld_dry_hill,crpirg,../../textures10/human/win/crp_cld_sdry_flat_c.dds
terrain10,crpirg_cld_dry_sflat,crpirg,../../textures10/human/win/crp_tmp_wet_sflat_c.dds
terrain10,crpirg_cld_rain,crpirg,../../textures10/human/win/crp_cld_wet_flat_c.dds
terrain10,crpirg_cld_rain_hill,crpirg,../../textures10/human/win/crp_tmp_wet_hill_d.dds
terrain10,crpirg_cld_rain_sflat,crpirg,../../textures10/human/win/crp_cld_wet_flat_c.dds
terrain10,crpirg_cld_sdry,crpirg,../../textures10/human/win/crp_cld_wet_flat_c.dds
terrain10,crpirg_cld_sdry_hill,crpirg,../../textures10/human/win/crp_cld_sdry_flat_c.dds
terrain10,crpirg_cld_sdry_sflat,crpirg,../../textures10/human/win/crp_tmp_wet_sflat_c.dds
terrain10,crpirg_cld_wet,crpirg,../../textures10/human/win/crp_cld_wet_flat_c.dds
terrain10,crpirg_cld_wet_hill,crpirg,../../textures10/human/win/crp_tmp_wet_hill_d.dds
terrain10,crpirg_cld_wet_sflat,crpirg,../../textures10/human/win/crp_cld_wet_flat_c.dds
terrain10,crpirg_hot_dry,crpirg,../../textures10/human/win/crpirg_wrm_wet_flat_c2.dds
terrain10,crpirg_hot_dry_sflat,crpirg,../../textures10/human/win/crp_hot_wet_sflat_d.dds
terrain10,crpirg_hot_rain,crpirg,../../textures10/human/win/crpirg_wrm_wet_flat_c.dds
terrain10,crpirg_hot_rain_hill,crpirg,../../textures10/human/win/crpmo_hot_rain_hill_d.dds
terrain10,crpirg_hot_rain_sflat,crpirg,../../textures10/human/win/crp_hot_rain_sflat_d.dds
terrain10,crpirg_hot_sdry,crpirg,../../textures10/human/win/crpirg_wrm_wet_flat_c2.dds
terrain10,crpirg_hot_sdry_hill,crpirg,../../textures10/human/win/crpmo_wrm_sdry_hill_d.dds
terrain10,crpirg_hot_sdry_sflat,crpirg,../../textures10/human/win/crp_hot_wet_sflat_d.dds
terrain10,crpirg_hot_wet,crpirg,../../textures10/human/win/crpirg_wrm_wet_flat_c.dds
terrain10,crpirg_hot_wet_hill,crpirg,../../textures10/human/win/crpmo_hot_wet_hill_d.dds
terrain10,crpirg_hot_wet_sflat,crpirg,../../textures10/human/win/crp_hot_wet_sflat_d.dds
terrain10,crpirg_tmp_dry,crpirg,../../textures10/human/win/crpirg_wrm_wet_flat_c.dds
terrain10,crpirg_tmp_dry_hill,crpirg,../../textures10/human/win/crp_tmp_dry_hill_d.dds
terrain10,crpirg_tmp_dry_sflat,crpirg,../../textures10/human/win/crp_tmp_wet_sflat_c.dds
terrain10,crpirg_tmp_rain,crpirg,../../textures10/human/win/crp_tmp_wet_flat_c.dds
terrain10,crpirg_tmp_rain_hill,crpirg,../../textures10/human/win/crp_tmp_wet_hill_d.dds
terrain10,crpirg_tmp_rain_sflat,crpirg,../../textures10/human/win/crp_hot_wet_sflat_d.dds
terrain10,crpirg_tmp_sdry,crpirg,../../textures10/human/win/crpirg_wrm_wet_flat_c.dds
terrain10,crpirg_tmp_sdry_hill,crpirg,../../textures10/human/win/crpmo_tmp_sdry_sflat_d.dds
terrain10,crpirg_tmp_sdry_sflat,crpirg,../../textures10/human/win/crp_hot_wet_sflat_d.dds
terrain10,crpirg_tmp_wet,crpirg,../../textures10/human/win/crp_tmp_wet_flat_c.dds
terrain10,crpirg_tmp_wet_hill,crpirg,../../textures10/human/win/crp_tmp_wet_hill_d.dds
terrain10,crpirg_tmp_wet_sflat,crpirg,../../textures10/human/win/crp_hot_wet_sflat_d.dds
terrain10,crpirg_vhot_dry,crpirg,../../textures10/human/win/crpirg_wrm_wet_flat_c2.dds
terrain10,crpirg_vhot_dry_sflat,crpirg,../../textures10/human/win/crp_hot_wet_sflat_d.dds
terrain10,crpirg_vhot_rain,crpirg,../../textures10/human/win/crpirg_wrm_wet_flat_c.dds
terrain10,crpirg_vhot_rain_hill,crpirg,../../textures10/human/win/crpmo_hot_rain_hill_d.dds
terrain10,crpirg_vhot_rain_sflat,crpirg,../../textures10/human/win/crp_hot_rain_sflat_d.dds
terrain10,crpirg_vhot_sdry,crpirg,../../textures10/human/win/crpirg_wrm_wet_flat_c2.dds
terrain10,crpirg_vhot_sdry_hill,crpirg,../../textures10/human/win/crpmo_wrm_sdry_hill_d.dds
terrain10,crpirg_vhot_sdry_sflat,crpirg,../../textures10/human/win/crp_hot_wet_sflat_d.dds
terrain10,crpirg_vhot_wet,crpirg,../../textures10/human/win/crpirg_wrm_wet_flat_c.dds
terrain10,crpirg_vhot_wet_hill,crpirg,../../textures10/human/win/crpmo_hot_wet_hill_d.dds
terrain10,crpirg_vhot_wet_sflat,crpirg,../../textures10/human/win/crp_hot_wet_sflat_d.dds
terrain10,crpirg_wrm_dry,crpirg,../../textures10/human/win/crpirg_wrm_wet_flat_c2.dds
terrain10,crpirg_wrm_dry_sflat,crpirg,../../textures10/human/win/crp_hot_wet_sflat_d.dds
terrain10,crpirg_wrm_rain,crpirg,../../textures10/human/win/crpirg_wrm_wet_flat_c.dds
terrain10,crpirg_wrm_rain_hill,crpirg,../../textures10/human/win/crpmo_hot_rain_hill_d.dds
terrain10,crpirg_wrm_rain_sflat,crpirg,../../textures10/human/win/crp_hot_rain_sflat_d.dds
terrain10,crpirg_wrm_sdry,crpirg,../../textures10/human/win/crpirg_wrm_wet_flat_c2.dds
terrain10,crpirg_wrm_sdry_hill,crpirg,../../textures10/human/win/crpmo_wrm_sdry_hill_d.dds
terrain10,crpirg_wrm_sdry_sflat,crpirg,../../textures10/human/win/crp_hot_wet_sflat_d.dds
terrain10,crpirg_wrm_wet,crpirg,../../textures10/human/win/crpirg_wrm_wet_flat_c.dds
terrain10,crpirg_wrm_wet_hill,crpirg,../../textures10/human/win/crpmo_hot_wet_hill_d.dds
terrain10,crpirg_wrm_wet_sflat,crpirg,../../textures10/human/win/crp_hot_wet_sflat_d.dds
terrain10,crpm_cld_dry,crpm,../../textures10/human/win/crp_cld_sdry_flat_c.dds
terrain10,crpm_cld_dry_hill,crpm,../../textures10/human/win/crp_cld_sdry_flat_c.dds
terrain10,crpm_cld_dry_sflat,crpm,../../textures10/human/win/crp_cld_sdry_flat_c.dds
terrain10,crpm_cld_rain,crpm,../../textures10/human/win/crp_cld_wet_flat_c.dds
terrain10,crpm_cld_rain_hill,crpm,../../textures10/human/win/crpmo_tmp_wet_sflat_d.dds
terrain10,crpm_cld_rain_sflat,crpm,../../textures10/human/win/crpmo_tmp_wet_sflat_d.dds
terrain10,crpm_cld_sdry,crpm,../../textures10/human/win/crp_cld_sdry_flat_c.dds
terrain10,crpm_cld_sdry_hill,crpm,../../textures10/human/win/crp_cld_sdry_flat_c.dds
terrain10,crpm_cld_sdry_sflat,crpm,../../textures10/human/win/crp_tmp_dry_sflat_d.dds
terrain10,crpm_cld_wet,crpm,../../textures10/human/win/crp_cld_wet_flat_c.dds
terrain10,crpm_cld_wet_hill,crpm,../../textures10/human/win/crpmo_tmp_wet_sflat_d.dds
terrain10,crpm_cld_wet_sflat,crpm,../../textures10/human/win/crpmo_tmp_wet_sflat_d.dds
terrain10,crpm_hot_dry,crpm,../../textures10/human/crpmo_wrm_dry_sflat_d.dds
terrain10,crpm_hot_rain,crpm,../../textures10/human/win/crpmo_hot_rain_flat_c.dds
terrain10,crpm_hot_rain_hill,crpm,../../textures10/human/win/crpmo_hot_rain_hill_d.dds
terrain10,crpm_hot_rain_sflat,crpm,../../textures10/human/win/crpmo_hot_rain_sflat_d.dds
terrain10,crpm_hot_sdry,crpm,../../textures10/human/win/crpmo_wrm_sdry_flat_c.dds
terrain10,crpm_hot_sdry_hill,crpm,../../textures10/human/win/crpmo_wrm_sdry_hill_d.dds
terrain10,crpm_hot_sdry_sflat,crpm,../../textures10/human/win/crpmo_wrm_sdry_sflat_d.dds
terrain10,crpm_hot_wet,crpm,../../textures10/human/win/crpmo_hot_wet_flat_c.dds
terrain10,crpm_hot_wet_hill,crpm,../../textures10/human/win/crpmo_hot_wet_hill_d.dds
terrain10,crpm_hot_wet_sflat,crpm,../../textures10/human/win/crpmo_hot_wet_sflat_d.dds
terrain10,crpm_tmp_dry,crpm,../../textures10/human/win/crp_tmp_dry_flat_c.dds
terrain10,crpm_tmp_dry_hill,crpm,../../textures10/human/win/crp_tmp_dry_hill_d.dds
terrain10,crpm_tmp_dry_sflat,crpm,../../textures10/human/win/crp_tmp_dry_sflat_d.dds
terrain10,crpm_tmp_rain,crpm,../../textures10/human/win/crpmo_tmp_wet_flat_c.dds
terrain10,crpm_tmp_rain_hill,crpm,../../textures10/human/win/crpmo_tmp_wet_sflat_d.dds
terrain10,crpm_tmp_rain_sflat,crpm,../../textures10/human/win/crpmo_tmp_wet_sflat_d.dds
terrain10,crpm_tmp_sdry,crpm,../../textures10/human/win/crpmo_tmp_sdry_flat_c.dds
terrain10,crpm_tmp_sdry_hill,crpm,../../textures10/human/win/crpmo_tmp_sdry_sflat_d.dds
terrain10,crpm_tmp_sdry_sflat,crpm,../../textures10/human/win/crpmo_tmp_sdry_sflat_d.dds
terrain10,crpm_tmp_wet,crpm,../../textures10/human/win/crpmo_tmp_wet_flat_c.dds
terrain10,crpm_tmp_wet_hill,crpm,../../textures10/human/win/crpmo_tmp_wet_sflat_d.dds
terrain10,crpm_tmp_wet_sflat,crpm,../../textures10/human/win/crpmo_tmp_wet_sflat_d.dds
terrain10,crpm_vhot_rain,crpm,../../textures10/human/win/crpmo_hot_rain_flat_c.dds
terrain10,crpm_vhot_rain_hill,crpm,../../textures10/human/win/crpmo_hot_rain_hill_d.dds
terrain10,crpm_vhot_rain_sflat,crpm,../../textures10/human/win/crpmo_hot_rain_sflat_d.dds
terrain10,crpm_vhot_sdry,crpm,../../textures10/human/win/crpmo_wrm_sdry_flat_c.dds
terrain10,crpm_vhot_sdry_hill,crpm,../../textures10/human/win/crpmo_wrm_sdry_hill_d.dds
terrain10,crpm_vhot_sdry_sflat,crpm,../../textures10/human/win/crpmo_wrm_sdry_sflat_d.dds
terrain10,crpm_vhot_wet,crpm,../../textures10/human/win/crpmo_hot_wet_flat_c.dds
terrain10,crpm_vhot_wet_hill,crpm,../../textures10/human/win/crpmo_hot_wet_hill_d.dds
terrain10,crpm_vhot_wet_sflat,crpm,../../textures10/human/win/crpmo_hot_wet_sflat_d.dds
terrain10,crpm_wrm_dry,crpm,../../textures10/human/crpmo_wrm_dry_sflat_d.dds
terrain10,crpm_wrm_rain,crpm,../../textures10/human/win/crpmo_hot_rain_flat_c.dds
terrain10,crpm_wrm_rain_hill,crpm,../../textures10/human/win/crpmo_hot_rain_hill_d.dds
terrain10,crpm_wrm_rain_sflat,crpm,../../textures10/human/win/crpmo_hot_rain_sflat_d.dds
terrain10,crpm_wrm_sdry,crpm,../../textures10/human/win/crpmo_wrm_sdry_flat_c.dds
terrain10,crpm_wrm_sdry_hill,crpm,../../textures10/human/win/crpmo_wrm_sdry_hill_d.dds
terrain10,crpm_wrm_sdry_sflat,crpm,../../textures10/human/win/crpmo_wrm_sdry_sflat_d.dds
terrain10,crpm_wrm_wet,crpm,../../textures10/human/win/crpmo_hot_wet_flat_c.dds
terrain10,crpm_wrm_wet_hill,crpm,../../textures10/human/win/crpmo_hot_wet_hill_d.dds
terrain10,crpm_wrm_wet_sflat,crpm,../../textures10/human/win/crpmo_hot_wet_sflat_d.dds
terrain10,dry_crptwn_irr,dry,../../textures10/human/win/crp_tmp_dry_flat_c.dds
terrain10,fruit_hot_dry,fruit,../../textures10/human/win/fruit_wrm_dry_flat_c.dds
terrain10,fruit_hot_rain,fruit,../../textures10/human/win/crpmo_hot_rain_flat_c.dds
terrain10,fruit_hot_rain_hill,fruit,../../textures10/human/win/crpmo_hot_rain_hill_d.dds
terrain10,fruit_hot_rain_sflat,fruit,../../textures10/human/win/crpmo_hot_rain_sflat_d.dds
terrain10,fruit_hot_sdry,fruit,../../textures10/human/win/crpmo_hot_wet_sflat_d.dds
terrain10,fruit_hot_sdry_hill,fruit,../../textures10/human/win/crpmo_hot_wet_sflat_d.dds
terrain10,fruit_hot_sdry_sflat,fruit,../../textures10/human/win/crpmo_hot_wet_sflat_d.dds
terrain10,fruit_hot_wet,fruit,../../textures10/human/win/crpmo_hot_wet_flat_c.dds
terrain10,fruit_hot_wet_hill,fruit,../../textures10/human/win/crpmo_hot_wet_hill_d.dds
terrain10,fruit_hot_wet_sflat,fruit,../../textures10/human/win/crpmo_hot_wet_sflat_d.dds
terrain10,fruit_tmp_dry,fruit,../../textures10/human/win/fruit_tmp_dry_flat_c.dds
terrain10,fruit_tmp_dry_hill,fruit,../../textures10/human/win/fruit_tmp_sdry_sflat.dds
terrain10,fruit_tmp_dry_sflat,fruit,../../textures10/human/win/fruit_tmp_dry_flat_c.dds
terrain10,fruit_tmp_rain,fruit,../../textures10/human/win/fruit_tmp_sdry_flat.dds
terrain10,fruit_tmp_rain_hill,fruit,../../textures10/human/win/fruit_tmp_sdry_sflat.dds
terrain10,fruit_tmp_rain_sflat,fruit,../../textures10/human/win/fruit_tmp_sdry_sflat.dds
terrain10,fruit_tmp_sdry,fruit,../../textures10/human/win/fruit_tmp_sdry_flat.dds
terrain10,fruit_tmp_sdry_hill,fruit,../../textures10/human/win/fruit_tmp_sdry_sflat.dds
terrain10,fruit_tmp_sdry_sflat,fruit,../../textures10/human/win/fruit_tmp_sdry_sflat.dds
terrain10,fruit_tmp_wet,fruit,../../textures10/human/win/fruit_tmp_sdry_flat.dds
terrain10,fruit_tmp_wet_hill,fruit,../../textures10/human/win/fruit_tmp_sdry_sflat.dds
terrain10,fruit_tmp_wet_sflat,fruit,../../textures10/human/win/fruit_tmp_sdry_flat.dds
terrain10,fruit_vhot_dry,fruit,../../textures10/human/win/fruit_wrm_dry_flat_c.dds
terrain10,fruit_vhot_dry_hill,fruit,../../textures10/human/win/crpmo_tmp_sdry_sflat_d.dds
terrain10,fruit_vhot_dry_sflat,fruit,../../textures10/human/win/crpmo_tmp_sdry_sflat_d.dds
terrain10,fruit_vhot_rain,fruit,../../textures10/human/win/crpmo_hot_rain_flat_c.dds
terrain10,fruit_vhot_rain_hill,fruit,../../textures10/human/win/crpmo_hot_rain_hill_d.dds
terrain10,fruit_vhot_rain_sflat,fruit,../../textures10/human/win/crpmo_hot_rain_sflat_d.dds
terrain10,fruit_vhot_sdry,fruit,../../textures10/human/win/fruit_wrm_dry_flat_c.dds
terrain10,fruit_vhot_sdry_hill,fruit,../../textures10/human/win/crpmo_hot_wet_sflat_d.dds
terrain10,fruit_vhot_sdry_sflat,fruit,../../textures10/human/win/crpmo_hot_wet_sflat_d.dds
terrain10,fruit_vhot_wet,fruit,../../textures10/human/win/crpmo_hot_wet_flat_c.dds
terrain10,fruit_vhot_wet_hill,fruit,../../textures10/human/win/crpmo_hot_wet_hill_d.dds
terrain10,fruit_vhot_wet_sflat,fruit,../../textures10/human/win/crpmo_hot_wet_sflat_d.dds
terrain10,fruit_wrm_dry,fruit,../../textures10/human/win/fruit_wrm_dry_flat_c.dds
terrain10,fruit_wrm_dry_hill,fruit,../../textures10/human/win/crp_tmp_dry_hill_d.dds
terrain10,fruit_wrm_dry_sflat,fruit,../../textures10/human/win/crp_tmp_dry_hill_d.dds
terrain10,fruit_wrm_rain,fruit,../../textures10/human/win/crpmo_hot_rain_flat_c.dds
terrain10,fruit_wrm_rain_hill,fruit,../../textures10/human/win/crpmo_hot_rain_hill_d.dds
terrain10,fruit_wrm_rain_sflat,fruit,../../textures10/human/win/crpmo_hot_rain_sflat_d.dds
terrain10,fruit_wrm_sdry,fruit,../../textures10/human/win/fruit_tmp_dry_flat_c.dds
terrain10,fruit_wrm_sdry_hill,fruit,../../textures10/human/win/fruit_tmp_dry_flat_c.dds
terrain10,fruit_wrm_sdry_sflat,fruit,../../textures10/human/win/fruit_tmp_dry_flat_c.dds
terrain10,fruit_wrm_wet,fruit,../../textures10/human/win/crpmo_hot_wet_flat_c.dds
terrain10,fruit_wrm_wet_hill,fruit,../../textures10/human/win/crpmo_hot_wet_hill_d.dds
terrain10,fruit_wrm_wet_sflat,fruit,../../textures10/human/win/crpmo_hot_wet_sflat_d.dds
terrain10,hiland_crptwn_irr,hiland,../../textures10/human/win/crp_tmp_wet_flat_c.dds
terrain10,hiland_crptwnhill_irr,hiland,../../textures10/human/win/crpmo_tmp_wet_sflat_d.dds
terrain10,north_crptwn_irr,north,../../textures10/human/win/crp_cld_wet_flat_c.dds
terrain10,north_crptwnhill_irr,north,../../textures10/human/win/crp_tmp_dry_sflat_d.dds
terrain10,olives_wrm_dry_hill,olives,../../textures10/human/olives_hill.dds
terrain10,olives_wrm_sdry_hill,olives,../../textures10/human/olives_hill.dds
terrain10,olives_wrm_wet_hill,olives,../../textures10/human/olives_hill.dds
terrain10,orch_hot_dry,orch,../../textures10/human/win/fruit_wrm_dry_flat_c.dds
terrain10,orch_hot_rain,orch,../../textures10/human/win/crpmo_hot_rain_flat_c.dds
terrain10,orch_hot_rain_hill,orch,../../textures10/human/win/crpmo_hot_rain_hill_d.dds
terrain10,orch_hot_rain_sflat,orch,../../textures10/human/win/crpmo_hot_rain_sflat_d.dds
terrain10,orch_hot_sdry,orch,../../textures10/human/win/crpmo_hot_wet_sflat_d.dds
terrain10,orch_hot_sdry_hill,orch,../../textures10/human/win/crpmo_hot_wet_sflat_d.dds
terrain10,orch_hot_sdry_sflat,orch,../../textures10/human/win/crpmo_hot_wet_sflat_d.dds
terrain10,orch_hot_wet,orch,../../textures10/human/win/crpmo_hot_wet_flat_c.dds
terrain10,orch_hot_wet_hill,orch,../../textures10/human/win/crpmo_hot_wet_hill_d.dds
terrain10,orch_hot_wet_sflat,orch,../../textures10/human/win/crpmo_hot_wet_sflat_d.dds
terrain10,orch_tmp_dry,orch,../../textures10/human/win/fruit_tmp_dry_flat_c.dds
terrain10,orch_tmp_dry_hill,orch,../../textures10/human/win/crp_tmp_dry_hill_d.dds
terrain10,orch_tmp_dry_sflat,orch,../../textures10/human/win/fruit_tmp_dry_flat_c.dds
terrain10,orch_tmp_rain,orch,../../textures10/human/win/crpmo_hot_wet_sflat_d.dds
terrain10,orch_tmp_rain_hill,orch,../../textures10/human/win/crpmo_hot_wet_sflat_d.dds
terrain10,orch_tmp_rain_sflat,orch,../../textures10/human/win/crpmo_hot_wet_sflat_d.dds
terrain10,orch_tmp_sdry,orch,../../textures10/human/win/fruit_tmp_dry_flat_c.dds
terrain10,orch_tmp_sdry_hill,orch,../../textures10/human/win/crp_tmp_dry_hill_d.dds
terrain10,orch_tmp_sdry_sflat,orch,../../textures10/human/win/fruit_tmp_dry_flat_c.dds
terrain10,orch_tmp_wet,orch,../../textures10/human/win/fruit_tmp_sdry_flat.dds
terrain10,orch_tmp_wet_hill,orch,../../textures10/human/win/fruit_tmp_sdry_sflat.dds
terrain10,orch_tmp_wet_sflat,orch,../../textures10/human/win/fruit_tmp_sdry_flat.dds
terrain10,orch_vhot_dry,orch,../../textures10/human/win/fruit_wrm_dry_flat_c.dds
terrain10,orch_vhot_dry_hill,orch,../../textures10/human/win/crpmo_tmp_sdry_sflat_d.dds
terrain10,orch_vhot_dry_sflat,orch,../../textures10/human/win/crpmo_tmp_sdry_sflat_d.dds
terrain10,orch_vhot_rain,orch,../../textures10/human/win/crpmo_hot_rain_flat_c.dds
terrain10,orch_vhot_rain_hill,orch,../../textures10/human/win/crpmo_hot_rain_hill_d.dds
terrain10,orch_vhot_rain_sflat,orch,../../textures10/human/win/crpmo_hot_rain_sflat_d.dds
terrain10,orch_vhot_sdry,orch,../../textures10/human/win/fruit_wrm_dry_flat_c.dds
terrain10,orch_vhot_sdry_hill,orch,../../textures10/human/win/crpmo_hot_wet_sflat_d.dds
terrain10,orch_vhot_sdry_sflat,orch,../../textures10/human/win/crpmo_hot_wet_sflat_d.dds
terrain10,orch_vhot_wet,orch,../../textures10/human/win/crpmo_hot_wet_flat_c.dds
terrain10,orch_vhot_wet_hill,orch,../../textures10/human/win/crpmo_hot_wet_hill_d.dds
terrain10,orch_vhot_wet_sflat,orch,../../textures10/human/win/crpmo_hot_wet_sflat_d.dds
terrain10,orch_wrm_dry,orch,../../textures10/human/win/fruit_wrm_dry_flat_c.dds
terrain10,orch_wrm_dry_hill,orch,../../textures10/human/win/crp_tmp_dry_hill_d.dds
terrain10,orch_wrm_dry_sflat,orch,../../textures10/human/win/crp_tmp_dry_hill_d.dds
terrain10,orch_wrm_rain,orch,../../textures10/human/win/crpmo_hot_rain_flat_c.dds
terrain10,orch_wrm_rain_hill,orch,../../textures10/human/win/crpmo_hot_rain_hill_d.dds
terrain10,orch_wrm_rain_sflat,orch,../../textures10/human/win/crpmo_hot_rain_sflat_d.dds
terrain10,orch_wrm_wet,orch,../../textures10/human/win/crpmo_hot_wet_flat_c.dds
terrain10,orch_wrm_wet_hill,orch,../../textures10/human/win/crpmo_hot_wet_hill_d.dds
terrain10,orch_wrm_wet_sflat,orch,../../textures10/human/win/crpmo_hot_wet_sflat_d.dds
terrain10,pastr_hot_rain_hill,pastr,../../textures10/hiveg/win/broadl_sp_wrm_wet_hill_d.dds
terrain10,pastr_hot_wet_hill,pastr,../../textures10/hiveg/win/broadl_sp_wrm_wet_hill_d.dds
terrain10,pastr_rainforest_hill,pastr,../../textures10/hiveg/win/broadl_sp_wrm_wet_hill_d.dds
terrain10,pastr_tmp_wet_fl,pastr,../../textures10/human/win/pastr_tmp_wet_flat_c.dds
terrain10,pastr_tmp_wet_fl_tp,pastr,../../textures10/human/win/pastr_tmp_wet_flat_c.dds
terrain10,pastr_vhot_rain_hill,pastr,../../textures10/hiveg/win/broadl_sp_wrm_wet_hill_d.dds
terrain10,pastr_vhot_wet_hill,pastr,../../textures10/hiveg/win/broadl_sp_wrm_wet_hill_d.dds
terrain10,rainf_crptwn_irr,rainf,../../textures10/human/win/crp_hot_rain_flat_c.dds
terrain10,rainf_crptwnhill_irr,rainf,../../textures10/human/win/crpmo_hot_rain_sflat_d.dds
terrain10,rainforest_hill,rainforest,../../textures10/hiveg/broadl_hot_rain_hill_d.dds
terrain10,rainforest_sflat,rainforest,../../textures10/hiveg/broadl_hot_rain_sflat_d.dds
terrain10,red_crp_hot_sdry_hill,red,../../textures10/human/win/crp_wrm_sdry_sflat_d.dds
terrain10,red_crp_tmp_sdry_hill,red,../../textures10/human/win/crpmo_tmp_sdry_sflat_d.dds
terrain10,red_crp_vhot_sdry_hill,red,../../textures10/human/win/crp_wrm_sdry_sflat_d.dds
terrain10,red_crp_wrm_sdry_hill,red,../../textures10/human/win/crp_wrm_sdry_sflat_d.dds
terrain10,red_crpirg_hot_dry_hill,red,../../textures10/human/win/crp_wrm_sdry_sflat_d.dds
terrain10,red_crpirg_hot_sdry_hill,red,../../textures10/human/win/crp_wrm_sdry_sflat_d.dds
terrain10,red_crpirg_tmp_dry_hill,red,../../textures10/human/win/crpmo_tmp_sdry_sflat_d.dds
terrain10,red_crpirg_tmp_sdry_hill,red,../../textures10/human/win/crpmo_tmp_sdry_sflat_d.dds
terrain10,red_crpirg_vhot_dry_hill,red,../../textures10/human/win/crp_wrm_sdry_sflat_d.dds
terrain10,red_crpirg_vhot_sdry_hill,red,../../textures10/human/win/crp_wrm_sdry_sflat_d.dds
terrain10,red_crpirg_wrm_dry_hill,red,../../textures10/human/win/crpmo_tmp_sdry_sflat_d.dds
terrain10,red_crpirg_wrm_sdry_hill,red,../../textures10/human/win/crp_wrm_sdry_sflat_d.dds
terrain10,red_crpm_tmp_dry_hill,red,../../textures10/human/win/crp_tmp_dry_hill_d.dds
terrain10,red_crpm_tmp_sdry_hill,red,../../textures10/human/win/crpmo_tmp_sdry_sflat_d.dds
terrain10,red_fruit_hot_sdry_hill,red,../../textures10/human/win/crpmo_hot_wet_sflat_d.dds
terrain10,red_fruit_tmp_dry_hill,red,../../textures10/human/win/fruit_tmp_sdry_sflat.dds
terrain10,red_fruit_tmp_sdry_hill,red,../../textures10/human/win/fruit_tmp_sdry_sflat.dds
terrain10,red_fruit_vhot_sdry_hill,red,../../textures10/human/win/crpmo_hot_wet_sflat_d.dds
terrain10,red_fruit_wrm_dry_hill,red,../../textures10/human/win/crp_tmp_dry_hill_d.dds
terrain10,red_fruit_wrm_sdry_hill,red,../../textures10/human/win/semidry_fruithill.dds
terrain10,red_olives_wrm_sdry_hill,red,../../textures10/human/olives_hill.dds
terrain10,red_orch_hot_sdry_hill,red,../../textures10/human/win/crpmo_hot_wet_sflat_d.dds
terrain10,red_orch_tmp_dry_hill,red,../../textures10/human/win/crp_tmp_dry_hill_d.dds
terrain10,red_orch_tmp_sdry_hill,red,../../textures10/human/win/crp_tmp_dry_hill_d.dds
terrain10,red_orch_vhot_sdry_hill,red,../../textures10/human/win/crpmo_hot_wet_sflat_d.dds
terrain10,red_orch_wrm_dry_hill,red,../../textures10/human/win/crp_tmp_dry_hill_d.dds
terrain10,red_sq_crp_hot_sdry_hill,red,../../textures10/human/win/crp_wrm_sdry_sflat_d.dds
terrain10,red_sq_crp_tmp_dry_hill,red,../../textures10/human/win/crpmo_tmp_sdry_sflat_d.dds
terrain10,red_sq_crp_tmp_sdry_hill,red,../../textures10/human/win/crpmo_tmp_sdry_sflat_d.dds
terrain10,red_sq_crp_vhot_sdry_hill,red,../../textures10/human/win/crp_wrm_sdry_sflat_d.dds
terrain10,red_sq_crp_wrm_sdry_hill,red,../../textures10/human/win/crp_wrm_sdry_sflat_d.dds
terrain10,red_sq_crpirg_hot_sdry_hill,red,../../textures10/human/win/crp_wrm_sdry_sflat_d.dds
terrain10,red_sq_crpirg_tmp_dry_hill,red,../../textures10/human/win/crpmo_tmp_sdry_sflat_d.dds
terrain10,red_sq_crpirg_tmp_sdry_hill,red,../../textures10/human/win/crp_tmp_wet_hill_d.dds
terrain10,red_sq_crpirg_vhot_dry_hill,red,../../textures10/human/win/crp_wrm_sdry_sflat_d.dds
terrain10,red_sq_crpirg_vhot_sdry_hill,red,../../textures10/human/win/crp_wrm_sdry_sflat_d.dds
terrain10,red_sq_crpirg_wrm_dry_hill,red,../../textures10/human/win/crp_wrm_sdry_sflat_d.dds
terrain10,red_sq_crpirg_wrm_sdry_hill,red,../../textures10/human/win/crp_wrm_sdry_sflat_d.dds
terrain10,red_sq_fruit_hot_sdry_hill,red,../../textures10/human/win/crpmo_hot_wet_sflat_d.dds
terrain10,red_sq_fruit_tmp_dry_hill,red,../../textures10/human/win/fruit_tmp_sdry_sflat.dds
terrain10,red_sq_fruit_tmp_sdry_hill,red,../../textures10/human/win/fruit_tmp_sdry_sflat.dds
terrain10,red_sq_fruit_vhot_sdry_hill,red,../../textures10/human/win/crpmo_hot_wet_sflat_d.dds
terrain10,red_sq_fruit_wrm_dry_hill,red,../../textures10/human/win/crp_tmp_dry_hill_d.dds
terrain10,red_sq_fruit_wrm_sdry_hill,red,../../textures10/human/win/semidry_fruithill.dds
terrain10,red_sq_olives_wrm_sdry_hill,red,../../textures10/human/olives_hill.dds
terrain10,red_sq_orch_hot_sdry_hill,red,../../textures10/human/win/crpmo_hot_wet_sflat_d.dds
terrain10,red_sq_orch_tmp_dry_hill,red,../../textures10/human/win/crp_tmp_dry_hill_d.dds
terrain10,red_sq_orch_tmp_sdry_hill,red,../../textures10/human/win/crp_tmp_dry_hill_d.dds
terrain10,red_sq_orch_vhot_sdry_hill,red,../../textures10/human/win/crpmo_hot_wet_sflat_d.dds
terrain10,red_sq_orch_wrm_dry_hill,red,../../textures10/human/win/crp_tmp_dry_hill_d.dds
terrain10,semidry_crptwn_irr,semidry,../../textures10/human/win/crp_tmp_sdry_flat_c.dds
terrain10,semidry_crptwnhill_irr,semidry,../../textures10/human/win/crpmo_tmp_sdry_sflat_d.dds
terrain10,shrb_cld_dry_fl,shrb,../../textures10/hiveg/win/broadl_sp_cld_wet_sflat_d.dds
terrain10,shrb_cld_dry_fl_tp,shrb,../../textures10/hiveg/win/broadl_sp_cld_wet_sflat_d.dds
terrain10,shrb_cld_sdry_fl,shrb,../../textures10/hiveg/win/broadl_sp_cld_wet_sflat_d.dds
terrain10,shrb_cld_sdry_fl_tp,shrb,../../textures10/hiveg/win/broadl_sp_cld_wet_sflat_d.dds
terrain10,shrb_cld_wet_fl_md,shrb,../../textures10/hiveg/win/broadl_sp_cld_wet_sflat_d.dds
terrain10,sp_hot_rain_hill,sp,../../textures10/human/win/crpmo_hot_wet_hill_d.dds
terrain10,sp_hot_rain_tr_hill,sp,../../textures10/human/win/crpmo_hot_wet_hill_d.dds
terrain10,sp_hot_wet_hill,sp,../../textures10/human/win/crpmo_hot_wet_hill_d.dds
terrain10,sp_hot_wet_tr_hill,sp,../../textures10/human/win/crpmo_hot_wet_hill_d.dds
terrain10,sp_tmp_sdry_fl_md,sp,../../textures10/hiveg/win/broadl_sp_tmp_wet_flat_c.dds
terrain10,sp_vhot_rain_hill,sp,../../textures10/human/win/crpmo_hot_wet_hill_d.dds
terrain10,sp_vhot_rain_tr_hill,sp,../../textures10/human/win/crpmo_hot_wet_hill_d.dds
terrain10,sp_vhot_wet_hill,sp,../../textures10/human/win/crpmo_hot_wet_hill_d.dds
terrain10,sp_vhot_wet_tr_hill,sp,../../textures10/human/win/crpmo_hot_wet_hill_d.dds
terrain10,sp_wrm_rain_hill,sp,../../textures10/human/win/crpmo_hot_wet_hill_d.dds
terrain10,sp_wrm_wet_hill,sp,../../textures10/human/win/crpmo_hot_wet_hill_d.dds
terrain10,spr_tmp_sdry_sflat,spr,../../textures10/hiveg/win/broadl_sp_tmp_wet_flat_c.dds
terrain10,sq_crp_cld_dry,sq,../../textures10/human/win/pastr_tmp_wet_flat_sq_s.dds
terrain10,sq_crp_cld_dry_hill,sq,../../textures10/human/win/crpmo_tmp_wet_sflat_d.dds
terrain10,sq_crp_cld_dry_sflat,sq,../../textures10/human/win/pastr_tmp_wet_flat_sq_s.dds
terrain10,sq_crp_cld_rain,sq,../../textures10/human/win/crp_tmp_wet_flat_sq_s.dds
terrain10,sq_crp_cld_rain_hill,sq,../../textures10/human/win/crpmo_tmp_wet_sflat_d.dds
terrain10,sq_crp_cld_rain_sflat,sq,../../textures10/human/win/crp_tmp_wet_sflat_sq_s.dds
terrain10,sq_crp_cld_sdry,sq,../../textures10/human/win/crp_tmp_wet_flat_sq_s.dds
terrain10,sq_crp_cld_sdry_hill,sq,../../textures10/human/win/crpmo_tmp_wet_sflat_d.dds
terrain10,sq_crp_cld_sdry_sflat,sq,../../textures10/human/win/pastr_tmp_wet_flat_sq_s.dds
terrain10,sq_crp_cld_wet,sq,../../textures10/human/win/crp_tmp_wet_flat_sq_s.dds
terrain10,sq_crp_cld_wet_hill,sq,../../textures10/human/win/crpmo_tmp_wet_sflat_d.dds
terrain10,sq_crp_cld_wet_sflat,sq,../../textures10/human/win/pastr_tmp_wet_flat_sq_s.dds
terrain10,sq_crp_hot_dry,sq,../../textures10/human/win/crp_wrm_dry_flat_sq_s.dds
terrain10,sq_crp_hot_dry_sflat,sq,../../textures10/human/win/crp_tmp_dry_flat_sq_s.dds
terrain10,sq_crp_hot_rain,sq,../../textures10/human/win/crp_wrm_rain_flat_sq_s.dds
terrain10,sq_crp_hot_rain_hill,sq,../../textures10/human/win/crpmo_hot_wet_flat_c.dds
terrain10,sq_crp_hot_rain_sflat,sq,../../textures10/human/win/crp_wrm_wet_sflat_sq_s.dds
terrain10,sq_crp_hot_sdry,sq,../../textures10/human/win/crp_wrm_sdry_flat_sq_s.dds
terrain10,sq_crp_hot_sdry_hill,sq,../../textures10/human/win/crp_tmp_dry_sflat_d.dds
terrain10,sq_crp_hot_sdry_sflat,sq,../../textures10/human/win/crp_wrm_dry_flat_sq_s.dds
terrain10,sq_crp_hot_wet,sq,../../textures10/human/win/crp_wrm_wet_flat_sq_s.dds
terrain10,sq_crp_hot_wet_hill,sq,../../textures10/human/win/crpmo_hot_wet_flat_c.dds
terrain10,sq_crp_hot_wet_sflat,sq,../../textures10/human/win/crp_wrm_wet_sflat_sq_s.dds
terrain10,sq_crp_tmp_dry,sq,../../textures10/human/win/crp_tmp_dry_flat_sq_s.dds
terrain10,sq_crp_tmp_dry_hill,sq,../../textures10/human/win/crp_tmp_dry_sflat_sq_s.dds
terrain10,sq_crp_tmp_dry_sflat,sq,../../textures10/human/win/crp_tmp_dry_sflat_sq_s.dds
terrain10,sq_crp_tmp_rain,sq,../../textures10/human/win/crp_tmp_wet_flat_sq_s.dds
terrain10,sq_crp_tmp_rain_hill,sq,../../textures10/human/win/crp_tmp_wet_hill_d.dds
terrain10,sq_crp_tmp_rain_sflat,sq,../../textures10/human/win/crp_tmp_wet_sflat_sq_s.dds
terrain10,sq_crp_tmp_sdry,sq,../../textures10/human/win/crp_tmp_sdry_flat_sq_s.dds
terrain10,sq_crp_tmp_sdry_hill,sq,../../textures10/human/win/crp_tmp_sdry_sflat_d.dds
terrain10,sq_crp_tmp_sdry_sflat,sq,../../textures10/human/win/crp_tmp_sdry_sflat_sq_s.dds
terrain10,sq_crp_tmp_wet,sq,../../textures10/human/win/crp_tmp_wet_flat_sq_s.dds
terrain10,sq_crp_tmp_wet_hill,sq,../../textures10/human/win/crp_tmp_wet_hill_d.dds
terrain10,sq_crp_tmp_wet_sflat,sq,../../textures10/human/win/crp_tmp_wet_sflat_sq_s.dds
terrain10,sq_crp_vhot_dry,sq,../../textures10/human/win/crp_wrm_dry_flat_sq_s.dds
terrain10,sq_crp_vhot_dry_hill,sq,../../textures10/human/win/crp_tmp_dry_hill_d.dds
terrain10,sq_crp_vhot_dry_sflat,sq,../../textures10/human/win/crp_wrm_dry_flat_sq_s.dds
terrain10,sq_crp_vhot_rain,sq,../../textures10/human/win/crp_wrm_rain_flat_sq_s.dds
terrain10,sq_crp_vhot_rain_hill,sq,../../textures10/human/win/crpmo_hot_wet_flat_c.dds
terrain10,sq_crp_vhot_rain_sflat,sq,../../textures10/human/win/crp_wrm_wet_sflat_sq_s.dds
terrain10,sq_crp_vhot_sdry,sq,../../textures10/human/win/crp_wrm_dry_flat_sq_s.dds
terrain10,sq_crp_vhot_sdry_hill,sq,../../textures10/human/win/crp_tmp_sdry_sflat_d.dds
terrain10,sq_crp_vhot_sdry_sflat,sq,../../textures10/human/win/crp_wrm_dry_flat_sq_s.dds
terrain10,sq_crp_vhot_wet,sq,../../textures10/human/win/crp_wrm_wet_flat_sq_s.dds
terrain10,sq_crp_vhot_wet_hill,sq,../../textures10/human/win/crpmo_hot_wet_flat_c.dds
terrain10,sq_crp_vhot_wet_sflat,sq,../../textures10/human/win/crp_wrm_wet_sflat_sq_s.dds
terrain10,sq_crp_wrm_dry,sq,../../textures10/human/win/crp_wrm_dry_flat_sq_s.dds
terrain10,sq_crp_wrm_dry_sflat,sq,../../textures10/human/win/crp_tmp_dry_flat_sq_s.dds
terrain10,sq_crp_wrm_rain,sq,../../textures10/human/win/crp_wrm_rain_flat_sq_s.dds
terrain10,sq_crp_wrm_rain_hill,sq,../../textures10/human/win/crpmo_hot_wet_flat_c.dds
terrain10,sq_crp_wrm_rain_sflat,sq,../../textures10/human/win/crp_wrm_wet_sflat_sq_s.dds
terrain10,sq_crp_wrm_sdry,sq,../../textures10/human/win/crp_wrm_sdry_flat_sq_s.dds
terrain10,sq_crp_wrm_sdry_hill,sq,../../textures10/human/win/crp_tmp_sdry_sflat_d.dds
terrain10,sq_crp_wrm_sdry_sflat,sq,../../textures10/human/win/crp_tmp_sdry_sflat_sq_s.dds
terrain10,sq_crp_wrm_wet,sq,../../textures10/human/win/crp_wrm_wet_flat_sq_s.dds
terrain10,sq_crp_wrm_wet_hill,sq,../../textures10/human/win/crpmo_hot_wet_flat_c.dds
terrain10,sq_crp_wrm_wet_sflat,sq,../../textures10/human/win/crp_wrm_wet_sflat_sq_s.dds
terrain10,sq_crpirg_cld_dry,sq,../../textures10/human/win/crp_tmp_dry_flat_sq_s.dds
terrain10,sq_crpirg_cld_dry_hill,sq,../../textures10/human/win/crp_tmp_dry_sflat_sq_s.dds
terrain10,sq_crpirg_cld_dry_sflat,sq,../../textures10/human/win/pastr_tmp_wet_flat_sq_s.dds
terrain10,sq_crpirg_cld_rain,sq,../../textures10/human/win/crp_tmp_wet_flat_sq_s.dds
terrain10,sq_crpirg_cld_rain_hill,sq,../../textures10/human/win/crp_tmp_sdry_sflat_sq_s.dds
terrain10,sq_crpirg_cld_rain_sflat,sq,../../textures10/human/win/crp_tmp_wet_sflat_sq_s.dds
terrain10,sq_crpirg_cld_sdry,sq,../../textures10/human/win/crp_tmp_sdry_flat_sq_s.dds
terrain10,sq_crpirg_cld_sdry_hill,sq,../../textures10/human/win/crp_tmp_dry_sflat_sq_s.dds
terrain10,sq_crpirg_cld_sdry_sflat,sq,../../textures10/human/win/crp_tmp_sdry_sflat_sq_s.dds
terrain10,sq_crpirg_cld_wet,sq,../../textures10/human/win/crp_tmp_wet_flat_sq_s.dds
terrain10,sq_crpirg_cld_wet_hill,sq,../../textures10/human/win/crp_tmp_sdry_sflat_sq_s.dds
terrain10,sq_crpirg_cld_wet_sflat,sq,../../textures10/human/win/pastr_tmp_wet_flat_sq_s.dds
terrain10,sq_crpirg_hot_dry,sq,../../textures10/human/win/crpirg_tmp_dry_flat_sq_s.dds
terrain10,sq_crpirg_hot_dry_sflat,sq,../../textures10/human/win/crp_tmp_dry_flat_sq_s.dds
terrain10,sq_crpirg_hot_rain,sq,../../textures10/human/win/crpirg_wrm_wet_flat_sq_s.dds
terrain10,sq_crpirg_hot_rain_hill,sq,../../textures10/human/win/crpmo_hot_wet_flat_c.dds
terrain10,sq_crpirg_hot_rain_sflat,sq,../../textures10/human/win/crp_wrm_wet_sflat_sq_s.dds
terrain10,sq_crpirg_hot_sdry,sq,../../textures10/human/win/crp_wrm_rain_flat_sq_s.dds
terrain10,sq_crpirg_hot_sdry_hill,sq,../../textures10/human/win/crp_tmp_dry_sflat_d.dds
terrain10,sq_crpirg_hot_sdry_sflat,sq,../../textures10/human/win/crp_wrm_dry_flat_sq_s.dds
terrain10,sq_crpirg_hot_wet,sq,../../textures10/human/win/crpirg_wrm_wet_flat_sq_s.dds
terrain10,sq_crpirg_hot_wet_hill,sq,../../textures10/human/win/crpmo_hot_wet_flat_c.dds
terrain10,sq_crpirg_hot_wet_sflat,sq,../../textures10/human/win/crp_wrm_wet_sflat_sq_s.dds
terrain10,sq_crpirg_tmp_dry,sq,../../textures10/human/win/crpirg_tmp_dry_flat_sq_s.dds
terrain10,sq_crpirg_tmp_dry_hill,sq,../../textures10/human/win/crp_tmp_dry_sflat_sq_s.dds
terrain10,sq_crpirg_tmp_dry_sflat,sq,../../textures10/human/win/crp_tmp_wet_sflat_sq_s.dds
terrain10,sq_crpirg_tmp_rain,sq,../../textures10/human/win/crp_tmp_wet_flat_sq_s.dds
terrain10,sq_crpirg_tmp_rain_hill,sq,../../textures10/human/win/crp_tmp_wet_hill_d.dds
terrain10,sq_crpirg_tmp_rain_sflat,sq,../../textures10/human/win/crp_tmp_wet_sflat_sq_s.dds
terrain10,sq_crpirg_tmp_sdry,sq,../../textures10/human/win/crpirg_tmp_dry_flat_sq_s.dds
terrain10,sq_crpirg_tmp_sdry_hill,sq,../../textures10/human/win/crp_tmp_sdry_sflat_d.dds
terrain10,sq_crpirg_tmp_sdry_sflat,sq,../../textures10/human/win/crp_tmp_wet_sflat_sq_s.dds
terrain10,sq_crpirg_tmp_wet,sq,../../textures10/human/win/crp_tmp_wet_flat_sq_s.dds
terrain10,sq_crpirg_tmp_wet_hill,sq,../../textures10/human/win/crp_tmp_wet_hill_d.dds
terrain10,sq_crpirg_tmp_wet_sflat,sq,../../textures10/human/win/crp_tmp_wet_sflat_sq_s.dds
terrain10,sq_crpirg_vhot_dry,sq,../../textures10/human/win/crpirg_wrm_dry_flat_sq_s.dds
terrain10,sq_crpirg_vhot_dry_hill,sq,../../textures10/human/win/crp_tmp_dry_hill_d.dds
terrain10,sq_crpirg_vhot_dry_sflat,sq,../../textures10/human/win/crp_wrm_dry_flat_sq_s.dds
terrain10,sq_crpirg_vhot_rain,sq,../../textures10/human/win/crpirg_wrm_wet_flat_sq_s.dds
terrain10,sq_crpirg_vhot_rain_hill,sq,../../textures10/human/win/crpmo_hot_wet_flat_c.dds
terrain10,sq_crpirg_vhot_rain_sflat,sq,../../textures10/human/win/crp_wrm_wet_sflat_sq_s.dds
terrain10,sq_crpirg_vhot_sdry,sq,../../textures10/human/win/crp_wrm_dry_flat_sq_s.dds
terrain10,sq_crpirg_vhot_sdry_hill,sq,../../textures10/human/win/crp_tmp_sdry_sflat_d.dds
terrain10,sq_crpirg_vhot_sdry_sflat,sq,../../textures10/human/win/crp_wrm_dry_flat_sq_s.dds
terrain10,sq_crpirg_vhot_wet,sq,../../textures10/human/win/crpirg_wrm_wet_flat_sq_s.dds
terrain10,sq_crpirg_vhot_wet_hill,sq,../../textures10/human/win/crpmo_hot_wet_flat_c.dds
terrain10,sq_crpirg_vhot_wet_sflat,sq,../../textures10/human/win/crp_wrm_wet_sflat_sq_s.dds
terrain10,sq_crpirg_wrm_dry,sq,../../textures10/human/win/crpirg_tmp_dry_flat_sq_s.dds
terrain10,sq_crpirg_wrm_dry_sflat,sq,../../textures10/human/win/crp_tmp_dry_flat_sq_s.dds
terrain10,sq_crpirg_wrm_rain,sq,../../textures10/human/win/crpirg_wrm_wet_flat_sq_s.dds
terrain10,sq_crpirg_wrm_rain_hill,sq,../../textures10/human/win/crpmo_hot_wet_flat_c.dds
terrain10,sq_crpirg_wrm_rain_sflat,sq,../../textures10/human/win/crp_wrm_wet_sflat_sq_s.dds
terrain10,sq_crpirg_wrm_sdry,sq,../../textures10/human/win/crp_wrm_rain_flat_sq_s.dds
terrain10,sq_crpirg_wrm_sdry_hill,sq,../../textures10/human/win/crp_tmp_sdry_sflat_d.dds
terrain10,sq_crpirg_wrm_sdry_sflat,sq,../../textures10/human/win/crp_tmp_sdry_sflat_sq_s.dds
terrain10,sq_crpirg_wrm_wet,sq,../../textures10/human/win/crpirg_wrm_wet_flat_sq_s.dds
terrain10,sq_crpirg_wrm_wet_hill,sq,../../textures10/human/win/crpmo_hot_wet_flat_c.dds
terrain10,sq_crpirg_wrm_wet_sflat,sq,../../textures10/human/win/crp_wrm_wet_sflat_sq_s.dds
terrain10,sq_des_crptwn,sq,../../textures10/human/win/crp_wrm_dry_flat_sq_s.dds
terrain10,sq_des_crptwnhill,sq,../../textures10/human/win/crp_tmp_dry_sflat_sq_s.dds
terrain10,sq_dry_crptwn,sq,../../textures10/human/win/crp_tmp_dry_flat_sq_s.dds
terrain10,sq_dry_crptwnhill,sq,../../textures10/human/win/crp_tmp_dry_sflat_sq_s.dds
terrain10,sq_fruit_hot_dry,sq,../../textures10/human/win/fruit_wrm_dry_sq_s.dds
terrain10,sq_fruit_hot_dry_sflat,sq,../../textures10/human/win/semidry_fruithill.dds
terrain10,sq_fruit_hot_rain,sq,../../textures10/human/win/fruit_hot_wet_flat_sq_s.dds
terrain10,sq_fruit_hot_rain_hill,sq,../../textures10/human/win/crp_hot_wet_sflat_d.dds
terrain10,sq_fruit_hot_rain_sflat,sq,../../textures10/human/win/fruit_hot_wet_flat_sq_s.dds
terrain10,sq_fruit_hot_sdry,sq,../../textures10/human/win/fruit_wrm_dry_sq_s.dds
terrain10,sq_fruit_hot_sdry_hill,sq,../../textures10/human/win/crp_tmp_sdry_sflat_d.dds
terrain10,sq_fruit_hot_sdry_sflat,sq,../../textures10/human/win/fruit_wrm_dry_sq_s.dds
terrain10,sq_fruit_hot_wet,sq,../../textures10/human/win/fruit_hot_wet_flat_sq_s.dds
terrain10,sq_fruit_hot_wet_hill,sq,../../textures10/human/win/crp_hot_wet_sflat_d.dds
terrain10,sq_fruit_hot_wet_sflat,sq,../../textures10/human/win/fruit_hot_wet_flat_sq_s.dds
terrain10,sq_fruit_tmp_dry,sq,../../textures10/human/win/fruit_wrm_dry_sq_s.dds
terrain10,sq_fruit_tmp_dry_hill,sq,../../textures10/human/win/fruit_tmp_sdry_sflat.dds
terrain10,sq_fruit_tmp_dry_sflat,sq,../../textures10/human/win/fruit_wrm_dry_sq_s.dds
terrain10,sq_fruit_tmp_rain,sq,../../textures10/human/win/fruit_tmp_sdry_flat.dds
terrain10,sq_fruit_tmp_rain_hill,sq,../../textures10/human/win/fruit_tmp_sdry_sflat.dds
terrain10,sq_fruit_tmp_rain_sflat,sq,../../textures10/human/win/fruit_tmp_sdry_sflat.dds
terrain10,sq_fruit_tmp_sdry,sq,../../textures10/human/win/fruit_wrm_dry_sq_s.dds
terrain10,sq_fruit_tmp_sdry_hill,sq,../../textures10/human/win/fruit_tmp_sdry_sflat.dds
terrain10,sq_fruit_tmp_sdry_sflat,sq,../../textures10/human/win/fruit_wrm_dry_sq_s.dds
terrain10,sq_fruit_tmp_wet,sq,../../textures10/human/win/fruit_tmp_sdry_flat.dds
terrain10,sq_fruit_tmp_wet_hill,sq,../../textures10/human/win/fruit_tmp_sdry_sflat.dds
terrain10,sq_fruit_tmp_wet_sflat,sq,../../textures10/human/win/fruit_tmp_sdry_sflat.dds
terrain10,sq_fruit_vhot_dry,sq,../../textures10/human/win/semidry_fruithill.dds
terrain10,sq_fruit_vhot_dry_sflat,sq,../../textures10/human/win/semidry_fruithill.dds
terrain10,sq_fruit_vhot_rain,sq,../../textures10/human/win/fruit_hot_wet_flat_sq_s.dds
terrain10,sq_fruit_vhot_rain_hill,sq,../../textures10/human/win/crp_hot_wet_sflat_d.dds
terrain10,sq_fruit_vhot_rain_sflat,sq,../../textures10/human/win/fruit_hot_wet_flat_sq_s.dds
terrain10,sq_fruit_vhot_sdry,sq,../../textures10/human/win/semidry_fruithill.dds
terrain10,sq_fruit_vhot_sdry_hill,sq,../../textures10/human/win/crp_tmp_sdry_sflat_d.dds
terrain10,sq_fruit_vhot_sdry_sflat,sq,../../textures10/human/win/semidry_fruithill.dds
terrain10,sq_fruit_vhot_wet,sq,../../textures10/human/win/fruit_hot_wet_flat_sq_s.dds
terrain10,sq_fruit_vhot_wet_hill,sq,../../textures10/human/win/crp_hot_wet_sflat_d.dds
terrain10,sq_fruit_vhot_wet_sflat,sq,../../textures10/human/win/fruit_hot_wet_flat_sq_s.dds
terrain10,sq_fruit_wrm_dry,sq,../../textures10/human/win/fruit_wrm_dry_sq_s.dds
terrain10,sq_fruit_wrm_dry_hill,sq,../../textures10/human/crp_wrm_dry_hill_d.dds
terrain10,sq_fruit_wrm_dry_sflat,sq,../../textures10/human/win/fruit_wrm_dry_sq_s.dds
terrain10,sq_fruit_wrm_rain,sq,../../textures10/human/win/fruit_hot_wet_flat_sq_s.dds
terrain10,sq_fruit_wrm_rain_hill,sq,../../textures10/human/win/crp_hot_wet_sflat_d.dds
terrain10,sq_fruit_wrm_rain_sflat,sq,../../textures10/human/win/fruit_hot_wet_flat_sq_s.dds
terrain10,sq_fruit_wrm_sdry,sq,../../textures10/human/win/fruit_wrm_dry_sq_s.dds
terrain10,sq_fruit_wrm_sdry_hill,sq,../../textures10/human/win/semidry_fruithill.dds
terrain10,sq_fruit_wrm_sdry_sflat,sq,../../textures10/human/win/fruit_wrm_dry_sq_s.dds
terrain10,sq_fruit_wrm_wet,sq,../../textures10/human/win/fruit_hot_wet_flat_sq_s.dds
terrain10,sq_fruit_wrm_wet_hill,sq,../../textures10/human/win/crp_hot_wet_sflat_d.dds
terrain10,sq_fruit_wrm_wet_sflat,sq,../../textures10/human/win/fruit_hot_wet_flat_sq_s.dds
terrain10,sq_grass_cld_sdry_fl,sq,../../textures10/human/win/pastr_tmp_wet_flat_sq_s.dds
terrain10,sq_grass_cld_sdry_fl_tp,sq,../../textures10/human/win/pastr_tmp_wet_flat_sq_s.dds
terrain10,sq_grass_cld_wet_fl,sq,../../textures10/human/win/pastr_tmp_wet_flat_sq_s.dds
terrain10,sq_grass_cld_wet_fl_tp,sq,../../textures10/human/win/pastr_tmp_wet_flat_sq_s.dds
terrain10,sq_grass_tmp_sdry_fl,sq,../../textures10/human/win/pastr_tmp_wet_flat_sq_s.dds
terrain10,sq_grass_tmp_sdry_fl_tp,sq,../../textures10/human/win/pastr_tmp_wet_flat_sq_s.dds
terrain10,sq_grass_tmp_wet_fl,sq,../../textures10/human/win/pastr_tmp_wet_flat_sq_s.dds
terrain10,sq_grass_tmp_wet_fl_tp,sq,../../textures10/human/win/pastr_tmp_wet_flat_sq_s.dds
terrain10,sq_grass_wrm_wet_fl,sq,../../textures10/human/win/pastr_tmp_wet_flat_sq_s.dds
terrain10,sq_grass_wrm_wet_fl_md,sq,../../textures10/human/win/pastr_tmp_wet_flat_sq_s.dds
terrain10,sq_grass_wrm_wet_fl_tp,sq,../../textures10/human/win/pastr_tmp_wet_flat_sq_s.dds
terrain10,sq_hiland_crptwn,sq,../../textures10/human/win/crp_tmp_sdry_sflat_sq_s.dds
terrain10,sq_hiland_crptwnhill,sq,../../textures10/human/win/crpmo_tmp_wet_sflat_d.dds
terrain10,sq_north_crptwn,sq,../../textures10/human/win/crp_tmp_wet_flat_sq_s.dds
terrain10,sq_north_crptwnhill,sq,../../textures10/human/win/crpmo_tmp_wet_sflat_d.dds
terrain10,sq_olives_wrm_dry_hill,sq,../../textures10/human/olives_hill.dds
terrain10,sq_olives_wrm_sdry_hill,sq,../../textures10/human/olives_hill.dds
terrain10,sq_olives_wrm_wet_hill,sq,../../textures10/human/olives_hill.dds
terrain10,sq_orch_hot_dry,sq,../../textures10/human/win/fruit_wrm_dry_sq_s.dds
terrain10,sq_orch_hot_dry_sflat,sq,../../textures10/human/win/semidry_fruithill.dds
terrain10,sq_orch_hot_rain,sq,../../textures10/human/win/fruit_hot_wet_flat_sq_s.dds
terrain10,sq_orch_hot_rain_hill,sq,../../textures10/human/win/crp_hot_wet_sflat_d.dds
terrain10,sq_orch_hot_rain_sflat,sq,../../textures10/human/win/fruit_hot_wet_flat_sq_s.dds
terrain10,sq_orch_hot_sdry,sq,../../textures10/human/win/fruit_wrm_dry_sq_s.dds
terrain10,sq_orch_hot_sdry_hill,sq,../../textures10/human/win/crp_tmp_sdry_sflat_d.dds
terrain10,sq_orch_hot_sdry_sflat,sq,../../textures10/human/win/fruit_wrm_dry_sq_s.dds
terrain10,sq_orch_hot_wet,sq,../../textures10/human/win/fruit_hot_wet_flat_sq_s.dds
terrain10,sq_orch_hot_wet_hill,sq,../../textures10/human/win/crp_hot_wet_sflat_d.dds
terrain10,sq_orch_hot_wet_sflat,sq,../../textures10/human/win/fruit_hot_wet_flat_sq_s.dds
terrain10,sq_orch_tmp_dry,sq,../../textures10/human/win/fruit_wrm_dry_sq_s.dds
terrain10,sq_orch_tmp_dry_hill,sq,../../textures10/human/win/fruit_tmp_sdry_sflat.dds
terrain10,sq_orch_tmp_dry_sflat,sq,../../textures10/human/win/fruit_wrm_dry_sq_s.dds
terrain10,sq_orch_tmp_rain,sq,../../textures10/human/win/fruit_tmp_sdry_flat.dds
terrain10,sq_orch_tmp_rain_hill,sq,../../textures10/human/win/semidry_fruithill.dds
terrain10,sq_orch_tmp_rain_sflat,sq,../../textures10/human/win/semidry_fruithill.dds
terrain10,sq_orch_tmp_sdry,sq,../../textures10/human/win/fruit_wrm_dry_sq_s.dds
terrain10,sq_orch_tmp_sdry_hill,sq,../../textures10/human/win/crp_tmp_sdry_sflat_d.dds
terrain10,sq_orch_tmp_sdry_sflat,sq,../../textures10/human/win/fruit_wrm_dry_sq_s.dds
terrain10,sq_orch_tmp_wet,sq,../../textures10/human/win/fruit_tmp_sdry_flat.dds
terrain10,sq_orch_tmp_wet_hill,sq,../../textures10/human/win/crp_tmp_sdry_sflat_d.dds
terrain10,sq_orch_tmp_wet_sflat,sq,../../textures10/human/win/fruit_tmp_sdry_flat.dds
terrain10,sq_orch_vhot_dry,sq,../../textures10/human/win/semidry_fruithill.dds
terrain10,sq_orch_vhot_dry_sflat,sq,../../textures10/human/win/semidry_fruithill.dds
terrain10,sq_orch_vhot_rain,sq,../../textures10/human/win/fruit_hot_wet_flat_sq_s.dds
terrain10,sq_orch_vhot_rain_hill,sq,../../textures10/human/win/crp_hot_wet_sflat_d.dds
terrain10,sq_orch_vhot_rain_sflat,sq,../../textures10/human/win/fruit_hot_wet_flat_sq_s.dds
terrain10,sq_orch_vhot_sdry,sq,../../textures10/human/win/semidry_fruithill.dds
terrain10,sq_orch_vhot_sdry_hill,sq,../../textures10/human/win/crp_tmp_sdry_sflat_d.dds
terrain10,sq_orch_vhot_sdry_sflat,sq,../../textures10/human/win/semidry_fruithill.dds
terrain10,sq_orch_vhot_wet,sq,../../textures10/human/win/fruit_hot_wet_flat_sq_s.dds
terrain10,sq_orch_vhot_wet_hill,sq,../../textures10/human/win/crp_hot_wet_sflat_d.dds
terrain10,sq_orch_vhot_wet_sflat,sq,../../textures10/human/win/fruit_hot_wet_flat_sq_s.dds
terrain10,sq_orch_wrm_dry,sq,../../textures10/human/win/fruit_wrm_dry_sq_s.dds
terrain10,sq_orch_wrm_dry_hill,sq,../../textures10/human/crp_wrm_dry_hill_d.dds
terrain10,sq_orch_wrm_dry_sflat,sq,../../textures10/human/win/fruit_wrm_dry_sq_s.dds
terrain10,sq_orch_wrm_rain,sq,../../textures10/human/win/fruit_hot_wet_flat_sq_s.dds
terrain10,sq_orch_wrm_rain_hill,sq,../../textures10/human/win/crp_hot_wet_sflat_d.dds
terrain10,sq_orch_wrm_rain_sflat,sq,../../textures10/human/win/fruit_hot_wet_flat_sq_s.dds
terrain10,sq_orch_wrm_wet,sq,../../textures10/human/win/fruit_hot_wet_flat_sq_s.dds
terrain10,sq_orch_wrm_wet_hill,sq,../../textures10/human/win/crp_hot_wet_sflat_d.dds
terrain10,sq_orch_wrm_wet_sflat,sq,../../textures10/human/win/fruit_hot_wet_flat_sq_s.dds
terrain10,sq_pastr_cld_wet_fl,sq,../../textures10/human/win/pastr_tmp_wet_flat_sq_s.dds
terrain10,sq_pastr_cld_wet_fl_md,sq,../../textures10/human/win/pastr_tmp_wet_flat_sq_s.dds
terrain10,sq_pastr_cld_wet_fl_tp,sq,../../textures10/human/win/pastr_tmp_wet_flat_sq_s.dds
terrain10,sq_pastr_tmp_sdry_fl,sq,../../textures10/human/win/pastr_tmp_wet_flat_sq_s.dds
terrain10,sq_pastr_tmp_sdry_fl_md,sq,../../textures10/human/win/pastr_tmp_wet_flat_sq_s.dds
terrain10,sq_pastr_tmp_sdry_fl_tp,sq,../../textures10/human/win/pastr_tmp_wet_flat_sq_s.dds
terrain10,sq_pastr_tmp_wet_fl,sq,../../textures10/human/win/pastr_tmp_wet_flat_sq_s.dds
terrain10,sq_pastr_tmp_wet_fl_md,sq,../../textures10/human/win/pastr_tmp_wet_flat_sq_s.dds
terrain10,sq_pastr_tmp_wet_fl_tp,sq,../../textures10/human/win/pastr_tmp_wet_flat_sq_s.dds
terrain10,sq_rainf_crptwn,sq,../../textures10/human/win/crp_wrm_rain_flat_sq_s.dds
terrain10,sq_rainf_crptwnhill,sq,../../textures10/human/win/crp_wrm_wet_flat_sq_s.dds
terrain10,sq_semidry_crptwn,sq,../../textures10/human/win/crp_tmp_sdry_sflat_sq_s.dds
terrain10,sq_semidry_crptwnhill,sq,../../textures10/human/win/crp_tmp_sdry_sflat_sq_s.dds
terrain10,sq_tmp_crptwn,sq,../../textures10/human/win/crp_tmp_wet_flat_sq_s.dds
terrain10,sq_tmp_crptwnhill,sq,../../textures10/human/win/crp_tmp_wet_flat_c2.dds
terrain10,sq_trop_crptwn,sq,../../textures10/human/win/crp_wrm_rain_flat_sq_s.dds
terrain10,sq_trop_crptwnhill,sq,../../textures10/human/win/crp_wrm_wet_flat_sq_s.dds
terrain10,tmp_crptwn_irr,tmp,../../textures10/human/win/crp_tmp_wet_flat_c.dds
terrain10,tmp_crptwnhill_irr,tmp,../../textures10/human/win/crpmo_tmp_wet_flat_c2.dds
terrain10,trop_crptwn_irr,trop,../../textures10/human/win/crp_hot_wet_flat_c.dds
terrain10,trop_crptwnhill_irr,trop,../../textures10/human/win/crpmo_hot_wet_sflat_d.dds
terrain10_AUS,broad_hot_dry_fl,broad,../textures10/hiveg/red_broadl_wrm_dry_flat_c.dds
terrain10_AUS,broad_hot_dry_fl_md,broad,../textures10/hiveg/red_broadl_wrm_dry_flat_c.dds
terrain10_AUS,broad_hot_dry_fl_tp,broad,../textures10/hiveg/red_broadl_wrm_dry_flat_c.dds
terrain10_AUS,broad_hot_dry_hill,broad,../textures10/hiveg/red_broadl_wrm_dry_hill_d.dds
terrain10_AUS,broad_hot_dry_sflat,broad,../textures10/hiveg/red_broadl_wrm_dry_hill_d.dds
terrain10_AUS,broad_wrm_dry_fl,broad,../textures10/hiveg/red_broadl_wrm_dry_flat_c.dds
terrain10_AUS,broad_wrm_dry_fl_md,broad,../textures10/hiveg/red_broadl_wrm_dry_flat_c.dds
terrain10_AUS,broad_wrm_dry_hill,broad,../textures10/hiveg/red_broadl_wrm_dry_hill_d.dds
terrain10_AUS,broad_wrm_dry_sflat,broad,../textures10/hiveg/red_broadl_wrm_dry_hill_d.dds
terrain10_AUS,red_shrb_hot_dry_fl,red,../textures10/loveg/red_shrub_hot_dry_flat_c.dds
terrain10_CANsq,crpm_cld_dry,crpm,../textures10/human/crp_tmp_dry_flat_sq_s.dds
terrain10_CANsq,crpm_cld_dry_hill,crpm,../textures10/human/crp_tmp_dry_hill_d.dds
terrain10_CANsq,crpm_cld_dry_sflat,crpm,../textures10/human/crp_tmp_dry_sflat_sq_s.dds
terrain10_CANsq,crpm_cld_rain,crpm,../textures10/human/crp_tmp_wet_flat_sq_s.dds
terrain10_CANsq,crpm_cld_rain_hill,crpm,../textures10/human/crp_tmp_wet_hill_d.dds
terrain10_CANsq,crpm_cld_rain_sflat,crpm,../textures10/human/crp_tmp_wet_sflat_sq_s.dds
terrain10_CANsq,crpm_cld_sdry,crpm,../textures10/human/crp_tmp_sdry_flat_sq_s.dds
terrain10_CANsq,crpm_cld_sdry_hill,crpm,../textures10/human/crp_tmp_wet_hill_d.dds
terrain10_CANsq,crpm_cld_sdry_sflat,crpm,../textures10/human/crp_tmp_sdry_sflat_sq_s.dds
terrain10_CANsq,crpm_cld_wet,crpm,../textures10/human/crp_tmp_wet_flat_sq_s.dds
terrain10_CANsq,crpm_cld_wet_hill,crpm,../textures10/human/crp_tmp_wet_hill_d.dds
terrain10_CANsq,crpm_cld_wet_sflat,crpm,../textures10/human/pastr_tmp_wet_flat_sq_s.dds
terrain10_CANsq,crpm_tmp_dry,crpm,../textures10/human/crp_tmp_dry_flat_sq_s.dds
terrain10_CANsq,crpm_tmp_dry_hill,crpm,../textures10/human/crp_tmp_dry_hill_d.dds
terrain10_CANsq,crpm_tmp_dry_sflat,crpm,../textures10/human/crp_tmp_dry_sflat_sq_s.dds
terrain10_CANsq,crpm_tmp_rain,crpm,../textures10/human/crp_tmp_wet_flat_sq_s.dds
terrain10_CANsq,crpm_tmp_rain_hill,crpm,../textures10/human/crp_tmp_wet_hill_d.dds
terrain10_CANsq,crpm_tmp_rain_sflat,crpm,../textures10/human/crp_tmp_wet_sflat_sq_s.dds
terrain10_CANsq,crpm_tmp_sdry,crpm,../textures10/human/crp_tmp_sdry_flat_sq_s.dds
terrain10_CANsq,crpm_tmp_sdry_hill,crpm,../textures10/human/crp_tmp_wet_hill_d.dds
terrain10_CANsq,crpm_tmp_sdry_sflat,crpm,../textures10/human/crp_tmp_sdry_sflat_sq_s.dds
terrain10_CANsq,crpm_tmp_wet,crpm,../textures10/human/crp_tmp_wet_flat_sq_s.dds
terrain10_CANsq,crpm_tmp_wet_hill,crpm,../textures10/human/crp_tmp_wet_hill_d.dds
terrain10_CANsq,crpm_tmp_wet_sflat,crpm,../textures10/human/crp_tmp_wet_sflat_sq_s.dds
terrain10_CANsq,crpm_cld_dry,crpm,../../textures10/human/fal/crp_tmp_dry_flat_sq_s.dds
terrain10_CANsq,crpm_cld_dry_hill,crpm,../../textures10/human/fal/crp_tmp_dry_hill_d.dds
terrain10_CANsq,crpm_cld_dry_sflat,crpm,../../textures10/human/fal/crp_tmp_dry_sflat_sq_s.dds
terrain10_CANsq,crpm_cld_rain,crpm,../../textures10/human/fal/crp_tmp_wet_flat_sq_s.dds
terrain10_CANsq,crpm_cld_rain_hill,crpm,../../textures10/human/fal/crp_tmp_wet_hill_d.dds
terrain10_CANsq,crpm_cld_rain_sflat,crpm,../../textures10/human/fal/crp_tmp_wet_sflat_sq_s.dds
terrain10_CANsq,crpm_cld_sdry,crpm,../../textures10/human/fal/crp_tmp_sdry_flat_sq_s.dds
terrain10_CANsq,crpm_cld_sdry_hill,crpm,../../textures10/human/fal/crp_tmp_wet_hill_d.dds
terrain10_CANsq,crpm_cld_sdry_sflat,crpm,../../textures10/human/fal/crp_tmp_sdry_sflat_sq_s.dds
terrain10_CANsq,crpm_cld_wet,crpm,../../textures10/human/fal/crp_tmp_wet_flat_sq_s.dds
terrain10_CANsq,crpm_cld_wet_hill,crpm,../../textures10/human/fal/crp_tmp_wet_hill_d.dds
terrain10_CANsq,crpm_cld_wet_sflat,crpm,../../textures10/human/fal/pastr_tmp_wet_flat_sq_s.dds
terrain10_CANsq,crpm_tmp_dry,crpm,../../textures10/human/fal/crp_tmp_dry_flat_sq_s.dds
terrain10_CANsq,crpm_tmp_dry_hill,crpm,../../textures10/human/fal/crp_tmp_dry_hill_d.dds
terrain10_CANsq,crpm_tmp_dry_sflat,crpm,../../textures10/human/fal/crp_tmp_dry_sflat_sq_s.dds
terrain10_CANsq,crpm_tmp_rain,crpm,../../textures10/human/fal/crp_tmp_wet_flat_sq_s.dds
terrain10_CANsq,crpm_tmp_rain_hill,crpm,../../textures10/human/fal/crp_tmp_wet_hill_d.dds
terrain10_CANsq,crpm_tmp_rain_sflat,crpm,../../textures10/human/fal/crp_tmp_wet_sflat_sq_s.dds
terrain10_CANsq,crpm_tmp_sdry,crpm,../../textures10/human/fal/crp_tmp_sdry_flat_sq_s.dds
terrain10_CANsq,crpm_tmp_sdry_hill,crpm,../../textures10/human/fal/crp_tmp_wet_hill_d.dds
terrain10_CANsq,crpm_tmp_sdry_sflat,crpm,../../textures10/human/fal/crp_tmp_sdry_sflat_sq_s.dds
terrain10_CANsq,crpm_tmp_wet,crpm,../../textures10/human/fal/crp_tmp_wet_flat_sq_s.dds
terrain10_CANsq,crpm_tmp_wet_hill,crpm,../../textures10/human/fal/crp_tmp_wet_hill_d.dds
terrain10_CANsq,crpm_tmp_wet_sflat,crpm,../../textures10/human/fal/crp_tmp_wet_sflat_sq_s.dds
terrain10_CANsq,crpm_cld_dry,crpm,../../textures10/human/win/crp_tmp_dry_flat_sq_s.dds
terrain10_CANsq,crpm_cld_dry_hill,crpm,../../textures10/human/win/crp_tmp_dry_hill_d.dds
terrain10_CANsq,crpm_cld_dry_sflat,crpm,../../textures10/human/win/crp_tmp_dry_sflat_sq_s.dds
terrain10_CANsq,crpm_cld_rain,crpm,../../textures10/human/win/crp_tmp_wet_flat_sq_s.dds
terrain10_CANsq,crpm_cld_rain_hill,crpm,../../textures10/human/win/crp_tmp_wet_hill_d.dds
terrain10_CANsq,crpm_cld_rain_sflat,crpm,../../textures10/human/win/crp_tmp_wet_sflat_sq_s.dds
terrain10_CANsq,crpm_cld_sdry,crpm,../../textures10/human/win/crp_tmp_sdry_flat_sq_s.dds
terrain10_CANsq,crpm_cld_sdry_hill,crpm,../../textures10/human/win/crp_tmp_wet_hill_d.dds
terrain10_CANsq,crpm_cld_sdry_sflat,crpm,../../textures10/human/win/crp_tmp_sdry_sflat_sq_s.dds
terrain10_CANsq,crpm_cld_wet,crpm,../../textures10/human/win/crp_tmp_wet_flat_sq_s.dds
terrain10_CANsq,crpm_cld_wet_hill,crpm,../../textures10/human/win/crp_tmp_wet_hill_d.dds
terrain10_CANsq,crpm_cld_wet_sflat,crpm,../../textures10/human/win/pastr_tmp_wet_flat_sq_s.dds
terrain10_CANsq,crpm_tmp_dry,crpm,../../textures10/human/win/crp_tmp_dry_flat_sq_s.dds
terrain10_CANsq,crpm_tmp_dry_hill,crpm,../../textures10/human/win/crp_tmp_dry_hill_d.dds
terrain10_CANsq,crpm_tmp_dry_sflat,crpm,../../textures10/human/win/crp_tmp_dry_sflat_sq_s.dds
terrain10_CANsq,crpm_tmp_rain,crpm,../../textures10/human/win/crp_tmp_wet_flat_sq_s.dds
terrain10_CANsq,crpm_tmp_rain_hill,crpm,../../textures10/human/win/crp_tmp_wet_hill_d.dds
terrain10_CANsq,crpm_tmp_rain_sflat,crpm,../../textures10/human/win/crp_tmp_wet_sflat_sq_s.dds
terrain10_CANsq,crpm_tmp_sdry,crpm,../../textures10/human/win/crp_tmp_sdry_flat_sq_s.dds
terrain10_CANsq,crpm_tmp_sdry_hill,crpm,../../textures10/human/win/crp_tmp_wet_hill_d.dds
terrain10_CANsq,crpm_tmp_sdry_sflat,crpm,../../textures10/human/win/crp_tmp_sdry_sflat_sq_s.dds
terrain10_CANsq,crpm_tmp_wet,crpm,../../textures10/human/win/crp_tmp_wet_flat_sq_s.dds
terrain10_CANsq,crpm_tmp_wet_hill,crpm,../../textures10/human/win/crp_tmp_wet_hill_d.dds
terrain10_CANsq,crpm_tmp_wet_sflat,crpm,../../textures10/human/win/crp_tmp_wet_sflat_sq_s.dds
terrain10_NAW,sq_crp_tmp_sdry,sq,../../textures10/human/fal/pastr_tmp_wet_flat_sq_s.dds
terrain10_NAW,sq_crp_tmp_sdry_sflat,sq,../../textures10/human/fal/pastr_tmp_wet_flat_sq_s.dds
terrain10_NAW,sq_crpirg_hot_dry,sq,../../textures10/human/fal/crpirg_wrm_dry_flat_sq_s.dds
terrain10_NAW,sq_crpirg_tmp_dry,sq,../../textures10/human/fal/crpirg_wrm_dry_flat_sq_s.dds
terrain10_NAW,sq_crpirg_wrm_dry,sq,../../textures10/human/fal/crpirg_wrm_dry_flat_sq_s.dds
terrain10_NAW,sq_crp_tmp_sdry,sq,../textures10/human/pastr_tmp_wet_flat_sq_s.dds
terrain10_NAW,sq_crp_tmp_sdry_sflat,sq,../textures10/human/pastr_tmp_wet_flat_sq_s.dds
terrain10_NAW,sq_crpirg_hot_dry,sq,../textures10/human/crpirg_wrm_dry_flat_sq_s.dds
terrain10_NAW,sq_crpirg_tmp_dry,sq,../textures10/human/crpirg_wrm_dry_flat_sq_s.dds
terrain10_NAW,sq_crpirg_wrm_dry,sq,../textures10/human/crpirg_wrm_dry_flat_sq_s.dds
terrain10_NAW,sq_crp_tmp_sdry,sq,../../textures10/human/win/pastr_tmp_wet_flat_sq_s.dds
terrain10_NAW,sq_crp_tmp_sdry_sflat,sq,../../textures10/human/win/pastr_tmp_wet_flat_sq_s.dds
terrain10_NAW,sq_crpirg_hot_dry,sq,../../textures10/human/win/crpirg_wrm_dry_flat_sq_s.dds
terrain10_NAW,sq_crpirg_tmp_dry,sq,../../textures10/human/win/crpirg_wrm_dry_flat_sq_s.dds
terrain10_NAW,sq_crpirg_wrm_dry,sq,../../textures10/human/win/crpirg_wrm_dry_flat_sq_s.dds
terrain10_NHS,ice_cld_dry_sflat,ice,../../textures10/soil/fal/rock_cld_wet_sflat_d.dds
terrain10_NHS,ice_cld_dry_sflat_lo,ice,../../textures10/soil/fal/rock_cld_wet_sflat_d.dds
terrain10_NHS,ice_cld_rain_flat,ice,../../textures10/soil/fal/rock_cld_wet_sflat_d.dds
terrain10_NHS,ice_cld_rain_flat_lo,ice,../../textures10/soil/fal/rock_cld_wet_sflat_d.dds
terrain10_NHS,ice_cld_rain_sflat_lo,ice,../../textures10/soil/fal/rock_cld_wet_sflat_d.dds
terrain10_NHS,ice_cld_sdry_sflat,ice,../../textures10/soil/fal/rock_cld_wet_sflat_d.dds
terrain10_NHS,ice_cld_sdry_sflat_lo,ice,../../textures10/soil/fal/rock_cld_wet_sflat_d.dds
terrain10_NHS,ice_cld_wet_flat,ice,../../textures10/soil/fal/rock_cld_wet_sflat_d.dds
terrain10_NHS,ice_cld_wet_flat_lo,ice,../../textures10/soil/fal/rock_cld_wet_sflat_d.dds
terrain10_NHS,ice_cld_wet_sflat_lo,ice,../../textures10/soil/fal/rock_cld_wet_sflat_d.dds
terrain10_NHS,ice_tmp_rain_flat,ice,../../textures10/soil/fal/rock_cld_wet_sflat_d.dds
terrain10_NHS,ice_tmp_rain_flat_lo,ice,../../textures10/soil/fal/rock_cld_wet_sflat_d.dds
terrain10_NHS,ice_tmp_rain_sflat,ice,../../textures10/soil/fal/rock_cld_wet_sflat_d.dds
terrain10_NHS,ice_tmp_rain_sflat_lo,ice,../../textures10/soil/fal/rock_cld_wet_sflat_d.dds
terrain10_NHS,ice_tmp_wet_flat,ice,../../textures10/soil/fal/rock_cld_wet_sflat_d.dds
terrain10_NHS,ice_tmp_wet_flat_lo,ice,../../textures10/soil/fal/rock_cld_wet_sflat_d.dds
terrain10_NHS,ice_tmp_wet_sflat,ice,../../textures10/soil/fal/rock_cld_wet_sflat_d.dds
terrain10_NHS,ice_tmp_wet_sflat_lo,ice,../../textures10/soil/fal/rock_cld_wet_sflat_d.dds
terrain10_NHS,ice_cld_dry_flat,ice,../textures10/soil/rock_cld_sdry_flat_c.dds
terrain10_NHS,ice_cld_dry_flat_lo,ice,../textures10/soil/rock_cld_sdry_flat_c.dds
terrain10_NHS,ice_cld_dry_hill,ice,../textures10/soil/rock_cld_dry_hill_d.dds
terrain10_NHS,ice_cld_dry_sflat,ice,../textures10/soil/rock_cld_wet_sflat_d.dds
terrain10_NHS,ice_cld_dry_sflat_lo,ice,../textures10/soil/rock_cld_wet_sflat_d.dds
terrain10_NHS,ice_cld_dry_steep,ice,../textures10/soil/rock_vcld_wet_steep_d.dds
terrain10_NHS,ice_cld_rain_flat,ice,../textures10/soil/rock_cld_wet_sflat_d.dds
terrain10_NHS,ice_cld_rain_flat_lo,ice,../textures10/soil/rock_cld_wet_sflat_d.dds
terrain10_NHS,ice_cld_rain_hill,ice,../textures10/soil/rock_cld_wet_hill_d.dds
terrain10_NHS,ice_cld_rain_sflat,ice,../textures10/soil/rock_vcld_rain_flat_c.dds
terrain10_NHS,ice_cld_rain_sflat_lo,ice,../textures10/soil/rock_cld_wet_sflat_d.dds
terrain10_NHS,ice_cld_rain_steep,ice,../textures10/soil/rock_vcld_wet_steep_d.dds
terrain10_NHS,ice_cld_sdry_flat,ice,../textures10/soil/rock_cld_sdry_flat_c.dds
terrain10_NHS,ice_cld_sdry_flat_lo,ice,../textures10/soil/rock_cld_sdry_flat_c.dds
terrain10_NHS,ice_cld_sdry_hill,ice,../textures10/soil/rock_cld_dry_hill_d.dds
terrain10_NHS,ice_cld_sdry_sflat,ice,../textures10/soil/rock_cld_wet_sflat_d.dds
terrain10_NHS,ice_cld_sdry_sflat_lo,ice,../textures10/soil/rock_cld_wet_sflat_d.dds
terrain10_NHS,ice_cld_sdry_steep,ice,../textures10/soil/rock_vcld_wet_steep_d.dds
terrain10_NHS,ice_cld_wet_flat,ice,../textures10/soil/rock_cld_wet_sflat_d.dds
terrain10_NHS,ice_cld_wet_flat_lo,ice,../textures10/soil/rock_cld_wet_sflat_d.dds
terrain10_NHS,ice_cld_wet_hill,ice,../textures10/soil/rock_cld_wet_hill_d.dds
terrain10_NHS,ice_cld_wet_sflat,ice,../textures10/soil/rock_vcld_rain_flat_c.dds
terrain10_NHS,ice_cld_wet_sflat_lo,ice,../textures10/soil/rock_cld_wet_sflat_d.dds
terrain10_NHS,ice_cld_wet_steep,ice,../textures10/soil/rock_vcld_wet_steep_d.dds
terrain10_NHS,ice_pol_dry_flat,ice,../textures10/soil/rock_pol_wet_sflat_d.dds
terrain10_NHS,ice_pol_dry_flat_lo,ice,../textures10/soil/snow_vcld_sdry_sflat_d.dds
terrain10_NHS,ice_pol_dry_sflat,ice,../textures10/soil/snow_vcld_wet_sflat_d.dds
terrain10_NHS,ice_pol_dry_sflat_lo,ice,../textures10/soil/snow_vcld_wet_sflat_d.dds
terrain10_NHS,ice_pol_dry_steep,ice,../textures10/soil/rock_pol_wet_steep_d.dds
terrain10_NHS,ice_pol_rain_flat,ice,../textures10/soil/snow_vcld_rain_hill_d.dds
terrain10_NHS,ice_pol_rain_flat_lo,ice,../textures10/soil/snow_vcld_rain_hill_d.dds
terrain10_NHS,ice_pol_rain_sflat,ice,../textures10/soil/snow_pol_rain_hill_d.dds
terrain10_NHS,ice_pol_rain_sflat_lo,ice,../textures10/soil/snow_pol_rain_hill_d.dds
terrain10_NHS,ice_pol_rain_steep,ice,../textures10/soil/snow_pol_rain_steep_d.dds
terrain10_NHS,ice_pol_sdry_flat,ice,../textures10/soil/rock_pol_wet_sflat_d.dds
terrain10_NHS,ice_pol_sdry_flat_lo,ice,../textures10/soil/snow_vcld_sdry_sflat_d.dds
terrain10_NHS,ice_pol_sdry_sflat,ice,../textures10/soil/snow_vcld_wet_sflat_d.dds
terrain10_NHS,ice_pol_sdry_sflat_lo,ice,../textures10/soil/snow_vcld_wet_sflat_d.dds
terrain10_NHS,ice_pol_sdry_steep,ice,../textures10/soil/rock_pol_wet_steep_d.dds
terrain10_NHS,ice_pol_wet_flat,ice,../textures10/soil/snow_vcld_rain_hill_d.dds
terrain10_NHS,ice_pol_wet_flat_lo,ice,../textures10/soil/snow_vcld_rain_hill_d.dds
terrain10_NHS,ice_pol_wet_sflat,ice,../textures10/soil/snow_pol_rain_hill_d.dds
terrain10_NHS,ice_pol_wet_sflat_lo,ice,../textures10/soil/snow_pol_rain_hill_d.dds
terrain10_NHS,ice_pol_wet_steep,ice,../textures10/soil/snow_vcld_rain_steep_d.dds
terrain10_NHS,ice_tmp_rain_flat,ice,../textures10/soil/rock_cld_wet_sflat_d.dds
terrain10_NHS,ice_tmp_rain_flat_lo,ice,../textures10/soil/rock_cld_wet_sflat_d.dds
terrain10_NHS,ice_tmp_rain_hill,ice,../textures10/soil/rock_cld_wet_hill_d.dds
terrain10_NHS,ice_tmp_rain_sflat,ice,../textures10/soil/rock_cld_wet_sflat_d.dds
terrain10_NHS,ice_tmp_rain_sflat_lo,ice,../textures10/soil/rock_cld_wet_sflat_d.dds
terrain10_NHS,ice_tmp_rain_steep,ice,../textures10/soil/rock_vcld_wet_steep_d.dds
terrain10_NHS,ice_tmp_wet_flat,ice,../textures10/soil/rock_cld_wet_sflat_d.dds
terrain10_NHS,ice_tmp_wet_flat_lo,ice,../textures10/soil/rock_cld_wet_sflat_d.dds
terrain10_NHS,ice_tmp_wet_hill,ice,../textures10/soil/rock_cld_wet_hill_d.dds
terrain10_NHS,ice_tmp_wet_sflat,ice,../textures10/soil/rock_cld_wet_sflat_d.dds
terrain10_NHS,ice_tmp_wet_sflat_lo,ice,../textures10/soil/rock_cld_wet_sflat_d.dds
terrain10_NHS,ice_tmp_wet_steep,ice,../textures10/soil/rock_vcld_wet_steep_d.dds
terrain10_NHS,ice_vcld_dry_flat,ice,../textures10/soil/rock_vcld_rain_flat_c.dds
terrain10_NHS,ice_vcld_dry_flat_lo,ice,../textures10/soil/rock_vcld_rain_flat_c.dds
terrain10_NHS,ice_vcld_dry_hill,ice,../textures10/soil/rock_vcld_wet_hill_d.dds
terrain10_NHS,ice_vcld_dry_sflat,ice,../textures10/soil/rock_vcld_wet_sflat_d.dds
terrain10_NHS,ice_vcld_dry_sflat_lo,ice,../textures10/soil/rock_vcld_wet_sflat_d.dds
terrain10_NHS,ice_vcld_dry_steep,ice,../textures10/soil/rock_vcld_wet_steep_d.dds
terrain10_NHS,ice_vcld_rain_flat,ice,../textures10/soil/rock_pol_wet_sflat_d.dds
terrain10_NHS,ice_vcld_rain_flat_lo,ice,../textures10/soil/rock_pol_wet_sflat_d.dds
terrain10_NHS,ice_vcld_rain_hill,ice,../textures10/soil/snow_vcld_sdry_sflat_d.dds
terrain10_NHS,ice_vcld_rain_sflat,ice,../textures10/soil/rock_pol_wet_hill_d.dds
terrain10_NHS,ice_vcld_rain_sflat_lo,ice,../textures10/soil/rock_vcld_wet_sflat_d.dds
terrain10_NHS,ice_vcld_rain_steep,ice,../textures10/soil/rock_pol_wet_steep_d.dds
terrain10_NHS,ice_vcld_rain_steep_tp,ice,../textures10/soil/rock_vcld_wet_steep_d.dds
terrain10_NHS,ice_vcld_sdry_flat,ice,../textures10/soil/rock_vcld_rain_flat_c.dds
terrain10_NHS,ice_vcld_sdry_flat_lo,ice,../textures10/soil/rock_vcld_rain_flat_c.dds
terrain10_NHS,ice_vcld_sdry_hill,ice,../textures10/soil/rock_pol_wet_hill_d.dds
terrain10_NHS,ice_vcld_sdry_sflat,ice,../textures10/soil/rock_vcld_wet_sflat_d.dds
terrain10_NHS,ice_vcld_sdry_sflat_lo,ice,../textures10/soil/rock_vcld_wet_sflat_d.dds
terrain10_NHS,ice_vcld_sdry_steep,ice,../textures10/soil/rock_pol_rain_steep_d.dds
terrain10_NHS,ice_vcld_wet_flat,ice,../textures10/soil/rock_vcld_rain_flat_c.dds
terrain10_NHS,ice_vcld_wet_flat_lo,ice,../textures10/soil/rock_vcld_rain_flat_c.dds
terrain10_NHS,ice_vcld_wet_hill,ice,../textures10/soil/rock_pol_wet_hill_d.dds
terrain10_NHS,ice_vcld_wet_sflat,ice,../textures10/soil/rock_pol_wet_sflat_d.dds
terrain10_NHS,ice_vcld_wet_sflat_lo,ice,../textures10/soil/rock_vcld_wet_sflat_d.dds
terrain10_NHS,ice_vcld_wet_steep,ice,../textures10/soil/rock_pol_wet_steep_d.dds
terrain10_NHS,ice_vcld_wet_steep_tp,ice,../textures10/soil/rock_pol_rain_steep_d.dds
terrain10_SEA,crp_tmp_rain,crp,../textures10/human/crp_tmp_wet_flat_sea_c.dds
terrain10_SEA,crp_tmp_wet,crp,../textures10/human/crp_tmp_wet_flat_sea_c.dds
terrain10_SEA,crpirg_tmp_rain,crpirg,../textures10/human/crp_tmp_wet_flat_sea_c.dds
terrain10_SEA,crpirg_tmp_wet,crpirg,../textures10/human/crp_tmp_wet_flat_sea_c.dds
terrain10_SEA,crp_tmp_rain,crp,../../textures10/human/fal/crp_tmp_wet_flat_sea_c.dds
terrain10_SEA,crp_tmp_wet,crp,../../textures10/human/fal/crp_tmp_wet_flat_sea_c.dds
terrain10_SEA,crpirg_tmp_rain,crpirg,../../textures10/human/fal/crp_tmp_wet_flat_sea_c.dds
terrain10_SEA,crpirg_tmp_wet,crpirg,../../textures10/human/fal/crp_tmp_wet_flat_sea_c.dds
terrain10_SEA,crp_tmp_rain,crp,../../textures10/human/win/crp_tmp_wet_flat_sea_c.dds
terrain10_SEA,crp_tmp_wet,crp,../../textures10/human/win/crp_tmp_wet_flat_sea_c.dds
terrain10_SEA,crpirg_tmp_rain,crpirg,../../textures10/human/win/crp_tmp_wet_flat_sea_c.dds
terrain10_SEA,crpirg_tmp_wet,crpirg,../../textures10/human/win/crp_tmp_wet_flat_sea_c.dds
terrain10_SHS,bare_scree_cld_rain,bare,../textures10/soil/snow_vcld_sdry_sflat_d.dds
terrain10_SHS,bare_scree_cld_wet,bare,../textures10/soil/rock_vcld_wet_sflat_d.dds
terrain10_SHS,ice_tmp_rain_steep,ice,../../textures10/soil/fal/rock_cld_wet_steep_d.dds
terrain10_SHS,ice_cld_rain_steep_tp,ice,../textures10/soil/ice_pol_tp_d.dds
terrain10_SHS,ice_cld_sdry_steep_tp,ice,../textures10/soil/rock_pol_wet_hill_d.dds
terrain10_SHS,ice_cld_wet_steep_tp,ice,../textures10/soil/snow_vcld_rain_steep_d.dds
terrain10_SHS,ice_tmp_rain_steep,ice,../textures10/soil/rock_cld_wet_steep_d.dds
terrain10_SHS,ice_tmp_rain_steep_tp,ice,../textures10/soil/snow_vcld_wet_hill_d.dds
terrain10_SHS,ice_tmp_sdry_steep,ice,../textures10/soil/rock_cld_dry_steep_d.dds
terrain10_SHS,ice_tmp_sdry_steep_tp,ice,../textures10/soil/rock_vcld_sdry_steep_d.dds
terrain10_SHS,ice_tmp_wet_steep,ice,../textures10/soil/rock_vcld_wet_hill_d.dds
terrain10_SHS,ice_tmp_wet_steep_tp,ice,../textures10/soil/snow_vcld_wet_hill_d.dds
terrain10_SHS,rock_cld_rain_hill,rock,../textures10/soil/rock_vcld_wet_hill_d.dds
terrain10_SHS,rock_cld_sdry_hill,rock,../textures10/soil/rock_vcld_wet_hill_d.dds
terrain10_SHS,rock_cld_wet_hill,rock,../textures10/soil/rock_vcld_wet_hill_d.dds
terrain10_SHS,rock_vcld_rain_hill,rock,../textures10/soil/rock_pol_wet_hill_d.dds
terrain10_SHS,rock_vcld_sdry_hill,rock,../textures10/soil/rock_pol_wet_hill_d.dds
terrain10_SHS,rock_vcld_wet_hill,rock,../textures10/soil/rock_pol_wet_hill_d.dds
terrain10_VLC,sp_cld_dry_fl,sp,../../textures10/loveg/fal/vlc_sprs_cld_sflat_d.dds
terrain10_VLC,sp_cld_dry_fl_md,sp,../../textures10/loveg/fal/vlc_sprs_cld_hill_d.dds
terrain10_VLC,sp_cld_dry_fl_tp,sp,../../textures10/loveg/fal/vlc_sprs_cld_sflat_d.dds
terrain10_VLC,sp_cld_dry_hill,sp,../../textures10/loveg/fal/vlc_sprs_cld_hill_d.dds
terrain10_VLC,sp_cld_dry_sflat,sp,../../textures10/loveg/fal/vlc_sprs_cld_sflat_d.dds
terrain10_VLC,sp_cld_rain_fl,sp,../../textures10/loveg/fal/vlc_sprs_cld_sflat_d.dds
terrain10_VLC,sp_cld_rain_fl_md,sp,../../textures10/loveg/fal/vlc_sprs_cld_hill_d.dds
terrain10_VLC,sp_cld_rain_fl_tp,sp,../../textures10/loveg/fal/vlc_sprs_cld_sflat_d.dds
terrain10_VLC,sp_cld_rain_hill,sp,../../textures10/loveg/fal/vlc_sprs_cld_hill_d.dds
terrain10_VLC,sp_cld_rain_sflat,sp,../../textures10/loveg/fal/vlc_sprs_cld_sflat_d.dds
terrain10_VLC,sp_cld_sdry_fl,sp,../../textures10/loveg/fal/vlc_sprs_cld_sflat_d.dds
terrain10_VLC,sp_cld_sdry_fl_md,sp,../../textures10/loveg/fal/vlc_sprs_cld_hill_d.dds
terrain10_VLC,sp_cld_sdry_fl_tp,sp,../../textures10/loveg/fal/vlc_sprs_cld_sflat_d.dds
terrain10_VLC,sp_cld_sdry_hill,sp,../../textures10/loveg/fal/vlc_sprs_cld_hill_d.dds
terrain10_VLC,sp_cld_sdry_sflat,sp,../../textures10/loveg/fal/vlc_sprs_cld_sflat_d.dds
terrain10_VLC,sp_cld_wet_fl,sp,../../textures10/loveg/fal/vlc_sprs_cld_sflat_d.dds
terrain10_VLC,sp_cld_wet_fl_md,sp,../../textures10/loveg/fal/vlc_sprs_cld_hill_d.dds
terrain10_VLC,sp_cld_wet_fl_tp,sp,../../textures10/loveg/fal/vlc_sprs_cld_sflat_d.dds
terrain10_VLC,sp_cld_wet_grass,sp,../../textures10/loveg/fal/vlc_sprs_cld_hill_d.dds
terrain10_VLC,sp_cld_wet_hill,sp,../../textures10/loveg/fal/vlc_sprs_cld_hill_d.dds
terrain10_VLC,sp_cld_wet_sflat,sp,../../textures10/loveg/fal/vlc_sprs_cld_sflat_d.dds
terrain10_VLC,sp_tmp_dry_fl,sp,../../textures10/loveg/fal/vlc_sprs_cld_sflat_d.dds
terrain10_VLC,sp_tmp_dry_fl2,sp,../../textures10/loveg/fal/vlc_sprs_cld_sflat_d.dds
terrain10_VLC,sp_tmp_dry_fl_md,sp,../../textures10/loveg/fal/vlc_sprs_cld_hill_d.dds
terrain10_VLC,sp_tmp_dry_fl_tp,sp,../../textures10/loveg/fal/vlc_sprs_cld_sflat_d.dds
terrain10_VLC,sp_tmp_dry_hill,sp,../../textures10/loveg/vlc_sprs_wrm_hill_d.dds
terrain10_VLC,sp_tmp_dry_sflat,sp,../../textures10/loveg/fal/vlc_sprs_cld_sflat_d.dds
terrain10_VLC,sp_tmp_rain_fl,sp,../../textures10/loveg/fal/vlc_sprs_cld_sflat_d.dds
terrain10_VLC,sp_tmp_rain_fl_tp,sp,../../textures10/loveg/fal/vlc_sprs_cld_sflat_d.dds
terrain10_VLC,sp_tmp_rain_hill,sp,../../textures10/loveg/vlc_sprs_wrm_hill_d.dds
terrain10_VLC,sp_tmp_rain_sflat,sp,../../textures10/loveg/fal/vlc_sprs_cld_sflat_d.dds
terrain10_VLC,sp_tmp_sdry_fl,sp,../../textures10/loveg/fal/vlc_sprs_cld_sflat_d.dds
terrain10_VLC,sp_tmp_sdry_fl_md,sp,../../textures10/loveg/fal/vlc_sprs_cld_hill_d.dds
terrain10_VLC,sp_tmp_sdry_fl_tp,sp,../../textures10/loveg/fal/vlc_sprs_cld_sflat_d.dds
terrain10_VLC,sp_tmp_sdry_hill,sp,../../textures10/loveg/vlc_sprs_wrm_hill_d.dds
terrain10_VLC,sp_tmp_sdry_sflat,sp,../../textures10/loveg/fal/vlc_sprs_cld_sflat_d.dds
terrain10_VLC,sp_tmp_wet_fl,sp,../../textures10/loveg/fal/vlc_sprs_cld_sflat_d.dds
terrain10_VLC,sp_tmp_wet_fl_tp,sp,../../textures10/loveg/fal/vlc_sprs_cld_sflat_d.dds
terrain10_VLC,sp_tmp_wet_grass,sp,../../textures10/loveg/fal/vlc_sprs_cld_hill_d.dds
terrain10_VLC,sp_tmp_wet_hill,sp,../../textures10/loveg/fal/vlc_sprs_cld_hill_d.dds
terrain10_VLC,sp_tmp_wet_sflat,sp,../../textures10/loveg/fal/vlc_sprs_cld_sflat_d.dds
terrain10_VLC,spr_cld_dry_fl,spr,../../textures10/loveg/fal/vlc_sprs_cld_sflat_d.dds
terrain10_VLC,spr_cld_dry_sflat,spr,../../textures10/loveg/fal/vlc_sprs_cld_sflat_d.dds
terrain10_VLC,spr_cld_rain_fl,spr,../../textures10/loveg/fal/vlc_sprs_cld_sflat_d.dds
terrain10_VLC,spr_cld_rain_sflat,spr,../../textures10/loveg/fal/vlc_sprs_cld_sflat_d.dds
terrain10_VLC,spr_cld_sdry_fl,spr,../../textures10/loveg/fal/vlc_sprs_cld_sflat_d.dds
terrain10_VLC,spr_cld_sdry_sflat,spr,../../textures10/loveg/fal/vlc_sprs_cld_sflat_d.dds
terrain10_VLC,spr_cld_wet_fl,spr,../../textures10/loveg/fal/vlc_sprs_cld_sflat_d.dds
terrain10_VLC,spr_cld_wet_sflat,spr,../../textures10/loveg/fal/vlc_sprs_cld_sflat_d.dds
terrain10_VLC,spr_tmp_dry_fl,spr,../../textures10/loveg/fal/vlc_sprs_cld_sflat_d.dds
terrain10_VLC,spr_tmp_dry_sflat,spr,../../textures10/loveg/fal/vlc_sprs_cld_sflat_d.dds
terrain10_VLC,spr_tmp_rain_fl,spr,../../textures10/loveg/fal/vlc_sprs_cld_sflat_d.dds
terrain10_VLC,spr_tmp_rain_sflat,spr,../../textures10/loveg/fal/vlc_sprs_cld_sflat_d.dds
terrain10_VLC,spr_tmp_sdry_fl,spr,../../textures10/loveg/fal/vlc_sprs_cld_sflat_d.dds
terrain10_VLC,spr_tmp_sdry_sflat,spr,../../textures10/loveg/fal/vlc_sprs_cld_sflat_d.dds
terrain10_VLC,spr_tmp_wet_fl,spr,../../textures10/loveg/fal/vlc_sprs_cld_sflat_d.dds
terrain10_VLC,spr_tmp_wet_sflat,spr,../../textures10/loveg/fal/vlc_sprs_cld_sflat_d.dds
terrain10_VLC,rock_cld_dry_fl,rock,../textures10/soil/vlc_rock_cld_sflat_d.dds
terrain10_VLC,rock_cld_dry_fl_md,rock,../textures10/soil/vlc_rock_cld_hill_d.dds
terrain10_VLC,rock_cld_dry_fl_tp,rock,../textures10/soil/vlc_rock_cld_sflat_d.dds
terrain10_VLC,rock_cld_dry_hill,rock,../textures10/soil/vlc_rock_cld_hill_d.dds
terrain10_VLC,rock_cld_dry_sflat,rock,../textures10/soil/vlc_rock_cld_sflat_d.dds
terrain10_VLC,rock_cld_dry_steep,rock,../textures10/soil/vlc_rock_cld_steep_d.dds
terrain10_VLC,rock_cld_rain_fl,rock,../textures10/soil/vlc_rock_cld_sflat_d.dds
terrain10_VLC,rock_cld_rain_fl_md,rock,../textures10/soil/vlc_rock_cld_hill_d.dds
terrain10_VLC,rock_cld_rain_fl_tp,rock,../textures10/soil/vlc_rock_cld_sflat_d.dds
terrain10_VLC,rock_cld_rain_hill,rock,../textures10/soil/vlc_rock_cld_hill_d.dds
terrain10_VLC,rock_cld_rain_sflat,rock,../textures10/soil/vlc_rock_cld_sflat_d.dds
terrain10_VLC,rock_cld_rain_steep,rock,../textures10/soil/vlc_rock_cld_steep_d.dds
terrain10_VLC,rock_cld_sdry_fl,rock,../textures10/soil/vlc_rock_cld_sflat_d.dds
terrain10_VLC,rock_cld_sdry_fl_md,rock,../textures10/soil/vlc_rock_cld_hill_d.dds
terrain10_VLC,rock_cld_sdry_fl_tp,rock,../textures10/soil/vlc_rock_cld_sflat_d.dds
terrain10_VLC,rock_cld_sdry_hill,rock,../textures10/soil/vlc_rock_cld_hill_d.dds
terrain10_VLC,rock_cld_sdry_sflat,rock,../textures10/soil/vlc_rock_cld_sflat_d.dds
terrain10_VLC,rock_cld_sdry_steep,rock,../textures10/soil/vlc_rock_cld_steep_d.dds
terrain10_VLC,rock_cld_wet_fl,rock,../textures10/soil/vlc_rock_cld_sflat_d.dds
terrain10_VLC,rock_cld_wet_fl_md,rock,../textures10/soil/vlc_rock_cld_hill_d.dds
terrain10_VLC,rock_cld_wet_fl_tp,rock,../textures10/soil/vlc_rock_cld_sflat_d.dds
terrain10_VLC,rock_cld_wet_hill,rock,../textures10/soil/vlc_rock_cld_hill_d.dds
terrain10_VLC,rock_cld_wet_sflat,rock,../textures10/soil/vlc_rock_cld_sflat_d.dds
terrain10_VLC,rock_cld_wet_steep,rock,../textures10/soil/vlc_rock_cld_steep_d.dds
terrain10_VLC,rock_hot_dry_fl,rock,../textures10/soil/vlc_rock_wrm_sflat_d.dds
terrain10_VLC,rock_hot_dry_fl_md,rock,../textures10/soil/vlc_rock_wrm_hill_d.dds
terrain10_VLC,rock_hot_dry_fl_tp,rock,../textures10/soil/vlc_rock_wrm_sflat_d.dds
terrain10_VLC,rock_hot_dry_hill,rock,../textures10/soil/vlc_rock_wrm_hill_d.dds
terrain10_VLC,rock_hot_dry_sflat,rock,../textures10/soil/vlc_rock_wrm_sflat_d.dds
terrain10_VLC,rock_hot_dry_steep,rock,../textures10/soil/vlc_rock_wrm_steep_d.dds
terrain10_VLC,rock_hot_rain_fl,rock,../textures10/soil/vlc_rock_wrm_sflat_d.dds
terrain10_VLC,rock_hot_rain_fl_md,rock,../textures10/soil/vlc_rock_wrm_hill_d.dds
terrain10_VLC,rock_hot_rain_fl_tp,rock,../textures10/soil/vlc_rock_wrm_sflat_d.dds
terrain10_VLC,rock_hot_rain_hill,rock,../textures10/soil/vlc_rock_wrm_hill_d.dds
terrain10_VLC,rock_hot_rain_sflat,rock,../textures10/soil/vlc_rock_wrm_sflat_d.dds
terrain10_VLC,rock_hot_rain_steep,rock,../textures10/soil/vlc_rock_wrm_steep_d.dds
terrain10_VLC,rock_hot_sdry_fl,rock,../textures10/soil/vlc_rock_wrm_sflat_d.dds
terrain10_VLC,rock_hot_sdry_fl_md,rock,../textures10/soil/vlc_rock_wrm_hill_d.dds
terrain10_VLC,rock_hot_sdry_fl_tp,rock,../textures10/soil/vlc_rock_wrm_sflat_d.dds
terrain10_VLC,rock_hot_sdry_hill,rock,../textures10/soil/vlc_rock_wrm_hill_d.dds
terrain10_VLC,rock_hot_sdry_sflat,rock,../textures10/soil/vlc_rock_wrm_sflat_d.dds
terrain10_VLC,rock_hot_sdry_steep,rock,../textures10/soil/vlc_rock_wrm_steep_d.dds
terrain10_VLC,rock_hot_wet_fl,rock,../textures10/soil/vlc_rock_wrm_sflat_d.dds
terrain10_VLC,rock_hot_wet_fl_md,rock,../textures10/soil/vlc_rock_wrm_hill_d.dds
terrain10_VLC,rock_hot_wet_fl_tp,rock,../textures10/soil/vlc_rock_wrm_sflat_d.dds
terrain10_VLC,rock_hot_wet_hill,rock,../textures10/soil/vlc_rock_wrm_hill_d.dds
terrain10_VLC,rock_hot_wet_sflat,rock,../textures10/soil/vlc_rock_wrm_sflat_d.dds
terrain10_VLC,rock_hot_wet_steep,rock,../textures10/soil/vlc_rock_wrm_steep_d.dds
terrain10_VLC,rock_tmp_dry_fl,rock,../textures10/soil/vlc_rock_wrm_sflat_d.dds
terrain10_VLC,rock_tmp_dry_fl_md,rock,../textures10/soil/vlc_rock_wrm_hill_d.dds
terrain10_VLC,rock_tmp_dry_fl_tp,rock,../textures10/soil/vlc_rock_wrm_sflat_d.dds
terrain10_VLC,rock_tmp_dry_hill,rock,../textures10/soil/vlc_rock_wrm_hill_d.dds
terrain10_VLC,rock_tmp_dry_sflat,rock,../textures10/soil/vlc_rock_wrm_sflat_d.dds
terrain10_VLC,rock_tmp_dry_steep,rock,../textures10/soil/vlc_rock_wrm_steep_d.dds
terrain10_VLC,rock_tmp_rain_fl,rock,../textures10/soil/vlc_rock_wrm_sflat_d.dds
terrain10_VLC,rock_tmp_rain_fl_md,rock,../textures10/soil/vlc_rock_wrm_sflat_d.dds
terrain10_VLC,rock_tmp_rain_fl_tp,rock,../textures10/soil/vlc_rock_wrm_hill_d.dds
terrain10_VLC,rock_tmp_rain_hill,rock,../textures10/soil/vlc_rock_wrm_sflat_d.dds
terrain10_VLC,rock_tmp_rain_sflat,rock,../textures10/soil/vlc_rock_wrm_steep_d.dds
terrain10_VLC,rock_tmp_rain_steep,rock,../textures10/soil/vlc_rock_wrm_sflat_d.dds
terrain10_VLC,rock_tmp_sdry_fl,rock,../textures10/soil/vlc_rock_wrm_sflat_d.dds
terrain10_VLC,rock_tmp_sdry_fl_md,rock,../textures10/soil/vlc_rock_wrm_hill_d.dds
terrain10_VLC,rock_tmp_sdry_fl_tp,rock,../textures10/soil/vlc_rock_wrm_sflat_d.dds
terrain10_VLC,rock_tmp_sdry_hill,rock,../textures10/soil/vlc_rock_wrm_hill_d.dds
terrain10_VLC,rock_tmp_sdry_sflat,rock,../textures10/soil/vlc_rock_wrm_sflat_d.dds
terrain10_VLC,rock_tmp_sdry_steep,rock,../textures10/soil/vlc_rock_wrm_steep_d.dds
terrain10_VLC,rock_tmp_wet_fl,rock,../textures10/soil/vlc_rock_wrm_hill_d.dds
terrain10_VLC,rock_tmp_wet_fl_md,rock,../textures10/soil/vlc_rock_wrm_hill_d.dds
terrain10_VLC,rock_tmp_wet_fl_tp,rock,../textures10/soil/vlc_rock_wrm_sflat_d.dds
terrain10_VLC,rock_tmp_wet_hill,rock,../textures10/soil/vlc_rock_wrm_sflat_d.dds
terrain10_VLC,rock_tmp_wet_sflat,rock,../textures10/soil/vlc_rock_wrm_steep_d.dds
terrain10_VLC,rock_tmp_wet_steep,rock,../textures10/soil/vlc_rock_wrm_sflat_d.dds
terrain10_VLC,rock_vcld_dry_fl,rock,../textures10/soil/vlc_rock_cld_sflat_d.dds
terrain10_VLC,rock_vcld_dry_fl_md,rock,../textures10/soil/vlc_rock_vcld_hill_d.dds
terrain10_VLC,rock_vcld_dry_fl_tp,rock,../textures10/soil/vlc_rock_cld_sflat_d.dds
terrain10_VLC,rock_vcld_dry_hill,rock,../textures10/soil/vlc_rock_vcld_hill_d.dds
terrain10_VLC,rock_vcld_dry_sflat,rock,../textures10/soil/vlc_rock_cld_sflat_d.dds
terrain10_VLC,rock_vcld_dry_steep,rock,../textures10/soil/vlc_rock_vcld_hill_d.dds
terrain10_VLC,rock_vcld_rain_fl,rock,../textures10/soil/vlc_rock_cld_sflat_d.dds
terrain10_VLC,rock_vcld_rain_fl_md,rock,../textures10/soil/vlc_rock_vcld_hill_d.dds
terrain10_VLC,rock_vcld_rain_fl_tp,rock,../textures10/soil/vlc_rock_cld_sflat_d.dds
terrain10_VLC,rock_vcld_rain_hill,rock,../textures10/soil/vlc_rock_vcld_hill_d.dds
terrain10_VLC,rock_vcld_rain_sflat,rock,../textures10/soil/vlc_rock_cld_sflat_d.dds
terrain10_VLC,rock_vcld_rain_steep,rock,../textures10/soil/vlc_rock_vcld_hill_d.dds
terrain10_VLC,rock_vcld_sdry_fl,rock,../textures10/soil/vlc_rock_cld_sflat_d.dds
terrain10_VLC,rock_vcld_sdry_fl_md,rock,../textures10/soil/vlc_rock_vcld_hill_d.dds
terrain10_VLC,rock_vcld_sdry_fl_tp,rock,../textures10/soil/vlc_rock_cld_sflat_d.dds
terrain10_VLC,rock_vcld_sdry_hill,rock,../textures10/soil/vlc_rock_vcld_hill_d.dds
terrain10_VLC,rock_vcld_sdry_sflat,rock,../textures10/soil/vlc_rock_cld_sflat_d.dds
terrain10_VLC,rock_vcld_sdry_steep,rock,../textures10/soil/vlc_rock_vcld_hill_d.dds
terrain10_VLC,rock_vcld_wet_fl,rock,../textures10/soil/vlc_rock_cld_sflat_d.dds
terrain10_VLC,rock_vcld_wet_fl_md,rock,../textures10/soil/vlc_rock_vcld_hill_d.dds
terrain10_VLC,rock_vcld_wet_fl_tp,rock,../textures10/soil/vlc_rock_cld_sflat_d.dds
terrain10_VLC,rock_vcld_wet_hill,rock,../textures10/soil/vlc_rock_vcld_hill_d.dds
terrain10_VLC,rock_vcld_wet_sflat,rock,../textures10/soil/vlc_rock_cld_sflat_d.dds
terrain10_VLC,rock_vcld_wet_steep,rock,../textures10/soil/vlc_rock_vcld_hill_d.dds
terrain10_VLC,rock_vhot_dry_fl,rock,../textures10/soil/vlc_rock_wrm_sflat_d.dds
terrain10_VLC,rock_vhot_dry_fl_md,rock,../textures10/soil/vlc_rock_wrm_hill_d.dds
terrain10_VLC,rock_vhot_dry_fl_tp,rock,../textures10/soil/vlc_rock_wrm_sflat_d.dds
terrain10_VLC,rock_vhot_dry_hill,rock,../textures10/soil/vlc_rock_wrm_hill_d.dds
terrain10_VLC,rock_vhot_dry_sflat,rock,../textures10/soil/vlc_rock_wrm_sflat_d.dds
terrain10_VLC,rock_vhot_dry_steep,rock,../textures10/soil/vlc_rock_wrm_steep_d.dds
terrain10_VLC,rock_vhot_rain_fl,rock,../textures10/soil/vlc_rock_wrm_sflat_d.dds
terrain10_VLC,rock_vhot_rain_fl_md,rock,../textures10/soil/vlc_rock_wrm_hill_d.dds
terrain10_VLC,rock_vhot_rain_fl_tp,rock,../textures10/soil/vlc_rock_wrm_sflat_d.dds
terrain10_VLC,rock_vhot_rain_hill,rock,../textures10/soil/vlc_rock_wrm_hill_d.dds
terrain10_VLC,rock_vhot_rain_sflat,rock,../textures10/soil/vlc_rock_wrm_sflat_d.dds
terrain10_VLC,rock_vhot_rain_steep,rock,../textures10/soil/vlc_rock_wrm_steep_d.dds
terrain10_VLC,rock_vhot_sdry_fl,rock,../textures10/soil/vlc_rock_wrm_sflat_d.dds
terrain10_VLC,rock_vhot_sdry_fl_md,rock,../textures10/soil/vlc_rock_wrm_hill_d.dds
terrain10_VLC,rock_vhot_sdry_fl_tp,rock,../textures10/soil/vlc_rock_wrm_sflat_d.dds
terrain10_VLC,rock_vhot_sdry_hill,rock,../textures10/soil/vlc_rock_wrm_hill_d.dds
terrain10_VLC,rock_vhot_sdry_sflat,rock,../textures10/soil/vlc_rock_wrm_sflat_d.dds
terrain10_VLC,rock_vhot_sdry_steep,rock,../textures10/soil/vlc_rock_wrm_steep_d.dds
terrain10_VLC,rock_vhot_wet_fl,rock,../textures10/soil/vlc_rock_wrm_sflat_d.dds
terrain10_VLC,rock_vhot_wet_fl_md,rock,../textures10/soil/vlc_rock_wrm_hill_d.dds
terrain10_VLC,rock_vhot_wet_fl_tp,rock,../textures10/soil/vlc_rock_wrm_sflat_d.dds
terrain10_VLC,rock_vhot_wet_hill,rock,../textures10/soil/vlc_rock_wrm_hill_d.dds
terrain10_VLC,rock_vhot_wet_sflat,rock,../textures10/soil/vlc_rock_wrm_sflat_d.dds
terrain10_VLC,rock_vhot_wet_steep,rock,../textures10/soil/vlc_rock_wrm_steep_d.dds
terrain10_VLC,rock_wrm_dry_fl,rock,../textures10/soil/vlc_rock_wrm_sflat_d.dds
terrain10_VLC,rock_wrm_dry_fl_md,rock,../textures10/soil/vlc_rock_wrm_hill_d.dds
terrain10_VLC,rock_wrm_dry_fl_tp,rock,../textures10/soil/vlc_rock_wrm_sflat_d.dds
terrain10_VLC,rock_wrm_dry_hill,rock,../textures10/soil/vlc_rock_wrm_hill_d.dds
terrain10_VLC,rock_wrm_dry_sflat,rock,../textures10/soil/vlc_rock_wrm_sflat_d.dds
terrain10_VLC,rock_wrm_dry_steep,rock,../textures10/soil/vlc_rock_wrm_steep_d.dds
terrain10_VLC,rock_wrm_rain_fl,rock,../textures10/soil/vlc_rock_wrm_sflat_d.dds
terrain10_VLC,rock_wrm_rain_fl_md,rock,../textures10/soil/vlc_rock_wrm_hill_d.dds
terrain10_VLC,rock_wrm_rain_fl_tp,rock,../textures10/soil/vlc_rock_wrm_sflat_d.dds
terrain10_VLC,rock_wrm_rain_hill,rock,../textures10/soil/vlc_rock_wrm_hill_d.dds
terrain10_VLC,rock_wrm_rain_sflat,rock,../textures10/soil/vlc_rock_wrm_sflat_d.dds
terrain10_VLC,rock_wrm_rain_steep,rock,../textures10/soil/vlc_rock_wrm_steep_d.dds
terrain10_VLC,rock_wrm_sdry_fl,rock,../textures10/soil/vlc_rock_wrm_sflat_d.dds
terrain10_VLC,rock_wrm_sdry_fl_md,rock,../textures10/soil/vlc_rock_wrm_hill_d.dds
terrain10_VLC,rock_wrm_sdry_fl_tp,rock,../textures10/soil/vlc_rock_wrm_sflat_d.dds
terrain10_VLC,rock_wrm_sdry_hill,rock,../textures10/soil/vlc_rock_wrm_hill_d.dds
terrain10_VLC,rock_wrm_sdry_sflat,rock,../textures10/soil/vlc_rock_wrm_sflat_d.dds
terrain10_VLC,rock_wrm_sdry_steep,rock,../textures10/soil/vlc_rock_wrm_steep_d.dds
terrain10_VLC,rock_wrm_wet_fl,rock,../textures10/soil/vlc_rock_wrm_sflat_d.dds
terrain10_VLC,rock_wrm_wet_fl_md,rock,../textures10/soil/vlc_rock_wrm_hill_d.dds
terrain10_VLC,rock_wrm_wet_fl_tp,rock,../textures10/soil/vlc_rock_wrm_sflat_d.dds
terrain10_VLC,rock_wrm_wet_hill,rock,../textures10/soil/vlc_rock_wrm_hill_d.dds
terrain10_VLC,rock_wrm_wet_sflat,rock,../textures10/soil/vlc_rock_wrm_sflat_d.dds
terrain10_VLC,rock_wrm_wet_steep,rock,../textures10/soil/vlc_rock_wrm_steep_d.dds
terrain10_VLC,sp_cld_dry_fl,sp,../textures10/loveg/vlc_sprs_cld_sflat_d.dds
terrain10_VLC,sp_cld_dry_fl_md,sp,../textures10/loveg/vlc_sprs_cld_hill_d.dds
terrain10_VLC,sp_cld_dry_fl_tp,sp,../textures10/loveg/vlc_sprs_cld_sflat_d.dds
terrain10_VLC,sp_cld_dry_hill,sp,../textures10/loveg/vlc_sprs_cld_hill_d.dds
terrain10_VLC,sp_cld_dry_sflat,sp,../textures10/loveg/vlc_sprs_cld_sflat_d.dds
terrain10_VLC,sp_cld_rain_fl,sp,../textures10/loveg/vlc_sprs_cld_sflat_d.dds
terrain10_VLC,sp_cld_rain_fl_md,sp,../textures10/loveg/vlc_sprs_cld_hill_d.dds
terrain10_VLC,sp_cld_rain_fl_tp,sp,../textures10/loveg/vlc_sprs_cld_sflat_d.dds
terrain10_VLC,sp_cld_rain_hill,sp,../textures10/loveg/vlc_sprs_cld_hill_d.dds
terrain10_VLC,sp_cld_rain_sflat,sp,../textures10/loveg/vlc_sprs_cld_sflat_d.dds
terrain10_VLC,sp_cld_sdry_fl,sp,../textures10/loveg/vlc_sprs_cld_sflat_d.dds
terrain10_VLC,sp_cld_sdry_fl_md,sp,../textures10/loveg/vlc_sprs_cld_hill_d.dds
terrain10_VLC,sp_cld_sdry_fl_tp,sp,../textures10/loveg/vlc_sprs_cld_sflat_d.dds
terrain10_VLC,sp_cld_sdry_hill,sp,../textures10/loveg/vlc_sprs_cld_hill_d.dds
terrain10_VLC,sp_cld_sdry_sflat,sp,../textures10/loveg/vlc_sprs_cld_sflat_d.dds
terrain10_VLC,sp_cld_wet_fl,sp,../textures10/loveg/vlc_sprs_cld_sflat_d.dds
terrain10_VLC,sp_cld_wet_fl_md,sp,../textures10/loveg/vlc_sprs_cld_hill_d.dds
terrain10_VLC,sp_cld_wet_fl_tp,sp,../textures10/loveg/vlc_sprs_cld_sflat_d.dds
terrain10_VLC,sp_cld_wet_grass,sp,../textures10/loveg/vlc_sprs_cld_hill_d.dds
terrain10_VLC,sp_cld_wet_hill,sp,../textures10/loveg/vlc_sprs_cld_hill_d.dds
terrain10_VLC,sp_cld_wet_sflat,sp,../textures10/loveg/vlc_sprs_cld_sflat_d.dds
terrain10_VLC,sp_hot_dry_fl,sp,../textures10/loveg/vlc_sprs_wrm_sflat_d.dds
terrain10_VLC,sp_hot_dry_fl_md,sp,../textures10/loveg/vlc_sprs_wrm_hill_d.dds
terrain10_VLC,sp_hot_dry_fl_tp,sp,../textures10/loveg/vlc_sprs_wrm_sflat_d.dds
terrain10_VLC,sp_hot_dry_hill,sp,../textures10/loveg/vlc_sprs_wrm_hill_d.dds
terrain10_VLC,sp_hot_dry_sflat,sp,../textures10/loveg/vlc_sprs_wrm_hill_d.dds
terrain10_VLC,sp_hot_dry_tr_hill,sp,../textures10/loveg/vlc_sprs_wrm_hill_d.dds
terrain10_VLC,sp_hot_rain_fl,sp,../textures10/loveg/vlc_sprs_wrm_sflat_d.dds
terrain10_VLC,sp_hot_rain_fl_md,sp,../textures10/loveg/vlc_sprs_wrm_hill_d.dds
terrain10_VLC,sp_hot_rain_fl_tp,sp,../textures10/loveg/vlc_sprs_wrm_sflat_d.dds
terrain10_VLC,sp_hot_rain_hill,sp,../textures10/loveg/vlc_sprs_wrm_hill_d.dds
terrain10_VLC,sp_hot_rain_sflat,sp,../textures10/loveg/vlc_sprs_wrm_hill_d.dds
terrain10_VLC,sp_hot_rain_tr_hill,sp,../textures10/loveg/vlc_sprs_wrm_hill_d.dds
terrain10_VLC,sp_hot_sdry_fl,sp,../textures10/loveg/vlc_sprs_wrm_sflat_d.dds
terrain10_VLC,sp_hot_sdry_fl_md,sp,../textures10/loveg/vlc_sprs_wrm_hill_d.dds
terrain10_VLC,sp_hot_sdry_fl_tp,sp,../textures10/loveg/vlc_sprs_wrm_sflat_d.dds
terrain10_VLC,sp_hot_sdry_hill,sp,../textures10/loveg/vlc_sprs_wrm_hill_d.dds
terrain10_VLC,sp_hot_sdry_sflat,sp,../textures10/loveg/vlc_sprs_wrm_hill_d.dds
terrain10_VLC,sp_hot_sdry_tr_hill,sp,../textures10/loveg/vlc_sprs_wrm_hill_d.dds
terrain10_VLC,sp_hot_wet_fl,sp,../textures10/loveg/vlc_sprs_wrm_sflat_d.dds
terrain10_VLC,sp_hot_wet_fl_md,sp,../textures10/loveg/vlc_sprs_wrm_hill_d.dds
terrain10_VLC,sp_hot_wet_fl_tp,sp,../textures10/loveg/vlc_sprs_wrm_sflat_d.dds
terrain10_VLC,sp_hot_wet_hill,sp,../textures10/loveg/vlc_sprs_wrm_hill_d.dds
terrain10_VLC,sp_hot_wet_sflat,sp,../textures10/loveg/vlc_sprs_wrm_hill_d.dds
terrain10_VLC,sp_hot_wet_tr_hill,sp,../textures10/loveg/vlc_sprs_wrm_hill_d.dds
terrain10_VLC,sp_tmp_dry_fl,sp,../textures10/loveg/vlc_sprs_cld_sflat_d.dds
terrain10_VLC,sp_tmp_dry_fl2,sp,../textures10/loveg/vlc_sprs_cld_sflat_d.dds
terrain10_VLC,sp_tmp_dry_fl_md,sp,../textures10/loveg/vlc_sprs_cld_hill_d.dds
terrain10_VLC,sp_tmp_dry_fl_tp,sp,../textures10/loveg/vlc_sprs_cld_sflat_d.dds
terrain10_VLC,sp_tmp_dry_hill,sp,../textures10/loveg/vlc_sprs_wrm_hill_d.dds
terrain10_VLC,sp_tmp_dry_sflat,sp,../textures10/loveg/vlc_sprs_cld_sflat_d.dds
terrain10_VLC,sp_tmp_rain_fl,sp,../textures10/loveg/vlc_sprs_cld_sflat_d.dds
terrain10_VLC,sp_tmp_rain_fl_md,sp,../textures10/loveg/vlc_sprs_wrm_hill_d.dds
terrain10_VLC,sp_tmp_rain_fl_tp,sp,../textures10/loveg/vlc_sprs_cld_sflat_d.dds
terrain10_VLC,sp_tmp_rain_hill,sp,../textures10/loveg/vlc_sprs_wrm_hill_d.dds
terrain10_VLC,sp_tmp_rain_sflat,sp,../textures10/loveg/vlc_sprs_cld_sflat_d.dds
terrain10_VLC,sp_tmp_sdry_fl,sp,../textures10/loveg/vlc_sprs_cld_sflat_d.dds
terrain10_VLC,sp_tmp_sdry_fl_md,sp,../textures10/loveg/vlc_sprs_cld_hill_d.dds
terrain10_VLC,sp_tmp_sdry_fl_tp,sp,../textures10/loveg/vlc_sprs_cld_sflat_d.dds
terrain10_VLC,sp_tmp_sdry_hill,sp,../textures10/loveg/vlc_sprs_wrm_hill_d.dds
terrain10_VLC,sp_tmp_sdry_sflat,sp,../textures10/loveg/vlc_sprs_cld_sflat_d.dds
terrain10_VLC,sp_tmp_wet_fl,sp,../textures10/loveg/vlc_sprs_cld_sflat_d.dds
terrain10_VLC,sp_tmp_wet_fl_md,sp,../textures10/loveg/vlc_sprs_wrm_hill_d.dds
terrain10_VLC,sp_tmp_wet_fl_tp,sp,../textures10/loveg/vlc_sprs_cld_sflat_d.dds
terrain10_VLC,sp_tmp_wet_grass,sp,../textures10/loveg/vlc_sprs_cld_hill_d.dds
terrain10_VLC,sp_tmp_wet_hill,sp,../textures10/loveg/vlc_sprs_cld_hill_d.dds
terrain10_VLC,sp_tmp_wet_sflat,sp,../textures10/loveg/vlc_sprs_cld_sflat_d.dds
terrain10_VLC,sp_vhot_dry_fl,sp,../textures10/loveg/vlc_sprs_wrm_sflat_d.dds
terrain10_VLC,sp_vhot_dry_fl_md,sp,../textures10/loveg/vlc_sprs_wrm_hill_d.dds
terrain10_VLC,sp_vhot_dry_fl_tp,sp,../textures10/loveg/vlc_sprs_wrm_sflat_d.dds
terrain10_VLC,sp_vhot_dry_hill,sp,../textures10/loveg/vlc_sprs_wrm_hill_d.dds
terrain10_VLC,sp_vhot_dry_sflat,sp,../textures10/loveg/vlc_sprs_wrm_hill_d.dds
terrain10_VLC,sp_vhot_dry_tr_hill,sp,../textures10/loveg/vlc_sprs_wrm_hill_d.dds
terrain10_VLC,sp_vhot_rain_fl,sp,../textures10/loveg/vlc_sprs_wrm_sflat_d.dds
terrain10_VLC,sp_vhot_rain_fl_md,sp,../textures10/loveg/vlc_sprs_wrm_hill_d.dds
terrain10_VLC,sp_vhot_rain_fl_tp,sp,../textures10/loveg/vlc_sprs_wrm_sflat_d.dds
terrain10_VLC,sp_vhot_rain_hill,sp,../textures10/loveg/vlc_sprs_wrm_hill_d.dds
terrain10_VLC,sp_vhot_rain_sflat,sp,../textures10/loveg/vlc_sprs_wrm_hill_d.dds
terrain10_VLC,sp_vhot_rain_tr_hill,sp,../textures10/loveg/vlc_sprs_wrm_hill_d.dds
terrain10_VLC,sp_vhot_sdry_fl,sp,../textures10/loveg/vlc_sprs_wrm_sflat_d.dds
terrain10_VLC,sp_vhot_sdry_fl_md,sp,../textures10/loveg/vlc_sprs_wrm_hill_d.dds
terrain10_VLC,sp_vhot_sdry_fl_tp,sp,../textures10/loveg/vlc_sprs_wrm_sflat_d.dds
terrain10_VLC,sp_vhot_sdry_hill,sp,../textures10/loveg/vlc_sprs_wrm_hill_d.dds
terrain10_VLC,sp_vhot_sdry_sflat,sp,../textures10/loveg/vlc_sprs_wrm_hill_d.dds
terrain10_VLC,sp_vhot_sdry_tr_hill,sp,../textures10/loveg/vlc_sprs_wrm_hill_d.dds
terrain10_VLC,sp_vhot_wet_fl,sp,../textures10/loveg/vlc_sprs_wrm_sflat_d.dds
terrain10_VLC,sp_vhot_wet_fl_md,sp,../textures10/loveg/vlc_sprs_wrm_hill_d.dds
terrain10_VLC,sp_vhot_wet_fl_tp,sp,../textures10/loveg/vlc_sprs_wrm_sflat_d.dds
terrain10_VLC,sp_vhot_wet_hill,sp,../textures10/loveg/vlc_sprs_wrm_hill_d.dds
terrain10_VLC,sp_vhot_wet_sflat,sp,../textures10/loveg/vlc_sprs_wrm_hill_d.dds
terrain10_VLC,sp_vhot_wet_tr_hill,sp,../textures10/loveg/vlc_sprs_wrm_hill_d.dds
terrain10_VLC,sp_wrm_dry_fl,sp,../textures10/loveg/vlc_sprs_wrm_sflat_d.dds
terrain10_VLC,sp_wrm_dry_fl_md,sp,../textures10/loveg/vlc_sprs_wrm_hill_d.dds
terrain10_VLC,sp_wrm_dry_fl_tp,sp,../textures10/loveg/vlc_sprs_wrm_sflat_d.dds
terrain10_VLC,sp_wrm_dry_hill,sp,../textures10/loveg/vlc_sprs_wrm_hill_d.dds
terrain10_VLC,sp_wrm_dry_sflat,sp,../textures10/loveg/vlc_sprs_wrm_hill_d.dds
terrain10_VLC,sp_wrm_rain_fl,sp,../textures10/loveg/vlc_sprs_wrm_sflat_d.dds
terrain10_VLC,sp_wrm_rain_fl_md,sp,../textures10/loveg/vlc_sprs_wrm_hill_d.dds
terrain10_VLC,sp_wrm_rain_fl_tp,sp,../textures10/loveg/vlc_sprs_wrm_sflat_d.dds
terrain10_VLC,sp_wrm_rain_hill,sp,../textures10/loveg/vlc_sprs_wrm_hill_d.dds
terrain10_VLC,sp_wrm_rain_sflat,sp,../textures10/loveg/vlc_sprs_wrm_hill_d.dds
terrain10_VLC,sp_wrm_sdry_fl,sp,../textures10/loveg/vlc_sprs_wrm_sflat_d.dds
terrain10_VLC,sp_wrm_sdry_fl_md,sp,../textures10/loveg/vlc_sprs_wrm_hill_d.dds
terrain10_VLC,sp_wrm_sdry_fl_tp,sp,../textures10/loveg/vlc_sprs_wrm_sflat_d.dds
terrain10_VLC,sp_wrm_sdry_hill,sp,../textures10/loveg/vlc_sprs_wrm_hill_d.dds
terrain10_VLC,sp_wrm_sdry_sflat,sp,../textures10/loveg/vlc_sprs_wrm_hill_d.dds
terrain10_VLC,sp_wrm_wet_fl,sp,../textures10/loveg/vlc_sprs_wrm_sflat_d.dds
terrain10_VLC,sp_wrm_wet_fl_md,sp,../textures10/loveg/vlc_sprs_wrm_hill_d.dds
terrain10_VLC,sp_wrm_wet_fl_tp,sp,../textures10/loveg/vlc_sprs_wrm_sflat_d.dds
terrain10_VLC,sp_wrm_wet_hill,sp,../textures10/loveg/vlc_sprs_wrm_hill_d.dds
terrain10_VLC,sp_wrm_wet_sflat,sp,../textures10/loveg/vlc_sprs_wrm_hill_d.dds
terrain10_VLC,spr_cld_dry_fl,spr,../textures10/loveg/vlc_sprs_cld_sflat_d.dds
terrain10_VLC,spr_cld_dry_sflat,spr,../textures10/loveg/vlc_sprs_cld_sflat_d.dds
terrain10_VLC,spr_cld_rain_fl,spr,../textures10/loveg/vlc_sprs_cld_sflat_d.dds
terrain10_VLC,spr_cld_rain_sflat,spr,../textures10/loveg/vlc_sprs_cld_sflat_d.dds
terrain10_VLC,spr_cld_sdry_fl,spr,../textures10/loveg/vlc_sprs_cld_sflat_d.dds
terrain10_VLC,spr_cld_sdry_sflat,spr,../textures10/loveg/vlc_sprs_cld_sflat_d.dds
terrain10_VLC,spr_cld_wet_fl,spr,../textures10/loveg/vlc_sprs_cld_sflat_d.dds
terrain10_VLC,spr_cld_wet_sflat,spr,../textures10/loveg/vlc_sprs_cld_sflat_d.dds
terrain10_VLC,spr_hot_dry_fl,spr,../textures10/loveg/vlc_sprs_wrm_sflat_d.dds
terrain10_VLC,spr_hot_dry_sflat,spr,../textures10/loveg/vlc_sprs_wrm_sflat_d.dds
terrain10_VLC,spr_hot_rain_fl,spr,../textures10/loveg/vlc_sprs_wrm_sflat_d.dds
terrain10_VLC,spr_hot_rain_sflat,spr,../textures10/loveg/vlc_sprs_wrm_sflat_d.dds
terrain10_VLC,spr_hot_sdry_fl,spr,../textures10/loveg/vlc_sprs_wrm_sflat_d.dds
terrain10_VLC,spr_hot_sdry_sflat,spr,../textures10/loveg/vlc_sprs_wrm_sflat_d.dds
terrain10_VLC,spr_hot_wet_fl,spr,../textures10/loveg/vlc_sprs_wrm_sflat_d.dds
terrain10_VLC,spr_hot_wet_sflat,spr,../textures10/loveg/vlc_sprs_wrm_sflat_d.dds
terrain10_VLC,spr_tmp_dry_fl,spr,../textures10/loveg/vlc_sprs_cld_sflat_d.dds
terrain10_VLC,spr_tmp_dry_sflat,spr,../textures10/loveg/vlc_sprs_cld_sflat_d.dds
terrain10_VLC,spr_tmp_rain_fl,spr,../textures10/loveg/vlc_sprs_cld_sflat_d.dds
terrain10_VLC,spr_tmp_rain_sflat,spr,../textures10/loveg/vlc_sprs_cld_sflat_d.dds
terrain10_VLC,spr_tmp_sdry_fl,spr,../textures10/loveg/vlc_sprs_cld_sflat_d.dds
terrain10_VLC,spr_tmp_sdry_sflat,spr,../textures10/loveg/vlc_sprs_cld_sflat_d.dds
terrain10_VLC,spr_tmp_wet_fl,spr,../textures10/loveg/vlc_sprs_cld_sflat_d.dds
terrain10_VLC,spr_tmp_wet_sflat,spr,../textures10/loveg/vlc_sprs_cld_sflat_d.dds
terrain10_VLC,spr_vhot_dry_fl,spr,../textures10/loveg/vlc_sprs_wrm_sflat_d.dds
terrain10_VLC,spr_vhot_dry_sflat,spr,../textures10/loveg/vlc_sprs_wrm_sflat_d.dds
terrain10_VLC,spr_vhot_rain_fl,spr,../textures10/loveg/vlc_sprs_wrm_sflat_d.dds
terrain10_VLC,spr_vhot_rain_sflat,spr,../textures10/loveg/vlc_sprs_wrm_sflat_d.dds
terrain10_VLC,spr_vhot_sdry_fl,spr,../textures10/loveg/vlc_sprs_wrm_sflat_d.dds
terrain10_VLC,spr_vhot_sdry_sflat,spr,../textures10/loveg/vlc_sprs_wrm_sflat_d.dds
terrain10_VLC,spr_vhot_wet_fl,spr,../textures10/loveg/vlc_sprs_wrm_sflat_d.dds
terrain10_VLC,spr_vhot_wet_sflat,spr,../textures10/loveg/vlc_sprs_wrm_sflat_d.dds
terrain10_VLC,spr_wrm_dry_fl,spr,../textures10/loveg/vlc_sprs_wrm_sflat_d.dds
terrain10_VLC,spr_wrm_dry_sflat,spr,../textures10/loveg/vlc_sprs_wrm_sflat_d.dds
terrain10_VLC,spr_wrm_rain_fl,spr,../textures10/loveg/vlc_sprs_wrm_sflat_d.dds
terrain10_VLC,spr_wrm_rain_sflat,spr,../textures10/loveg/vlc_sprs_wrm_sflat_d.dds
terrain10_VLC,spr_wrm_sdry_fl,spr,../textures10/loveg/vlc_sprs_wrm_sflat_d.dds
terrain10_VLC,spr_wrm_sdry_sflat,spr,../textures10/loveg/vlc_sprs_wrm_sflat_d.dds
terrain10_VLC,spr_wrm_wet_fl,spr,../textures10/loveg/vlc_sprs_wrm_sflat_d.dds
terrain10_VLC,spr_wrm_wet_sflat,spr,../textures10/loveg/vlc_sprs_wrm_sflat_d.dds
terrain12,apt_cld_dry,apt,../textures12/apt/apt_dry_02.png
terrain12,apt_cld_rain,apt,../textures12/apt/apt_dry_02.png
terrain12,apt_cld_sdry,apt,../textures12/apt/apt_dry_01.png
terrain12,apt_cld_wet,apt,../textures12/apt/apt_dry_02.png
terrain12,apt_hot_dry,apt,../textures12/apt/apt_desertRed_01.png
terrain12,apt_hot_rain,apt,../textures12/apt/apt_desert_02.png
terrain12,apt_hot_sdry,apt,../textures12/apt/apt_desert_01.png
terrain12,apt_hot_wet,apt,../textures12/apt/apt_grass_02.png
terrain12,apt_pol_dry,apt,../textures12/apt/apt_dry_02.png
terrain12,apt_pol_rain,apt,../textures12/apt/apt_dry_02.png
terrain12,apt_pol_sdry,apt,../textures12/apt/apt_dry_02.png
terrain12,apt_pol_wet,apt,../textures12/apt/apt_dry_02.png
terrain12,apt_tmp_dry,apt,../textures12/apt/apt_desert_01.png
terrain12,apt_tmp_rain,apt,../textures12/apt/apt_dry_02.png
terrain12,apt_tmp_sdry,apt,../textures12/apt/apt_dry_02.png
terrain12,apt_tmp_wet,apt,../textures12/apt/apt_dry_01.png
terrain12,apt_vcld_dry,apt,../textures12/apt/apt_dry_02.png
terrain12,apt_vcld_rain,apt,../textures12/apt/apt_dry_02.png
terrain12,apt_vcld_sdry,apt,../textures12/apt/apt_dry_02.png
terrain12,apt_vcld_wet,apt,../textures12/apt/apt_dry_02.png
terrain12,apt_vhot_dry,apt,../textures12/apt/apt_desertRed_01.png
terrain12,apt_vhot_rain,apt,../textures12/apt/apt_desert_02.png
terrain12,apt_vhot_sdry,apt,../textures12/apt/apt_desert_01.png
terrain12,apt_vhot_wet,apt,../textures12/apt/apt_grass_02.png
terrain12,apt_vpol_dry,apt,../textures12/apt/apt_desert_01.png
terrain12,apt_vpol_rain,apt,../textures12/apt/apt_desert_01.png
terrain12,apt_vpol_sdry,apt,../textures12/apt/apt_desert_01.png
terrain12,apt_vpol_wet,apt,../textures12/apt/apt_desert_01.png
terrain12,apt_wrm_dry,apt,../textures12/apt/apt_desertRed_01.png
terrain12,apt_wrm_rain,apt,../textures12/apt/apt_dry_02.png
terrain12,apt_wrm_sdry,apt,../textures12/apt/apt_desert_01.png
terrain12,apt_wrm_wet,apt,../textures12/apt/apt_dry_01.png
terrain12,apt_cld_dry,apt,../../textures12/apt/fal/apt_dry_02.png
terrain12,apt_cld_rain,apt,../../textures12/apt/fal/apt_dry_02.png
terrain12,apt_cld_sdry,apt,../../textures12/apt/fal/apt_dry_01.png
terrain12,apt_cld_wet,apt,../../textures12/apt/fal/apt_dry_02.png
terrain12,apt_hot_rain,apt,../../textures12/apt/apt_desert_02.png
terrain12,apt_hot_wet,apt,../../textures12/apt/fal/apt_grass_02.png
terrain12,apt_pol_rain,apt,../../textures12/apt/apt_dry_02.png
terrain12,apt_pol_wet,apt,../../textures12/apt/apt_dry_02.png
terrain12,apt_tmp_dry,apt,../../textures12/apt/apt_desert_01.png
terrain12,apt_tmp_rain,apt,../../textures12/apt/fal/apt_dry_02.png
terrain12,apt_tmp_sdry,apt,../../textures12/apt/fal/apt_dry_02.png
terrain12,apt_tmp_wet,apt,../../textures12/apt/fal/apt_dry_01.png
terrain12,apt_vcld_dry,apt,../../textures12/apt/fal/apt_dry_02.png
terrain12,apt_vcld_rain,apt,../../textures12/apt/fal/apt_dry_02.png
terrain12,apt_vcld_sdry,apt,../../textures12/apt/apt_dry_02.png
terrain12,apt_vcld_wet,apt,../../textures12/apt/fal/apt_dry_02.png
terrain12,apt_wrm_rain,apt,../../textures12/apt/fal/apt_dry_02.png
terrain12,apt_wrm_sdry,apt,../../textures12/apt/apt_desert_01.png
terrain12,apt_wrm_wet,apt,../../textures12/apt/fal/apt_dry_01.png
terrain12,golf_tmp_wet1,golf,../../textures12/apt/fal/apt_grass_02.png
terrain12,park_tmp_sdry1,park,../../textures12/apt/apt_dry_02.png
terrain12,park_tmp_sdry2,park,../../textures12/apt/apt_desert_02.png
terrain12,park_tmp_sdry3,park,../../textures12/urban/fal/grass_park_03.png
terrain12,park_tmp_wet1,park,../../textures12/apt/fal/apt_grass_02.png
terrain12,park_tmp_wet2,park,../../textures12/urban/fal/grass_park_03.png
terrain12,park_tmp_wet3,park,../../textures12/urban/fal/grass_park_03.png
terrain12,urban_tmp_wet10,urban,../../textures12/apt/fal/apt_loveg_01.png
terrain12,urban_tmp_wet11,urban,../../textures12/urban/fal/grass_park_02.png
terrain12,urban_tmp_wet12,urban,../../textures12/urban/fal/grass_park_02.png
terrain12,urban_tmp_wet2,urban,../../textures12/apt/fal/apt_grass_02.png
terrain12,urban_tmp_wet3,urban,../../textures12/apt/fal/apt_grass_02.png
terrain12,urban_tmp_wet4,urban,../../textures12/apt/fal/apt_grass_02.png
terrain12,urban_tmp_wet5,urban,../../textures12/apt/fal/apt_grass_02.png
terrain12,urban_tmp_wet6,urban,../../textures12/urban/fal/grass_park_01.png
terrain12,urban_tmp_wet7,urban,../../textures12/apt/fal/apt_grass_04.png
terrain12,urban_tmp_wet8,urban,../../textures12/apt/fal/apt_grass_03.png
terrain12,urban_tmp_wet9,urban,../../textures12/apt/fal/apt_grass_02.png
terrain12,golf_tmp_wet1,golf,../textures12/apt/apt_grass_02.png
terrain12,ind_sdry1,ind,../textures12/apt/apt_dry_01.png
terrain12,ind_sdry2,ind,../textures12/urban/loveg_dry_01.png
terrain12,ind_sdry3,ind,../textures12/urban/waste_gr_02.png
terrain12,ind_sdry4,ind,../textures12/urban/soil_sdry_02.png
terrain12,ind_wet1,ind,../textures12/apt/apt_dry_01.png
terrain12,ind_wet2,ind,../textures12/urban/loveg_dry_01.png
terrain12,ind_wet3,ind,../textures12/urban/waste_gr_01.png
terrain12,ind_wet4,ind,../textures12/urban/soil_sdry_02.png
terrain12,park_tmp_sdry1,park,../textures12/apt/apt_dry_02.png
terrain12,park_tmp_sdry2,park,../textures12/apt/apt_desert_02.png
terrain12,park_tmp_sdry3,park,../textures12/urban/grass_park_03.png
terrain12,park_tmp_wet1,park,../textures12/apt/apt_grass_02.png
terrain12,park_tmp_wet2,park,../textures12/urban/grass_park_03.png
terrain12,park_tmp_wet3,park,../textures12/urban/grass_park_03.png
terrain12,urban_tmp_dry1,urban,../textures12/urban/soil_sdry_01.png
terrain12,urban_tmp_dry11,urban,../textures12/apt/apt_desert_02.png
terrain12,urban_tmp_dry12,urban,../textures12/apt/apt_desertRed_02.png
terrain12,urban_tmp_dry5,urban,../textures12/urban/soil_sdry_02.png
terrain12,urban_tmp_dry6,urban,../textures12/urban/soil_sdry_03.png
terrain12,urban_tmp_dry8,urban,../textures12/apt/apt_dry_02.png
terrain12,urban_tmp_sdry1,urban,../textures12/urban/soil_sdry_02.png
terrain12,urban_tmp_sdry10,urban,../textures12/urban/soil_sdry_01.png
terrain12,urban_tmp_sdry11,urban,../textures12/apt/apt_loveg_dry_01.png
terrain12,urban_tmp_sdry12,urban,../textures12/urban/loveg_dry_01.png
terrain12,urban_tmp_sdry2,urban,../textures12/apt/apt_dry_01.png
terrain12,urban_tmp_sdry3,urban,../textures12/apt/apt_dry_02.png
terrain12,urban_tmp_sdry4,urban,../textures12/urban/loveg_dry_02.png
terrain12,urban_tmp_sdry5,urban,../textures12/apt/apt_desert_02.png
terrain12,urban_tmp_sdry6,urban,../textures12/apt/apt_dry_01.png
terrain12,urban_tmp_sdry7,urban,../textures12/urban/soil_sdry_02.png
terrain12,urban_tmp_sdry8,urban,../textures12/urban/loveg_dry_01.png
terrain12,urban_tmp_sdry9,urban,../textures12/urban/soil_sdry_02.png
terrain12,urban_tmp_wet1,urban,../textures12/urban/loveg_dry_01.png
terrain12,urban_tmp_wet10,urban,../textures12/apt/apt_loveg_01.png
terrain12,urban_tmp_wet11,urban,../textures12/urban/grass_park_02.png
terrain12,urban_tmp_wet12,urban,../textures12/urban/grass_park_02.png
terrain12,urban_tmp_wet2,urban,../textures12/apt/apt_grass_02.png
terrain12,urban_tmp_wet3,urban,../textures12/apt/apt_grass_02.png
terrain12,urban_tmp_wet4,urban,../textures12/apt/apt_grass_02.png
terrain12,urban_tmp_wet5,urban,../textures12/apt/apt_grass_02.png
terrain12,urban_tmp_wet6,urban,../textures12/urban/grass_park_01.png
terrain12,urban_tmp_wet7,urban,../textures12/apt/apt_grass_04.png
terrain12,urban_tmp_wet8,urban,../textures12/apt/apt_grass_03.png
terrain12,urban_tmp_wet9,urban,../textures12/apt/apt_grass_02.png
